0,1,2,3,4,5
0.7579448304906297,0.7315274794693619,0.45623078542851125,0.44002526847757417,0.1463129079806275,0.12929037692145715
0.7315274794693619,0.45623078542851125,0.44002526847757417,0.1463129079806275,0.12929037692145715,0.1292819540955991
0.45623078542851125,0.44002526847757417,0.1463129079806275,0.12929037692145715,0.1292819540955991,0.12706675089492525
0.44002526847757417,0.1463129079806275,0.12929037692145715,0.1292819540955991,0.12706675089492525,0.11514845230574856
0.1463129079806275,0.12929037692145715,0.1292819540955991,0.12706675089492525,0.11514845230574856,0.10043377553169087
0.12929037692145715,0.1292819540955991,0.12706675089492525,0.11514845230574856,0.10043377553169087,0.09826910928616552
0.1292819540955991,0.12706675089492525,0.11514845230574856,0.10043377553169087,0.09826910928616552,0.09564961044430405
0.12706675089492525,0.11514845230574856,0.10043377553169087,0.09826910928616552,0.09564961044430405,0.09763739734680986
0.11514845230574856,0.10043377553169087,0.09826910928616552,0.09564961044430405,0.09763739734680986,0.09644977890082122
0.10043377553169087,0.09826910928616552,0.09564961044430405,0.09763739734680986,0.09644977890082122,0.027298378606022324
0.09826910928616552,0.09564961044430405,0.09763739734680986,0.09644977890082122,0.027298378606022324,0.015784375658033273
0.09564961044430405,0.09763739734680986,0.09644977890082122,0.027298378606022324,0.015784375658033273,0.013372078332280483
0.09763739734680986,0.09644977890082122,0.027298378606022324,0.015784375658033273,0.013372078332280483,0.013712360496946727
0.09644977890082122,0.027298378606022324,0.015784375658033273,0.013372078332280483,0.013712360496946727,0.5775194777847967
0.027298378606022324,0.015784375658033273,0.013372078332280483,0.013712360496946727,0.5775194777847967,0.6478416508738681
0.015784375658033273,0.013372078332280483,0.013712360496946727,0.5775194777847967,0.6478416508738681,0.38492314171404507
0.013372078332280483,0.013712360496946727,0.5775194777847967,0.6478416508738681,0.38492314171404507,0.010941250789639926
0.013712360496946727,0.5775194777847967,0.6478416508738681,0.38492314171404507,0.010941250789639926,0.008894504106127608
0.5775194777847967,0.6478416508738681,0.38492314171404507,0.010941250789639926,0.008894504106127608,0.00994735733838703
0.6478416508738681,0.38492314171404507,0.010941250789639926,0.008894504106127608,0.00994735733838703,0.008675510633817647
0.38492314171404507,0.010941250789639926,0.008894504106127608,0.00994735733838703,0.008675510633817647,0.008650242156243422
0.010941250789639926,0.008894504106127608,0.00994735733838703,0.008675510633817647,0.008650242156243422,0.00883554432512108
0.008894504106127608,0.00994735733838703,0.008675510633817647,0.008650242156243422,0.00883554432512108,0.011977258370183196
0.00994735733838703,0.008675510633817647,0.008650242156243422,0.00883554432512108,0.011977258370183196,0.012592124657822702
0.008675510633817647,0.008650242156243422,0.00883554432512108,0.011977258370183196,0.012592124657822702,0.009955780164245105
0.008650242156243422,0.00883554432512108,0.011977258370183196,0.012592124657822702,0.009955780164245105,0.008785007369972628
0.00883554432512108,0.011977258370183196,0.012592124657822702,0.009955780164245105,0.008785007369972628,0.0087260475889661
0.011977258370183196,0.012592124657822702,0.009955780164245105,0.008785007369972628,0.0087260475889661,0.008936618235417986
0.012592124657822702,0.009955780164245105,0.008785007369972628,0.0087260475889661,0.008936618235417986,0.008902926931985682
0.009955780164245105,0.008785007369972628,0.0087260475889661,0.008936618235417986,0.008902926931985682,0.00883554432512108
0.008785007369972628,0.0087260475889661,0.008936618235417986,0.008902926931985682,0.00883554432512108,0.0087260475889661
0.0087260475889661,0.008936618235417986,0.008902926931985682,0.00883554432512108,0.0087260475889661,0.008734470414824174
0.008936618235417986,0.008902926931985682,0.00883554432512108,0.0087260475889661,0.008734470414824174,0.008751316066540324
0.008902926931985682,0.00883554432512108,0.0087260475889661,0.008734470414824174,0.008751316066540324,0.00880185302168878
0.00883554432512108,0.0087260475889661,0.008734470414824174,0.008751316066540324,0.00880185302168878,0.008970309538850287
0.0087260475889661,0.008734470414824174,0.008751316066540324,0.00880185302168878,0.008970309538850287,0.008860812802695307
0.008734470414824174,0.008751316066540324,0.00880185302168878,0.008970309538850287,0.008860812802695307,0.008810275847546853
0.008751316066540324,0.00880185302168878,0.008970309538850287,0.008860812802695307,0.008810275847546853,0.008717624763108023
0.00880185302168878,0.008970309538850287,0.008860812802695307,0.008810275847546853,0.008717624763108023,0.008709201937249951
0.008970309538850287,0.008860812802695307,0.008810275847546853,0.008717624763108023,0.008709201937249951,0.010579069277742685
0.008860812802695307,0.008810275847546853,0.008717624763108023,0.008709201937249951,0.010579069277742685,0.008827121499263003
0.008810275847546853,0.008717624763108023,0.008709201937249951,0.010579069277742685,0.008827121499263003,0.008818698673404929
0.008717624763108023,0.008709201937249951,0.010579069277742685,0.008827121499263003,0.008818698673404929,0.00880185302168878
0.008709201937249951,0.010579069277742685,0.008827121499263003,0.008818698673404929,0.00880185302168878,0.0087260475889661
0.010579069277742685,0.008827121499263003,0.008818698673404929,0.00880185302168878,0.0087260475889661,0.008776584544114552
0.008827121499263003,0.008818698673404929,0.00880185302168878,0.0087260475889661,0.008776584544114552,0.01206148662876395
0.008818698673404929,0.00880185302168878,0.0087260475889661,0.008776584544114552,0.01206148662876395,0.013459675721204467
0.00880185302168878,0.0087260475889661,0.008776584544114552,0.01206148662876395,0.013459675721204467,0.013425984417772166
0.0087260475889661,0.008776584544114552,0.01206148662876395,0.013459675721204467,0.013425984417772166,0.013257527900610657
0.008776584544114552,0.01206148662876395,0.013459675721204467,0.013425984417772166,0.013257527900610657,0.013299642029901032
0.01206148662876395,0.013459675721204467,0.013425984417772166,0.013257527900610657,0.013299642029901032,0.013291219204042958
0.013459675721204467,0.013425984417772166,0.013257527900610657,0.013299642029901032,0.013291219204042958,0.013282796378184884
0.013425984417772166,0.013257527900610657,0.013299642029901032,0.013291219204042958,0.013282796378184884,0.01340071594019794
0.013257527900610657,0.013299642029901032,0.013291219204042958,0.013282796378184884,0.01340071594019794,0.013367024636765638
0.013299642029901032,0.013291219204042958,0.013282796378184884,0.01340071594019794,0.013367024636765638,0.013316487681617185
0.013291219204042958,0.013282796378184884,0.01340071594019794,0.013367024636765638,0.013316487681617185,0.013257527900610657
0.013282796378184884,0.01340071594019794,0.013367024636765638,0.013316487681617185,0.013257527900610657,0.013190145293746056
0.01340071594019794,0.013367024636765638,0.013316487681617185,0.013257527900610657,0.013190145293746056,0.014908401768793433
0.013367024636765638,0.013316487681617185,0.013257527900610657,0.013190145293746056,0.014908401768793433,0.015792798483891344
0.013316487681617185,0.013257527900610657,0.013190145293746056,0.014908401768793433,0.015792798483891344,0.012331017056222363
0.013257527900610657,0.013190145293746056,0.014908401768793433,0.015792798483891344,0.012331017056222363,0.010570646451884607
0.013190145293746056,0.014908401768793433,0.015792798483891344,0.012331017056222363,0.010570646451884607,0.009206148662876397
0.014908401768793433,0.015792798483891344,0.012331017056222363,0.010570646451884607,0.009206148662876397,0.010250579069277744
0.015792798483891344,0.012331017056222363,0.010570646451884607,0.009206148662876397,0.010250579069277744,0.008810275847546853
0.012331017056222363,0.010570646451884607,0.009206148662876397,0.010250579069277744,0.008810275847546853,0.008843967150979154
0.010570646451884607,0.009206148662876397,0.010250579069277744,0.008810275847546853,0.008843967150979154,0.008894504106127608
0.009206148662876397,0.010250579069277744,0.008810275847546853,0.008843967150979154,0.008894504106127608,0.008776584544114552
0.010250579069277744,0.008810275847546853,0.008843967150979154,0.008894504106127608,0.008776584544114552,0.008624973678669195
0.008810275847546853,0.008843967150979154,0.008894504106127608,0.008776584544114552,0.008624973678669195,0.012802695304274586
0.008843967150979154,0.008894504106127608,0.008776584544114552,0.008624973678669195,0.012802695304274586,0.06312907980627501
0.008894504106127608,0.008776584544114552,0.008624973678669195,0.012802695304274586,0.06312907980627501,0.09183407033059593
0.008776584544114552,0.008624973678669195,0.012802695304274586,0.06312907980627501,0.09183407033059593,0.07209096651926722
0.008624973678669195,0.012802695304274586,0.06312907980627501,0.09183407033059593,0.07209096651926722,0.1110970730680143
0.012802695304274586,0.06312907980627501,0.09183407033059593,0.07209096651926722,0.1110970730680143,0.11588966098125919
0.06312907980627501,0.09183407033059593,0.07209096651926722,0.1110970730680143,0.11588966098125919,0.17408296483470204
0.09183407033059593,0.07209096651926722,0.1110970730680143,0.11588966098125919,0.17408296483470204,0.1693409138766056
0.07209096651926722,0.1110970730680143,0.11588966098125919,0.17408296483470204,0.1693409138766056,0.1612634238787113
0.1110970730680143,0.11588966098125919,0.17408296483470204,0.1693409138766056,0.1612634238787113,0.150726468730259
0.11588966098125919,0.17408296483470204,0.1693409138766056,0.1612634238787113,0.150726468730259,0.16624131396083386
0.17408296483470204,0.1693409138766056,0.1612634238787113,0.150726468730259,0.16624131396083386,0.21259212465782273
0.1693409138766056,0.1612634238787113,0.150726468730259,0.16624131396083386,0.21259212465782273,0.12468309117708994
0.1612634238787113,0.150726468730259,0.16624131396083386,0.21259212465782273,0.12468309117708994,0.10493156453990314
0.150726468730259,0.16624131396083386,0.21259212465782273,0.12468309117708994,0.10493156453990314,0.09275215834912612
0.16624131396083386,0.21259212465782273,0.12468309117708994,0.10493156453990314,0.09275215834912612,0.09509370393767108
0.21259212465782273,0.12468309117708994,0.10493156453990314,0.09275215834912612,0.09509370393767108,0.08368077489997895
0.12468309117708994,0.10493156453990314,0.09275215834912612,0.09509370393767108,0.08368077489997895,0.08912192040429565
0.10493156453990314,0.09275215834912612,0.09509370393767108,0.08368077489997895,0.08912192040429565,0.051311855127395244
0.09275215834912612,0.09509370393767108,0.08368077489997895,0.08912192040429565,0.051311855127395244,0.09866498210149505
0.09509370393767108,0.08368077489997895,0.08912192040429565,0.051311855127395244,0.09866498210149505,0.10673404927353128
0.08368077489997895,0.08912192040429565,0.051311855127395244,0.09866498210149505,0.10673404927353128,0.09370393767108866
0.08912192040429565,0.051311855127395244,0.09866498210149505,0.10673404927353128,0.09370393767108866,0.07177932196251842
0.051311855127395244,0.09866498210149505,0.10673404927353128,0.09370393767108866,0.07177932196251842,0.08723520741208676
0.09866498210149505,0.10673404927353128,0.09370393767108866,0.07177932196251842,0.08723520741208676,0.09309749420930724
0.10673404927353128,0.09370393767108866,0.07177932196251842,0.08723520741208676,0.09309749420930724,0.08112023583912403
0.09370393767108866,0.07177932196251842,0.08723520741208676,0.09309749420930724,0.08112023583912403,0.1049062960623289
0.07177932196251842,0.08723520741208676,0.09309749420930724,0.08112023583912403,0.1049062960623289,0.14486418193303854
0.08723520741208676,0.09309749420930724,0.08112023583912403,0.1049062960623289,0.14486418193303854,0.13281954095599074
0.09309749420930724,0.08112023583912403,0.1049062960623289,0.14486418193303854,0.13281954095599074,0.14739102969046117
0.08112023583912403,0.1049062960623289,0.14486418193303854,0.13281954095599074,0.14739102969046117,0.14195830701200254
0.1049062960623289,0.14486418193303854,0.13281954095599074,0.14739102969046117,0.14195830701200254,0.09707306801431882
0.14486418193303854,0.13281954095599074,0.14739102969046117,0.14195830701200254,0.09707306801431882,0.0826700357970099
0.13281954095599074,0.14739102969046117,0.14195830701200254,0.09707306801431882,0.0826700357970099,0.061646662455253735
0.14739102969046117,0.14195830701200254,0.09707306801431882,0.0826700357970099,0.061646662455253735,0.05415034744156665
0.14195830701200254,0.09707306801431882,0.0826700357970099,0.061646662455253735,0.05415034744156665,0.0502674247209939
0.09707306801431882,0.0826700357970099,0.061646662455253735,0.05415034744156665,0.0502674247209939,0.04475047378395451
0.0826700357970099,0.061646662455253735,0.05415034744156665,0.0502674247209939,0.04475047378395451,0.04124657822699516
0.061646662455253735,0.05415034744156665,0.0502674247209939,0.04475047378395451,0.04124657822699516,0.039174563065908614
0.05415034744156665,0.0502674247209939,0.04475047378395451,0.04124657822699516,0.039174563065908614,0.0389050326384502
0.0502674247209939,0.04475047378395451,0.04124657822699516,0.039174563065908614,0.0389050326384502,0.06346599284059803
0.04475047378395451,0.04124657822699516,0.039174563065908614,0.0389050326384502,0.06346599284059803,0.07831543482838493
0.04124657822699516,0.039174563065908614,0.0389050326384502,0.06346599284059803,0.07831543482838493,0.10707938513371237
0.039174563065908614,0.0389050326384502,0.06346599284059803,0.07831543482838493,0.10707938513371237,0.10928616550852811
0.0389050326384502,0.06346599284059803,0.07831543482838493,0.10707938513371237,0.10928616550852811,0.11121499263002739
0.06346599284059803,0.07831543482838493,0.10707938513371237,0.10928616550852811,0.11121499263002739,0.11789429353548117
0.07831543482838493,0.10707938513371237,0.10928616550852811,0.11121499263002739,0.11789429353548117,0.10907559486207623
0.10707938513371237,0.10928616550852811,0.11121499263002739,0.11789429353548117,0.10907559486207623,0.08431248683933461
0.10928616550852811,0.11121499263002739,0.11789429353548117,0.10907559486207623,0.08431248683933461,0.06880353758686039
0.11121499263002739,0.11789429353548117,0.10907559486207623,0.08431248683933461,0.06880353758686039,0.08210233733417562
0.11789429353548117,0.10907559486207623,0.08431248683933461,0.06880353758686039,0.08210233733417562,0.07534217730048431
0.10907559486207623,0.08431248683933461,0.06880353758686039,0.08210233733417562,0.07534217730048431,0.07913244893661824
0.08431248683933461,0.06880353758686039,0.08210233733417562,0.07534217730048431,0.07913244893661824,0.06954727311012845
0.06880353758686039,0.08210233733417562,0.07534217730048431,0.07913244893661824,0.06954727311012845,0.07285744367235207
0.08210233733417562,0.07534217730048431,0.07913244893661824,0.06954727311012845,0.07285744367235207,0.061823541798273325
0.07534217730048431,0.07913244893661824,0.06954727311012845,0.07285744367235207,0.061823541798273325,0.057654242998526006
0.07913244893661824,0.06954727311012845,0.07285744367235207,0.061823541798273325,0.057654242998526006,0.06152032006738261
0.06954727311012845,0.07285744367235207,0.061823541798273325,0.057654242998526006,0.06152032006738261,0.05958307012002526
0.07285744367235207,0.061823541798273325,0.057654242998526006,0.06152032006738261,0.05958307012002526,0.05879132448936618
0.061823541798273325,0.057654242998526006,0.06152032006738261,0.05958307012002526,0.05879132448936618,0.08416087597388924
0.057654242998526006,0.06152032006738261,0.05958307012002526,0.05879132448936618,0.08416087597388924,0.11177932196251841
0.06152032006738261,0.05958307012002526,0.05879132448936618,0.08416087597388924,0.11177932196251841,0.11128237523689198
0.05958307012002526,0.05879132448936618,0.08416087597388924,0.11177932196251841,0.11128237523689198,0.11076016003369131
0.05879132448936618,0.08416087597388924,0.11177932196251841,0.11128237523689198,0.11076016003369131,0.11616761423457571
0.08416087597388924,0.11177932196251841,0.11128237523689198,0.11076016003369131,0.11616761423457571,0.13524531480311644
0.11177932196251841,0.11128237523689198,0.11076016003369131,0.11616761423457571,0.13524531480311644,0.1603706043377553
0.11128237523689198,0.11076016003369131,0.11616761423457571,0.13524531480311644,0.1603706043377553,0.15797009896820385
0.11076016003369131,0.11616761423457571,0.13524531480311644,0.1603706043377553,0.15797009896820385,0.16761423457570016
0.11616761423457571,0.13524531480311644,0.1603706043377553,0.15797009896820385,0.16761423457570016,0.17228048010107394
0.13524531480311644,0.1603706043377553,0.15797009896820385,0.16761423457570016,0.17228048010107394,0.14889871551905667
0.1603706043377553,0.15797009896820385,0.16761423457570016,0.17228048010107394,0.14889871551905667,0.10481364497789009
0.15797009896820385,0.16761423457570016,0.17228048010107394,0.14889871551905667,0.10481364497789009,0.0866371867761634
0.16761423457570016,0.17228048010107394,0.14889871551905667,0.10481364497789009,0.0866371867761634,0.16500315855969677
0.17228048010107394,0.14889871551905667,0.10481364497789009,0.0866371867761634,0.16500315855969677,0.14734049273531272
0.14889871551905667,0.10481364497789009,0.0866371867761634,0.16500315855969677,0.14734049273531272,0.11933459675721204
0.10481364497789009,0.0866371867761634,0.16500315855969677,0.14734049273531272,0.11933459675721204,0.1461360286376079
0.0866371867761634,0.16500315855969677,0.14734049273531272,0.11933459675721204,0.1461360286376079,0.1633185933880817
0.16500315855969677,0.14734049273531272,0.11933459675721204,0.1461360286376079,0.1633185933880817,0.1610696988839756
0.14734049273531272,0.11933459675721204,0.1461360286376079,0.1633185933880817,0.1610696988839756,0.16124152453148033
0.11933459675721204,0.1461360286376079,0.1633185933880817,0.1610696988839756,0.16124152453148033,0.14124236681406613
0.1461360286376079,0.1633185933880817,0.1610696988839756,0.16124152453148033,0.14124236681406613,0.13511897241524534
0.1633185933880817,0.1610696988839756,0.16124152453148033,0.14124236681406613,0.13511897241524534,0.135641187618446
0.1610696988839756,0.16124152453148033,0.14124236681406613,0.13511897241524534,0.135641187618446,0.13350178985049485
0.16124152453148033,0.14124236681406613,0.13511897241524534,0.135641187618446,0.13350178985049485,0.13474836807749002
0.14124236681406613,0.13511897241524534,0.135641187618446,0.13350178985049485,0.13474836807749002,0.5183912402611075
0.13511897241524534,0.135641187618446,0.13350178985049485,0.13474836807749002,0.5183912402611075,0.7803327016213939
0.135641187618446,0.13350178985049485,0.13474836807749002,0.5183912402611075,0.7803327016213939,0.7138513371236049
0.13350178985049485,0.13474836807749002,0.5183912402611075,0.7803327016213939,0.7138513371236049,0.6975531690882291
0.13474836807749002,0.5183912402611075,0.7803327016213939,0.7138513371236049,0.6975531690882291,0.7214226152874289
0.5183912402611075,0.7803327016213939,0.7138513371236049,0.6975531690882291,0.7214226152874289,0.7018151189724152
0.7803327016213939,0.7138513371236049,0.6975531690882291,0.7214226152874289,0.7018151189724152,0.7158222783743946
0.7138513371236049,0.6975531690882291,0.7214226152874289,0.7018151189724152,0.7158222783743946,0.5817730048431248
0.6975531690882291,0.7214226152874289,0.7018151189724152,0.7158222783743946,0.5817730048431248,0.027163613392293114
0.7214226152874289,0.7018151189724152,0.7158222783743946,0.5817730048431248,0.027163613392293114,0.0021057064645188463
0.7018151189724152,0.7158222783743946,0.5817730048431248,0.027163613392293114,0.0021057064645188463,0.0017266793009054545
0.7158222783743946,0.5817730048431248,0.027163613392293114,0.0021057064645188463,0.0017266793009054545,0.005121078121709835
0.5817730048431248,0.027163613392293114,0.0021057064645188463,0.0017266793009054545,0.005121078121709835,0.0007243630237944856
0.027163613392293114,0.0021057064645188463,0.0017266793009054545,0.005121078121709835,0.0007243630237944856,0.004523057485786482
0.0021057064645188463,0.0017266793009054545,0.005121078121709835,0.0007243630237944856,0.004523057485786482,0.003697620551695094
0.0017266793009054545,0.005121078121709835,0.0007243630237944856,0.004523057485786482,0.003697620551695094,0.0005895978100652793
0.005121078121709835,0.0007243630237944856,0.004523057485786482,0.003697620551695094,0.0005895978100652793,0.0005727521583491289
0.0007243630237944856,0.004523057485786482,0.003697620551695094,0.0005895978100652793,0.0005727521583491289,0.0005474836807749018
0.004523057485786482,0.003697620551695094,0.0005895978100652793,0.0005727521583491289,0.0005474836807749018,0.0005895978100652793
0.003697620551695094,0.0005895978100652793,0.0005727521583491289,0.0005474836807749018,0.0005895978100652793,0.0019204042956411885
0.0005895978100652793,0.0005727521583491289,0.0005474836807749018,0.0005895978100652793,0.0019204042956411885,0.0006401347652137305
0.0005727521583491289,0.0005474836807749018,0.0005895978100652793,0.0019204042956411885,0.0006401347652137305,0.0006064434617814297
0.0005474836807749018,0.0005895978100652793,0.0019204042956411885,0.0006401347652137305,0.0006064434617814297,0.0005693830280058976
0.0005895978100652793,0.0019204042956411885,0.0006401347652137305,0.0006064434617814297,0.0005693830280058976,0.0006654032427879577
0.0019204042956411885,0.0006401347652137305,0.0006064434617814297,0.0005693830280058976,0.0006654032427879577,0.0005811749842072026
0.0006401347652137305,0.0006064434617814297,0.0005693830280058976,0.0006654032427879577,0.0005811749842072026,0.0007243630237944856
0.0006064434617814297,0.0005693830280058976,0.0006654032427879577,0.0005811749842072026,0.0007243630237944856,0.0006064434617814297
0.0005693830280058976,0.0006654032427879577,0.0005811749842072026,0.0007243630237944856,0.0006064434617814297,0.0006401347652137305
0.0006654032427879577,0.0005811749842072026,0.0007243630237944856,0.0006064434617814297,0.0006401347652137305,0.0005053695514845243
0.0005811749842072026,0.0007243630237944856,0.0006064434617814297,0.0006401347652137305,0.0005053695514845243,0.0017014108233312302
0.0007243630237944856,0.0006064434617814297,0.0006401347652137305,0.0005053695514845243,0.0017014108233312302,0.0005643293324910522
0.0006064434617814297,0.0006401347652137305,0.0005053695514845243,0.0017014108233312302,0.0005643293324910522,0.0006654032427879577
0.0006401347652137305,0.0005053695514845243,0.0017014108233312302,0.0005643293324910522,0.0006654032427879577,0.0006738260686460313
0.0005053695514845243,0.0017014108233312302,0.0005643293324910522,0.0006654032427879577,0.0006738260686460313,0.0006148662876395034
0.0017014108233312302,0.0005643293324910522,0.0006654032427879577,0.0006738260686460313,0.0006148662876395034,0.0005222152032006746
0.0005643293324910522,0.0006654032427879577,0.0006738260686460313,0.0006148662876395034,0.0005222152032006746,0.0005559065066329755
0.0006654032427879577,0.0006738260686460313,0.0006148662876395034,0.0005222152032006746,0.0005559065066329755,0.0005727521583491289
0.0006738260686460313,0.0006148662876395034,0.0005222152032006746,0.0005559065066329755,0.0005727521583491289,0.003756580332701622
0.0006148662876395034,0.0005222152032006746,0.0005559065066329755,0.0005727521583491289,0.003756580332701622,0.006923562855337968
0.0005222152032006746,0.0005559065066329755,0.0005727521583491289,0.003756580332701622,0.006923562855337968,0.007354811539271428
0.0005559065066329755,0.0005727521583491289,0.003756580332701622,0.006923562855337968,0.007354811539271428,0.005196883554432513
0.0005727521583491289,0.003756580332701622,0.006923562855337968,0.007354811539271428,0.005196883554432513,0.0055337965887555275
0.003756580332701622,0.006923562855337968,0.007354811539271428,0.005196883554432513,0.0055337965887555275,0.0052137292061486635
0.006923562855337968,0.007354811539271428,0.005196883554432513,0.0055337965887555275,0.0052137292061486635,0.0052053063802905905
0.007354811539271428,0.005196883554432513,0.0055337965887555275,0.0052137292061486635,0.0052053063802905905,0.005163192251000212
0.005196883554432513,0.0055337965887555275,0.0052137292061486635,0.0052053063802905905,0.005163192251000212,0.005095809644135608
0.0055337965887555275,0.0052137292061486635,0.0052053063802905905,0.005163192251000212,0.005095809644135608,0.006830911770899139
0.0052137292061486635,0.0052053063802905905,0.005163192251000212,0.005095809644135608,0.006830911770899139,0.005045272688987157
0.0052053063802905905,0.005163192251000212,0.005095809644135608,0.006830911770899139,0.005045272688987157,0.005104232469993685
0.005163192251000212,0.005095809644135608,0.006830911770899139,0.005045272688987157,0.005104232469993685,0.005154769425142136
0.005095809644135608,0.006830911770899139,0.005045272688987157,0.005104232469993685,0.005154769425142136,0.0041103390187407895
0.006830911770899139,0.005045272688987157,0.005104232469993685,0.005154769425142136,0.0041103390187407895,0.00045483259633607304
0.005045272688987157,0.005104232469993685,0.005154769425142136,0.0041103390187407895,0.00045483259633607304,0.00048010107391029713
0.005104232469993685,0.005154769425142136,0.0041103390187407895,0.00045483259633607304,0.00048010107391029713,0.0006232891134975801
0.005154769425142136,0.0041103390187407895,0.00045483259633607304,0.00048010107391029713,0.0006232891134975801,0.0005643293324910522
0.0041103390187407895,0.00045483259633607304,0.00048010107391029713,0.0006232891134975801,0.0005643293324910522,0.0005811749842072026
0.00045483259633607304,0.00048010107391029713,0.0006232891134975801,0.0005643293324910522,0.0005811749842072026,0.0006990945462202584
0.00048010107391029713,0.0006232891134975801,0.0005643293324910522,0.0005811749842072026,0.0006990945462202584,0.0005306380290587513
0.0006232891134975801,0.0005643293324910522,0.0005811749842072026,0.0006990945462202584,0.0005306380290587513,0.0005895978100652793
0.0005643293324910522,0.0005811749842072026,0.0006990945462202584,0.0005306380290587513,0.0005895978100652793,0.00048010107391029713
0.0005811749842072026,0.0006990945462202584,0.0005306380290587513,0.0005895978100652793,0.00048010107391029713,0.003133291219204045
0.0006990945462202584,0.0005306380290587513,0.0005895978100652793,0.00048010107391029713,0.003133291219204045,0.024864181933038538
0.0005306380290587513,0.0005895978100652793,0.00048010107391029713,0.003133291219204045,0.024864181933038538,0.030339018740787538
0.0005895978100652793,0.00048010107391029713,0.003133291219204045,0.024864181933038538,0.030339018740787538,0.030111602442619498
0.00048010107391029713,0.003133291219204045,0.024864181933038538,0.030339018740787538,0.030111602442619498,0.02571488734470415
0.003133291219204045,0.024864181933038538,0.030339018740787538,0.030111602442619498,0.02571488734470415,0.025681196041271847
0.024864181933038538,0.030339018740787538,0.030111602442619498,0.02571488734470415,0.025681196041271847,0.03333754474626237
0.030339018740787538,0.030111602442619498,0.02571488734470415,0.025681196041271847,0.03333754474626237,0.06954727311012845
0.030111602442619498,0.02571488734470415,0.025681196041271847,0.03333754474626237,0.06954727311012845,0.051530848599705206
0.02571488734470415,0.025681196041271847,0.03333754474626237,0.06954727311012845,0.051530848599705206,0.04238365971783534
0.025681196041271847,0.03333754474626237,0.06954727311012845,0.051530848599705206,0.04238365971783534,0.0717203621815119
0.03333754474626237,0.06954727311012845,0.051530848599705206,0.04238365971783534,0.0717203621815119,0.05417561591914088
0.06954727311012845,0.051530848599705206,0.04238365971783534,0.0717203621815119,0.05417561591914088,0.05373762897452095
0.051530848599705206,0.04238365971783534,0.0717203621815119,0.05417561591914088,0.05373762897452095,0.024207201516108657
0.04238365971783534,0.0717203621815119,0.05417561591914088,0.05373762897452095,0.024207201516108657,0.05158138555485365
0.0717203621815119,0.05417561591914088,0.05373762897452095,0.024207201516108657,0.05158138555485365,0.03460939145083176
0.05417561591914088,0.05373762897452095,0.024207201516108657,0.05158138555485365,0.03460939145083176,0.004320909665192674
0.05373762897452095,0.024207201516108657,0.05158138555485365,0.03460939145083176,0.004320909665192674,0.0038576542429985274
0.024207201516108657,0.05158138555485365,0.03460939145083176,0.004320909665192674,0.0038576542429985274,0.0031080227416298177
0.05158138555485365,0.03460939145083176,0.004320909665192674,0.0038576542429985274,0.0031080227416298177,0.1571951989892609
0.03460939145083176,0.004320909665192674,0.0038576542429985274,0.0031080227416298177,0.1571951989892609,0.0015834912613181744
0.004320909665192674,0.0038576542429985274,0.0031080227416298177,0.1571951989892609,0.0015834912613181744,0.0015497999578858736
0.0038576542429985274,0.0031080227416298177,0.1571951989892609,0.0015834912613181744,0.0015497999578858736,0.001280269530427461
0.0031080227416298177,0.1571951989892609,0.0015834912613181744,0.0015497999578858736,0.001280269530427461,0.10445146346599285
0.1571951989892609,0.0015834912613181744,0.0015497999578858736,0.001280269530427461,0.10445146346599285,0.0008422825858075384
0.0015834912613181744,0.0015497999578858736,0.001280269530427461,0.10445146346599285,0.0008422825858075384,0.000656980416929881
0.0015497999578858736,0.001280269530427461,0.10445146346599285,0.0008422825858075384,0.000656980416929881,0.0006485575910718072
0.001280269530427461,0.10445146346599285,0.0008422825858075384,0.000656980416929881,0.0006485575910718072,0.000741208675510636
0.10445146346599285,0.0008422825858075384,0.000656980416929881,0.0006485575910718072,0.000741208675510636,0.000741208675510636
0.0008422825858075384,0.000656980416929881,0.0006485575910718072,0.000741208675510636,0.000741208675510636,0.0006401347652137305
0.000656980416929881,0.0006485575910718072,0.000741208675510636,0.000741208675510636,0.0006401347652137305,0.0003958728153295451
0.0006485575910718072,0.000741208675510636,0.000741208675510636,0.0006401347652137305,0.0003958728153295451,0.0004211412929037692
0.000741208675510636,0.000741208675510636,0.0006401347652137305,0.0003958728153295451,0.0004211412929037692,0.00045483259633607304
0.000741208675510636,0.0006401347652137305,0.0003958728153295451,0.0004211412929037692,0.00045483259633607304,0.02414824173510213
0.0006401347652137305,0.0003958728153295451,0.0004211412929037692,0.00045483259633607304,0.02414824173510213,0.0006906717203621817
0.0003958728153295451,0.0004211412929037692,0.00045483259633607304,0.02414824173510213,0.0006906717203621817,0.0005222152032006746
0.0004211412929037692,0.00045483259633607304,0.02414824173510213,0.0006906717203621817,0.0005222152032006746,0.0005559065066329755
0.00045483259633607304,0.02414824173510213,0.0006906717203621817,0.0005222152032006746,0.0005559065066329755,0.0008229100863339653
0.02414824173510213,0.0006906717203621817,0.0005222152032006746,0.0005559065066329755,0.0008229100863339653,0.0006317119393556538
0.0006906717203621817,0.0005222152032006746,0.0005559065066329755,0.0008229100863339653,0.0006317119393556538,0.00044640977047799633
0.0005222152032006746,0.0005559065066329755,0.0008229100863339653,0.0006317119393556538,0.00044640977047799633,0.0005895978100652793
0.0005559065066329755,0.0008229100863339653,0.0006317119393556538,0.00044640977047799633,0.0005895978100652793,0.0009938934512528981
0.0008229100863339653,0.0006317119393556538,0.00044640977047799633,0.0005895978100652793,0.0009938934512528981,0.0006654032427879577
0.0006317119393556538,0.00044640977047799633,0.0005895978100652793,0.0009938934512528981,0.0006654032427879577,0.0006906717203621817
0.00044640977047799633,0.0005895978100652793,0.0009938934512528981,0.0006654032427879577,0.0006906717203621817,0.06390397978521795
0.0005895978100652793,0.0009938934512528981,0.0006654032427879577,0.0006906717203621817,0.06390397978521795,0.055919140871762474
0.0009938934512528981,0.0006654032427879577,0.0006906717203621817,0.06390397978521795,0.055919140871762474,0.05653400715940198
0.0006654032427879577,0.0006906717203621817,0.06390397978521795,0.055919140871762474,0.05653400715940198,0.052440513792377345
0.0006906717203621817,0.06390397978521795,0.055919140871762474,0.05653400715940198,0.052440513792377345,0.05081490840176879
0.06390397978521795,0.055919140871762474,0.05653400715940198,0.052440513792377345,0.05081490840176879,0.05024215624341967
0.055919140871762474,0.05653400715940198,0.052440513792377345,0.05081490840176879,0.05024215624341967,0.0519772583701832
0.05653400715940198,0.052440513792377345,0.05081490840176879,0.05024215624341967,0.0519772583701832,0.05666034954727311
0.052440513792377345,0.05081490840176879,0.05024215624341967,0.0519772583701832,0.05666034954727311,0.08832175194777848
0.05081490840176879,0.05024215624341967,0.0519772583701832,0.05666034954727311,0.08832175194777848,0.10708780795957043
0.05024215624341967,0.0519772583701832,0.05666034954727311,0.08832175194777848,0.10708780795957043,0.34388881869867344
0.0519772583701832,0.05666034954727311,0.08832175194777848,0.10708780795957043,0.34388881869867344,0.7464005053695515
0.05666034954727311,0.08832175194777848,0.10708780795957043,0.34388881869867344,0.7464005053695515,0.7525592756369762
0.08832175194777848,0.10708780795957043,0.34388881869867344,0.7464005053695515,0.7525592756369762,0.7481153927142555
0.10708780795957043,0.34388881869867344,0.7464005053695515,0.7525592756369762,0.7481153927142555,0.7330974942093073
0.34388881869867344,0.7464005053695515,0.7525592756369762,0.7481153927142555,0.7330974942093073,0.747037271004422
0.7464005053695515,0.7525592756369762,0.7481153927142555,0.7330974942093073,0.747037271004422,0.7192924826279216
0.7525592756369762,0.7481153927142555,0.7330974942093073,0.747037271004422,0.7192924826279216,0.7622573173299642
0.7481153927142555,0.7330974942093073,0.747037271004422,0.7192924826279216,0.7622573173299642,0.7787155190566435
0.7330974942093073,0.747037271004422,0.7192924826279216,0.7622573173299642,0.7787155190566435,0.7864139818909244
0.747037271004422,0.7192924826279216,0.7622573173299642,0.7787155190566435,0.7864139818909244,0.6232301537165719
0.7192924826279216,0.7622573173299642,0.7787155190566435,0.7864139818909244,0.6232301537165719,0.15097915350600127
0.7622573173299642,0.7787155190566435,0.7864139818909244,0.6232301537165719,0.15097915350600127,0.15161086544535693
0.7787155190566435,0.7864139818909244,0.6232301537165719,0.15097915350600127,0.15161086544535693,0.15508949252474205
0.7864139818909244,0.6232301537165719,0.15097915350600127,0.15161086544535693,0.15508949252474205,0.15851758264897872
0.6232301537165719,0.15097915350600127,0.15161086544535693,0.15508949252474205,0.15851758264897872,0.1314381975152664
0.15097915350600127,0.15161086544535693,0.15508949252474205,0.15851758264897872,0.1314381975152664,0.11989471467677408
0.15161086544535693,0.15508949252474205,0.15851758264897872,0.1314381975152664,0.11989471467677408,0.13658454411455045
0.15508949252474205,0.15851758264897872,0.1314381975152664,0.11989471467677408,0.13658454411455045,0.12503011160244262
0.15851758264897872,0.1314381975152664,0.11989471467677408,0.13658454411455045,0.12503011160244262,0.10832006738260687
0.1314381975152664,0.11989471467677408,0.13658454411455045,0.12503011160244262,0.10832006738260687,0.10563908191198147
0.11989471467677408,0.13658454411455045,0.12503011160244262,0.10832006738260687,0.10563908191198147,0.10380290587492103
0.13658454411455045,0.12503011160244262,0.10832006738260687,0.10563908191198147,0.10380290587492103,0.09474162981680355
0.12503011160244262,0.10832006738260687,0.10563908191198147,0.10380290587492103,0.09474162981680355,0.10395451674036639
0.10832006738260687,0.10563908191198147,0.10380290587492103,0.09474162981680355,0.10395451674036639,0.10662455253737628
0.10563908191198147,0.10380290587492103,0.09474162981680355,0.10395451674036639,0.10662455253737628,0.11708570225310591
0.10380290587492103,0.09474162981680355,0.10395451674036639,0.10662455253737628,0.11708570225310591,0.10331438197515268
0.09474162981680355,0.10395451674036639,0.10662455253737628,0.11708570225310591,0.10331438197515268,0.1038197515266372
0.10395451674036639,0.10662455253737628,0.11708570225310591,0.10331438197515268,0.1038197515266372,0.09680353758686039
0.10662455253737628,0.11708570225310591,0.10331438197515268,0.1038197515266372,0.09680353758686039,0.10437565803327016
0.11708570225310591,0.10331438197515268,0.1038197515266372,0.09680353758686039,0.10437565803327016,0.09062960623289114
0.10331438197515268,0.1038197515266372,0.09680353758686039,0.10437565803327016,0.09062960623289114,0.04854074542008843
0.1038197515266372,0.09680353758686039,0.10437565803327016,0.09062960623289114,0.04854074542008843,0.6199789429353547
0.09680353758686039,0.10437565803327016,0.09062960623289114,0.04854074542008843,0.6199789429353547,0.6046578226995157
0.10437565803327016,0.09062960623289114,0.04854074542008843,0.6199789429353547,0.6046578226995157,0.01476521372920615
0.09062960623289114,0.04854074542008843,0.6199789429353547,0.6046578226995157,0.01476521372920615,0.009559907348915563
0.04854074542008843,0.6199789429353547,0.6046578226995157,0.01476521372920615,0.009559907348915563,0.00640977047799537
0.6199789429353547,0.6046578226995157,0.01476521372920615,0.009559907348915563,0.00640977047799537,0.0044304064013476535
0.6046578226995157,0.01476521372920615,0.009559907348915563,0.00640977047799537,0.0044304064013476535,0.0010798062750052642
0.01476521372920615,0.009559907348915563,0.00640977047799537,0.0044304064013476535,0.0010798062750052642,0.002392082543693412
0.009559907348915563,0.00640977047799537,0.0044304064013476535,0.0010798062750052642,0.002392082543693412,0.002021478205938094
0.00640977047799537,0.0044304064013476535,0.0010798062750052642,0.002392082543693412,0.002021478205938094,0.0006165508528111205
0.0044304064013476535,0.0010798062750052642,0.002392082543693412,0.002021478205938094,0.0006165508528111205,0.0006696146557169945
0.0010798062750052642,0.002392082543693412,0.002021478205938094,0.0006165508528111205,0.0006696146557169945,0.0009012423668140663
0.002392082543693412,0.002021478205938094,0.0006165508528111205,0.0006696146557169945,0.0009012423668140663,0.0006064434617814297
0.002021478205938094,0.0006165508528111205,0.0006696146557169945,0.0009012423668140663,0.0006064434617814297,0.000598020635923353
0.0006165508528111205,0.0006696146557169945,0.0009012423668140663,0.0006064434617814297,0.000598020635923353,0.0006401347652137305
0.0006696146557169945,0.0009012423668140663,0.0006064434617814297,0.000598020635923353,0.0006401347652137305,0.000574436723520743
0.0009012423668140663,0.0006064434617814297,0.000598020635923353,0.0006401347652137305,0.000574436723520743,0.0005727521583491289
0.0006064434617814297,0.000598020635923353,0.0006401347652137305,0.000574436723520743,0.0005727521583491289,0.002341545588544958
0.000598020635923353,0.0006401347652137305,0.000574436723520743,0.0005727521583491289,0.002341545588544958,0.000656980416929881
0.0006401347652137305,0.000574436723520743,0.0005727521583491289,0.002341545588544958,0.000656980416929881,0.0007243630237944856
0.000574436723520743,0.0005727521583491289,0.002341545588544958,0.000656980416929881,0.0007243630237944856,0.0011539271425563284
0.0005727521583491289,0.002341545588544958,0.000656980416929881,0.0007243630237944856,0.0011539271425563284,0.0006317119393556538
0.002341545588544958,0.000656980416929881,0.0007243630237944856,0.0011539271425563284,0.0006317119393556538,0.0005474836807749018
0.000656980416929881,0.0007243630237944856,0.0011539271425563284,0.0006317119393556538,0.0005474836807749018,0.0006064434617814297
0.0007243630237944856,0.0011539271425563284,0.0006317119393556538,0.0005474836807749018,0.0006064434617814297,0.0006485575910718072
0.0011539271425563284,0.0006317119393556538,0.0005474836807749018,0.0006064434617814297,0.0006485575910718072,0.0005811749842072026
0.0006317119393556538,0.0005474836807749018,0.0006064434617814297,0.0006485575910718072,0.0005811749842072026,0.0006148662876395034
0.0005474836807749018,0.0006064434617814297,0.0006485575910718072,0.0005811749842072026,0.0006148662876395034,0.000656980416929881
0.0006064434617814297,0.0006485575910718072,0.0005811749842072026,0.0006148662876395034,0.000656980416929881,0.0006906717203621817
0.0006485575910718072,0.0005811749842072026,0.0006148662876395034,0.000656980416929881,0.0006906717203621817,0.0027121499263002757
0.0005811749842072026,0.0006148662876395034,0.000656980416929881,0.0006906717203621817,0.0027121499263002757,0.004000842282585807
0.0006148662876395034,0.000656980416929881,0.0006906717203621817,0.0027121499263002757,0.004000842282585807,0.0005306380290587513
0.000656980416929881,0.0006906717203621817,0.0027121499263002757,0.004000842282585807,0.0005306380290587513,0.0006654032427879577
0.0006906717203621817,0.0027121499263002757,0.004000842282585807,0.0005306380290587513,0.0006654032427879577,0.0006906717203621817
0.0027121499263002757,0.004000842282585807,0.0005306380290587513,0.0006654032427879577,0.0006906717203621817,0.000598020635923353
0.004000842282585807,0.0005306380290587513,0.0006654032427879577,0.0006906717203621817,0.000598020635923353,0.00381554011370815
0.0005306380290587513,0.0006654032427879577,0.0006906717203621817,0.000598020635923353,0.00381554011370815,0.005230574857864815
0.0006654032427879577,0.0006906717203621817,0.000598020635923353,0.00381554011370815,0.005230574857864815,0.005550642240471681
0.0006906717203621817,0.000598020635923353,0.00381554011370815,0.005230574857864815,0.005550642240471681,0.005592756369762056
0.000598020635923353,0.00381554011370815,0.005230574857864815,0.005550642240471681,0.005592756369762056,0.0052137292061486635
0.00381554011370815,0.005230574857864815,0.005550642240471681,0.005592756369762056,0.0052137292061486635,0.005297957464729419
0.005230574857864815,0.005550642240471681,0.005592756369762056,0.0052137292061486635,0.005297957464729419,0.005188460728574437
0.005550642240471681,0.005592756369762056,0.0052137292061486635,0.005297957464729419,0.005188460728574437,0.005112655295851759
0.005592756369762056,0.0052137292061486635,0.005297957464729419,0.005188460728574437,0.005112655295851759,0.005070541166561384
0.0052137292061486635,0.005297957464729419,0.005188460728574437,0.005112655295851759,0.005070541166561384,0.005129500947567912
0.005297957464729419,0.005188460728574437,0.005112655295851759,0.005070541166561384,0.005129500947567912,0.0050873868182775344
0.005188460728574437,0.005112655295851759,0.005070541166561384,0.005129500947567912,0.0050873868182775344,0.0052811118130132685
0.005112655295851759,0.005070541166561384,0.005129500947567912,0.0050873868182775344,0.0052811118130132685,0.005407454200884398
0.005070541166561384,0.005129500947567912,0.0050873868182775344,0.0052811118130132685,0.005407454200884398,0.026009686249736787
0.005129500947567912,0.0050873868182775344,0.0052811118130132685,0.005407454200884398,0.026009686249736787,0.02637186776163403
0.0050873868182775344,0.0052811118130132685,0.005407454200884398,0.026009686249736787,0.02637186776163403,0.00047167824805222346
0.0052811118130132685,0.005407454200884398,0.026009686249736787,0.02637186776163403,0.00047167824805222346,0.0005390608549168251
0.005407454200884398,0.026009686249736787,0.02637186776163403,0.00047167824805222346,0.0005390608549168251,0.03276479258791325
0.026009686249736787,0.02637186776163403,0.00047167824805222346,0.0005390608549168251,0.03276479258791325,0.10848178563908192
0.02637186776163403,0.00047167824805222346,0.0005390608549168251,0.03276479258791325,0.10848178563908192,0.12199620972836385
0.00047167824805222346,0.0005390608549168251,0.03276479258791325,0.10848178563908192,0.12199620972836385,0.09591914087176248
0.0005390608549168251,0.03276479258791325,0.10848178563908192,0.12199620972836385,0.09591914087176248,0.07581385554853654
0.03276479258791325,0.10848178563908192,0.12199620972836385,0.09591914087176248,0.07581385554853654,0.06864603074331438
0.10848178563908192,0.12199620972836385,0.09591914087176248,0.07581385554853654,0.06864603074331438,0.06383659717835334
0.12199620972836385,0.09591914087176248,0.07581385554853654,0.06864603074331438,0.06383659717835334,0.12416929879974734
0.09591914087176248,0.07581385554853654,0.06864603074331438,0.06383659717835334,0.12416929879974734,0.7181806696146557
0.07581385554853654,0.06864603074331438,0.06383659717835334,0.12416929879974734,0.7181806696146557,0.05479048220678037
0.06864603074331438,0.06383659717835334,0.12416929879974734,0.7181806696146557,0.05479048220678037,0.07590650663297537
0.06383659717835334,0.12416929879974734,0.7181806696146557,0.05479048220678037,0.07590650663297537,0.07570435881238155
0.12416929879974734,0.7181806696146557,0.05479048220678037,0.07590650663297537,0.07570435881238155,0.0786691935144241
0.7181806696146557,0.05479048220678037,0.07590650663297537,0.07570435881238155,0.0786691935144241,0.08952621604548326
0.05479048220678037,0.07590650663297537,0.07570435881238155,0.0786691935144241,0.08952621604548326,0.12280480101073911
0.07590650663297537,0.07570435881238155,0.0786691935144241,0.08952621604548326,0.12280480101073911,0.08579490419035586
0.07570435881238155,0.0786691935144241,0.08952621604548326,0.12280480101073911,0.08579490419035586,0.07694251421351864
0.0786691935144241,0.08952621604548326,0.12280480101073911,0.08579490419035586,0.07694251421351864,0.08165087386818277
0.08952621604548326,0.12280480101073911,0.08579490419035586,0.07694251421351864,0.08165087386818277,0.07785217940619078
0.12280480101073911,0.08579490419035586,0.07694251421351864,0.08165087386818277,0.07785217940619078,0.0747946936197094
0.08579490419035586,0.07694251421351864,0.08165087386818277,0.07785217940619078,0.0747946936197094,0.07475257949041904
0.07694251421351864,0.08165087386818277,0.07785217940619078,0.0747946936197094,0.07475257949041904,0.0695304274584123
0.08165087386818277,0.07785217940619078,0.0747946936197094,0.07475257949041904,0.0695304274584123,0.07430616971994104
0.07785217940619078,0.0747946936197094,0.07475257949041904,0.0695304274584123,0.07430616971994104,0.07853442830069488
0.0747946936197094,0.07475257949041904,0.0695304274584123,0.07430616971994104,0.07853442830069488,0.07530006317119393
0.07475257949041904,0.0695304274584123,0.07430616971994104,0.07853442830069488,0.07530006317119393,0.08094335649610446
0.0695304274584123,0.07430616971994104,0.07853442830069488,0.07530006317119393,0.08094335649610446,0.07587281532954306
0.07430616971994104,0.07853442830069488,0.07530006317119393,0.08094335649610446,0.07587281532954306,0.07595704358812382
0.07853442830069488,0.07530006317119393,0.08094335649610446,0.07587281532954306,0.07595704358812382,0.08736997262581596
0.07530006317119393,0.08094335649610446,0.07587281532954306,0.07595704358812382,0.08736997262581596,0.08502842703727101
0.08094335649610446,0.07587281532954306,0.07595704358812382,0.08736997262581596,0.08502842703727101,0.08510423246999368
0.07587281532954306,0.07595704358812382,0.08736997262581596,0.08502842703727101,0.08510423246999368,0.07841650873868183
0.07595704358812382,0.08736997262581596,0.08502842703727101,0.08510423246999368,0.07841650873868183,0.07932617393135398
0.08736997262581596,0.08502842703727101,0.08510423246999368,0.07841650873868183,0.07932617393135398,0.08426194988418614
0.08502842703727101,0.08510423246999368,0.07841650873868183,0.07932617393135398,0.08426194988418614,0.07936828806064435
0.08510423246999368,0.07841650873868183,0.07932617393135398,0.08426194988418614,0.07936828806064435,0.07812170983364919
0.07841650873868183,0.07932617393135398,0.08426194988418614,0.07936828806064435,0.07812170983364919,0.07795325331648768
0.07932617393135398,0.08426194988418614,0.07936828806064435,0.07812170983364919,0.07795325331648768,0.07604127184670458
0.08426194988418614,0.07936828806064435,0.07812170983364919,0.07795325331648768,0.07604127184670458,0.07675721204464098
0.07936828806064435,0.07812170983364919,0.07795325331648768,0.07604127184670458,0.07675721204464098,0.07563697620551695
0.07812170983364919,0.07795325331648768,0.07604127184670458,0.07675721204464098,0.07563697620551695,0.07480311644556749
0.07795325331648768,0.07604127184670458,0.07675721204464098,0.07563697620551695,0.07480311644556749,0.07821436091808802
0.07604127184670458,0.07675721204464098,0.07563697620551695,0.07480311644556749,0.07821436091808802,0.07170351652979574
0.07675721204464098,0.07563697620551695,0.07480311644556749,0.07821436091808802,0.07170351652979574,0.07062118340703306
0.07563697620551695,0.07480311644556749,0.07821436091808802,0.07170351652979574,0.07062118340703306,0.06953885028427037
0.07480311644556749,0.07821436091808802,0.07170351652979574,0.07062118340703306,0.06953885028427037,0.06816592966940409
0.07821436091808802,0.07170351652979574,0.07062118340703306,0.06953885028427037,0.06816592966940409,0.0738766056011792
0.07170351652979574,0.07062118340703306,0.06953885028427037,0.06816592966940409,0.0738766056011792,0.07186355022109918
0.07062118340703306,0.06953885028427037,0.06816592966940409,0.0738766056011792,0.07186355022109918,0.07659717835333754
0.06953885028427037,0.06816592966940409,0.0738766056011792,0.07186355022109918,0.07659717835333754,0.07124868393345968
0.06816592966940409,0.0738766056011792,0.07186355022109918,0.07659717835333754,0.07124868393345968,0.0742219414613603
0.0738766056011792,0.07186355022109918,0.07659717835333754,0.07124868393345968,0.0742219414613603,0.07395241103390188
0.07186355022109918,0.07659717835333754,0.07124868393345968,0.0742219414613603,0.07395241103390188,0.1040892819540956
0.07659717835333754,0.07124868393345968,0.0742219414613603,0.07395241103390188,0.1040892819540956,0.09833649189303012
0.07124868393345968,0.0742219414613603,0.07395241103390188,0.1040892819540956,0.09833649189303012,0.10011370814908402
0.0742219414613603,0.07395241103390188,0.1040892819540956,0.09833649189303012,0.10011370814908402,0.09853021688776585
0.07395241103390188,0.1040892819540956,0.09833649189303012,0.10011370814908402,0.09853021688776585,0.1008043798694462
0.1040892819540956,0.09833649189303012,0.10011370814908402,0.09853021688776585,0.1008043798694462,0.09607917456306592
0.09833649189303012,0.10011370814908402,0.09853021688776585,0.1008043798694462,0.09607917456306592,0.08294798905032638
0.10011370814908402,0.09853021688776585,0.1008043798694462,0.09607917456306592,0.08294798905032638,0.07554432512107812
0.09853021688776585,0.1008043798694462,0.09607917456306592,0.08294798905032638,0.07554432512107812,0.07795325331648768
0.1008043798694462,0.09607917456306592,0.08294798905032638,0.07554432512107812,0.07795325331648768,0.07588123815540114
0.09607917456306592,0.08294798905032638,0.07554432512107812,0.07795325331648768,0.07588123815540114,0.11162771109707309
0.08294798905032638,0.07554432512107812,0.07795325331648768,0.07588123815540114,0.11162771109707309,0.13426826700357972
0.07554432512107812,0.07795325331648768,0.07588123815540114,0.11162771109707309,0.13426826700357972,0.16344493577595284
0.07795325331648768,0.07588123815540114,0.11162771109707309,0.13426826700357972,0.16344493577595284,0.18171404506211836
0.07588123815540114,0.11162771109707309,0.13426826700357972,0.16344493577595284,0.18171404506211836,0.18084649399873656
0.11162771109707309,0.13426826700357972,0.16344493577595284,0.18171404506211836,0.18084649399873656,0.1743693409138766
0.13426826700357972,0.16344493577595284,0.18171404506211836,0.18084649399873656,0.1743693409138766,0.13126131817224676
0.16344493577595284,0.18171404506211836,0.18084649399873656,0.1743693409138766,0.13126131817224676,0.1306043377553169
0.18171404506211836,0.18084649399873656,0.1743693409138766,0.13126131817224676,0.1306043377553169,0.14530216887765846
0.18084649399873656,0.1743693409138766,0.13126131817224676,0.1306043377553169,0.14530216887765846,0.12494419877869023
0.1743693409138766,0.13126131817224676,0.1306043377553169,0.14530216887765846,0.12494419877869023,0.1027584754685197
0.13126131817224676,0.1306043377553169,0.14530216887765846,0.12494419877869023,0.1027584754685197,0.09335017898504948
0.1306043377553169,0.14530216887765846,0.12494419877869023,0.1027584754685197,0.09335017898504948,0.018100652769004
0.14530216887765846,0.12494419877869023,0.1027584754685197,0.09335017898504948,0.018100652769004,0.01612971151821436
0.12494419877869023,0.1027584754685197,0.09335017898504948,0.018100652769004,0.01612971151821436,0.013712360496946727
0.1027584754685197,0.09335017898504948,0.018100652769004,0.01612971151821436,0.013712360496946727,0.01571699305116867
0.09335017898504948,0.018100652769004,0.01612971151821436,0.013712360496946727,0.01571699305116867,0.01568330174773637
0.018100652769004,0.01612971151821436,0.013712360496946727,0.01571699305116867,0.01568330174773637,0.013324910507475259
0.01612971151821436,0.013712360496946727,0.01571699305116867,0.01568330174773637,0.013324910507475259,0.013425984417772166
0.013712360496946727,0.01571699305116867,0.01568330174773637,0.013324910507475259,0.013425984417772166,0.013510212676352915
0.01571699305116867,0.01568330174773637,0.013324910507475259,0.013425984417772166,0.013510212676352915,0.014697831122341548
0.01568330174773637,0.013324910507475259,0.013425984417772166,0.013510212676352915,0.014697831122341548,0.02662455253737629
0.013324910507475259,0.013425984417772166,0.013510212676352915,0.014697831122341548,0.02662455253737629,0.048043798694462
0.013425984417772166,0.013510212676352915,0.014697831122341548,0.02662455253737629,0.048043798694462,0.04852389976837229
0.013510212676352915,0.014697831122341548,0.02662455253737629,0.048043798694462,0.04852389976837229,0.03667298378606022
0.014697831122341548,0.02662455253737629,0.048043798694462,0.04852389976837229,0.03667298378606022,0.08285533796588757
0.02662455253737629,0.048043798694462,0.04852389976837229,0.03667298378606022,0.08285533796588757,0.11161086544535691
0.048043798694462,0.04852389976837229,0.03667298378606022,0.08285533796588757,0.11161086544535691,0.08083385975994946
0.04852389976837229,0.03667298378606022,0.08285533796588757,0.11161086544535691,0.08083385975994946,0.10818277532112024
0.03667298378606022,0.08285533796588757,0.11161086544535691,0.08083385975994946,0.10818277532112024,0.12199789429353547
0.08285533796588757,0.11161086544535691,0.08083385975994946,0.10818277532112024,0.12199789429353547,0.15419667298378606
0.11161086544535691,0.08083385975994946,0.10818277532112024,0.12199789429353547,0.15419667298378606,0.6937965887555274
0.08083385975994946,0.10818277532112024,0.12199789429353547,0.15419667298378606,0.6937965887555274,0.7167403663929248
0.10818277532112024,0.12199789429353547,0.15419667298378606,0.6937965887555274,0.7167403663929248,0.7077532112023583
0.12199789429353547,0.15419667298378606,0.6937965887555274,0.7167403663929248,0.7077532112023583,0.18150347441566647
0.15419667298378606,0.6937965887555274,0.7167403663929248,0.7077532112023583,0.18150347441566647,0.04810275847546852
0.6937965887555274,0.7167403663929248,0.7077532112023583,0.18150347441566647,0.04810275847546852,0.04138976626658244
0.7167403663929248,0.7077532112023583,0.18150347441566647,0.04810275847546852,0.04138976626658244,0.03877026742472099
0.7077532112023583,0.18150347441566647,0.04810275847546852,0.04138976626658244,0.03877026742472099,0.04419456727732154
0.18150347441566647,0.04810275847546852,0.04138976626658244,0.03877026742472099,0.04419456727732154,0.038121709833649195
0.04810275847546852,0.04138976626658244,0.03877026742472099,0.04419456727732154,0.038121709833649195,0.018656559275636975
0.04138976626658244,0.03877026742472099,0.04419456727732154,0.038121709833649195,0.018656559275636975,0.00576963571278164
0.03877026742472099,0.04419456727732154,0.038121709833649195,0.018656559275636975,0.00576963571278164,0.0057190987576331885
0.04419456727732154,0.038121709833649195,0.018656559275636975,0.00576963571278164,0.0057190987576331885,0.0024678879764160905
0.038121709833649195,0.018656559275636975,0.00576963571278164,0.0057190987576331885,0.0024678879764160905,0.001853021688776587
0.018656559275636975,0.00576963571278164,0.0057190987576331885,0.0024678879764160905,0.001853021688776587,0.0006148662876395034
0.00576963571278164,0.0057190987576331885,0.0024678879764160905,0.001853021688776587,0.0006148662876395034,0.0005559065066329755
0.0057190987576331885,0.0024678879764160905,0.001853021688776587,0.0006148662876395034,0.0005559065066329755,0.00047167824805222346
0.0024678879764160905,0.001853021688776587,0.0006148662876395034,0.0005559065066329755,0.00047167824805222346,0.00048010107391029713
0.001853021688776587,0.0006148662876395034,0.0005559065066329755,0.00047167824805222346,0.00048010107391029713,0.0006148662876395034
0.0006148662876395034,0.0005559065066329755,0.00047167824805222346,0.00048010107391029713,0.0006148662876395034,0.0022994314592545803
0.0005559065066329755,0.00047167824805222346,0.00048010107391029713,0.0006148662876395034,0.0022994314592545803,0.0005727521583491289
0.00047167824805222346,0.00048010107391029713,0.0006148662876395034,0.0022994314592545803,0.0005727521583491289,0.0005053695514845243
0.00048010107391029713,0.0006148662876395034,0.0022994314592545803,0.0005727521583491289,0.0005053695514845243,0.0005306380290587513
0.0006148662876395034,0.0022994314592545803,0.0005727521583491289,0.0005053695514845243,0.0005306380290587513,0.0039166140240050554
0.0022994314592545803,0.0005727521583491289,0.0005053695514845243,0.0005306380290587513,0.0039166140240050554,0.0006232891134975801
0.0005727521583491289,0.0005053695514845243,0.0005306380290587513,0.0039166140240050554,0.0006232891134975801,0.0009180880185302197
0.0005053695514845243,0.0005306380290587513,0.0039166140240050554,0.0006232891134975801,0.0009180880185302197,0.000656980416929881
0.0005306380290587513,0.0039166140240050554,0.0006232891134975801,0.0009180880185302197,0.000656980416929881,0.0032596336070751745
0.0039166140240050554,0.0006232891134975801,0.0009180880185302197,0.000656980416929881,0.0032596336070751745,0.00048010107391029713
0.0006232891134975801,0.0009180880185302197,0.000656980416929881,0.0032596336070751745,0.00048010107391029713,0.0005053695514845243
0.0009180880185302197,0.000656980416929881,0.0032596336070751745,0.00048010107391029713,0.0005053695514845243,0.0004042956411876188
0.000656980416929881,0.0032596336070751745,0.00048010107391029713,0.0005053695514845243,0.0004042956411876188,0.0005053695514845243
0.0032596336070751745,0.00048010107391029713,0.0005053695514845243,0.0004042956411876188,0.0005053695514845243,0.0005963360707517388
0.00048010107391029713,0.0005053695514845243,0.0004042956411876188,0.0005053695514845243,0.0005963360707517388,0.0006148662876395034
0.0005053695514845243,0.0004042956411876188,0.0005053695514845243,0.0005963360707517388,0.0006148662876395034,0.0037650031585596986
0.0004042956411876188,0.0005053695514845243,0.0005963360707517388,0.0006148662876395034,0.0037650031585596986,0.005171615076858286
0.0005053695514845243,0.0005963360707517388,0.0006148662876395034,0.0037650031585596986,0.005171615076858286,0.005188460728574437
0.0005963360707517388,0.0006148662876395034,0.0037650031585596986,0.005171615076858286,0.005188460728574437,0.005163192251000212
0.0006148662876395034,0.0037650031585596986,0.005171615076858286,0.005188460728574437,0.005163192251000212,0.005306380290587493
0.0037650031585596986,0.005171615076858286,0.005188460728574437,0.005163192251000212,0.005306380290587493,0.005112655295851759
0.005171615076858286,0.005188460728574437,0.005163192251000212,0.005306380290587493,0.005112655295851759,0.006805643293324912
0.005188460728574437,0.005163192251000212,0.005306380290587493,0.005112655295851759,0.006805643293324912,0.005811749842072017
0.005163192251000212,0.005306380290587493,0.005112655295851759,0.006805643293324912,0.005811749842072017,0.007892187829016637
0.005306380290587493,0.005112655295851759,0.006805643293324912,0.005811749842072017,0.007892187829016637,0.005180037902716363
0.005112655295851759,0.006805643293324912,0.005811749842072017,0.007892187829016637,0.005180037902716363,0.00505369551484523
0.006805643293324912,0.005811749842072017,0.007892187829016637,0.005180037902716363,0.00505369551484523,0.005104232469993685
0.005811749842072017,0.007892187829016637,0.005180037902716363,0.00505369551484523,0.005104232469993685,0.011059170351652981
0.007892187829016637,0.005180037902716363,0.00505369551484523,0.005104232469993685,0.011059170351652981,0.029589387239418827
0.005180037902716363,0.00505369551484523,0.005104232469993685,0.011059170351652981,0.029589387239418827,0.025015792798483892
0.00505369551484523,0.005104232469993685,0.011059170351652981,0.029589387239418827,0.025015792798483892,0.0022067803748157516
0.005104232469993685,0.011059170351652981,0.029589387239418827,0.025015792798483892,0.0022067803748157516,0.0009854706253948214
0.011059170351652981,0.029589387239418827,0.025015792798483892,0.0022067803748157516,0.0009854706253948214,0.0034196672983786078
0.029589387239418827,0.025015792798483892,0.0022067803748157516,0.0009854706253948214,0.0034196672983786078,0.0008591282375236918
0.025015792798483892,0.0022067803748157516,0.0009854706253948214,0.0034196672983786078,0.0008591282375236918,0.0005643293324910522
0.0022067803748157516,0.0009854706253948214,0.0034196672983786078,0.0008591282375236918,0.0005643293324910522,0.0003790271636133947
0.0009854706253948214,0.0034196672983786078,0.0008591282375236918,0.0005643293324910522,0.0003790271636133947,0.0004211412929037692
0.0034196672983786078,0.0008591282375236918,0.0005643293324910522,0.0003790271636133947,0.0004211412929037692,0.00048010107391029713
0.0008591282375236918,0.0005643293324910522,0.0003790271636133947,0.0004211412929037692,0.00048010107391029713,0.010208464939987366
0.0005643293324910522,0.0003790271636133947,0.0004211412929037692,0.00048010107391029713,0.010208464939987366,0.03118972415245315
0.0003790271636133947,0.0004211412929037692,0.00048010107391029713,0.010208464939987366,0.03118972415245315,0.03197304695725416
0.0004211412929037692,0.00048010107391029713,0.010208464939987366,0.03118972415245315,0.03197304695725416,0.032200463255422196
0.00048010107391029713,0.010208464939987366,0.03118972415245315,0.03197304695725416,0.032200463255422196,0.37326595072646873
0.010208464939987366,0.03118972415245315,0.03197304695725416,0.032200463255422196,0.37326595072646873,0.70726468730259
0.03118972415245315,0.03197304695725416,0.032200463255422196,0.37326595072646873,0.70726468730259,0.6734723099599915
0.03197304695725416,0.032200463255422196,0.37326595072646873,0.70726468730259,0.6734723099599915,0.6864013476521372
0.032200463255422196,0.37326595072646873,0.70726468730259,0.6734723099599915,0.6864013476521372,0.6804716782480522
0.37326595072646873,0.70726468730259,0.6734723099599915,0.6864013476521372,0.6804716782480522,0.7065066329753632
0.70726468730259,0.6734723099599915,0.6864013476521372,0.6804716782480522,0.7065066329753632,0.6862244683091177
0.6734723099599915,0.6864013476521372,0.6804716782480522,0.7065066329753632,0.6862244683091177,0.6814824173510212
0.6864013476521372,0.6804716782480522,0.7065066329753632,0.6862244683091177,0.6814824173510212,0.7066245525373762
0.6804716782480522,0.7065066329753632,0.6862244683091177,0.6814824173510212,0.7066245525373762,0.7043419667298377
0.7065066329753632,0.6862244683091177,0.6814824173510212,0.7066245525373762,0.7043419667298377,0.6991787744788376
0.6862244683091177,0.6814824173510212,0.7066245525373762,0.7043419667298377,0.6991787744788376,0.7009222994314592
0.6814824173510212,0.7066245525373762,0.7043419667298377,0.6991787744788376,0.7009222994314592,0.7030111602442619
0.7066245525373762,0.7043419667298377,0.6991787744788376,0.7009222994314592,0.7030111602442619,0.6986228679722046
0.7043419667298377,0.6991787744788376,0.7009222994314592,0.7030111602442619,0.6986228679722046,0.7095978100652768
0.6991787744788376,0.7009222994314592,0.7030111602442619,0.6986228679722046,0.7095978100652768,0.7570351652979574
0.7009222994314592,0.7030111602442619,0.6986228679722046,0.7095978100652768,0.7570351652979574,0.7645062118340703
0.7030111602442619,0.6986228679722046,0.7095978100652768,0.7570351652979574,0.7645062118340703,0.7278517582648978
0.6986228679722046,0.7095978100652768,0.7570351652979574,0.7645062118340703,0.7278517582648978,0.7167066750894925
0.7095978100652768,0.7570351652979574,0.7645062118340703,0.7278517582648978,0.7167066750894925,0.7284228258580754
0.7570351652979574,0.7645062118340703,0.7278517582648978,0.7167066750894925,0.7284228258580754,0.7424552537376289
0.7645062118340703,0.7278517582648978,0.7167066750894925,0.7284228258580754,0.7424552537376289,0.8231459254579911
0.7278517582648978,0.7167066750894925,0.7284228258580754,0.7424552537376289,0.8231459254579911,0.740113708149084
0.7167066750894925,0.7284228258580754,0.7424552537376289,0.8231459254579911,0.740113708149084,0.6816390819119814
0.7284228258580754,0.7424552537376289,0.8231459254579911,0.740113708149084,0.6816390819119814,0.6248557591071805
0.7424552537376289,0.8231459254579911,0.740113708149084,0.6816390819119814,0.6248557591071805,0.07449989471467677
0.8231459254579911,0.740113708149084,0.6816390819119814,0.6248557591071805,0.07449989471467677,0.07167824805222153
0.740113708149084,0.6816390819119814,0.6248557591071805,0.07449989471467677,0.07167824805222153,0.07380922299431458
0.6816390819119814,0.6248557591071805,0.07449989471467677,0.07167824805222153,0.07380922299431458,0.07649610444304064
0.6248557591071805,0.07449989471467677,0.07167824805222153,0.07380922299431458,0.07649610444304064,0.07571699305116866
0.07449989471467677,0.07167824805222153,0.07380922299431458,0.07649610444304064,0.07571699305116866,0.08224889450410613
0.07167824805222153,0.07380922299431458,0.07649610444304064,0.07571699305116866,0.08224889450410613,0.06861233943988208
0.07380922299431458,0.07649610444304064,0.07571699305116866,0.08224889450410613,0.06861233943988208,0.06758475468519688
0.07649610444304064,0.07571699305116866,0.08224889450410613,0.06861233943988208,0.06758475468519688,0.0630718045904401
0.07571699305116866,0.08224889450410613,0.06861233943988208,0.06758475468519688,0.0630718045904401,0.06428300694883134
0.08224889450410613,0.06861233943988208,0.06758475468519688,0.0630718045904401,0.06428300694883134,0.06101495051589808
0.06861233943988208,0.06758475468519688,0.0630718045904401,0.06428300694883134,0.06101495051589808,0.06718888186986734
0.06758475468519688,0.0630718045904401,0.06428300694883134,0.06101495051589808,0.06718888186986734,0.07450831754053486
0.0630718045904401,0.06428300694883134,0.06101495051589808,0.06718888186986734,0.07450831754053486,0.07433143819751527
0.06428300694883134,0.06101495051589808,0.06718888186986734,0.07450831754053486,0.07433143819751527,0.6243166982522635
0.06101495051589808,0.06718888186986734,0.07450831754053486,0.07433143819751527,0.6243166982522635,0.6994146136028637
0.06718888186986734,0.07450831754053486,0.07433143819751527,0.6243166982522635,0.6994146136028637,0.6932069909454622
0.07450831754053486,0.07433143819751527,0.6243166982522635,0.6994146136028637,0.6932069909454622,0.6809433564961044
0.07433143819751527,0.6243166982522635,0.6994146136028637,0.6932069909454622,0.6809433564961044,0.6926089703095388
0.6243166982522635,0.6994146136028637,0.6932069909454622,0.6809433564961044,0.6926089703095388,0.6867045693830279
0.6994146136028637,0.6932069909454622,0.6809433564961044,0.6926089703095388,0.6867045693830279,0.7017224678879764
0.6932069909454622,0.6809433564961044,0.6926089703095388,0.6867045693830279,0.7017224678879764,0.7230322173089071
0.6809433564961044,0.6926089703095388,0.6867045693830279,0.7017224678879764,0.7230322173089071,0.7004801010739102
0.6926089703095388,0.6867045693830279,0.7017224678879764,0.7230322173089071,0.7004801010739102,0.6966013897662665
0.6867045693830279,0.7017224678879764,0.7230322173089071,0.7004801010739102,0.6966013897662665,0.6806148662876395
0.7017224678879764,0.7230322173089071,0.7004801010739102,0.6966013897662665,0.6806148662876395,0.6981259212465781
0.7230322173089071,0.7004801010739102,0.6966013897662665,0.6806148662876395,0.6981259212465781,0.6948831332912192
0.7004801010739102,0.6966013897662665,0.6806148662876395,0.6981259212465781,0.6948831332912192,0.7117826910928616
0.6966013897662665,0.6806148662876395,0.6981259212465781,0.6948831332912192,0.7117826910928616,0.6851387660560118
0.6806148662876395,0.6981259212465781,0.6948831332912192,0.7117826910928616,0.6851387660560118,0.7005533796588755
0.6981259212465781,0.6948831332912192,0.7117826910928616,0.6851387660560118,0.7005533796588755,0.708048010107391
0.6948831332912192,0.7117826910928616,0.6851387660560118,0.7005533796588755,0.708048010107391,0.7201853021688777
0.7117826910928616,0.6851387660560118,0.7005533796588755,0.708048010107391,0.7201853021688777,0.7164202990103179
0.6851387660560118,0.7005533796588755,0.708048010107391,0.7201853021688777,0.7164202990103179,0.6930890713834491
0.7005533796588755,0.708048010107391,0.7201853021688777,0.7164202990103179,0.6930890713834491,0.7241608759738892
0.708048010107391,0.7201853021688777,0.7164202990103179,0.6930890713834491,0.7241608759738892,0.43641356074963145
0.7201853021688777,0.7164202990103179,0.6930890713834491,0.7241608759738892,0.43641356074963145,0.11209938934512527
0.7164202990103179,0.6930890713834491,0.7241608759738892,0.43641356074963145,0.11209938934512527,0.11652558433354393
0.6930890713834491,0.7241608759738892,0.43641356074963145,0.11209938934512527,0.11652558433354393,0.11618445988629185
0.7241608759738892,0.43641356074963145,0.11209938934512527,0.11652558433354393,0.11618445988629185,0.1063802905874921
0.43641356074963145,0.11209938934512527,0.11652558433354393,0.11618445988629185,0.1063802905874921,0.13665192672141505
0.11209938934512527,0.11652558433354393,0.11618445988629185,0.1063802905874921,0.13665192672141505,0.1395662244683091
0.11652558433354393,0.11618445988629185,0.1063802905874921,0.13665192672141505,0.1395662244683091,0.1368035375868604
0.11618445988629185,0.1063802905874921,0.13665192672141505,0.1395662244683091,0.1368035375868604,0.13451252895346388
0.1063802905874921,0.13665192672141505,0.1395662244683091,0.1368035375868604,0.13451252895346388,0.15839124026110762
0.13665192672141505,0.1395662244683091,0.1368035375868604,0.13451252895346388,0.15839124026110762,0.1897325752790061
0.1395662244683091,0.1368035375868604,0.13451252895346388,0.15839124026110762,0.1897325752790061,0.19575489576753002
0.1368035375868604,0.13451252895346388,0.15839124026110762,0.1897325752790061,0.19575489576753002,0.14969046114971576
0.13451252895346388,0.15839124026110762,0.1897325752790061,0.19575489576753002,0.14969046114971576,0.16448094335649613
0.15839124026110762,0.1897325752790061,0.19575489576753002,0.14969046114971576,0.16448094335649613,0.13746894082964833
0.1897325752790061,0.19575489576753002,0.14969046114971576,0.16448094335649613,0.13746894082964833,0.15286586649821016
0.19575489576753002,0.14969046114971576,0.16448094335649613,0.13746894082964833,0.15286586649821016,0.15448304906296065
0.14969046114971576,0.16448094335649613,0.13746894082964833,0.15286586649821016,0.15448304906296065,0.15978100652769003
0.16448094335649613,0.13746894082964833,0.15286586649821016,0.15448304906296065,0.15978100652769003,0.16240892819540956
0.13746894082964833,0.15286586649821016,0.15448304906296065,0.15978100652769003,0.16240892819540956,0.09911981469783111
0.15286586649821016,0.15448304906296065,0.15978100652769003,0.16240892819540956,0.09911981469783111,0.11747315224257741
0.15448304906296065,0.15978100652769003,0.16240892819540956,0.09911981469783111,0.11747315224257741,0.12785849652558434
0.15978100652769003,0.16240892819540956,0.09911981469783111,0.11747315224257741,0.12785849652558434,0.737654242998526
0.16240892819540956,0.09911981469783111,0.11747315224257741,0.12785849652558434,0.737654242998526,0.716428721836176
0.09911981469783111,0.11747315224257741,0.12785849652558434,0.737654242998526,0.716428721836176,0.470178985049484
0.11747315224257741,0.12785849652558434,0.737654242998526,0.716428721836176,0.470178985049484,0.05904400926510845
0.12785849652558434,0.737654242998526,0.716428721836176,0.470178985049484,0.05904400926510845,0.01900189513581807
0.737654242998526,0.716428721836176,0.470178985049484,0.05904400926510845,0.01900189513581807,0.0034280901242366817
0.716428721836176,0.470178985049484,0.05904400926510845,0.01900189513581807,0.0034280901242366817,0.0010907559486207636
0.470178985049484,0.05904400926510845,0.01900189513581807,0.0034280901242366817,0.0010907559486207636,0.0028637607917456325
0.05904400926510845,0.01900189513581807,0.0034280901242366817,0.0010907559486207636,0.0028637607917456325,0.0010023162771109718
0.01900189513581807,0.0034280901242366817,0.0010907559486207636,0.0028637607917456325,0.0010023162771109718,0.0010275847546851989
0.0034280901242366817,0.0010907559486207636,0.0028637607917456325,0.0010023162771109718,0.0010275847546851989,0.0009770477995367447
0.0010907559486207636,0.0028637607917456325,0.0010023162771109718,0.0010275847546851989,0.0009770477995367447,0.0010798062750052642
0.0028637607917456325,0.0010023162771109718,0.0010275847546851989,0.0009770477995367447,0.0010798062750052642,0.0012044640977047828
0.0010023162771109718,0.0010275847546851989,0.0009770477995367447,0.0010798062750052642,0.0012044640977047828,0.0010612760581174996
0.0010275847546851989,0.0009770477995367447,0.0010798062750052642,0.0012044640977047828,0.0010612760581174996,0.0011202358391240277
0.0009770477995367447,0.0010798062750052642,0.0012044640977047828,0.0010612760581174996,0.0011202358391240277,0.0010781217098336502
0.0010798062750052642,0.0012044640977047828,0.0010612760581174996,0.0011202358391240277,0.0010781217098336502,0.001111813013265951
0.0012044640977047828,0.0010612760581174996,0.0011202358391240277,0.0010781217098336502,0.001111813013265951,0.0010612760581174996
0.0010612760581174996,0.0011202358391240277,0.0010781217098336502,0.001111813013265951,0.0010612760581174996,0.0012297325752790068
0.0011202358391240277,0.0010781217098336502,0.001111813013265951,0.0010612760581174996,0.0012297325752790068,0.0011623499684144051
0.0010781217098336502,0.001111813013265951,0.0010612760581174996,0.0012297325752790068,0.0011623499684144051,0.0010528532322594231
0.001111813013265951,0.0010612760581174996,0.0012297325752790068,0.0011623499684144051,0.0010528532322594231,0.0009180880185302197
0.0010612760581174996,0.0012297325752790068,0.0011623499684144051,0.0010528532322594231,0.0009180880185302197,0.0009938934512528981
0.0012297325752790068,0.0011623499684144051,0.0010528532322594231,0.0009180880185302197,0.0009938934512528981,0.0008085912823752376
0.0011623499684144051,0.0010528532322594231,0.0009180880185302197,0.0009938934512528981,0.0008085912823752376,0.0008759738892398423
0.0010528532322594231,0.0009180880185302197,0.0009938934512528981,0.0008085912823752376,0.0008759738892398423,0.0013476521372920627
0.0009180880185302197,0.0009938934512528981,0.0008085912823752376,0.0008759738892398423,0.0013476521372920627,0.0011202358391240277
0.0009938934512528981,0.0008085912823752376,0.0008759738892398423,0.0013476521372920627,0.0011202358391240277,0.0009433564961044439
0.0008085912823752376,0.0008759738892398423,0.0013476521372920627,0.0011202358391240277,0.0009433564961044439,0.0009602021478205943
0.0008759738892398423,0.0013476521372920627,0.0011202358391240277,0.0009433564961044439,0.0009602021478205943,0.0009938934512528981
0.0013476521372920627,0.0011202358391240277,0.0009433564961044439,0.0009602021478205943,0.0009938934512528981,0.0009602021478205943
0.0011202358391240277,0.0009433564961044439,0.0009602021478205943,0.0009938934512528981,0.0009602021478205943,0.0029142977468940836
0.0009433564961044439,0.0009602021478205943,0.0009938934512528981,0.0009602021478205943,0.0029142977468940836,0.001170772794272479
0.0009602021478205943,0.0009938934512528981,0.0009602021478205943,0.0029142977468940836,0.001170772794272479,0.0009938934512528981
0.0009938934512528981,0.0009602021478205943,0.0029142977468940836,0.001170772794272479,0.0009938934512528981,0.0009517793219625206
0.0009602021478205943,0.0029142977468940836,0.001170772794272479,0.0009938934512528981,0.0009517793219625206,0.009416719309328282
0.0029142977468940836,0.001170772794272479,0.0009938934512528981,0.0009517793219625206,0.009416719309328282,0.005634870499052433
0.001170772794272479,0.0009938934512528981,0.0009517793219625206,0.009416719309328282,0.005634870499052433,0.005702253105917038
0.0009938934512528981,0.0009517793219625206,0.009416719309328282,0.005634870499052433,0.005702253105917038,0.005685407454200884
0.0009517793219625206,0.009416719309328282,0.005634870499052433,0.005702253105917038,0.005685407454200884,0.005811749842072017
0.009416719309328282,0.005634870499052433,0.005702253105917038,0.005685407454200884,0.005811749842072017,0.005668561802484734
0.005634870499052433,0.005702253105917038,0.005685407454200884,0.005811749842072017,0.005668561802484734,0.005592756369762056
0.005702253105917038,0.005685407454200884,0.005811749842072017,0.005668561802484734,0.005592756369762056,0.005592756369762056
0.005685407454200884,0.005811749842072017,0.005668561802484734,0.005592756369762056,0.005592756369762056,0.0065866498210149504
0.005811749842072017,0.005668561802484734,0.005592756369762056,0.005592756369762056,0.0065866498210149504,0.007454200884396717
0.005668561802484734,0.005592756369762056,0.005592756369762056,0.0065866498210149504,0.007454200884396717,0.00563908191198147
0.005592756369762056,0.005592756369762056,0.0065866498210149504,0.007454200884396717,0.00563908191198147,0.005693830280058961
0.005592756369762056,0.0065866498210149504,0.007454200884396717,0.00563908191198147,0.005693830280058961,0.0055337965887555275
0.0065866498210149504,0.007454200884396717,0.00563908191198147,0.005693830280058961,0.0055337965887555275,0.02839334596757212
0.007454200884396717,0.00563908191198147,0.005693830280058961,0.0055337965887555275,0.02839334596757212,0.026119182985891772
0.00563908191198147,0.005693830280058961,0.0055337965887555275,0.02839334596757212,0.026119182985891772,0.006931985681196041
0.005693830280058961,0.0055337965887555275,0.02839334596757212,0.026119182985891772,0.006931985681196041,0.0009517793219625206
0.0055337965887555275,0.02839334596757212,0.026119182985891772,0.006931985681196041,0.0009517793219625206,0.002585807538429143
0.02839334596757212,0.026119182985891772,0.006931985681196041,0.0009517793219625206,0.002585807538429143,0.0010444304064013493
0.026119182985891772,0.006931985681196041,0.0009517793219625206,0.002585807538429143,0.0010444304064013493,0.0008085912823752376
0.006931985681196041,0.0009517793219625206,0.002585807538429143,0.0010444304064013493,0.0008085912823752376,0.0008001684565171639
0.0009517793219625206,0.002585807538429143,0.0010444304064013493,0.0008085912823752376,0.0008001684565171639,0.0008675510633817656
0.002585807538429143,0.0010444304064013493,0.0008085912823752376,0.0008001684565171639,0.0008675510633817656,0.0009433564961044439
0.0010444304064013493,0.0008085912823752376,0.0008001684565171639,0.0008675510633817656,0.0009433564961044439,0.0008001684565171639
0.0008085912823752376,0.0008001684565171639,0.0008675510633817656,0.0009433564961044439,0.0008001684565171639,0.0008591282375236918
0.0008001684565171639,0.0008675510633817656,0.0009433564961044439,0.0008001684565171639,0.0008591282375236918,0.000741208675510636
0.0008675510633817656,0.0009433564961044439,0.0008001684565171639,0.0008591282375236918,0.000741208675510636,0.00048010107391029713
0.0009433564961044439,0.0008001684565171639,0.0008591282375236918,0.000741208675510636,0.00048010107391029713,0.0005474836807749018
0.0008001684565171639,0.0008591282375236918,0.000741208675510636,0.00048010107391029713,0.0005474836807749018,0.0003369130343230172
0.0008591282375236918,0.000741208675510636,0.00048010107391029713,0.0005474836807749018,0.0003369130343230172,0.02620341124447252
0.000741208675510636,0.00048010107391029713,0.0005474836807749018,0.0003369130343230172,0.02620341124447252,0.3086544535691724
0.00048010107391029713,0.0005474836807749018,0.0003369130343230172,0.02620341124447252,0.3086544535691724,0.6476142345757001
0.0005474836807749018,0.0003369130343230172,0.02620341124447252,0.3086544535691724,0.6476142345757001,0.6855506422404717
0.0003369130343230172,0.02620341124447252,0.3086544535691724,0.6476142345757001,0.6855506422404717,0.6920951779321962
0.02620341124447252,0.3086544535691724,0.6476142345757001,0.6855506422404717,0.6920951779321962,0.7018740787534218
0.3086544535691724,0.6476142345757001,0.6855506422404717,0.6920951779321962,0.7018740787534218,0.6918846072857443
0.6476142345757001,0.6855506422404717,0.6920951779321962,0.7018740787534218,0.6918846072857443,0.69632343651295
0.6855506422404717,0.6920951779321962,0.7018740787534218,0.6918846072857443,0.69632343651295,0.6828132238365971
0.6920951779321962,0.7018740787534218,0.6918846072857443,0.69632343651295,0.6828132238365971,0.6448852389976837
0.7018740787534218,0.6918846072857443,0.69632343651295,0.6828132238365971,0.6448852389976837,0.6448768161718257
0.6918846072857443,0.69632343651295,0.6828132238365971,0.6448852389976837,0.6448768161718257,0.6752326805643293
0.69632343651295,0.6828132238365971,0.6448852389976837,0.6448768161718257,0.6752326805643293,0.6910507475257949
0.6828132238365971,0.6448852389976837,0.6448768161718257,0.6752326805643293,0.6910507475257949,0.6780964413560749
0.6448852389976837,0.6448768161718257,0.6752326805643293,0.6910507475257949,0.6780964413560749,0.6779616761423457
0.6448768161718257,0.6752326805643293,0.6910507475257949,0.6780964413560749,0.6779616761423457,0.6843343861865656
0.6752326805643293,0.6910507475257949,0.6780964413560749,0.6779616761423457,0.6843343861865656,0.691834070330596
0.6910507475257949,0.6780964413560749,0.6779616761423457,0.6843343861865656,0.691834070330596,0.7006190777005685
0.6780964413560749,0.6779616761423457,0.6843343861865656,0.691834070330596,0.7006190777005685,0.7083512318382817
0.6779616761423457,0.6843343861865656,0.691834070330596,0.7006190777005685,0.7083512318382817,0.6902168877658453
0.6843343861865656,0.691834070330596,0.7006190777005685,0.7083512318382817,0.6902168877658453,0.6792251000210571
0.691834070330596,0.7006190777005685,0.7083512318382817,0.6902168877658453,0.6792251000210571,0.6826978311223416
0.7006190777005685,0.7083512318382817,0.6902168877658453,0.6792251000210571,0.6826978311223416,0.7061360286376079
0.7083512318382817,0.6902168877658453,0.6792251000210571,0.6826978311223416,0.7061360286376079,0.712057275215835
0.6902168877658453,0.6792251000210571,0.6826978311223416,0.7061360286376079,0.712057275215835,0.6912107812170983
0.6792251000210571,0.6826978311223416,0.7061360286376079,0.712057275215835,0.6912107812170983,0.7118972415245314
0.6826978311223416,0.7061360286376079,0.712057275215835,0.6912107812170983,0.7118972415245314,0.6859296694040851
0.7061360286376079,0.712057275215835,0.6912107812170983,0.7118972415245314,0.6859296694040851,0.6689239839966308
0.712057275215835,0.6912107812170983,0.7118972415245314,0.6859296694040851,0.6689239839966308,0.5595283217519478
0.6912107812170983,0.7118972415245314,0.6859296694040851,0.6689239839966308,0.5595283217519478,0.07594862076226574
0.7118972415245314,0.6859296694040851,0.6689239839966308,0.5595283217519478,0.07594862076226574,0.08817856390819119
0.6859296694040851,0.6689239839966308,0.5595283217519478,0.07594862076226574,0.08817856390819119,0.08980416929879975
0.6689239839966308,0.5595283217519478,0.07594862076226574,0.08817856390819119,0.08980416929879975,0.06301958307012002
0.5595283217519478,0.07594862076226574,0.08817856390819119,0.08980416929879975,0.06301958307012002,0.06142766898294379
0.07594862076226574,0.08817856390819119,0.08980416929879975,0.06301958307012002,0.06142766898294379,0.07908191198146979
0.08817856390819119,0.08980416929879975,0.06301958307012002,0.06142766898294379,0.07908191198146979,0.06889871551905664
0.08980416929879975,0.06301958307012002,0.06142766898294379,0.07908191198146979,0.06889871551905664,0.08555064224047168
0.06301958307012002,0.06142766898294379,0.07908191198146979,0.06889871551905664,0.08555064224047168,0.08037060433775532
0.06142766898294379,0.07908191198146979,0.06889871551905664,0.08555064224047168,0.08037060433775532,0.07754895767530007
0.07908191198146979,0.06889871551905664,0.08555064224047168,0.08037060433775532,0.07754895767530007,0.07717835333754475
0.06889871551905664,0.08555064224047168,0.08037060433775532,0.07754895767530007,0.07717835333754475,0.08151779321962518
0.08555064224047168,0.08037060433775532,0.07754895767530007,0.07717835333754475,0.08151779321962518,0.07776795114761002
0.08037060433775532,0.07754895767530007,0.07717835333754475,0.08151779321962518,0.07776795114761002,0.07707727942724785
0.07754895767530007,0.07717835333754475,0.08151779321962518,0.07776795114761002,0.07707727942724785,0.09503642872183618
0.07717835333754475,0.08151779321962518,0.07776795114761002,0.07707727942724785,0.09503642872183618,0.14956411876184458
0.08151779321962518,0.07776795114761002,0.07707727942724785,0.09503642872183618,0.14956411876184458,0.1505580122130975
0.07776795114761002,0.07707727942724785,0.09503642872183618,0.14956411876184458,0.1505580122130975,0.1526721415034744
0.07707727942724785,0.09503642872183618,0.14956411876184458,0.1505580122130975,0.1526721415034744,0.15380080016845654
0.09503642872183618,0.14956411876184458,0.1505580122130975,0.1526721415034744,0.15380080016845654,0.12005053695514847
0.14956411876184458,0.1505580122130975,0.1526721415034744,0.15380080016845654,0.12005053695514847,0.09747736365550642
0.1505580122130975,0.1526721415034744,0.15380080016845654,0.12005053695514847,0.09747736365550642,0.0991619288271215
0.1526721415034744,0.15380080016845654,0.12005053695514847,0.09747736365550642,0.0991619288271215,0.1426910928616551
0.15380080016845654,0.12005053695514847,0.09747736365550642,0.0991619288271215,0.1426910928616551,0.1671088650242156
0.12005053695514847,0.09747736365550642,0.0991619288271215,0.1426910928616551,0.1671088650242156,0.1269825226363445
0.09747736365550642,0.0991619288271215,0.1426910928616551,0.1671088650242156,0.1269825226363445,0.09472309959991576
0.0991619288271215,0.1426910928616551,0.1671088650242156,0.1269825226363445,0.09472309959991576,0.09477363655506423
0.1426910928616551,0.1671088650242156,0.1269825226363445,0.09472309959991576,0.09477363655506423,0.1142472099389345
0.1671088650242156,0.1269825226363445,0.09472309959991576,0.09477363655506423,0.1142472099389345,0.09799957885870711
0.1269825226363445,0.09472309959991576,0.09477363655506423,0.1142472099389345,0.09799957885870711,0.11561170772794271
0.09472309959991576,0.09477363655506423,0.1142472099389345,0.09799957885870711,0.11561170772794271,0.035813855548536534
0.09477363655506423,0.1142472099389345,0.09799957885870711,0.11561170772794271,0.035813855548536534,0.006140240050536957
0.1142472099389345,0.09799957885870711,0.11561170772794271,0.035813855548536534,0.006140240050536957,0.0058707096230785445
0.09799957885870711,0.11561170772794271,0.035813855548536534,0.006140240050536957,0.0058707096230785445,0.0057190987576331885
0.11561170772794271,0.035813855548536534,0.006140240050536957,0.0058707096230785445,0.0057190987576331885,0.02584122973257528
0.035813855548536534,0.006140240050536957,0.0058707096230785445,0.0057190987576331885,0.02584122973257528,0.04768161718256475
0.006140240050536957,0.0058707096230785445,0.0057190987576331885,0.02584122973257528,0.04768161718256475,0.04705832806906718
0.0058707096230785445,0.0057190987576331885,0.02584122973257528,0.04768161718256475,0.04705832806906718,0.046654032427879556
0.0057190987576331885,0.02584122973257528,0.04768161718256475,0.04705832806906718,0.046654032427879556,0.04677195198989261
0.02584122973257528,0.04768161718256475,0.04705832806906718,0.046654032427879556,0.04677195198989261,0.03484523057485787
0.04768161718256475,0.04705832806906718,0.046654032427879556,0.04677195198989261,0.03484523057485787,0.01376289745209518
0.04705832806906718,0.046654032427879556,0.04677195198989261,0.03484523057485787,0.01376289745209518,0.012592124657822702
0.046654032427879556,0.04677195198989261,0.03484523057485787,0.01376289745209518,0.012592124657822702,0.016841440303221735
0.04677195198989261,0.03484523057485787,0.01376289745209518,0.012592124657822702,0.016841440303221735,0.012600547483680776
0.03484523057485787,0.01376289745209518,0.012592124657822702,0.016841440303221735,0.012600547483680776,0.013838702884817856
0.01376289745209518,0.012592124657822702,0.016841440303221735,0.012600547483680776,0.013838702884817856,0.018311223415455886
0.012592124657822702,0.016841440303221735,0.012600547483680776,0.013838702884817856,0.018311223415455886,0.07342177300484312
0.016841440303221735,0.012600547483680776,0.013838702884817856,0.018311223415455886,0.07342177300484312,0.07502210991787746
0.012600547483680776,0.013838702884817856,0.018311223415455886,0.07342177300484312,0.07502210991787746,0.07669825226363446
0.013838702884817856,0.018311223415455886,0.07342177300484312,0.07502210991787746,0.07669825226363446,0.07615919140871763
0.018311223415455886,0.07342177300484312,0.07502210991787746,0.07669825226363446,0.07615919140871763,0.0757212044640977
0.07342177300484312,0.07502210991787746,0.07669825226363446,0.07615919140871763,0.0757212044640977,0.05852179406190777
0.07502210991787746,0.07669825226363446,0.07615919140871763,0.0757212044640977,0.05852179406190777,0.04854074542008843
0.07669825226363446,0.07615919140871763,0.0757212044640977,0.05852179406190777,0.04854074542008843,0.04488523899768373
0.07615919140871763,0.0757212044640977,0.05852179406190777,0.04854074542008843,0.04488523899768373,0.04259423036428722
0.0757212044640977,0.05852179406190777,0.04854074542008843,0.04488523899768373,0.04259423036428722,0.03167824805222152
0.05852179406190777,0.04854074542008843,0.04488523899768373,0.04259423036428722,0.03167824805222152,0.0032006738260686464
0.04854074542008843,0.04488523899768373,0.04259423036428722,0.03167824805222152,0.0032006738260686464,0.0015582227837439473
0.04488523899768373,0.04259423036428722,0.03167824805222152,0.0032006738260686464,0.0015582227837439473,0.001541377132027797
0.04259423036428722,0.03167824805222152,0.0032006738260686464,0.0015582227837439473,0.001541377132027797,0.0015750684354600977
0.03167824805222152,0.0032006738260686464,0.0015582227837439473,0.001541377132027797,0.0015750684354600977,0.0007159401979364089
0.0032006738260686464,0.0015582227837439473,0.001541377132027797,0.0015750684354600977,0.0007159401979364089,0.000825436934091388
0.0015582227837439473,0.001541377132027797,0.0015750684354600977,0.0007159401979364089,0.000825436934091388,0.0006738260686460313
0.001541377132027797,0.0015750684354600977,0.0007159401979364089,0.000825436934091388,0.0006738260686460313,0.0006232891134975801
0.0015750684354600977,0.0007159401979364089,0.000825436934091388,0.0006738260686460313,0.0006232891134975801,0.0007243630237944856
0.0007159401979364089,0.000825436934091388,0.0006738260686460313,0.0006232891134975801,0.0007243630237944856,0.0006064434617814297
0.000825436934091388,0.0006738260686460313,0.0006232891134975801,0.0007243630237944856,0.0006064434617814297,0.0006317119393556538
0.0006738260686460313,0.0006232891134975801,0.0007243630237944856,0.0006064434617814297,0.0006317119393556538,0.0007243630237944856
0.0006232891134975801,0.0007243630237944856,0.0006064434617814297,0.0006317119393556538,0.0007243630237944856,0.0006401347652137305
0.0007243630237944856,0.0006064434617814297,0.0006317119393556538,0.0007243630237944856,0.0006401347652137305,0.0008911349757843786
0.0006064434617814297,0.0006317119393556538,0.0007243630237944856,0.0006401347652137305,0.0008911349757843786,0.000884396715097916
0.0006317119393556538,0.0007243630237944856,0.0006401347652137305,0.0008911349757843786,0.000884396715097916,0.0022994314592545803
0.0007243630237944856,0.0006401347652137305,0.0008911349757843786,0.000884396715097916,0.0022994314592545803,0.005618024847336283
0.0006401347652137305,0.0008911349757843786,0.000884396715097916,0.0022994314592545803,0.005618024847336283,0.000513792377342601
0.0008911349757843786,0.000884396715097916,0.0022994314592545803,0.005618024847336283,0.000513792377342601,0.0005559065066329755
0.000884396715097916,0.0022994314592545803,0.005618024847336283,0.000513792377342601,0.0005559065066329755,0.0006738260686460313
0.0022994314592545803,0.005618024847336283,0.000513792377342601,0.0005559065066329755,0.0006738260686460313,0.0006738260686460313
0.005618024847336283,0.000513792377342601,0.0005559065066329755,0.0006738260686460313,0.0006738260686460313,0.0006317119393556538
0.000513792377342601,0.0005559065066329755,0.0006738260686460313,0.0006738260686460313,0.0006317119393556538,0.0025689618867129928
0.0005559065066329755,0.0006738260686460313,0.0006738260686460313,0.0006317119393556538,0.0025689618867129928,0.000825436934091388
0.0006738260686460313,0.0006738260686460313,0.0006317119393556538,0.0025689618867129928,0.000825436934091388,0.0005727521583491289
0.0006738260686460313,0.0006317119393556538,0.0025689618867129928,0.000825436934091388,0.0005727521583491289,0.0005559065066329755
0.0006317119393556538,0.0025689618867129928,0.000825436934091388,0.0005727521583491289,0.0005559065066329755,0.0006906717203621817
0.0025689618867129928,0.000825436934091388,0.0005727521583491289,0.0005559065066329755,0.0006906717203621817,0.0024678879764160905
0.000825436934091388,0.0005727521583491289,0.0005559065066329755,0.0006906717203621817,0.0024678879764160905,0.000598020635923353
0.0005727521583491289,0.0005559065066329755,0.0006906717203621817,0.0024678879764160905,0.000598020635923353,0.0006654032427879577
0.0005559065066329755,0.0006906717203621817,0.0024678879764160905,0.000598020635923353,0.0006654032427879577,0.0038071172878500763
0.0006906717203621817,0.0024678879764160905,0.000598020635923353,0.0006654032427879577,0.0038071172878500763,0.005567487892187832
0.0024678879764160905,0.000598020635923353,0.0006654032427879577,0.0038071172878500763,0.005567487892187832,0.005407454200884398
0.000598020635923353,0.0006654032427879577,0.0038071172878500763,0.005567487892187832,0.005407454200884398,0.005289534638871342
0.0006654032427879577,0.0038071172878500763,0.005567487892187832,0.005407454200884398,0.005289534638871342,0.005306380290587493
0.0038071172878500763,0.005567487892187832,0.005407454200884398,0.005289534638871342,0.005306380290587493,0.0052137292061486635
0.005567487892187832,0.005407454200884398,0.005289534638871342,0.005306380290587493,0.0052137292061486635,0.005180037902716363
0.005407454200884398,0.005289534638871342,0.005306380290587493,0.0052137292061486635,0.005180037902716363,0.00505369551484523
0.005289534638871342,0.005306380290587493,0.0052137292061486635,0.005180037902716363,0.00505369551484523,0.005146346599284062
0.005306380290587493,0.0052137292061486635,0.005180037902716363,0.00505369551484523,0.005146346599284062,0.0052053063802905905
0.0052137292061486635,0.005180037902716363,0.00505369551484523,0.005146346599284062,0.0052053063802905905,0.005565803327016215
0.005180037902716363,0.00505369551484523,0.005146346599284062,0.0052053063802905905,0.005565803327016215,0.005424299852600549
0.00505369551484523,0.005146346599284062,0.0052053063802905905,0.005565803327016215,0.005424299852600549,0.005188460728574437
0.005146346599284062,0.0052053063802905905,0.005565803327016215,0.005424299852600549,0.005188460728574437,0.004278795535902297
0.0052053063802905905,0.005565803327016215,0.005424299852600549,0.005188460728574437,0.004278795535902297,0.0005727521583491289
0.005565803327016215,0.005424299852600549,0.005188460728574437,0.004278795535902297,0.0005727521583491289,0.0005306380290587513
0.005424299852600549,0.005188460728574437,0.004278795535902297,0.0005727521583491289,0.0005306380290587513,0.0006738260686460313
0.005188460728574437,0.004278795535902297,0.0005727521583491289,0.0005306380290587513,0.0006738260686460313,0.0007580543272267863
0.004278795535902297,0.0005727521583491289,0.0005306380290587513,0.0006738260686460313,0.0007580543272267863,0.0007833228048010135
0.0005727521583491289,0.0005306380290587513,0.0006738260686460313,0.0007580543272267863,0.0007833228048010135,0.0008591282375236918
0.0005306380290587513,0.0006738260686460313,0.0007580543272267863,0.0007833228048010135,0.0008591282375236918,0.000825436934091388
0.0006738260686460313,0.0007580543272267863,0.0007833228048010135,0.0008591282375236918,0.000825436934091388,0.0005011581385554874
0.0007580543272267863,0.0007833228048010135,0.0008591282375236918,0.000825436934091388,0.0005011581385554874,0.0005222152032006746
0.0007833228048010135,0.0008591282375236918,0.000825436934091388,0.0005011581385554874,0.0005222152032006746,0.0008759738892398423
0.0008591282375236918,0.000825436934091388,0.0005011581385554874,0.0005222152032006746,0.0008759738892398423,0.000598020635923353
0.000825436934091388,0.0005011581385554874,0.0005222152032006746,0.0008759738892398423,0.000598020635923353,0.0005053695514845243
0.0005011581385554874,0.0005222152032006746,0.0008759738892398423,0.000598020635923353,0.0005053695514845243,0.0004885238997683739
0.0005222152032006746,0.0008759738892398423,0.000598020635923353,0.0005053695514845243,0.0004885238997683739,0.00047167824805222346
0.0008759738892398423,0.000598020635923353,0.0005053695514845243,0.0004885238997683739,0.00047167824805222346,0.0005474836807749018
0.000598020635923353,0.0005053695514845243,0.0004885238997683739,0.00047167824805222346,0.0005474836807749018,0.00046325542219414676
0.0005053695514845243,0.0004885238997683739,0.00047167824805222346,0.0005474836807749018,0.00046325542219414676,0.0005643293324910522
0.0004885238997683739,0.00047167824805222346,0.0005474836807749018,0.00046325542219414676,0.0005643293324910522,0.0007243630237944856
0.00047167824805222346,0.0005474836807749018,0.00046325542219414676,0.0005643293324910522,0.0007243630237944856,0.0008675510633817656
0.0005474836807749018,0.00046325542219414676,0.0005643293324910522,0.0007243630237944856,0.0008675510633817656,0.0005390608549168251
0.00046325542219414676,0.0005643293324910522,0.0007243630237944856,0.0008675510633817656,0.0005390608549168251,0.0004211412929037692
0.0005643293324910522,0.0007243630237944856,0.0008675510633817656,0.0005390608549168251,0.0004211412929037692,0.0004379869446199226
0.0007243630237944856,0.0008675510633817656,0.0005390608549168251,0.0004211412929037692,0.0004379869446199226,0.0003958728153295451
0.0008675510633817656,0.0005390608549168251,0.0004211412929037692,0.0004379869446199226,0.0003958728153295451,0.0004379869446199226
0.0005390608549168251,0.0004211412929037692,0.0004379869446199226,0.0003958728153295451,0.0004379869446199226,0.00048010107391029713
0.0004211412929037692,0.0004379869446199226,0.0003958728153295451,0.0004379869446199226,0.00048010107391029713,0.0007243630237944856
0.0004379869446199226,0.0003958728153295451,0.0004379869446199226,0.00048010107391029713,0.0007243630237944856,0.0005727521583491289
0.0003958728153295451,0.0004379869446199226,0.00048010107391029713,0.0007243630237944856,0.0005727521583491289,0.0007917456306590872
0.0004379869446199226,0.00048010107391029713,0.0007243630237944856,0.0005727521583491289,0.0007917456306590872,0.00036218151189724426
0.00048010107391029713,0.0007243630237944856,0.0005727521583491289,0.0007917456306590872,0.00036218151189724426,0.00038576542429985425
0.0007243630237944856,0.0005727521583491289,0.0007917456306590872,0.00036218151189724426,0.00038576542429985425,0.00026110760160033883
0.0005727521583491289,0.0007917456306590872,0.00036218151189724426,0.00038576542429985425,0.00026110760160033883,0.00045483259633607304
0.0007917456306590872,0.00036218151189724426,0.00038576542429985425,0.00026110760160033883,0.00045483259633607304,0.0003958728153295451
0.00036218151189724426,0.00038576542429985425,0.00026110760160033883,0.00045483259633607304,0.0003958728153295451,0.00048010107391029713
0.00038576542429985425,0.00026110760160033883,0.00045483259633607304,0.0003958728153295451,0.00048010107391029713,0.0003284902084649405
0.00026110760160033883,0.00045483259633607304,0.0003958728153295451,0.00048010107391029713,0.0003284902084649405,0.00048010107391029713
0.00045483259633607304,0.0003958728153295451,0.00048010107391029713,0.0003284902084649405,0.00048010107391029713,0.000656980416929881
0.0003958728153295451,0.00048010107391029713,0.0003284902084649405,0.00048010107391029713,0.000656980416929881,0.00045483259633607304
0.00048010107391029713,0.0003284902084649405,0.00048010107391029713,0.000656980416929881,0.00045483259633607304,0.0006148662876395034
0.0003284902084649405,0.00048010107391029713,0.000656980416929881,0.00045483259633607304,0.0006148662876395034,0.0004969467256264506
0.00048010107391029713,0.000656980416929881,0.00045483259633607304,0.0006148662876395034,0.0004969467256264506,0.00041692987997473237
0.000656980416929881,0.00045483259633607304,0.0006148662876395034,0.0004969467256264506,0.00041692987997473237,0.0003284902084649405
0.00045483259633607304,0.0006148662876395034,0.0004969467256264506,0.00041692987997473237,0.0003284902084649405,0.0004127184670456955
0.0006148662876395034,0.0004969467256264506,0.00041692987997473237,0.0003284902084649405,0.0004127184670456955,0.0007243630237944856
0.0004969467256264506,0.00041692987997473237,0.0003284902084649405,0.0004127184670456955,0.0007243630237944856,0.000741208675510636
0.00041692987997473237,0.0003284902084649405,0.0004127184670456955,0.0007243630237944856,0.000741208675510636,0.0010528532322594231
0.0003284902084649405,0.0004127184670456955,0.0007243630237944856,0.000741208675510636,0.0010528532322594231,0.0006485575910718072
0.0004127184670456955,0.0007243630237944856,0.000741208675510636,0.0010528532322594231,0.0006485575910718072,0.0005053695514845243
0.0007243630237944856,0.000741208675510636,0.0010528532322594231,0.0006485575910718072,0.0005053695514845243,0.0005222152032006746
0.000741208675510636,0.0010528532322594231,0.0006485575910718072,0.0005053695514845243,0.0005222152032006746,0.0005811749842072026
0.0010528532322594231,0.0006485575910718072,0.0005053695514845243,0.0005222152032006746,0.0005811749842072026,0.0006148662876395034
0.0006485575910718072,0.0005053695514845243,0.0005222152032006746,0.0005811749842072026,0.0006148662876395034,0.000513792377342601
0.0005053695514845243,0.0005222152032006746,0.0005811749842072026,0.0006148662876395034,0.000513792377342601,0.0006401347652137305
0.0005222152032006746,0.0005811749842072026,0.0006148662876395034,0.000513792377342601,0.0006401347652137305,0.0007664771530848601
0.0005811749842072026,0.0006148662876395034,0.000513792377342601,0.0006401347652137305,0.0007664771530848601,0.0008507054116656151
0.0006148662876395034,0.000513792377342601,0.0006401347652137305,0.0007664771530848601,0.0008507054116656151,0.0005693830280058976
0.000513792377342601,0.0006401347652137305,0.0007664771530848601,0.0008507054116656151,0.0005693830280058976,0.0005474836807749018
0.0006401347652137305,0.0007664771530848601,0.0008507054116656151,0.0005693830280058976,0.0005474836807749018,0.000656980416929881
0.0007664771530848601,0.0008507054116656151,0.0005693830280058976,0.0005474836807749018,0.000656980416929881,0.0006232891134975801
0.0008507054116656151,0.0005693830280058976,0.0005474836807749018,0.000656980416929881,0.0006232891134975801,0.000513792377342601
0.0005693830280058976,0.0005474836807749018,0.000656980416929881,0.0006232891134975801,0.000513792377342601,0.0005643293324910522
0.0005474836807749018,0.000656980416929881,0.0006232891134975801,0.000513792377342601,0.0005643293324910522,0.0005390608549168251
0.000656980416929881,0.0006232891134975801,0.000513792377342601,0.0005643293324910522,0.0005390608549168251,0.000682248894504108
0.0006232891134975801,0.000513792377342601,0.0005643293324910522,0.0005390608549168251,0.000682248894504108,0.000849020846494001
0.000513792377342601,0.0005643293324910522,0.0005390608549168251,0.000682248894504108,0.000849020846494001,0.0007327858496525593
0.0005643293324910522,0.0005390608549168251,0.000682248894504108,0.000849020846494001,0.0007327858496525593,0.0008675510633817656
0.0005390608549168251,0.000682248894504108,0.000849020846494001,0.0007327858496525593,0.0008675510633817656,0.0006990945462202584
0.000682248894504108,0.000849020846494001,0.0007327858496525593,0.0008675510633817656,0.0006990945462202584,0.000598020635923353
0.000849020846494001,0.0007327858496525593,0.0008675510633817656,0.0006990945462202584,0.000598020635923353,0.0005121078121709838
0.0007327858496525593,0.0008675510633817656,0.0006990945462202584,0.000598020635923353,0.0005121078121709838,0.0005053695514845243
0.0008675510633817656,0.0006990945462202584,0.000598020635923353,0.0005121078121709838,0.0005053695514845243,0.000656980416929881
0.0006990945462202584,0.000598020635923353,0.0005121078121709838,0.0005053695514845243,0.000656980416929881,0.0010949673615498006
0.000598020635923353,0.0005121078121709838,0.0005053695514845243,0.000656980416929881,0.0010949673615498006,0.07092019372499474
0.0005121078121709838,0.0005053695514845243,0.000656980416929881,0.0010949673615498006,0.07092019372499474,0.12611581385554854
0.0005053695514845243,0.000656980416929881,0.0010949673615498006,0.07092019372499474,0.12611581385554854,0.13317329964202992
0.000656980416929881,0.0010949673615498006,0.07092019372499474,0.12611581385554854,0.13317329964202992,0.12569383028005898
0.0010949673615498006,0.07092019372499474,0.12611581385554854,0.13317329964202992,0.12569383028005898,0.11913244893661823
0.07092019372499474,0.12611581385554854,0.13317329964202992,0.12569383028005898,0.11913244893661823,0.12734470414824173
0.12611581385554854,0.13317329964202992,0.12569383028005898,0.11913244893661823,0.12734470414824173,0.12594651505580123
0.13317329964202992,0.12569383028005898,0.11913244893661823,0.12734470414824173,0.12594651505580123,0.14252263634449355
0.12569383028005898,0.11913244893661823,0.12734470414824173,0.12594651505580123,0.14252263634449355,0.14393767108865024
0.11913244893661823,0.12734470414824173,0.12594651505580123,0.14252263634449355,0.14393767108865024,0.14151189724152452
0.12734470414824173,0.12594651505580123,0.14252263634449355,0.14393767108865024,0.14151189724152452,0.14583701831964624
0.12594651505580123,0.14252263634449355,0.14393767108865024,0.14151189724152452,0.14583701831964624,0.13866498210149505
0.14252263634449355,0.14393767108865024,0.14151189724152452,0.14583701831964624,0.13866498210149505,0.12145714887344704
0.14393767108865024,0.14151189724152452,0.14583701831964624,0.13866498210149505,0.12145714887344704,0.1350937039376711
0.14151189724152452,0.14583701831964624,0.13866498210149505,0.12145714887344704,0.1350937039376711,0.12063171193935568
0.14583701831964624,0.13866498210149505,0.12145714887344704,0.1350937039376711,0.12063171193935568,0.1030616971994104
0.13866498210149505,0.12145714887344704,0.1350937039376711,0.12063171193935568,0.1030616971994104,0.11172878500736995
0.12145714887344704,0.1350937039376711,0.12063171193935568,0.1030616971994104,0.11172878500736995,0.1181469783112234
0.1350937039376711,0.12063171193935568,0.1030616971994104,0.11172878500736995,0.1181469783112234,0.14041692987997473
0.12063171193935568,0.1030616971994104,0.11172878500736995,0.1181469783112234,0.14041692987997473,0.12170814908401768
0.1030616971994104,0.11172878500736995,0.1181469783112234,0.14041692987997473,0.12170814908401768,0.10346599284059801
0.11172878500736995,0.1181469783112234,0.14041692987997473,0.12170814908401768,0.10346599284059801,0.15306801431880399
0.1181469783112234,0.14041692987997473,0.12170814908401768,0.10346599284059801,0.15306801431880399,0.6904948410191619
0.14041692987997473,0.12170814908401768,0.10346599284059801,0.15306801431880399,0.6904948410191619,0.6829395662244683
0.12170814908401768,0.10346599284059801,0.15306801431880399,0.6904948410191619,0.6829395662244683,0.6947837439460939
0.10346599284059801,0.15306801431880399,0.6904948410191619,0.6829395662244683,0.6947837439460939,0.6987997473152242
0.15306801431880399,0.6904948410191619,0.6829395662244683,0.6947837439460939,0.6987997473152242,0.5533543903979784
0.6904948410191619,0.6829395662244683,0.6947837439460939,0.6987997473152242,0.5533543903979784,0.04327647925879132
0.6829395662244683,0.6947837439460939,0.6987997473152242,0.5533543903979784,0.04327647925879132,0.026969888397557384
0.6947837439460939,0.6987997473152242,0.5533543903979784,0.04327647925879132,0.026969888397557384,0.007226784586228681
0.6987997473152242,0.5533543903979784,0.04327647925879132,0.026969888397557384,0.007226784586228681,0.002762686881448727
0.5533543903979784,0.04327647925879132,0.026969888397557384,0.007226784586228681,0.002762686881448727,0.0010107391029690485
0.04327647925879132,0.026969888397557384,0.007226784586228681,0.002762686881448727,0.0010107391029690485,0.0010696988839755763
0.026969888397557384,0.007226784586228681,0.002762686881448727,0.0010107391029690485,0.0010696988839755763,0.0013813434407243634
0.007226784586228681,0.002762686881448727,0.0010107391029690485,0.0010696988839755763,0.0013813434407243634,0.0013729206148662897
0.002762686881448727,0.0010107391029690485,0.0010696988839755763,0.0013813434407243634,0.0013729206148662897,0.001339229311433989
0.0010107391029690485,0.0010696988839755763,0.0013813434407243634,0.0013729206148662897,0.001339229311433989,0.0016003369130343247
0.0010696988839755763,0.0013813434407243634,0.0013729206148662897,0.001339229311433989,0.0016003369130343247,0.001111813013265951
0.0013813434407243634,0.0013729206148662897,0.001339229311433989,0.0016003369130343247,0.001111813013265951,0.0011033901874078773
0.0013729206148662897,0.001339229311433989,0.0016003369130343247,0.001111813013265951,0.0011033901874078773,0.001196041271846706
0.001339229311433989,0.0016003369130343247,0.001111813013265951,0.0011033901874078773,0.001196041271846706,0.0010360075805432726
0.0016003369130343247,0.001111813013265951,0.0011033901874078773,0.001196041271846706,0.0010360075805432726,0.0008507054116656151
0.001111813013265951,0.0011033901874078773,0.001196041271846706,0.0010360075805432726,0.0008507054116656151,0.0012971151821436116
0.0011033901874078773,0.001196041271846706,0.0010360075805432726,0.0008507054116656151,0.0012971151821436116,0.00228258580753843
0.001196041271846706,0.0010360075805432726,0.0008507054116656151,0.0012971151821436116,0.00228258580753843,0.0011539271425563284
0.0010360075805432726,0.0008507054116656151,0.0012971151821436116,0.00228258580753843,0.0011539271425563284,0.0009349336702463702
0.0008507054116656151,0.0012971151821436116,0.00228258580753843,0.0011539271425563284,0.0009349336702463702,0.002560539060854919
0.0012971151821436116,0.00228258580753843,0.0011539271425563284,0.0009349336702463702,0.002560539060854919,0.0006401347652137305
0.00228258580753843,0.0011539271425563284,0.0009349336702463702,0.002560539060854919,0.0006401347652137305,0.0006906717203621817
0.0011539271425563284,0.0009349336702463702,0.002560539060854919,0.0006401347652137305,0.0006906717203621817,0.0006654032427879577
0.0009349336702463702,0.002560539060854919,0.0006401347652137305,0.0006906717203621817,0.0006654032427879577,0.0023583912402611084
0.002560539060854919,0.0006401347652137305,0.0006906717203621817,0.0006654032427879577,0.0023583912402611084,0.0022994314592545803
0.0006401347652137305,0.0006906717203621817,0.0006654032427879577,0.0023583912402611084,0.0022994314592545803,0.007647925879132451
0.0006906717203621817,0.0006654032427879577,0.0023583912402611084,0.0022994314592545803,0.007647925879132451,0.004287218361760373
0.0006654032427879577,0.0023583912402611084,0.0022994314592545803,0.007647925879132451,0.004287218361760373,0.0010781217098336502
0.0023583912402611084,0.0022994314592545803,0.007647925879132451,0.004287218361760373,0.0010781217098336502,0.0006738260686460313
0.0022994314592545803,0.007647925879132451,0.004287218361760373,0.0010781217098336502,0.0006738260686460313,0.0006232891134975801
0.007647925879132451,0.004287218361760373,0.0010781217098336502,0.0006738260686460313,0.0006232891134975801,0.000598020635923353
0.004287218361760373,0.0010781217098336502,0.0006738260686460313,0.0006232891134975801,0.000598020635923353,0.003840808591282377
0.0010781217098336502,0.0006738260686460313,0.0006232891134975801,0.000598020635923353,0.003840808591282377,0.005230574857864815
0.0006738260686460313,0.0006232891134975801,0.000598020635923353,0.003840808591282377,0.005230574857864815,0.0052137292061486635
0.0006232891134975801,0.000598020635923353,0.003840808591282377,0.005230574857864815,0.0052137292061486635,0.005356917245735947
0.000598020635923353,0.003840808591282377,0.005230574857864815,0.0052137292061486635,0.005356917245735947,0.005356917245735947
0.003840808591282377,0.005230574857864815,0.0052137292061486635,0.005356917245735947,0.005356917245735947,0.005474836807749
0.005230574857864815,0.0052137292061486635,0.005356917245735947,0.005356917245735947,0.005474836807749,0.005171615076858286
0.0052137292061486635,0.005356917245735947,0.005356917245735947,0.005474836807749,0.005171615076858286,0.0052053063802905905
0.005356917245735947,0.005356917245735947,0.005474836807749,0.005171615076858286,0.0052053063802905905,0.005188460728574437
0.005356917245735947,0.005474836807749,0.005171615076858286,0.0052053063802905905,0.005188460728574437,0.005146346599284062
0.005474836807749,0.005171615076858286,0.0052053063802905905,0.005188460728574437,0.005146346599284062,0.0051379237734259856
0.005171615076858286,0.0052053063802905905,0.005188460728574437,0.005146346599284062,0.0051379237734259856,0.005222152032006741
0.0052053063802905905,0.005188460728574437,0.005146346599284062,0.0051379237734259856,0.005222152032006741,0.0052137292061486635
0.005188460728574437,0.005146346599284062,0.0051379237734259856,0.005222152032006741,0.0052137292061486635,0.004480943356496105
0.005146346599284062,0.0051379237734259856,0.005222152032006741,0.0052137292061486635,0.004480943356496105,0.0008507054116656151
0.0051379237734259856,0.005222152032006741,0.0052137292061486635,0.004480943356496105,0.0008507054116656151,0.0006232891134975801
0.005222152032006741,0.0052137292061486635,0.004480943356496105,0.0008507054116656151,0.0006232891134975801,0.0005474836807749018
0.0052137292061486635,0.004480943356496105,0.0008507054116656151,0.0006232891134975801,0.0005474836807749018,0.006350810696988842
0.004480943356496105,0.0008507054116656151,0.0006232891134975801,0.0005474836807749018,0.006350810696988842,0.03005264266161297
0.0008507054116656151,0.0006232891134975801,0.0005474836807749018,0.006350810696988842,0.03005264266161297,0.035805432722678464
0.0006232891134975801,0.0005474836807749018,0.006350810696988842,0.03005264266161297,0.035805432722678464,0.03456727732154138
0.0005474836807749018,0.006350810696988842,0.03005264266161297,0.035805432722678464,0.03456727732154138,0.02170562223626027
0.006350810696988842,0.03005264266161297,0.035805432722678464,0.03456727732154138,0.02170562223626027,0.0007159401979364089
0.03005264266161297,0.035805432722678464,0.03456727732154138,0.02170562223626027,0.0007159401979364089,0.0006906717203621817
0.035805432722678464,0.03456727732154138,0.02170562223626027,0.0007159401979364089,0.0006906717203621817,0.0003874499894714684
0.03456727732154138,0.02170562223626027,0.0007159401979364089,0.0006906717203621817,0.0003874499894714684,0.0003874499894714684
0.02170562223626027,0.0007159401979364089,0.0006906717203621817,0.0003874499894714684,0.0003874499894714684,0.0003874499894714684
0.0007159401979364089,0.0006906717203621817,0.0003874499894714684,0.0003874499894714684,0.0003874499894714684,0.0002105706464518846
0.0006906717203621817,0.0003874499894714684,0.0003874499894714684,0.0003874499894714684,0.0002105706464518846,0.0
0.0003874499894714684,0.0003874499894714684,0.0003874499894714684,0.0002105706464518846,0.0,0.00013476521372920628
0.0003874499894714684,0.0003874499894714684,0.0002105706464518846,0.0,0.00013476521372920628,0.00026110760160033883
0.0003874499894714684,0.0002105706464518846,0.0,0.00013476521372920628,0.00026110760160033883,0.0005390608549168251
0.0002105706464518846,0.0,0.00013476521372920628,0.00026110760160033883,0.0005390608549168251,0.0005222152032006746
0.0,0.00013476521372920628,0.00026110760160033883,0.0005390608549168251,0.0005222152032006746,0.00016424510423247024
0.00013476521372920628,0.00026110760160033883,0.0005390608549168251,0.0005222152032006746,0.00016424510423247024,0.00027795325331648926
0.00026110760160033883,0.0005390608549168251,0.0005222152032006746,0.00016424510423247024,0.00027795325331648926,0.00035375868603916756
0.0005390608549168251,0.0005222152032006746,0.00016424510423247024,0.00027795325331648926,0.00035375868603916756,0.00031164455674879006
0.0005222152032006746,0.00016424510423247024,0.00027795325331648926,0.00035375868603916756,0.00031164455674879006,0.0004295641187618459
0.00016424510423247024,0.00027795325331648926,0.00035375868603916756,0.00031164455674879006,0.0004295641187618459,0.0003958728153295451
0.00027795325331648926,0.00035375868603916756,0.00031164455674879006,0.0004295641187618459,0.0003958728153295451,0.0004969467256264506
0.00035375868603916756,0.00031164455674879006,0.0004295641187618459,0.0003958728153295451,0.0004969467256264506,0.0005500105285323244
0.00031164455674879006,0.0004295641187618459,0.0003958728153295451,0.0004969467256264506,0.0005500105285323244,0.0005693830280058976
0.0004295641187618459,0.0003958728153295451,0.0004969467256264506,0.0005500105285323244,0.0005693830280058976,0.005929669404085073
0.0003958728153295451,0.0004969467256264506,0.0005500105285323244,0.0005693830280058976,0.005929669404085073,0.054007159401979365
0.0004969467256264506,0.0005500105285323244,0.0005693830280058976,0.005929669404085073,0.054007159401979365,0.05258370183196463
0.0005500105285323244,0.0005693830280058976,0.005929669404085073,0.054007159401979365,0.05258370183196463,0.05116024426194988
0.0005693830280058976,0.005929669404085073,0.054007159401979365,0.05258370183196463,0.05116024426194988,0.05233943988208044
0.005929669404085073,0.054007159401979365,0.05258370183196463,0.05116024426194988,0.05233943988208044,0.05527900610654874
0.054007159401979365,0.05258370183196463,0.05116024426194988,0.05233943988208044,0.05527900610654874,0.057275215834912616
0.05258370183196463,0.05116024426194988,0.05233943988208044,0.05527900610654874,0.057275215834912616,0.08427037271004421
0.05116024426194988,0.05233943988208044,0.05527900610654874,0.057275215834912616,0.08427037271004421,0.14377342598441778
0.05233943988208044,0.05527900610654874,0.057275215834912616,0.08427037271004421,0.14377342598441778,0.1610696988839756
0.05527900610654874,0.057275215834912616,0.08427037271004421,0.14377342598441778,0.1610696988839756,0.11746472941671929
0.057275215834912616,0.08427037271004421,0.14377342598441778,0.1610696988839756,0.11746472941671929,0.10489787323647085
0.08427037271004421,0.14377342598441778,0.1610696988839756,0.11746472941671929,0.10489787323647085,0.08262792166771953
0.14377342598441778,0.1610696988839756,0.11746472941671929,0.10489787323647085,0.08262792166771953,0.0996420299010318
0.1610696988839756,0.11746472941671929,0.10489787323647085,0.08262792166771953,0.0996420299010318,0.11326679300905454
0.11746472941671929,0.10489787323647085,0.08262792166771953,0.0996420299010318,0.11326679300905454,0.0676310802274163
0.10489787323647085,0.08262792166771953,0.0996420299010318,0.11326679300905454,0.0676310802274163,0.08261276058117499
0.08262792166771953,0.0996420299010318,0.11326679300905454,0.0676310802274163,0.08261276058117499,0.10880353758686041
0.0996420299010318,0.11326679300905454,0.0676310802274163,0.08261276058117499,0.10880353758686041,0.19697957464729415
0.11326679300905454,0.0676310802274163,0.08261276058117499,0.10880353758686041,0.19697957464729415,0.13797431038113286
0.0676310802274163,0.08261276058117499,0.10880353758686041,0.19697957464729415,0.13797431038113286,0.04971994104021899
0.08261276058117499,0.10880353758686041,0.19697957464729415,0.13797431038113286,0.04971994104021899,0.05576753000631712
0.10880353758686041,0.19697957464729415,0.13797431038113286,0.04971994104021899,0.05576753000631712,0.05176668772373132
0.19697957464729415,0.13797431038113286,0.04971994104021899,0.05576753000631712,0.05176668772373132,0.05283638660770689
0.13797431038113286,0.04971994104021899,0.05576753000631712,0.05176668772373132,0.05283638660770689,0.05360286376079174
0.04971994104021899,0.05576753000631712,0.05176668772373132,0.05283638660770689,0.05360286376079174,0.05241524531480312
0.05576753000631712,0.05176668772373132,0.05283638660770689,0.05360286376079174,0.05241524531480312,0.07275636976205517
0.05176668772373132,0.05283638660770689,0.05360286376079174,0.05241524531480312,0.07275636976205517,0.09887555274794693
0.05283638660770689,0.05360286376079174,0.05241524531480312,0.07275636976205517,0.09887555274794693,0.09734259844177723
0.05360286376079174,0.05241524531480312,0.07275636976205517,0.09887555274794693,0.09734259844177723,0.09711518214360917
0.05241524531480312,0.07275636976205517,0.09887555274794693,0.09734259844177723,0.09711518214360917,0.09554011370814908
0.07275636976205517,0.09887555274794693,0.09734259844177723,0.09711518214360917,0.09554011370814908,0.09900189513581807
0.09887555274794693,0.09734259844177723,0.09711518214360917,0.09554011370814908,0.09900189513581807,0.10057696357127817
0.09734259844177723,0.09711518214360917,0.09554011370814908,0.09900189513581807,0.10057696357127817,0.10546220256896188
0.09711518214360917,0.09554011370814908,0.09900189513581807,0.10057696357127817,0.10546220256896188,0.101899347230996
0.09554011370814908,0.09900189513581807,0.10057696357127817,0.10546220256896188,0.101899347230996,0.10488945041061278
0.09900189513581807,0.10057696357127817,0.10546220256896188,0.101899347230996,0.10488945041061278,0.10668182775321121
0.10057696357127817,0.10546220256896188,0.101899347230996,0.10488945041061278,0.10668182775321121,0.10046915140029479
0.10546220256896188,0.101899347230996,0.10488945041061278,0.10668182775321121,0.10046915140029479,0.09940619077700569
0.101899347230996,0.10488945041061278,0.10668182775321121,0.10046915140029479,0.09940619077700569,0.10122552116234997
0.10488945041061278,0.10668182775321121,0.10046915140029479,0.09940619077700569,0.10122552116234997,0.10123394398820805
0.10668182775321121,0.10046915140029479,0.09940619077700569,0.10122552116234997,0.10123394398820805,0.0981680353758686
0.10046915140029479,0.09940619077700569,0.10122552116234997,0.10123394398820805,0.0981680353758686,0.09824384080859128
0.09940619077700569,0.10122552116234997,0.10123394398820805,0.0981680353758686,0.09824384080859128,0.10536955148452307
0.10122552116234997,0.10123394398820805,0.0981680353758686,0.09824384080859128,0.10536955148452307,0.1042324699936829
0.10123394398820805,0.0981680353758686,0.09824384080859128,0.10536955148452307,0.1042324699936829,0.10571488734470415
0.0981680353758686,0.09824384080859128,0.10536955148452307,0.1042324699936829,0.10571488734470415,0.1440640134765214
0.09824384080859128,0.10536955148452307,0.1042324699936829,0.10571488734470415,0.1440640134765214,0.14455253737628976
0.10536955148452307,0.1042324699936829,0.10571488734470415,0.1440640134765214,0.14455253737628976,0.14144451463465993
0.1042324699936829,0.10571488734470415,0.1440640134765214,0.14455253737628976,0.14144451463465993,0.14148662876395032
0.10571488734470415,0.1440640134765214,0.14455253737628976,0.14144451463465993,0.14148662876395032,0.09855464308275426
0.1440640134765214,0.14455253737628976,0.14144451463465993,0.14148662876395032,0.09855464308275426,0.10208296483470204
0.14455253737628976,0.14144451463465993,0.14148662876395032,0.09855464308275426,0.10208296483470204,0.12354600968624974
0.14144451463465993,0.14148662876395032,0.09855464308275426,0.10208296483470204,0.12354600968624974,0.1248599705201095
0.14148662876395032,0.09855464308275426,0.10208296483470204,0.12354600968624974,0.1248599705201095,0.11686923562855336
0.09855464308275426,0.10208296483470204,0.12354600968624974,0.1248599705201095,0.11686923562855336,0.13025226363444936
0.10208296483470204,0.12354600968624974,0.1248599705201095,0.11686923562855336,0.13025226363444936,0.12978058538639714
0.12354600968624974,0.1248599705201095,0.11686923562855336,0.13025226363444936,0.12978058538639714,0.1273278584965256
0.1248599705201095,0.11686923562855336,0.13025226363444936,0.12978058538639714,0.1273278584965256,0.12789218782901662
0.11686923562855336,0.13025226363444936,0.12978058538639714,0.1273278584965256,0.12789218782901662,0.12206359233522848
0.13025226363444936,0.12978058538639714,0.1273278584965256,0.12789218782901662,0.12206359233522848,0.11208254369340913
0.12978058538639714,0.1273278584965256,0.12789218782901662,0.12206359233522848,0.11208254369340913,0.10016424510423247
0.1273278584965256,0.12789218782901662,0.12206359233522848,0.11208254369340913,0.10016424510423247,0.09579279848389134
0.12789218782901662,0.12206359233522848,0.11208254369340913,0.10016424510423247,0.09579279848389134,0.12198778690250578
0.12206359233522848,0.11208254369340913,0.10016424510423247,0.09579279848389134,0.12198778690250578,0.119553590229522
0.11208254369340913,0.10016424510423247,0.09579279848389134,0.12198778690250578,0.119553590229522,0.11606654032427881
0.10016424510423247,0.09579279848389134,0.12198778690250578,0.119553590229522,0.11606654032427881,0.11360707517372078
0.09579279848389134,0.12198778690250578,0.119553590229522,0.11606654032427881,0.11360707517372078,0.7496483470204254
0.12198778690250578,0.119553590229522,0.11606654032427881,0.11360707517372078,0.7496483470204254,0.7300374815750684
0.119553590229522,0.11606654032427881,0.11360707517372078,0.7496483470204254,0.7300374815750684,0.7218951358180669
0.11606654032427881,0.11360707517372078,0.7496483470204254,0.7300374815750684,0.7218951358180669,0.3203116445567488
0.11360707517372078,0.7496483470204254,0.7300374815750684,0.7218951358180669,0.3203116445567488,0.051387660560117926
0.7496483470204254,0.7300374815750684,0.7218951358180669,0.3203116445567488,0.051387660560117926,0.04779111391871973
0.7300374815750684,0.7218951358180669,0.3203116445567488,0.051387660560117926,0.04779111391871973,0.046906717203621814
0.7218951358180669,0.3203116445567488,0.051387660560117926,0.04779111391871973,0.046906717203621814,0.04097704779953675
0.3203116445567488,0.051387660560117926,0.04779111391871973,0.046906717203621814,0.04097704779953675,0.01831964624131396
0.051387660560117926,0.04779111391871973,0.046906717203621814,0.04097704779953675,0.01831964624131396,0.0005811749842072026
0.04779111391871973,0.046906717203621814,0.04097704779953675,0.01831964624131396,0.0005811749842072026,0.000598020635923353
0.046906717203621814,0.04097704779953675,0.01831964624131396,0.0005811749842072026,0.000598020635923353,0.000592124657822702
0.04097704779953675,0.01831964624131396,0.0005811749842072026,0.000598020635923353,0.000592124657822702,0.0006654032427879577
0.01831964624131396,0.0005811749842072026,0.000598020635923353,0.000592124657822702,0.0006654032427879577,0.0006317119393556538
0.0005811749842072026,0.000598020635923353,0.000592124657822702,0.0006654032427879577,0.0006317119393556538,0.002248894504106129
0.000598020635923353,0.000592124657822702,0.0006654032427879577,0.0006317119393556538,0.002248894504106129,0.0019877869025057933
0.000592124657822702,0.0006654032427879577,0.0006317119393556538,0.002248894504106129,0.0019877869025057933,0.0006232891134975801
0.0006654032427879577,0.0006317119393556538,0.002248894504106129,0.0019877869025057933,0.0006232891134975801,0.0005895978100652793
0.0006317119393556538,0.002248894504106129,0.0019877869025057933,0.0006232891134975801,0.0005895978100652793,0.0005643293324910522
0.002248894504106129,0.0019877869025057933,0.0006232891134975801,0.0005895978100652793,0.0005643293324910522,0.0005306380290587513
0.0019877869025057933,0.0006232891134975801,0.0005895978100652793,0.0005643293324910522,0.0005306380290587513,0.0004885238997683739
0.0006232891134975801,0.0005895978100652793,0.0005643293324910522,0.0005306380290587513,0.0004885238997683739,0.0005727521583491289
0.0005895978100652793,0.0005643293324910522,0.0005306380290587513,0.0004885238997683739,0.0005727521583491289,0.0005643293324910522
0.0005643293324910522,0.0005306380290587513,0.0004885238997683739,0.0005727521583491289,0.0005643293324910522,0.0005895978100652793
0.0005306380290587513,0.0004885238997683739,0.0005727521583491289,0.0005643293324910522,0.0005895978100652793,0.0005053695514845243
0.0004885238997683739,0.0005727521583491289,0.0005643293324910522,0.0005895978100652793,0.0005053695514845243,0.0005559065066329755
0.0005727521583491289,0.0005643293324910522,0.0005895978100652793,0.0005053695514845243,0.0005559065066329755,0.0005306380290587513
0.0005643293324910522,0.0005895978100652793,0.0005053695514845243,0.0005559065066329755,0.0005306380290587513,0.0006064434617814297
0.0005895978100652793,0.0005053695514845243,0.0005559065066329755,0.0005306380290587513,0.0006064434617814297,0.0006232891134975801
0.0005053695514845243,0.0005559065066329755,0.0005306380290587513,0.0006064434617814297,0.0006232891134975801,0.0005542219414613614
0.0005559065066329755,0.0005306380290587513,0.0006064434617814297,0.0006232891134975801,0.0005542219414613614,0.0005643293324910522
0.0005306380290587513,0.0006064434617814297,0.0006232891134975801,0.0005542219414613614,0.0005643293324910522,0.0004969467256264506
0.0006064434617814297,0.0006232891134975801,0.0005542219414613614,0.0005643293324910522,0.0004969467256264506,0.0003874499894714684
0.0006232891134975801,0.0005542219414613614,0.0005643293324910522,0.0004969467256264506,0.0003874499894714684,0.0004969467256264506
0.0005542219414613614,0.0005643293324910522,0.0004969467256264506,0.0003874499894714684,0.0004969467256264506,0.000598020635923353
0.0005643293324910522,0.0004969467256264506,0.0003874499894714684,0.0004969467256264506,0.000598020635923353,0.00367235207412087
0.0004969467256264506,0.0003874499894714684,0.0004969467256264506,0.000598020635923353,0.00367235207412087,0.005238997683722891
0.0003874499894714684,0.0004969467256264506,0.000598020635923353,0.00367235207412087,0.005238997683722891,0.005188460728574437
0.0004969467256264506,0.000598020635923353,0.00367235207412087,0.005238997683722891,0.005188460728574437,0.005188460728574437
0.000598020635923353,0.00367235207412087,0.005238997683722891,0.005188460728574437,0.005188460728574437,0.008532322594230366
0.00367235207412087,0.005238997683722891,0.005188460728574437,0.005188460728574437,0.008532322594230366,0.0052137292061486635
0.005238997683722891,0.005188460728574437,0.005188460728574437,0.008532322594230366,0.0052137292061486635,0.005154769425142136
0.005188460728574437,0.005188460728574437,0.008532322594230366,0.0052137292061486635,0.005154769425142136,0.005117708991366604
0.005188460728574437,0.008532322594230366,0.0052137292061486635,0.005154769425142136,0.005117708991366604,0.005078963992419458
0.008532322594230366,0.0052137292061486635,0.005154769425142136,0.005117708991366604,0.005078963992419458,0.005028427037271007
0.0052137292061486635,0.005154769425142136,0.005117708991366604,0.005078963992419458,0.005028427037271007,0.0050873868182775344
0.005154769425142136,0.005117708991366604,0.005078963992419458,0.005028427037271007,0.0050873868182775344,0.005045272688987157
0.005117708991366604,0.005078963992419458,0.005028427037271007,0.0050873868182775344,0.005045272688987157,0.005078963992419458
0.005078963992419458,0.005028427037271007,0.0050873868182775344,0.005045272688987157,0.005078963992419458,0.00412718467045694
0.005028427037271007,0.0050873868182775344,0.005045272688987157,0.005078963992419458,0.00412718467045694,0.00046325542219414676
0.0050873868182775344,0.005045272688987157,0.005078963992419458,0.00412718467045694,0.00046325542219414676,0.008675510633817647
0.005045272688987157,0.005078963992419458,0.00412718467045694,0.00046325542219414676,0.008675510633817647,0.017810065276900402
0.005078963992419458,0.00412718467045694,0.00046325542219414676,0.008675510633817647,0.017810065276900402,0.003192251000210573
0.00412718467045694,0.00046325542219414676,0.008675510633817647,0.017810065276900402,0.003192251000210573,0.0006148662876395034
0.00046325542219414676,0.008675510633817647,0.017810065276900402,0.003192251000210573,0.0006148662876395034,0.0006317119393556538
0.008675510633817647,0.017810065276900402,0.003192251000210573,0.0006148662876395034,0.0006317119393556538,0.0008675510633817656
0.017810065276900402,0.003192251000210573,0.0006148662876395034,0.0006317119393556538,0.0008675510633817656,0.0005643293324910522
0.003192251000210573,0.0006148662876395034,0.0006317119393556538,0.0008675510633817656,0.0005643293324910522,0.002223626026531902
0.0006148662876395034,0.0006317119393556538,0.0008675510633817656,0.0005643293324910522,0.002223626026531902,0.003335439039797853
0.0006317119393556538,0.0008675510633817656,0.0005643293324910522,0.002223626026531902,0.003335439039797853,0.0030911770899136673
0.0008675510633817656,0.0005643293324910522,0.002223626026531902,0.003335439039797853,0.0030911770899136673,0.025773847125710677
0.0005643293324910522,0.002223626026531902,0.003335439039797853,0.0030911770899136673,0.025773847125710677,0.025723310170562223
0.002223626026531902,0.003335439039797853,0.0030911770899136673,0.025773847125710677,0.025723310170562223,0.025858075384291433
0.003335439039797853,0.0030911770899136673,0.025773847125710677,0.025723310170562223,0.025858075384291433,0.025698041692988
0.0030911770899136673,0.025773847125710677,0.025723310170562223,0.025858075384291433,0.025698041692988,0.09819330385344283
0.025773847125710677,0.025723310170562223,0.025858075384291433,0.025698041692988,0.09819330385344283,0.09148031164455675
0.025723310170562223,0.025858075384291433,0.025698041692988,0.09819330385344283,0.09148031164455675,0.07617603706043377
0.025858075384291433,0.025698041692988,0.09819330385344283,0.09148031164455675,0.07617603706043377,0.1079216677195199
0.025698041692988,0.09819330385344283,0.09148031164455675,0.07617603706043377,0.1079216677195199,0.11213308064855759
0.09819330385344283,0.09148031164455675,0.07617603706043377,0.1079216677195199,0.11213308064855759,0.10336491893030113
0.09148031164455675,0.07617603706043377,0.1079216677195199,0.11213308064855759,0.10336491893030113,0.09996209728363865
0.07617603706043377,0.1079216677195199,0.11213308064855759,0.10336491893030113,0.09996209728363865,0.10830911770899135
0.1079216677195199,0.11213308064855759,0.10336491893030113,0.09996209728363865,0.10830911770899135,0.09590229522004633
0.11213308064855759,0.10336491893030113,0.09996209728363865,0.10830911770899135,0.09590229522004633,0.08545799115603285
0.10336491893030113,0.09996209728363865,0.10830911770899135,0.09590229522004633,0.08545799115603285,0.08148241735102127
0.09996209728363865,0.10830911770899135,0.09590229522004633,0.08545799115603285,0.08148241735102127,0.08045483259633607
0.10830911770899135,0.09590229522004633,0.08545799115603285,0.08148241735102127,0.08045483259633607,0.0758222783743946
0.09590229522004633,0.08545799115603285,0.08148241735102127,0.08045483259633607,0.0758222783743946,0.07523268056432934
0.08545799115603285,0.08148241735102127,0.08045483259633607,0.0758222783743946,0.07523268056432934,0.07578016424510423
0.08148241735102127,0.08045483259633607,0.0758222783743946,0.07523268056432934,0.07578016424510423,0.07542640555906506
0.08045483259633607,0.0758222783743946,0.07523268056432934,0.07578016424510423,0.07542640555906506,0.0940998104864182
0.0758222783743946,0.07523268056432934,0.07578016424510423,0.07542640555906506,0.0940998104864182,0.07593177511054959
0.07523268056432934,0.07578016424510423,0.07542640555906506,0.0940998104864182,0.07593177511054959,0.07846704569383028
0.07578016424510423,0.07542640555906506,0.0940998104864182,0.07593177511054959,0.07846704569383028,0.07990145293746052
0.07542640555906506,0.0940998104864182,0.07593177511054959,0.07846704569383028,0.07990145293746052,0.07360033691303433
0.0940998104864182,0.07593177511054959,0.07846704569383028,0.07990145293746052,0.07360033691303433,0.07670667508949253
0.07593177511054959,0.07846704569383028,0.07990145293746052,0.07360033691303433,0.07670667508949253,0.07444093493367024
0.07846704569383028,0.07990145293746052,0.07360033691303433,0.07670667508949253,0.07444093493367024,0.0778437565803327
0.07990145293746052,0.07360033691303433,0.07670667508949253,0.07444093493367024,0.0778437565803327,0.07749842072015162
0.07360033691303433,0.07670667508949253,0.07444093493367024,0.0778437565803327,0.07749842072015162,0.07746472941671931
0.07670667508949253,0.07444093493367024,0.0778437565803327,0.07749842072015162,0.07746472941671931,0.07966308696567698
0.07444093493367024,0.0778437565803327,0.07749842072015162,0.07746472941671931,0.07966308696567698,0.07532533164876817
0.0778437565803327,0.07749842072015162,0.07746472941671931,0.07966308696567698,0.07532533164876817,0.06491471888818699
0.07749842072015162,0.07746472941671931,0.07966308696567698,0.07532533164876817,0.06491471888818699,0.0651842493156454
0.07746472941671931,0.07966308696567698,0.07532533164876817,0.06491471888818699,0.0651842493156454,0.06762771109707306
0.07966308696567698,0.07532533164876817,0.06491471888818699,0.0651842493156454,0.06762771109707306,0.06227837439460939
0.07532533164876817,0.06491471888818699,0.0651842493156454,0.06762771109707306,0.06227837439460939,0.06381975152663719
0.06491471888818699,0.0651842493156454,0.06762771109707306,0.06227837439460939,0.06381975152663719,0.0675089492524742
0.0651842493156454,0.06762771109707306,0.06227837439460939,0.06381975152663719,0.0675089492524742,0.07711939355653823
0.06762771109707306,0.06227837439460939,0.06381975152663719,0.0675089492524742,0.07711939355653823,0.08028637607917458
0.06227837439460939,0.06381975152663719,0.0675089492524742,0.07711939355653823,0.08028637607917458,0.07445609602021477
0.06381975152663719,0.0675089492524742,0.07711939355653823,0.08028637607917458,0.07445609602021477,0.07081069698883977
0.0675089492524742,0.07711939355653823,0.08028637607917458,0.07445609602021477,0.07081069698883977,0.07537586860391661
0.07711939355653823,0.08028637607917458,0.07445609602021477,0.07081069698883977,0.07537586860391661,0.07451674036639293
0.08028637607917458,0.07445609602021477,0.07081069698883977,0.07537586860391661,0.07451674036639293,0.07542640555906506
0.07445609602021477,0.07081069698883977,0.07537586860391661,0.07451674036639293,0.07542640555906506,0.07787997473152243
0.07081069698883977,0.07537586860391661,0.07451674036639293,0.07542640555906506,0.07787997473152243,0.07312697409981049
0.07537586860391661,0.07451674036639293,0.07542640555906506,0.07787997473152243,0.07312697409981049,0.0803453358601811
0.07451674036639293,0.07542640555906506,0.07787997473152243,0.07312697409981049,0.0803453358601811,0.07882080437986945
0.07542640555906506,0.07787997473152243,0.07312697409981049,0.0803453358601811,0.07882080437986945,0.0715519056643504
0.07787997473152243,0.07312697409981049,0.0803453358601811,0.07882080437986945,0.0715519056643504,0.08024426194988418
0.07312697409981049,0.0803453358601811,0.07882080437986945,0.0715519056643504,0.08024426194988418,0.07746472941671931
0.0803453358601811,0.07882080437986945,0.0715519056643504,0.08024426194988418,0.07746472941671931,0.07759949463044852
0.07882080437986945,0.0715519056643504,0.08024426194988418,0.07746472941671931,0.07759949463044852,0.07777637397346811
0.0715519056643504,0.08024426194988418,0.07746472941671931,0.07759949463044852,0.07777637397346811,0.09969256685618025
0.08024426194988418,0.07746472941671931,0.07759949463044852,0.07777637397346811,0.09969256685618025,0.1271846704569383
0.07746472941671931,0.07759949463044852,0.07777637397346811,0.09969256685618025,0.1271846704569383,0.13098336491893028
0.07759949463044852,0.07777637397346811,0.09969256685618025,0.1271846704569383,0.13098336491893028,0.12969467256264477
0.07777637397346811,0.09969256685618025,0.1271846704569383,0.13098336491893028,0.12969467256264477,0.13041061276058116
0.09969256685618025,0.1271846704569383,0.13098336491893028,0.12969467256264477,0.13041061276058116,0.12887765845441146
0.1271846704569383,0.13098336491893028,0.12969467256264477,0.13041061276058116,0.12887765845441146,0.12748789218782902
0.13098336491893028,0.12969467256264477,0.13041061276058116,0.12887765845441146,0.12748789218782902,0.12418782901663508
0.12969467256264477,0.13041061276058116,0.12887765845441146,0.12748789218782902,0.12418782901663508,0.14595072646873028
0.13041061276058116,0.12887765845441146,0.12748789218782902,0.12418782901663508,0.14595072646873028,0.13354643082754264
0.12887765845441146,0.12748789218782902,0.12418782901663508,0.14595072646873028,0.13354643082754264,0.13514424089281954
0.12748789218782902,0.12418782901663508,0.14595072646873028,0.13354643082754264,0.13514424089281954,0.11522425773847127
0.12418782901663508,0.14595072646873028,0.13354643082754264,0.13514424089281954,0.11522425773847127,0.14482206780374815
0.14595072646873028,0.13354643082754264,0.13514424089281954,0.11522425773847127,0.14482206780374815,0.15745799115603284
0.13354643082754264,0.13514424089281954,0.11522425773847127,0.14482206780374815,0.15745799115603284,0.15610023162771108
0.13514424089281954,0.11522425773847127,0.14482206780374815,0.15745799115603284,0.15610023162771108,0.16464939987365762
0.11522425773847127,0.14482206780374815,0.15745799115603284,0.15610023162771108,0.16464939987365762,0.16700779111391875
0.14482206780374815,0.15745799115603284,0.15610023162771108,0.16464939987365762,0.16700779111391875,0.15946936197094125
0.15745799115603284,0.15610023162771108,0.16464939987365762,0.16700779111391875,0.15946936197094125,0.14425773847125709
0.15610023162771108,0.16464939987365762,0.16700779111391875,0.15946936197094125,0.14425773847125709,0.1430280058959781
0.16464939987365762,0.16700779111391875,0.15946936197094125,0.14425773847125709,0.1430280058959781,0.13796167614234578
0.16700779111391875,0.15946936197094125,0.14425773847125709,0.1430280058959781,0.13796167614234578,0.11497999578858706
0.15946936197094125,0.14425773847125709,0.1430280058959781,0.13796167614234578,0.11497999578858706,0.09731732996420299
0.14425773847125709,0.1430280058959781,0.13796167614234578,0.11497999578858706,0.09731732996420299,0.08906464518846073
0.1430280058959781,0.13796167614234578,0.11497999578858706,0.09731732996420299,0.08906464518846073,0.09591914087176248
0.13796167614234578,0.11497999578858706,0.09731732996420299,0.08906464518846073,0.09591914087176248,0.09900189513581807
0.11497999578858706,0.09731732996420299,0.08906464518846073,0.09591914087176248,0.09900189513581807,0.1072394188250158
0.09731732996420299,0.08906464518846073,0.09591914087176248,0.09900189513581807,0.1072394188250158,0.09532112023583912
0.08906464518846073,0.09591914087176248,0.09900189513581807,0.1072394188250158,0.09532112023583912,0.0929711518214361
0.09591914087176248,0.09900189513581807,0.1072394188250158,0.09532112023583912,0.0929711518214361,0.09535481153927142
0.09900189513581807,0.1072394188250158,0.09532112023583912,0.0929711518214361,0.09535481153927142,0.07504569383028006
0.1072394188250158,0.09532112023583912,0.0929711518214361,0.09535481153927142,0.07504569383028006,0.07016971994104022
0.09532112023583912,0.0929711518214361,0.09535481153927142,0.07504569383028006,0.07016971994104022,0.035797009896820386
0.0929711518214361,0.09535481153927142,0.07504569383028006,0.07016971994104022,0.035797009896820386,0.019305116866708782
0.09535481153927142,0.07504569383028006,0.07016971994104022,0.035797009896820386,0.019305116866708782,0.013796588755527481
0.07504569383028006,0.07016971994104022,0.035797009896820386,0.019305116866708782,0.013796588755527481,0.006698673404927356
0.07016971994104022,0.035797009896820386,0.019305116866708782,0.013796588755527481,0.006698673404927356,0.0039166140240050554
0.035797009896820386,0.019305116866708782,0.013796588755527481,0.006698673404927356,0.0039166140240050554,0.000884396715097916
0.019305116866708782,0.013796588755527481,0.006698673404927356,0.0039166140240050554,0.000884396715097916,0.0009012423668140663
0.013796588755527481,0.006698673404927356,0.0039166140240050554,0.000884396715097916,0.0009012423668140663,0.001364497789008213
0.006698673404927356,0.0039166140240050554,0.000884396715097916,0.0009012423668140663,0.001364497789008213,0.0025344283006948835
0.0039166140240050554,0.000884396715097916,0.0009012423668140663,0.001364497789008213,0.0025344283006948835,0.005902716361339232
0.000884396715097916,0.0009012423668140663,0.001364497789008213,0.0025344283006948835,0.005902716361339232,0.005432722678458625
0.0009012423668140663,0.001364497789008213,0.0025344283006948835,0.005902716361339232,0.005432722678458625,0.00412718467045694
0.001364497789008213,0.0025344283006948835,0.005902716361339232,0.005432722678458625,0.00412718467045694,0.002480522215203201
0.0025344283006948835,0.005902716361339232,0.005432722678458625,0.00412718467045694,0.002480522215203201,0.0011791956201305557
0.005902716361339232,0.005432722678458625,0.00412718467045694,0.002480522215203201,0.0011791956201305557,0.002627921667719521
0.005432722678458625,0.00412718467045694,0.002480522215203201,0.0011791956201305557,0.002627921667719521,0.004464097704779954
0.00412718467045694,0.002480522215203201,0.0011791956201305557,0.002627921667719521,0.004464097704779954,0.0014209307222573183
0.002480522215203201,0.0011791956201305557,0.002627921667719521,0.004464097704779954,0.0014209307222573183,0.0023752368919772587
0.0011791956201305557,0.002627921667719521,0.004464097704779954,0.0014209307222573183,0.0023752368919772587,0.0010528532322594231
0.002627921667719521,0.004464097704779954,0.0014209307222573183,0.0023752368919772587,0.0010528532322594231,0.0010023162771109718
0.004464097704779954,0.0014209307222573183,0.0023752368919772587,0.0010528532322594231,0.0010023162771109718,0.0010612760581174996
0.0014209307222573183,0.0023752368919772587,0.0010528532322594231,0.0010023162771109718,0.0010612760581174996,0.0010360075805432726
0.0023752368919772587,0.0010528532322594231,0.0010023162771109718,0.0010612760581174996,0.0010360075805432726,0.00487681617182565
0.0010528532322594231,0.0010023162771109718,0.0010612760581174996,0.0010360075805432726,0.00487681617182565,0.0012128869235628564
0.0010023162771109718,0.0010612760581174996,0.0010360075805432726,0.00487681617182565,0.0012128869235628564,0.0009433564961044439
0.0010612760581174996,0.0010360075805432726,0.00487681617182565,0.0012128869235628564,0.0009433564961044439,0.0011539271425563284
0.0010360075805432726,0.00487681617182565,0.0012128869235628564,0.0009433564961044439,0.0011539271425563284,0.0008692356285533797
0.00487681617182565,0.0012128869235628564,0.0009433564961044439,0.0011539271425563284,0.0008692356285533797,0.0007378395451674047
0.0012128869235628564,0.0009433564961044439,0.0011539271425563284,0.0008692356285533797,0.0007378395451674047,0.0005036849863129102
0.0009433564961044439,0.0011539271425563284,0.0008692356285533797,0.0007378395451674047,0.0005036849863129102,0.0006064434617814297
0.0011539271425563284,0.0008692356285533797,0.0007378395451674047,0.0005036849863129102,0.0006064434617814297,0.0005474836807749018
0.0008692356285533797,0.0007378395451674047,0.0005036849863129102,0.0006064434617814297,0.0005474836807749018,0.00047167824805222346
0.0007378395451674047,0.0005036849863129102,0.0006064434617814297,0.0005474836807749018,0.00047167824805222346,0.0005895978100652793
0.0005036849863129102,0.0006064434617814297,0.0005474836807749018,0.00047167824805222346,0.0005895978100652793,0.004059802063592336
0.0006064434617814297,0.0005474836807749018,0.00047167824805222346,0.0005895978100652793,0.004059802063592336,0.005550642240471681
0.0005474836807749018,0.00047167824805222346,0.0005895978100652793,0.004059802063592336,0.005550642240471681,0.005609602021478206
0.00047167824805222346,0.0005895978100652793,0.004059802063592336,0.005550642240471681,0.005609602021478206,0.005129500947567912
0.0005895978100652793,0.004059802063592336,0.005550642240471681,0.005609602021478206,0.005129500947567912,0.005112655295851759
0.004059802063592336,0.005550642240471681,0.005609602021478206,0.005129500947567912,0.005112655295851759,0.005289534638871342
0.005550642240471681,0.005609602021478206,0.005129500947567912,0.005112655295851759,0.005289534638871342,0.005173299642029903
0.005609602021478206,0.005129500947567912,0.005112655295851759,0.005289534638871342,0.005173299642029903,0.005095809644135608
0.005129500947567912,0.005112655295851759,0.005289534638871342,0.005173299642029903,0.005095809644135608,0.005154769425142136
0.005112655295851759,0.005289534638871342,0.005173299642029903,0.005095809644135608,0.005154769425142136,0.005154769425142136
0.005289534638871342,0.005173299642029903,0.005095809644135608,0.005154769425142136,0.005154769425142136,0.005415877026742475
0.005173299642029903,0.005095809644135608,0.005154769425142136,0.005154769425142136,0.005415877026742475,0.00533164876816172
0.005095809644135608,0.005154769425142136,0.005154769425142136,0.005415877026742475,0.00533164876816172,0.0052053063802905905
0.005154769425142136,0.005154769425142136,0.005415877026742475,0.00533164876816172,0.0052053063802905905,0.013636555064224051
0.005154769425142136,0.005415877026742475,0.00533164876816172,0.0052053063802905905,0.013636555064224051,0.02587492103600758
0.005415877026742475,0.00533164876816172,0.0052053063802905905,0.013636555064224051,0.02587492103600758,0.022194146136028638
0.00533164876816172,0.0052053063802905905,0.013636555064224051,0.02587492103600758,0.022194146136028638,0.09074752579490418
0.0052053063802905905,0.013636555064224051,0.02587492103600758,0.022194146136028638,0.09074752579490418,0.08749631501368708
0.013636555064224051,0.02587492103600758,0.022194146136028638,0.09074752579490418,0.08749631501368708,0.07782691092861656
0.02587492103600758,0.022194146136028638,0.09074752579490418,0.08749631501368708,0.07782691092861656,0.07095388502842703
0.022194146136028638,0.09074752579490418,0.08749631501368708,0.07782691092861656,0.07095388502842703,0.06941250789639924
0.09074752579490418,0.08749631501368708,0.07782691092861656,0.07095388502842703,0.06941250789639924,0.0686712992208886
0.08749631501368708,0.07782691092861656,0.07095388502842703,0.06941250789639924,0.0686712992208886,0.06858707096230786
0.07782691092861656,0.07095388502842703,0.06941250789639924,0.0686712992208886,0.06858707096230786,0.06913455464308275
0.07095388502842703,0.06941250789639924,0.0686712992208886,0.06858707096230786,0.06913455464308275,0.05746051800379027
0.06941250789639924,0.0686712992208886,0.06858707096230786,0.06913455464308275,0.05746051800379027,0.035005264266161296
0.0686712992208886,0.06858707096230786,0.06913455464308275,0.05746051800379027,0.035005264266161296,0.05837018319646241
0.06858707096230786,0.06913455464308275,0.05746051800379027,0.035005264266161296,0.05837018319646241,0.05612128869235628
0.06913455464308275,0.05746051800379027,0.035005264266161296,0.05837018319646241,0.05612128869235628,0.05689871551905664
0.05746051800379027,0.035005264266161296,0.05837018319646241,0.05612128869235628,0.05689871551905664,0.0504695725415877
0.035005264266161296,0.05837018319646241,0.05612128869235628,0.05689871551905664,0.0504695725415877,0.046300273741840384
0.05837018319646241,0.05612128869235628,0.05689871551905664,0.0504695725415877,0.046300273741840384,0.07238576542429985
0.05612128869235628,0.05689871551905664,0.0504695725415877,0.046300273741840384,0.07238576542429985,0.07642872183617604
0.05689871551905664,0.0504695725415877,0.046300273741840384,0.07238576542429985,0.07642872183617604,0.10293367024636767
0.0504695725415877,0.046300273741840384,0.07238576542429985,0.07642872183617604,0.10293367024636767,0.08706675089492526
0.046300273741840384,0.07238576542429985,0.07642872183617604,0.10293367024636767,0.08706675089492526,0.0936870920193725
0.07238576542429985,0.07642872183617604,0.10293367024636767,0.08706675089492526,0.0936870920193725,0.08303221730890714
0.07642872183617604,0.10293367024636767,0.08706675089492526,0.0936870920193725,0.08303221730890714,0.07792798483891346
0.10293367024636767,0.08706675089492526,0.0936870920193725,0.08303221730890714,0.07792798483891346,0.0768498631290798
0.08706675089492526,0.0936870920193725,0.08303221730890714,0.07792798483891346,0.0768498631290798,0.08422825858075385
0.0936870920193725,0.08303221730890714,0.07792798483891346,0.0768498631290798,0.08422825858075385,0.07368288060644347
0.08303221730890714,0.07792798483891346,0.0768498631290798,0.08422825858075385,0.07368288060644347,0.07402821646662455
0.07792798483891346,0.0768498631290798,0.08422825858075385,0.07368288060644347,0.07402821646662455,0.08298168035375868
0.0768498631290798,0.08422825858075385,0.07368288060644347,0.07402821646662455,0.08298168035375868,0.08294798905032638
0.08422825858075385,0.07368288060644347,0.07402821646662455,0.08298168035375868,0.08294798905032638,0.07560328490208465
0.07368288060644347,0.07402821646662455,0.08298168035375868,0.08294798905032638,0.07560328490208465,0.08560117919562013
0.07402821646662455,0.08298168035375868,0.08294798905032638,0.07560328490208465,0.08560117919562013,0.09004843124868393
0.08298168035375868,0.08294798905032638,0.07560328490208465,0.08560117919562013,0.09004843124868393,0.07866077068856601
0.08294798905032638,0.07560328490208465,0.08560117919562013,0.09004843124868393,0.07866077068856601,0.07944409349336704
0.07560328490208465,0.08560117919562013,0.09004843124868393,0.07866077068856601,0.07944409349336704,0.07412086755106338
0.08560117919562013,0.09004843124868393,0.07866077068856601,0.07944409349336704,0.07412086755106338,0.07543314381975154
0.09004843124868393,0.07866077068856601,0.07944409349336704,0.07412086755106338,0.07543314381975154,0.33030111602442624
0.07866077068856601,0.07944409349336704,0.07412086755106338,0.07543314381975154,0.33030111602442624,0.7002905874921036
0.07944409349336704,0.07412086755106338,0.07543314381975154,0.33030111602442624,0.7002905874921036,0.7040808591282375
0.07412086755106338,0.07543314381975154,0.33030111602442624,0.7002905874921036,0.7040808591282375,0.6933164876816171
0.07543314381975154,0.33030111602442624,0.7002905874921036,0.7040808591282375,0.6933164876816171,0.7050747525794904
0.33030111602442624,0.7002905874921036,0.7040808591282375,0.6933164876816171,0.7050747525794904,0.6998189092440514
0.7002905874921036,0.7040808591282375,0.6933164876816171,0.7050747525794904,0.6998189092440514,0.4344569383028006
0.7040808591282375,0.6933164876816171,0.7050747525794904,0.6998189092440514,0.4344569383028006,0.10584459886291851
0.6933164876816171,0.7050747525794904,0.6998189092440514,0.4344569383028006,0.10584459886291851,0.10529374605180038
0.7050747525794904,0.6998189092440514,0.4344569383028006,0.10584459886291851,0.10529374605180038,0.11591492945883344
0.6998189092440514,0.4344569383028006,0.10584459886291851,0.10529374605180038,0.11591492945883344,0.13710675931775113
0.4344569383028006,0.10584459886291851,0.10529374605180038,0.11591492945883344,0.13710675931775113,0.3807875342177301
0.10584459886291851,0.10529374605180038,0.11591492945883344,0.13710675931775113,0.3807875342177301,0.7440235839124026
0.10529374605180038,0.11591492945883344,0.13710675931775113,0.3807875342177301,0.7440235839124026,0.741457148873447
0.11591492945883344,0.13710675931775113,0.3807875342177301,0.7440235839124026,0.741457148873447,0.7333164876816172
0.13710675931775113,0.3807875342177301,0.7440235839124026,0.741457148873447,0.7333164876816172,0.737536323436513
0.3807875342177301,0.7440235839124026,0.741457148873447,0.7333164876816172,0.737536323436513,0.7308822910086334
0.7440235839124026,0.741457148873447,0.7333164876816172,0.737536323436513,0.7308822910086334,0.7137991156032849
0.741457148873447,0.7333164876816172,0.737536323436513,0.7308822910086334,0.7137991156032849,0.7005095809644135
0.7333164876816172,0.737536323436513,0.7308822910086334,0.7137991156032849,0.7005095809644135,0.6083343861865655
0.737536323436513,0.7308822910086334,0.7137991156032849,0.7005095809644135,0.6083343861865655,0.0747946936197094
0.7308822910086334,0.7137991156032849,0.7005095809644135,0.6083343861865655,0.0747946936197094,0.07823962939566224
0.7137991156032849,0.7005095809644135,0.6083343861865655,0.0747946936197094,0.07823962939566224,0.07544830490629607
0.7005095809644135,0.6083343861865655,0.0747946936197094,0.07823962939566224,0.07544830490629607,0.08
0.6083343861865655,0.0747946936197094,0.07823962939566224,0.07544830490629607,0.08,0.08004211412929038
0.0747946936197094,0.07823962939566224,0.07544830490629607,0.08,0.08004211412929038,0.07053274373552326
0.07823962939566224,0.07544830490629607,0.08,0.08004211412929038,0.07053274373552326,0.07199831543482839
0.07544830490629607,0.08,0.08004211412929038,0.07053274373552326,0.07199831543482839,0.08421730890713834
0.08,0.08004211412929038,0.07053274373552326,0.07199831543482839,0.08421730890713834,0.08218656559275637
0.08004211412929038,0.07053274373552326,0.07199831543482839,0.08421730890713834,0.08218656559275637,0.0798989260897031
0.07053274373552326,0.07199831543482839,0.08421730890713834,0.08218656559275637,0.0798989260897031,0.08161718256475048
0.07199831543482839,0.08421730890713834,0.08218656559275637,0.0798989260897031,0.08161718256475048,0.07054369340913877
0.08421730890713834,0.08218656559275637,0.0798989260897031,0.08161718256475048,0.07054369340913877,0.06775321120235839
0.08218656559275637,0.0798989260897031,0.08161718256475048,0.07054369340913877,0.06775321120235839,0.070927774268267
0.0798989260897031,0.08161718256475048,0.07054369340913877,0.06775321120235839,0.070927774268267,0.08536534007159402
0.08161718256475048,0.07054369340913877,0.06775321120235839,0.070927774268267,0.08536534007159402,0.08559275636976206
0.07054369340913877,0.06775321120235839,0.070927774268267,0.08536534007159402,0.08559275636976206,0.07604716782480522
0.06775321120235839,0.070927774268267,0.08536534007159402,0.08559275636976206,0.07604716782480522,0.08358812381554011
0.070927774268267,0.08536534007159402,0.08559275636976206,0.07604716782480522,0.08358812381554011,0.10681827753211202
0.08536534007159402,0.08559275636976206,0.07604716782480522,0.08358812381554011,0.10681827753211202,0.07393556538218572
0.08559275636976206,0.07604716782480522,0.08358812381554011,0.10681827753211202,0.07393556538218572,0.09878290166350812
0.07604716782480522,0.08358812381554011,0.10681827753211202,0.07393556538218572,0.09878290166350812,0.1309159823120657
0.08358812381554011,0.10681827753211202,0.07393556538218572,0.09878290166350812,0.1309159823120657,0.11684986312907983
0.10681827753211202,0.07393556538218572,0.09878290166350812,0.1309159823120657,0.11684986312907983,0.128315013687092
0.07393556538218572,0.09878290166350812,0.1309159823120657,0.11684986312907983,0.128315013687092,0.1217772162560539
0.09878290166350812,0.1309159823120657,0.11684986312907983,0.128315013687092,0.1217772162560539,0.11830532743735525
0.1309159823120657,0.11684986312907983,0.128315013687092,0.1217772162560539,0.11830532743735525,0.11435670667508947
0.11684986312907983,0.128315013687092,0.1217772162560539,0.11830532743735525,0.11435670667508947,0.11980627500526428
0.128315013687092,0.1217772162560539,0.11830532743735525,0.11435670667508947,0.11980627500526428,0.12215624341966733
0.1217772162560539,0.11830532743735525,0.11435670667508947,0.11980627500526428,0.12215624341966733,0.12384923141714047
0.11830532743735525,0.11435670667508947,0.11980627500526428,0.12215624341966733,0.12384923141714047,0.12903769214571487
0.11435670667508947,0.11980627500526428,0.12215624341966733,0.12384923141714047,0.12903769214571487,0.11866245525373763
0.11980627500526428,0.12215624341966733,0.12384923141714047,0.12903769214571487,0.11866245525373763,0.11162771109707309
0.12215624341966733,0.12384923141714047,0.12903769214571487,0.11866245525373763,0.11162771109707309,0.10701200252684775
0.12384923141714047,0.12903769214571487,0.11866245525373763,0.11162771109707309,0.10701200252684775,0.10168035375868605
0.12903769214571487,0.11866245525373763,0.11162771109707309,0.10701200252684775,0.10168035375868605,0.09157296272899558
0.11866245525373763,0.11162771109707309,0.10701200252684775,0.10168035375868605,0.09157296272899558,0.08182775321120236
0.11162771109707309,0.10701200252684775,0.10168035375868605,0.09157296272899558,0.08182775321120236,0.0838323857654243
0.10701200252684775,0.10168035375868605,0.09157296272899558,0.08182775321120236,0.0838323857654243,0.08695725415877026
0.10168035375868605,0.09157296272899558,0.08182775321120236,0.0838323857654243,0.08695725415877026,0.0653863971362392
0.09157296272899558,0.08182775321120236,0.0838323857654243,0.08695725415877026,0.0653863971362392,0.04374815750684354
0.08182775321120236,0.0838323857654243,0.08695725415877026,0.0653863971362392,0.04374815750684354,0.042072015161086544
0.0838323857654243,0.08695725415877026,0.0653863971362392,0.04374815750684354,0.042072015161086544,0.0432175194777848
0.08695725415877026,0.0653863971362392,0.04374815750684354,0.042072015161086544,0.0432175194777848,0.02670035797009897
0.0653863971362392,0.04374815750684354,0.042072015161086544,0.0432175194777848,0.02670035797009897,0.0018361760370604364
0.04374815750684354,0.042072015161086544,0.0432175194777848,0.02670035797009897,0.0018361760370604364,0.0020475889660981268
0.042072015161086544,0.0432175194777848,0.02670035797009897,0.0018361760370604364,0.0020475889660981268,0.0036555064224047195
0.0432175194777848,0.02670035797009897,0.0018361760370604364,0.0020475889660981268,0.0036555064224047195,0.001962518424931566
0.02670035797009897,0.0018361760370604364,0.0020475889660981268,0.0036555064224047195,0.001962518424931566,0.005887555274794696
0.0018361760370604364,0.0020475889660981268,0.0036555064224047195,0.001962518424931566,0.005887555274794696,0.0020551695093703947
0.0020475889660981268,0.0036555064224047195,0.001962518424931566,0.005887555274794696,0.0020551695093703947,0.0007159401979364089
0.0036555064224047195,0.001962518424931566,0.005887555274794696,0.0020551695093703947,0.0007159401979364089,0.0012971151821436116
0.001962518424931566,0.005887555274794696,0.0020551695093703947,0.0007159401979364089,0.0012971151821436116,0.0018951358180669614
0.005887555274794696,0.0020551695093703947,0.0007159401979364089,0.0012971151821436116,0.0018951358180669614,0.00304906296062329
0.0020551695093703947,0.0007159401979364089,0.0012971151821436116,0.0018951358180669614,0.00304906296062329,0.001170772794272479
0.0007159401979364089,0.0012971151821436116,0.0018951358180669614,0.00304906296062329,0.001170772794272479,0.0005895978100652793
0.0012971151821436116,0.0018951358180669614,0.00304906296062329,0.001170772794272479,0.0005895978100652793,0.0009265108443882935
0.0018951358180669614,0.00304906296062329,0.001170772794272479,0.0005895978100652793,0.0009265108443882935,0.0007327858496525593
0.00304906296062329,0.001170772794272479,0.0005895978100652793,0.0009265108443882935,0.0007327858496525593,0.0006485575910718072
0.001170772794272479,0.0005895978100652793,0.0009265108443882935,0.0007327858496525593,0.0006485575910718072,0.0007496315013687096
0.0005895978100652793,0.0009265108443882935,0.0007327858496525593,0.0006485575910718072,0.0007496315013687096,0.000711728785007372
0.0009265108443882935,0.0007327858496525593,0.0006485575910718072,0.0007496315013687096,0.000711728785007372,0.0006317119393556538
0.0007327858496525593,0.0006485575910718072,0.0007496315013687096,0.000711728785007372,0.0006317119393556538,0.0006148662876395034
0.0006485575910718072,0.0007496315013687096,0.000711728785007372,0.0006317119393556538,0.0006148662876395034,0.0007159401979364089
0.0007496315013687096,0.000711728785007372,0.0006317119393556538,0.0006148662876395034,0.0007159401979364089,0.0008507054116656151
0.000711728785007372,0.0006317119393556538,0.0006148662876395034,0.0007159401979364089,0.0008507054116656151,0.0011539271425563284
0.0006317119393556538,0.0006148662876395034,0.0007159401979364089,0.0008507054116656151,0.0011539271425563284,0.0008001684565171639
0.0006148662876395034,0.0007159401979364089,0.0008507054116656151,0.0011539271425563284,0.0008001684565171639,0.000656980416929881
0.0007159401979364089,0.0008507054116656151,0.0011539271425563284,0.0008001684565171639,0.000656980416929881,0.0005811749842072026
0.0008507054116656151,0.0011539271425563284,0.0008001684565171639,0.000656980416929881,0.0005811749842072026,0.0006485575910718072
0.0011539271425563284,0.0008001684565171639,0.000656980416929881,0.0005811749842072026,0.0006485575910718072,0.0007327858496525593
0.0008001684565171639,0.000656980416929881,0.0005811749842072026,0.0006485575910718072,0.0007327858496525593,0.007395241103390188
0.000656980416929881,0.0005811749842072026,0.0006485575910718072,0.0007327858496525593,0.007395241103390188,0.0007243630237944856
0.0005811749842072026,0.0006485575910718072,0.0007327858496525593,0.007395241103390188,0.0007243630237944856,0.008035375868603919
0.0006485575910718072,0.0007327858496525593,0.007395241103390188,0.0007243630237944856,0.008035375868603919,0.007092019372499475
0.0007327858496525593,0.007395241103390188,0.0007243630237944856,0.008035375868603919,0.007092019372499475,0.005399031375026321
0.007395241103390188,0.0007243630237944856,0.008035375868603919,0.007092019372499475,0.005399031375026321,0.005297957464729419
0.0007243630237944856,0.008035375868603919,0.007092019372499475,0.005399031375026321,0.005297957464729419,0.005180037902716363
0.008035375868603919,0.007092019372499475,0.005399031375026321,0.005297957464729419,0.005180037902716363,0.005584333543903982
0.007092019372499475,0.005399031375026321,0.005297957464729419,0.005180037902716363,0.005584333543903982,0.006745841229732576
0.005399031375026321,0.005297957464729419,0.005180037902716363,0.005584333543903982,0.006745841229732576,0.005255843335439042
0.005297957464729419,0.005180037902716363,0.005584333543903982,0.006745841229732576,0.005255843335439042,0.005163192251000212
0.005180037902716363,0.005584333543903982,0.006745841229732576,0.005255843335439042,0.005163192251000212,0.005003158559696779
0.005584333543903982,0.006745841229732576,0.005255843335439042,0.005163192251000212,0.005003158559696779,0.005356917245735947
0.006745841229732576,0.005255843335439042,0.005163192251000212,0.005003158559696779,0.005356917245735947,0.005129500947567912
0.005255843335439042,0.005163192251000212,0.005003158559696779,0.005356917245735947,0.005129500947567912,0.007740576963571279
0.005163192251000212,0.005003158559696779,0.005356917245735947,0.005129500947567912,0.007740576963571279,0.03796167614234576
0.005003158559696779,0.005356917245735947,0.005129500947567912,0.007740576963571279,0.03796167614234576,0.03398610233733418
0.005356917245735947,0.005129500947567912,0.007740576963571279,0.03796167614234576,0.03398610233733418,0.09834491471888819
0.005129500947567912,0.007740576963571279,0.03796167614234576,0.03398610233733418,0.09834491471888819,0.0047504737839545175
0.007740576963571279,0.03796167614234576,0.03398610233733418,0.09834491471888819,0.0047504737839545175,0.0036807748999789437
0.03796167614234576,0.03398610233733418,0.09834491471888819,0.0047504737839545175,0.0036807748999789437,0.00047167824805222346
0.03398610233733418,0.09834491471888819,0.0047504737839545175,0.0036807748999789437,0.00047167824805222346,0.000884396715097916
0.09834491471888819,0.0047504737839545175,0.0036807748999789437,0.00047167824805222346,0.000884396715097916,0.000656980416929881
0.0047504737839545175,0.0036807748999789437,0.00047167824805222346,0.000884396715097916,0.000656980416929881,0.006578226995156877
0.0036807748999789437,0.00047167824805222346,0.000884396715097916,0.000656980416929881,0.006578226995156877,0.0005559065066329755
0.00047167824805222346,0.000884396715097916,0.000656980416929881,0.006578226995156877,0.0005559065066329755,0.0005129500947567923
0.000884396715097916,0.000656980416929881,0.006578226995156877,0.0005559065066329755,0.0005129500947567923,0.0005559065066329755
0.000656980416929881,0.006578226995156877,0.0005559065066329755,0.0005129500947567923,0.0005559065066329755,0.024874289324068228
0.006578226995156877,0.0005559065066329755,0.0005129500947567923,0.0005559065066329755,0.024874289324068228,0.03218277532112024
0.0005559065066329755,0.0005129500947567923,0.0005559065066329755,0.024874289324068228,0.03218277532112024,0.033817645820172666
0.0005129500947567923,0.0005559065066329755,0.024874289324068228,0.03218277532112024,0.033817645820172666,0.09277742682670036
0.0005559065066329755,0.024874289324068228,0.03218277532112024,0.033817645820172666,0.09277742682670036,0.3404758896609813
0.024874289324068228,0.03218277532112024,0.033817645820172666,0.09277742682670036,0.3404758896609813,0.7087892187829017
0.03218277532112024,0.033817645820172666,0.09277742682670036,0.3404758896609813,0.7087892187829017,0.714643082754264
0.033817645820172666,0.09277742682670036,0.3404758896609813,0.7087892187829017,0.714643082754264,0.7270835965466413
0.09277742682670036,0.3404758896609813,0.7087892187829017,0.714643082754264,0.7270835965466413,0.7431964624131396
0.3404758896609813,0.7087892187829017,0.714643082754264,0.7270835965466413,0.7431964624131396,0.7324573594440935
0.7087892187829017,0.714643082754264,0.7270835965466413,0.7431964624131396,0.7324573594440935,0.6998526005474837
0.714643082754264,0.7270835965466413,0.7431964624131396,0.7324573594440935,0.6998526005474837,0.70280058959781
0.7270835965466413,0.7431964624131396,0.7324573594440935,0.6998526005474837,0.70280058959781,0.72402611076016
0.7431964624131396,0.7324573594440935,0.6998526005474837,0.70280058959781,0.72402611076016,0.7272436302379448
0.7324573594440935,0.6998526005474837,0.70280058959781,0.72402611076016,0.7272436302379448,0.7241019161928827
0.6998526005474837,0.70280058959781,0.72402611076016,0.7272436302379448,0.7241019161928827,0.6962392082543694
0.70280058959781,0.72402611076016,0.7272436302379448,0.7241019161928827,0.6962392082543694,0.7071636133922931
0.72402611076016,0.7272436302379448,0.7241019161928827,0.6962392082543694,0.7071636133922931,0.7153842914297747
0.7272436302379448,0.7241019161928827,0.6962392082543694,0.7071636133922931,0.7153842914297747,0.7133375447462623
0.7241019161928827,0.6962392082543694,0.7071636133922931,0.7153842914297747,0.7133375447462623,0.6943188039587281
0.6962392082543694,0.7071636133922931,0.7153842914297747,0.7133375447462623,0.6943188039587281,0.7099768372288903
0.7071636133922931,0.7153842914297747,0.7133375447462623,0.6943188039587281,0.7099768372288903,0.6887850073699726
0.7153842914297747,0.7133375447462623,0.6943188039587281,0.7099768372288903,0.6887850073699726,0.6754853653400715
0.7133375447462623,0.6943188039587281,0.7099768372288903,0.6887850073699726,0.6754853653400715,0.6735649610444303
0.6943188039587281,0.7099768372288903,0.6887850073699726,0.6754853653400715,0.6735649610444303,0.6796462413139608
0.7099768372288903,0.6887850073699726,0.6754853653400715,0.6735649610444303,0.6796462413139608,0.6799747315224257
0.6887850073699726,0.6754853653400715,0.6735649610444303,0.6796462413139608,0.6799747315224257,0.7070659086123394
0.6754853653400715,0.6735649610444303,0.6796462413139608,0.6799747315224257,0.7070659086123394,0.7002400505369551
0.6735649610444303,0.6796462413139608,0.6799747315224257,0.7070659086123394,0.7002400505369551,0.6784502000421141
0.6796462413139608,0.6799747315224257,0.7070659086123394,0.7002400505369551,0.6784502000421141,0.16918088018530217
0.6799747315224257,0.7070659086123394,0.7002400505369551,0.6784502000421141,0.16918088018530217,0.0956074963150137
0.7070659086123394,0.7002400505369551,0.6784502000421141,0.16918088018530217,0.0956074963150137,0.09082333122762687
0.7002400505369551,0.6784502000421141,0.16918088018530217,0.0956074963150137,0.09082333122762687,0.09897662665824385
0.6784502000421141,0.16918088018530217,0.0956074963150137,0.09082333122762687,0.09897662665824385,0.10774478837650031
0.16918088018530217,0.0956074963150137,0.09082333122762687,0.09897662665824385,0.10774478837650031,0.10745841229732575
0.0956074963150137,0.09082333122762687,0.09897662665824385,0.10774478837650031,0.10745841229732575,0.10887344704148241
0.09082333122762687,0.09897662665824385,0.10774478837650031,0.10745841229732575,0.10887344704148241,0.10765213729206148
0.09897662665824385,0.10774478837650031,0.10745841229732575,0.10887344704148241,0.10765213729206148,0.09384712571067594
0.10774478837650031,0.10745841229732575,0.10887344704148241,0.10765213729206148,0.09384712571067594,0.07759107180459045
0.10745841229732575,0.10887344704148241,0.10765213729206148,0.09384712571067594,0.07759107180459045,0.6855253737628975
0.10887344704148241,0.10765213729206148,0.09384712571067594,0.07759107180459045,0.6855253737628975,0.7081406611918298
0.10765213729206148,0.09384712571067594,0.07759107180459045,0.6855253737628975,0.7081406611918298,0.7207159401979364
0.09384712571067594,0.07759107180459045,0.6855253737628975,0.7081406611918298,0.7207159401979364,0.6976795114761002
0.07759107180459045,0.6855253737628975,0.7081406611918298,0.7207159401979364,0.6976795114761002,0.7079974731522425
0.6855253737628975,0.7081406611918298,0.7207159401979364,0.6976795114761002,0.7079974731522425,0.7479806275005264
0.7081406611918298,0.7207159401979364,0.6976795114761002,0.7079974731522425,0.7479806275005264,0.7419919983154348
0.7207159401979364,0.6976795114761002,0.7079974731522425,0.7479806275005264,0.7419919983154348,0.7417393135396926
0.6976795114761002,0.7079974731522425,0.7479806275005264,0.7419919983154348,0.7417393135396926,0.7442661612971152
0.7079974731522425,0.7479806275005264,0.7419919983154348,0.7417393135396926,0.7442661612971152,0.5044177721625606
0.7479806275005264,0.7419919983154348,0.7417393135396926,0.7442661612971152,0.5044177721625606,0.43664771530848595
0.7419919983154348,0.7417393135396926,0.7442661612971152,0.5044177721625606,0.43664771530848595,0.42075384291429774
0.7417393135396926,0.7442661612971152,0.5044177721625606,0.43664771530848595,0.42075384291429774,0.42276689829437775
0.7442661612971152,0.5044177721625606,0.43664771530848595,0.42075384291429774,0.42276689829437775,0.5955611707727942
0.5044177721625606,0.43664771530848595,0.42075384291429774,0.42276689829437775,0.5955611707727942,0.9748241735102128
0.43664771530848595,0.42075384291429774,0.42276689829437775,0.5955611707727942,0.9748241735102128,0.9882248894504106
0.42075384291429774,0.42276689829437775,0.5955611707727942,0.9748241735102128,0.9882248894504106,0.9909286165508528
0.42276689829437775,0.5955611707727942,0.9748241735102128,0.9882248894504106,0.9909286165508528,1.0
0.5955611707727942,0.9748241735102128,0.9882248894504106,0.9909286165508528,1.0,0.9958728153295432
0.9748241735102128,0.9882248894504106,0.9909286165508528,1.0,0.9958728153295432,0.9949884186144453
0.9882248894504106,0.9909286165508528,1.0,0.9958728153295432,0.9949884186144453,0.990499052432091
0.9909286165508528,1.0,0.9958728153295432,0.9949884186144453,0.990499052432091,0.9458496525584333
1.0,0.9958728153295432,0.9949884186144453,0.990499052432091,0.9458496525584333,0.9505243209096652
0.9958728153295432,0.9949884186144453,0.990499052432091,0.9458496525584333,0.9505243209096652,0.9402737418403876
0.9949884186144453,0.990499052432091,0.9458496525584333,0.9505243209096652,0.9402737418403876,0.5794651505580122
0.990499052432091,0.9458496525584333,0.9505243209096652,0.9402737418403876,0.5794651505580122,0.42456096020214784
0.9458496525584333,0.9505243209096652,0.9402737418403876,0.5794651505580122,0.42456096020214784,0.4516740366392925
0.9505243209096652,0.9402737418403876,0.5794651505580122,0.42456096020214784,0.4516740366392925,0.4753253316487681
0.9402737418403876,0.5794651505580122,0.42456096020214784,0.4516740366392925,0.4753253316487681,0.4973847125710676
0.5794651505580122,0.42456096020214784,0.4516740366392925,0.4753253316487681,0.4973847125710676,0.49877447883764997
0.42456096020214784,0.4516740366392925,0.4753253316487681,0.4973847125710676,0.49877447883764997,0.45285323225942303
0.4516740366392925,0.4753253316487681,0.4973847125710676,0.49877447883764997,0.45285323225942303,0.16850705411665615
0.4753253316487681,0.4973847125710676,0.49877447883764997,0.45285323225942303,0.16850705411665615,0.1589050326384502
0.4973847125710676,0.49877447883764997,0.45285323225942303,0.16850705411665615,0.1589050326384502,0.1514255632764793
0.49877447883764997,0.45285323225942303,0.16850705411665615,0.1589050326384502,0.1514255632764793,0.15017056222362604
0.45285323225942303,0.16850705411665615,0.1589050326384502,0.1514255632764793,0.15017056222362604,0.6326974099810486
0.16850705411665615,0.1589050326384502,0.1514255632764793,0.15017056222362604,0.6326974099810486,0.7344283006948831
0.1589050326384502,0.1514255632764793,0.15017056222362604,0.6326974099810486,0.7344283006948831,0.7502969046114971
0.1514255632764793,0.15017056222362604,0.6326974099810486,0.7344283006948831,0.7502969046114971,0.7777216256053905
0.15017056222362604,0.6326974099810486,0.7344283006948831,0.7502969046114971,0.7777216256053905,0.7895388502842704
0.6326974099810486,0.7344283006948831,0.7502969046114971,0.7777216256053905,0.7895388502842704,0.7850915982312064
0.7344283006948831,0.7502969046114971,0.7777216256053905,0.7895388502842704,0.7850915982312064,0.7831543482838492
0.7502969046114971,0.7777216256053905,0.7895388502842704,0.7850915982312064,0.7831543482838492,0.7834323015371657
0.7777216256053905,0.7895388502842704,0.7850915982312064,0.7831543482838492,0.7834323015371657,0.8224215624341966
0.7895388502842704,0.7850915982312064,0.7831543482838492,0.7834323015371657,0.8224215624341966,0.8002526847757422
0.7850915982312064,0.7831543482838492,0.7834323015371657,0.8224215624341966,0.8002526847757422,0.1900189513581807
0.7831543482838492,0.7834323015371657,0.8224215624341966,0.8002526847757422,0.1900189513581807,0.12011791956201306
0.7834323015371657,0.8224215624341966,0.8002526847757422,0.1900189513581807,0.12011791956201306,0.11449989471467677
0.8224215624341966,0.8002526847757422,0.1900189513581807,0.12011791956201306,0.11449989471467677,0.11429774689408295
0.8002526847757422,0.1900189513581807,0.12011791956201306,0.11449989471467677,0.11429774689408295,0.11123183828174353
0.1900189513581807,0.12011791956201306,0.11449989471467677,0.11429774689408295,0.11123183828174353,0.10569804169298799
0.12011791956201306,0.11449989471467677,0.11429774689408295,0.11123183828174353,0.10569804169298799,0.06433354390397979
0.11449989471467677,0.11429774689408295,0.11123183828174353,0.10569804169298799,0.06433354390397979,0.0601558222783744
0.11429774689408295,0.11123183828174353,0.10569804169298799,0.06433354390397979,0.0601558222783744,0.050183196462413135
0.11123183828174353,0.10569804169298799,0.06433354390397979,0.0601558222783744,0.050183196462413135,0.05109286165508528
0.10569804169298799,0.06433354390397979,0.0601558222783744,0.050183196462413135,0.05109286165508528,0.04878500736997263
0.06433354390397979,0.0601558222783744,0.050183196462413135,0.05109286165508528,0.04878500736997263,0.008970309538850287
0.0601558222783744,0.050183196462413135,0.05109286165508528,0.04878500736997263,0.008970309538850287,0.010469572541587705
0.050183196462413135,0.05109286165508528,0.04878500736997263,0.008970309538850287,0.010469572541587705,0.004514634659928409
0.05109286165508528,0.04878500736997263,0.008970309538850287,0.010469572541587705,0.004514634659928409,0.0017856390819119823
0.04878500736997263,0.008970309538850287,0.010469572541587705,0.004514634659928409,0.0017856390819119823,0.0022657401558222796
0.008970309538850287,0.010469572541587705,0.004514634659928409,0.0017856390819119823,0.0022657401558222796,0.0005390608549168251
0.010469572541587705,0.004514634659928409,0.0017856390819119823,0.0022657401558222796,0.0005390608549168251,0.005382185723310171
0.004514634659928409,0.0017856390819119823,0.0022657401558222796,0.0005390608549168251,0.005382185723310171,0.0005474836807749018
0.0017856390819119823,0.0022657401558222796,0.0005390608549168251,0.005382185723310171,0.0005474836807749018,0.0005053695514845243
0.0022657401558222796,0.0005390608549168251,0.005382185723310171,0.0005474836807749018,0.0005053695514845243,0.0005053695514845243
0.0005390608549168251,0.005382185723310171,0.0005474836807749018,0.0005053695514845243,0.0005053695514845243,0.0005727521583491289
0.005382185723310171,0.0005474836807749018,0.0005053695514845243,0.0005053695514845243,0.0005727521583491289,0.002232048852389979
0.0005474836807749018,0.0005053695514845243,0.0005053695514845243,0.0005727521583491289,0.002232048852389979,0.000682248894504108
0.0005053695514845243,0.0005053695514845243,0.0005727521583491289,0.002232048852389979,0.000682248894504108,0.0006485575910718072
0.0005053695514845243,0.0005727521583491289,0.002232048852389979,0.000682248894504108,0.0006485575910718072,0.0005474836807749018
0.0005727521583491289,0.002232048852389979,0.000682248894504108,0.0006485575910718072,0.0005474836807749018,0.0005895978100652793
0.002232048852389979,0.000682248894504108,0.0006485575910718072,0.0005474836807749018,0.0005895978100652793,0.0004969467256264506
0.000682248894504108,0.0006485575910718072,0.0005474836807749018,0.0005895978100652793,0.0004969467256264506,0.0005306380290587513
0.0006485575910718072,0.0005474836807749018,0.0005895978100652793,0.0004969467256264506,0.0005306380290587513,0.0005811749842072026
0.0005474836807749018,0.0005895978100652793,0.0004969467256264506,0.0005306380290587513,0.0005811749842072026,0.0005474836807749018
0.0005895978100652793,0.0004969467256264506,0.0005306380290587513,0.0005811749842072026,0.0005474836807749018,0.000656980416929881
0.0004969467256264506,0.0005306380290587513,0.0005811749842072026,0.0005474836807749018,0.000656980416929881,0.0006232891134975801
0.0005306380290587513,0.0005811749842072026,0.0005474836807749018,0.000656980416929881,0.0006232891134975801,0.0006064434617814297
0.0005811749842072026,0.0005474836807749018,0.000656980416929881,0.0006232891134975801,0.0006064434617814297,0.0006232891134975801
0.0005474836807749018,0.000656980416929881,0.0006232891134975801,0.0006064434617814297,0.0006232891134975801,0.00031669825226363546
0.000656980416929881,0.0006232891134975801,0.0006064434617814297,0.0006232891134975801,0.00031669825226363546,0.00045483259633607304
0.0006232891134975801,0.0006064434617814297,0.0006232891134975801,0.00031669825226363546,0.00045483259633607304,0.0006232891134975801
0.0006064434617814297,0.0006232891134975801,0.00031669825226363546,0.00045483259633607304,0.0006232891134975801,0.005356917245735947
0.0006232891134975801,0.00031669825226363546,0.00045483259633607304,0.0006232891134975801,0.005356917245735947,0.005323225942303643
0.00031669825226363546,0.00045483259633607304,0.0006232891134975801,0.005356917245735947,0.005323225942303643,0.005247420509580965
0.00045483259633607304,0.0006232891134975801,0.005356917245735947,0.005323225942303643,0.005247420509580965,0.005314803116445569
0.0006232891134975801,0.005356917245735947,0.005323225942303643,0.005247420509580965,0.005314803116445569,0.005238997683722891
0.005356917245735947,0.005323225942303643,0.005247420509580965,0.005314803116445569,0.005238997683722891,0.005238997683722891
0.005323225942303643,0.005247420509580965,0.005314803116445569,0.005238997683722891,0.005238997683722891,0.005180037902716363
0.005247420509580965,0.005314803116445569,0.005238997683722891,0.005238997683722891,0.005180037902716363,0.005171615076858286
0.005314803116445569,0.005238997683722891,0.005238997683722891,0.005180037902716363,0.005171615076858286,0.005095809644135608
0.005238997683722891,0.005238997683722891,0.005180037902716363,0.005171615076858286,0.005095809644135608,0.006822488945041063
0.005238997683722891,0.005180037902716363,0.005171615076858286,0.005095809644135608,0.006822488945041063,0.04120446409770478
0.005180037902716363,0.005171615076858286,0.005095809644135608,0.006822488945041063,0.04120446409770478,0.038450200042114135
0.005171615076858286,0.005095809644135608,0.006822488945041063,0.04120446409770478,0.038450200042114135,0.035089492524742055
0.005095809644135608,0.006822488945041063,0.04120446409770478,0.038450200042114135,0.035089492524742055,0.015329543061697202
0.006822488945041063,0.04120446409770478,0.038450200042114135,0.035089492524742055,0.015329543061697202,0.01534638871341335
0.04120446409770478,0.038450200042114135,0.035089492524742055,0.015329543061697202,0.01534638871341335,0.013703937671088653
0.038450200042114135,0.035089492524742055,0.015329543061697202,0.01534638871341335,0.013703937671088653,0.013543903979785216
0.035089492524742055,0.015329543061697202,0.01534638871341335,0.013703937671088653,0.013543903979785216,0.013021688776584545
0.015329543061697202,0.01534638871341335,0.013703937671088653,0.013543903979785216,0.013021688776584545,0.01284480943356496
0.01534638871341335,0.013703937671088653,0.013543903979785216,0.013021688776584545,0.01284480943356496,0.010376921457148873
0.013703937671088653,0.013543903979785216,0.013021688776584545,0.01284480943356496,0.010376921457148873,0.0041103390187407895
0.013543903979785216,0.013021688776584545,0.01284480943356496,0.010376921457148873,0.0041103390187407895,0.004160875973889241
0.013021688776584545,0.01284480943356496,0.010376921457148873,0.0041103390187407895,0.004160875973889241,0.0038239629395662267
0.01284480943356496,0.010376921457148873,0.0041103390187407895,0.004160875973889241,0.0038239629395662267,0.0036049694672562653
0.010376921457148873,0.0041103390187407895,0.004160875973889241,0.0038239629395662267,0.0036049694672562653,0.0076310802274163
0.0041103390187407895,0.004160875973889241,0.0038239629395662267,0.0036049694672562653,0.0076310802274163,0.008001684565171615
0.004160875973889241,0.0038239629395662267,0.0036049694672562653,0.0076310802274163,0.008001684565171615,0.00029479890503263963
0.0038239629395662267,0.0036049694672562653,0.0076310802274163,0.008001684565171615,0.00029479890503263963,0.025765424299852603
0.0036049694672562653,0.0076310802274163,0.008001684565171615,0.00029479890503263963,0.025765424299852603,0.025605390608549168
0.0076310802274163,0.008001684565171615,0.00029479890503263963,0.025765424299852603,0.025605390608549168,0.025613813434407245
0.008001684565171615,0.00029479890503263963,0.025765424299852603,0.025605390608549168,0.025613813434407245,0.06881280269530428
0.00029479890503263963,0.025765424299852603,0.025605390608549168,0.025613813434407245,0.06881280269530428,0.10028216466624551
0.025765424299852603,0.025605390608549168,0.025613813434407245,0.06881280269530428,0.10028216466624551,0.07162771109707307
0.025605390608549168,0.025613813434407245,0.06881280269530428,0.10028216466624551,0.07162771109707307,0.09925626447673194
0.025613813434407245,0.06881280269530428,0.10028216466624551,0.07162771109707307,0.09925626447673194,0.1012406822488945
0.06881280269530428,0.10028216466624551,0.07162771109707307,0.09925626447673194,0.1012406822488945,0.09738471257106758
0.10028216466624551,0.07162771109707307,0.09925626447673194,0.1012406822488945,0.09738471257106758,0.09518551273952411
0.07162771109707307,0.09925626447673194,0.1012406822488945,0.09738471257106758,0.09518551273952411,0.10288060644346178
0.09925626447673194,0.1012406822488945,0.09738471257106758,0.09518551273952411,0.10288060644346178,0.11371657190987576
0.1012406822488945,0.09738471257106758,0.09518551273952411,0.10288060644346178,0.11371657190987576,0.11034659928405982
0.09738471257106758,0.09518551273952411,0.10288060644346178,0.11371657190987576,0.11034659928405982,0.0875636976205517
0.09518551273952411,0.10288060644346178,0.11371657190987576,0.11034659928405982,0.0875636976205517,0.07985681196041272
0.10288060644346178,0.11371657190987576,0.11034659928405982,0.0875636976205517,0.07985681196041272,0.0724363023794483
0.11371657190987576,0.11034659928405982,0.0875636976205517,0.07985681196041272,0.0724363023794483,0.06731522425773848
0.11034659928405982,0.0875636976205517,0.07985681196041272,0.0724363023794483,0.06731522425773848,0.06704569383028007
0.0875636976205517,0.07985681196041272,0.0724363023794483,0.06731522425773848,0.06704569383028007,0.06692777426826702
0.07985681196041272,0.0724363023794483,0.06731522425773848,0.06704569383028007,0.06692777426826702,0.0670962307854285
0.0724363023794483,0.06731522425773848,0.06704569383028007,0.06692777426826702,0.0670962307854285,0.07562855337965887
0.06731522425773848,0.06704569383028007,0.06692777426826702,0.0670962307854285,0.07562855337965887,0.3401962518424932
0.06704569383028007,0.06692777426826702,0.0670962307854285,0.07562855337965887,0.3401962518424932,0.6913202779532533
0.06692777426826702,0.0670962307854285,0.07562855337965887,0.3401962518424932,0.6913202779532533,0.6959022952200462
0.0670962307854285,0.07562855337965887,0.3401962518424932,0.6913202779532533,0.6959022952200462,0.7291387660560118
0.07562855337965887,0.3401962518424932,0.6913202779532533,0.6959022952200462,0.7291387660560118,0.7156622446830911
0.3401962518424932,0.6913202779532533,0.6959022952200462,0.7291387660560118,0.7156622446830911,0.7042240471678247
0.6913202779532533,0.6959022952200462,0.7291387660560118,0.7156622446830911,0.7042240471678247,0.19776795114761003
0.6959022952200462,0.7291387660560118,0.7156622446830911,0.7042240471678247,0.19776795114761003,0.06707096230785428
0.7291387660560118,0.7156622446830911,0.7042240471678247,0.19776795114761003,0.06707096230785428,0.06587407875342177
0.7156622446830911,0.7042240471678247,0.19776795114761003,0.06707096230785428,0.06587407875342177,0.06361760370604339
0.7042240471678247,0.19776795114761003,0.06707096230785428,0.06587407875342177,0.06361760370604339,0.0810275847546852
0.19776795114761003,0.06707096230785428,0.06587407875342177,0.06361760370604339,0.0810275847546852,0.07332069909454622
0.06707096230785428,0.06587407875342177,0.06361760370604339,0.0810275847546852,0.07332069909454622,0.0761339229311434
0.06587407875342177,0.06361760370604339,0.0810275847546852,0.07332069909454622,0.0761339229311434,0.06958938723941883
0.06361760370604339,0.0810275847546852,0.07332069909454622,0.0761339229311434,0.06958938723941883,0.0695641187618446
0.0810275847546852,0.07332069909454622,0.0761339229311434,0.06958938723941883,0.0695641187618446,0.09681196041271847
0.07332069909454622,0.0761339229311434,0.06958938723941883,0.0695641187618446,0.09681196041271847,0.09441987786902506
0.0761339229311434,0.06958938723941883,0.0695641187618446,0.09681196041271847,0.09441987786902506,0.07116445567487892
0.06958938723941883,0.0695641187618446,0.09681196041271847,0.09441987786902506,0.07116445567487892,0.07394146136028638
0.0695641187618446,0.09681196041271847,0.09441987786902506,0.07116445567487892,0.07394146136028638,0.06957254158770268
0.09681196041271847,0.09441987786902506,0.07116445567487892,0.07394146136028638,0.06957254158770268,0.07233691303432302
0.09441987786902506,0.07116445567487892,0.07394146136028638,0.06957254158770268,0.07233691303432302,0.07436512950094758
0.07116445567487892,0.07394146136028638,0.06957254158770268,0.07233691303432302,0.07436512950094758,0.07067593177511054
0.07394146136028638,0.06957254158770268,0.07233691303432302,0.07436512950094758,0.07067593177511054,0.0722341545588545
0.06957254158770268,0.07233691303432302,0.07436512950094758,0.07067593177511054,0.0722341545588545,0.07160244261949884
0.07233691303432302,0.07436512950094758,0.07067593177511054,0.0722341545588545,0.07160244261949884,0.07109623078542851
0.07436512950094758,0.07067593177511054,0.0722341545588545,0.07160244261949884,0.07109623078542851,0.13035165297957463
0.07067593177511054,0.0722341545588545,0.07160244261949884,0.07109623078542851,0.13035165297957463,0.14070330595914932
0.0722341545588545,0.07160244261949884,0.07109623078542851,0.13035165297957463,0.14070330595914932,0.1387155190566435
0.07160244261949884,0.07109623078542851,0.13035165297957463,0.14070330595914932,0.1387155190566435,0.13462286797220469
0.07109623078542851,0.13035165297957463,0.14070330595914932,0.1387155190566435,0.13462286797220469,0.14733206990945463
0.13035165297957463,0.14070330595914932,0.1387155190566435,0.13462286797220469,0.14733206990945463,0.13951737207833229
0.14070330595914932,0.1387155190566435,0.13462286797220469,0.14733206990945463,0.13951737207833229,0.1290292693198568
0.1387155190566435,0.13462286797220469,0.14733206990945463,0.13951737207833229,0.1290292693198568,0.13182480522215204
0.13462286797220469,0.14733206990945463,0.13951737207833229,0.1290292693198568,0.13182480522215204,0.12506211834070333
0.14733206990945463,0.13951737207833229,0.1290292693198568,0.13182480522215204,0.12506211834070333,0.12542429985260056
0.13951737207833229,0.1290292693198568,0.13182480522215204,0.12506211834070333,0.12542429985260056,0.12329332491050747
0.1290292693198568,0.13182480522215204,0.12506211834070333,0.12542429985260056,0.12329332491050747,0.12405137923773428
0.13182480522215204,0.12506211834070333,0.12542429985260056,0.12329332491050747,0.12405137923773428,0.11702000421141294
0.12506211834070333,0.12542429985260056,0.12329332491050747,0.12405137923773428,0.11702000421141294,0.11539524110339018
0.12542429985260056,0.12329332491050747,0.12405137923773428,0.11702000421141294,0.11539524110339018,0.09418403874499895
0.12329332491050747,0.12405137923773428,0.11702000421141294,0.11539524110339018,0.09418403874499895,0.0809602021478206
0.12405137923773428,0.11702000421141294,0.11539524110339018,0.09418403874499895,0.0809602021478206,0.1454537797431038
0.11702000421141294,0.11539524110339018,0.09418403874499895,0.0809602021478206,0.1454537797431038,0.1886123394398821
0.11539524110339018,0.09418403874499895,0.0809602021478206,0.1454537797431038,0.1886123394398821,0.19534217730048434
0.09418403874499895,0.0809602021478206,0.1454537797431038,0.1886123394398821,0.19534217730048434,0.19178774478837649
0.0809602021478206,0.1454537797431038,0.1886123394398821,0.19534217730048434,0.19178774478837649,0.1907938513371236
0.1454537797431038,0.1886123394398821,0.19534217730048434,0.19178774478837649,0.1907938513371236,0.19480311644556753
0.1886123394398821,0.19534217730048434,0.19178774478837649,0.1907938513371236,0.19480311644556753,0.19478627079385133
0.19534217730048434,0.19178774478837649,0.1907938513371236,0.19480311644556753,0.19478627079385133,0.19946093914508317
0.19178774478837649,0.1907938513371236,0.19480311644556753,0.19478627079385133,0.19946093914508317,0.19274794693619707
0.1907938513371236,0.19480311644556753,0.19478627079385133,0.19946093914508317,0.19274794693619707,0.19532533164876814
0.19480311644556753,0.19478627079385133,0.19946093914508317,0.19274794693619707,0.19532533164876814,0.1680774899978943
0.19478627079385133,0.19946093914508317,0.19274794693619707,0.19532533164876814,0.1680774899978943,0.13741166561381343
0.19946093914508317,0.19274794693619707,0.19532533164876814,0.1680774899978943,0.13741166561381343,0.14513371236049694
0.19274794693619707,0.19532533164876814,0.1680774899978943,0.13741166561381343,0.14513371236049694,0.1434407243630238
0.19532533164876814,0.1680774899978943,0.13741166561381343,0.14513371236049694,0.1434407243630238,0.14102337334175616
0.1680774899978943,0.13741166561381343,0.14513371236049694,0.1434407243630238,0.14102337334175616,0.1396504527268899
0.13741166561381343,0.14513371236049694,0.1434407243630238,0.14102337334175616,0.1396504527268899,0.14328069067172036
0.14513371236049694,0.1434407243630238,0.14102337334175616,0.1396504527268899,0.14328069067172036,0.12640134765213729
0.1434407243630238,0.14102337334175616,0.1396504527268899,0.14328069067172036,0.12640134765213729,0.06699010317961676
0.14102337334175616,0.1396504527268899,0.14328069067172036,0.12640134765213729,0.06699010317961676,0.021276058117498425
0.1396504527268899,0.14328069067172036,0.12640134765213729,0.06699010317961676,0.021276058117498425,0.017133712360496947
0.14328069067172036,0.12640134765213729,0.06699010317961676,0.021276058117498425,0.017133712360496947,0.010311223415455886
0.12640134765213729,0.06699010317961676,0.021276058117498425,0.017133712360496947,0.010311223415455886,0.00974520951779322
0.06699010317961676,0.021276058117498425,0.017133712360496947,0.010311223415455886,0.00974520951779322,0.010014739945251632
0.021276058117498425,0.017133712360496947,0.010311223415455886,0.00974520951779322,0.010014739945251632,0.004632554221941461
0.017133712360496947,0.010311223415455886,0.00974520951779322,0.010014739945251632,0.004632554221941461,0.005425984417772162
0.010311223415455886,0.00974520951779322,0.010014739945251632,0.004632554221941461,0.005425984417772162,0.0024409349336702493
0.00974520951779322,0.010014739945251632,0.004632554221941461,0.005425984417772162,0.0024409349336702493,0.0020046325542219436
0.010014739945251632,0.004632554221941461,0.005425984417772162,0.0024409349336702493,0.0020046325542219436,0.0008776584544114564
0.004632554221941461,0.005425984417772162,0.0024409349336702493,0.0020046325542219436,0.0008776584544114564,0.0020635923352284717
0.005425984417772162,0.0024409349336702493,0.0020046325542219436,0.0008776584544114564,0.0020635923352284717,0.0021478205938092235
0.0024409349336702493,0.0020046325542219436,0.0008776584544114564,0.0020635923352284717,0.0021478205938092235,0.0006536112865866526
0.0020046325542219436,0.0008776584544114564,0.0020635923352284717,0.0021478205938092235,0.0006536112865866526,0.0006738260686460313
0.0008776584544114564,0.0020635923352284717,0.0021478205938092235,0.0006536112865866526,0.0006738260686460313,0.0007327858496525593
0.0020635923352284717,0.0021478205938092235,0.0006536112865866526,0.0006738260686460313,0.0007327858496525593,0.0008001684565171639
0.0021478205938092235,0.0006536112865866526,0.0006738260686460313,0.0007327858496525593,0.0008001684565171639,0.0006317119393556538
0.0006536112865866526,0.0006738260686460313,0.0007327858496525593,0.0008001684565171639,0.0006317119393556538,0.0006738260686460313
0.0006738260686460313,0.0007327858496525593,0.0008001684565171639,0.0006317119393556538,0.0006738260686460313,0.0007327858496525593
0.0007327858496525593,0.0008001684565171639,0.0006317119393556538,0.0006738260686460313,0.0007327858496525593,0.0006654032427879577
0.0008001684565171639,0.0006317119393556538,0.0006738260686460313,0.0007327858496525593,0.0006654032427879577,0.0011210781217098362
0.0006317119393556538,0.0006738260686460313,0.0007327858496525593,0.0006654032427879577,0.0011210781217098362,0.0006485575910718072
0.0006738260686460313,0.0007327858496525593,0.0006654032427879577,0.0011210781217098362,0.0006485575910718072,0.0007243630237944856
0.0007327858496525593,0.0006654032427879577,0.0011210781217098362,0.0006485575910718072,0.0007243630237944856,0.0006064434617814297
0.0006654032427879577,0.0011210781217098362,0.0006485575910718072,0.0007243630237944856,0.0006064434617814297,0.0006990945462202584
0.0011210781217098362,0.0006485575910718072,0.0007243630237944856,0.0006064434617814297,0.0006990945462202584,0.0005390608549168251
0.0006485575910718072,0.0007243630237944856,0.0006064434617814297,0.0006990945462202584,0.0005390608549168251,0.0006148662876395034
0.0007243630237944856,0.0006064434617814297,0.0006990945462202584,0.0005390608549168251,0.0006148662876395034,0.002525163192251001
0.0006064434617814297,0.0006990945462202584,0.0005390608549168251,0.0006148662876395034,0.002525163192251001,0.0006485575910718072
0.0006990945462202584,0.0005390608549168251,0.0006148662876395034,0.002525163192251001,0.0006485575910718072,0.0011623499684144051
0.0005390608549168251,0.0006148662876395034,0.002525163192251001,0.0006485575910718072,0.0011623499684144051,0.0006654032427879577
0.0006148662876395034,0.002525163192251001,0.0006485575910718072,0.0011623499684144051,0.0006654032427879577,0.000656980416929881
0.002525163192251001,0.0006485575910718072,0.0011623499684144051,0.0006654032427879577,0.000656980416929881,0.0004480943356496105
0.0006485575910718072,0.0011623499684144051,0.0006654032427879577,0.000656980416929881,0.0004480943356496105,0.0005727521583491289
0.0011623499684144051,0.0006654032427879577,0.000656980416929881,0.0004480943356496105,0.0005727521583491289,0.0006654032427879577
0.0006654032427879577,0.000656980416929881,0.0004480943356496105,0.0005727521583491289,0.0006654032427879577,0.005525373762897454
0.000656980416929881,0.0004480943356496105,0.0005727521583491289,0.0006654032427879577,0.005525373762897454,0.005356917245735947
0.0004480943356496105,0.0005727521583491289,0.0006654032427879577,0.005525373762897454,0.005356917245735947,0.0052642661612971155
0.0005727521583491289,0.0006654032427879577,0.005525373762897454,0.005356917245735947,0.0052642661612971155,0.0057275215834912616
0.0006654032427879577,0.005525373762897454,0.005356917245735947,0.0052642661612971155,0.0057275215834912616,0.007209938934512531
0.005525373762897454,0.005356917245735947,0.0052642661612971155,0.0057275215834912616,0.007209938934512531,0.007428932406822489
0.005356917245735947,0.0052642661612971155,0.0057275215834912616,0.007209938934512531,0.007428932406822489,0.0051379237734259856
0.0052642661612971155,0.0057275215834912616,0.007209938934512531,0.007428932406822489,0.0051379237734259856,0.005146346599284062
0.0057275215834912616,0.007209938934512531,0.007428932406822489,0.0051379237734259856,0.005146346599284062,0.005171615076858286
0.007209938934512531,0.007428932406822489,0.0051379237734259856,0.005146346599284062,0.005171615076858286,0.009890082122552117
0.007428932406822489,0.0051379237734259856,0.005146346599284062,0.005171615076858286,0.009890082122552117,0.03214150347441567
0.0051379237734259856,0.005146346599284062,0.005171615076858286,0.009890082122552117,0.03214150347441567,0.03141714045062119
0.005146346599284062,0.005171615076858286,0.009890082122552117,0.03214150347441567,0.03141714045062119,0.018911770899136662
0.005171615076858286,0.009890082122552117,0.03214150347441567,0.03141714045062119,0.018911770899136662,0.005121078121709835
0.009890082122552117,0.03214150347441567,0.03141714045062119,0.018911770899136662,0.005121078121709835,0.0027542640555906534
0.03214150347441567,0.03141714045062119,0.018911770899136662,0.005121078121709835,0.0027542640555906534,0.004935775952832178
0.03141714045062119,0.018911770899136662,0.005121078121709835,0.0027542640555906534,0.004935775952832178,0.013417561591914087
0.018911770899136662,0.005121078121709835,0.0027542640555906534,0.004935775952832178,0.013417561591914087,0.06425773847125711
0.005121078121709835,0.0027542640555906534,0.004935775952832178,0.013417561591914087,0.06425773847125711,0.04871762476310802
0.0027542640555906534,0.004935775952832178,0.013417561591914087,0.06425773847125711,0.04871762476310802,0.04475047378395451
0.004935775952832178,0.013417561591914087,0.06425773847125711,0.04871762476310802,0.04475047378395451,0.04320067382606865
0.013417561591914087,0.06425773847125711,0.04871762476310802,0.04475047378395451,0.04320067382606865,0.04087765845441145
0.06425773847125711,0.04871762476310802,0.04475047378395451,0.04320067382606865,0.04087765845441145,0.040564329332491045
0.04871762476310802,0.04475047378395451,0.04320067382606865,0.04087765845441145,0.040564329332491045,0.04018530216887767
0.04475047378395451,0.04320067382606865,0.04087765845441145,0.040564329332491045,0.04018530216887767,0.06248220678037482
0.04320067382606865,0.04087765845441145,0.040564329332491045,0.04018530216887767,0.06248220678037482,0.07496315013687092
0.04087765845441145,0.040564329332491045,0.04018530216887767,0.06248220678037482,0.07496315013687092,0.07399452516319226
0.040564329332491045,0.04018530216887767,0.06248220678037482,0.07496315013687092,0.07399452516319226,0.07314381975152665
0.04018530216887767,0.06248220678037482,0.07496315013687092,0.07399452516319226,0.07314381975152665,0.09736786691935145
0.06248220678037482,0.07496315013687092,0.07399452516319226,0.07314381975152665,0.09736786691935145,0.10309117708991367
0.07496315013687092,0.07399452516319226,0.07314381975152665,0.09736786691935145,0.10309117708991367,0.0962897452095178
0.07399452516319226,0.07314381975152665,0.09736786691935145,0.10309117708991367,0.0962897452095178,0.09153927142556328
0.07314381975152665,0.09736786691935145,0.10309117708991367,0.0962897452095178,0.09153927142556328,0.08004211412929038
0.09736786691935145,0.10309117708991367,0.0962897452095178,0.09153927142556328,0.08004211412929038,0.07116445567487892
0.10309117708991367,0.0962897452095178,0.09153927142556328,0.08004211412929038,0.07116445567487892,0.07362392082543694
0.0962897452095178,0.09153927142556328,0.08004211412929038,0.07116445567487892,0.07362392082543694,0.07401979364076647
0.09153927142556328,0.08004211412929038,0.07116445567487892,0.07362392082543694,0.07401979364076647,0.07817224678879764
0.08004211412929038,0.07116445567487892,0.07362392082543694,0.07401979364076647,0.07817224678879764,0.07442745841229732
0.07116445567487892,0.07362392082543694,0.07401979364076647,0.07817224678879764,0.07442745841229732,0.0802114129290377
0.07362392082543694,0.07401979364076647,0.07817224678879764,0.07442745841229732,0.0802114129290377,0.07481996209728364
0.07401979364076647,0.07817224678879764,0.07442745841229732,0.0802114129290377,0.07481996209728364,0.07197978521794061
0.07817224678879764,0.07442745841229732,0.0802114129290377,0.07481996209728364,0.07197978521794061,0.0772625815961255
0.07442745841229732,0.0802114129290377,0.07481996209728364,0.07197978521794061,0.0772625815961255,0.07408549168245947
0.0802114129290377,0.07481996209728364,0.07197978521794061,0.0772625815961255,0.07408549168245947,0.07627711097073069
0.07481996209728364,0.07197978521794061,0.0772625815961255,0.07408549168245947,0.07627711097073069,0.07632764792587914
0.07197978521794061,0.0772625815961255,0.07408549168245947,0.07627711097073069,0.07632764792587914,0.07956201305538009
0.0772625815961255,0.07408549168245947,0.07627711097073069,0.07632764792587914,0.07956201305538009,0.08448936618235418
0.07408549168245947,0.07627711097073069,0.07632764792587914,0.07956201305538009,0.08448936618235418,0.08209728363866077
0.07627711097073069,0.07632764792587914,0.07956201305538009,0.08448936618235418,0.08209728363866077,0.08036218151189724
0.07632764792587914,0.07956201305538009,0.08448936618235418,0.08209728363866077,0.08036218151189724,0.0799216677195199
0.07956201305538009,0.08448936618235418,0.08209728363866077,0.08036218151189724,0.0799216677195199,0.07485365340071594
0.08448936618235418,0.08209728363866077,0.08036218151189724,0.0799216677195199,0.07485365340071594,0.0720993893451253
0.08209728363866077,0.08036218151189724,0.0799216677195199,0.07485365340071594,0.0720993893451253,0.07272267845862287
0.08036218151189724,0.0799216677195199,0.07485365340071594,0.0720993893451253,0.07272267845862287,0.06627079385133713
0.0799216677195199,0.07485365340071594,0.0720993893451253,0.07272267845862287,0.06627079385133713,0.06804548325963361
0.07485365340071594,0.0720993893451253,0.07272267845862287,0.06627079385133713,0.06804548325963361,0.06622025689618867
0.0720993893451253,0.07272267845862287,0.06627079385133713,0.06804548325963361,0.06622025689618867,0.06647294167193094
0.07272267845862287,0.06627079385133713,0.06804548325963361,0.06622025689618867,0.06647294167193094,0.06459465150558012
0.06627079385133713,0.06804548325963361,0.06622025689618867,0.06647294167193094,0.06459465150558012,0.06595072646873025
0.06804548325963361,0.06622025689618867,0.06647294167193094,0.06459465150558012,0.06595072646873025,0.07219204042956412
0.06622025689618867,0.06647294167193094,0.06459465150558012,0.06595072646873025,0.07219204042956412,0.0750726468730259
0.06647294167193094,0.06459465150558012,0.06595072646873025,0.07219204042956412,0.0750726468730259,0.0729947357338387
0.06459465150558012,0.06595072646873025,0.07219204042956412,0.0750726468730259,0.0729947357338387,0.0749041903558644
0.06595072646873025,0.07219204042956412,0.0750726468730259,0.0729947357338387,0.0749041903558644,0.07095388502842703
0.07219204042956412,0.0750726468730259,0.0729947357338387,0.0749041903558644,0.07095388502842703,0.0868039587281533
0.0750726468730259,0.0729947357338387,0.0749041903558644,0.07095388502842703,0.0868039587281533,0.08710886502421562
0.0729947357338387,0.0749041903558644,0.07095388502842703,0.0868039587281533,0.08710886502421562,0.07727100442198358
0.0749041903558644,0.07095388502842703,0.0868039587281533,0.08710886502421562,0.07727100442198358,0.07235207412086755
0.07095388502842703,0.0868039587281533,0.08710886502421562,0.07727100442198358,0.07235207412086755,0.07075847546851968
0.0868039587281533,0.08710886502421562,0.07727100442198358,0.07235207412086755,0.07075847546851968,0.0719107180459044
0.08710886502421562,0.07727100442198358,0.07235207412086755,0.07075847546851968,0.0719107180459044,0.07075005264266161
0.07727100442198358,0.07235207412086755,0.07075847546851968,0.0719107180459044,0.07075005264266161,0.0679216677195199
0.07235207412086755,0.07075847546851968,0.0719107180459044,0.07075005264266161,0.0679216677195199,0.09120825436934092
0.07075847546851968,0.0719107180459044,0.07075005264266161,0.0679216677195199,0.09120825436934092,0.08074963150136871
0.0719107180459044,0.07075005264266161,0.0679216677195199,0.09120825436934092,0.08074963150136871,0.08752158349126131
0.07075005264266161,0.0679216677195199,0.09120825436934092,0.08074963150136871,0.08752158349126131,0.08279216677195199
0.0679216677195199,0.09120825436934092,0.08074963150136871,0.08752158349126131,0.08279216677195199,0.08336070751737208
0.09120825436934092,0.08074963150136871,0.08752158349126131,0.08279216677195199,0.08336070751737208,0.08699936828806065
0.08074963150136871,0.08752158349126131,0.08279216677195199,0.08336070751737208,0.08699936828806065,0.08727732154137714
0.08752158349126131,0.08279216677195199,0.08336070751737208,0.08699936828806065,0.08727732154137714,0.1213729206148663
0.08279216677195199,0.08336070751737208,0.08699936828806065,0.08727732154137714,0.1213729206148663,0.15235207412086754
0.08336070751737208,0.08699936828806065,0.08727732154137714,0.1213729206148663,0.15235207412086754,0.14073025900189512
0.08699936828806065,0.08727732154137714,0.1213729206148663,0.15235207412086754,0.14073025900189512,0.14013560749631498
0.08727732154137714,0.1213729206148663,0.15235207412086754,0.14073025900189512,0.14013560749631498,0.10791324489366183
0.1213729206148663,0.15235207412086754,0.14073025900189512,0.14013560749631498,0.10791324489366183,0.07241103390187408
0.15235207412086754,0.14073025900189512,0.14013560749631498,0.10791324489366183,0.07241103390187408,0.06443461781427669
0.14073025900189512,0.14013560749631498,0.10791324489366183,0.07241103390187408,0.06443461781427669,0.055161086544535685
0.14013560749631498,0.10791324489366183,0.07241103390187408,0.06443461781427669,0.055161086544535685,0.05407285744367236
0.10791324489366183,0.07241103390187408,0.06443461781427669,0.055161086544535685,0.05407285744367236,0.049273531269740996
0.07241103390187408,0.06443461781427669,0.055161086544535685,0.05407285744367236,0.049273531269740996,0.06444135607496315
0.06443461781427669,0.055161086544535685,0.05407285744367236,0.049273531269740996,0.06444135607496315,0.12509580964413558
0.055161086544535685,0.05407285744367236,0.049273531269740996,0.06444135607496315,0.12509580964413558,0.05948199620972837
0.05407285744367236,0.049273531269740996,0.06444135607496315,0.12509580964413558,0.05948199620972837,0.07413771320277952
0.049273531269740996,0.06444135607496315,0.12509580964413558,0.05948199620972837,0.07413771320277952,0.06327226784586229
0.06444135607496315,0.12509580964413558,0.05948199620972837,0.07413771320277952,0.06327226784586229,0.08661191829858918
0.12509580964413558,0.05948199620972837,0.07413771320277952,0.06327226784586229,0.08661191829858918,0.06387028848178564
0.05948199620972837,0.07413771320277952,0.06327226784586229,0.08661191829858918,0.06387028848178564,0.07731059170351653
0.07413771320277952,0.06327226784586229,0.08661191829858918,0.06387028848178564,0.07731059170351653,0.07841229732575279
0.06327226784586229,0.08661191829858918,0.06387028848178564,0.07731059170351653,0.07841229732575279,0.043798694461992
0.08661191829858918,0.06387028848178564,0.07731059170351653,0.07841229732575279,0.043798694461992,0.04829648347020426
0.06387028848178564,0.07731059170351653,0.07841229732575279,0.043798694461992,0.04829648347020426,0.04117666877237313
0.07731059170351653,0.07841229732575279,0.043798694461992,0.04829648347020426,0.04117666877237313,0.07315476942514214
0.07841229732575279,0.043798694461992,0.04829648347020426,0.04117666877237313,0.07315476942514214,0.04103600758054327
0.043798694461992,0.04829648347020426,0.04117666877237313,0.07315476942514214,0.04103600758054327,0.040673826068646037
0.04829648347020426,0.04117666877237313,0.07315476942514214,0.04103600758054327,0.040673826068646037,0.04067466835123183
0.04117666877237313,0.07315476942514214,0.04103600758054327,0.040673826068646037,0.04067466835123183,0.05337544746262372
0.07315476942514214,0.04103600758054327,0.040673826068646037,0.04067466835123183,0.05337544746262372,0.05934554643082754
0.04103600758054327,0.040673826068646037,0.04067466835123183,0.05337544746262372,0.05934554643082754,0.05470878079595705
0.040673826068646037,0.04067466835123183,0.05337544746262372,0.05934554643082754,0.05470878079595705,0.05303011160244263
0.04067466835123183,0.05337544746262372,0.05934554643082754,0.05470878079595705,0.05303011160244263,0.043773425984417774
0.05337544746262372,0.05934554643082754,0.05470878079595705,0.05303011160244263,0.043773425984417774,0.04188671299220889
0.05934554643082754,0.05470878079595705,0.05303011160244263,0.043773425984417774,0.04188671299220889,0.04326805643293325
0.05470878079595705,0.05303011160244263,0.043773425984417774,0.04188671299220889,0.04326805643293325,0.0430827542640556
0.05303011160244263,0.043773425984417774,0.04188671299220889,0.04326805643293325,0.0430827542640556,0.019347230995999158
0.043773425984417774,0.04188671299220889,0.04326805643293325,0.0430827542640556,0.019347230995999158,0.0007850073699726276
0.04188671299220889,0.04326805643293325,0.0430827542640556,0.019347230995999158,0.0007850073699726276,0.0006485575910718072
0.04326805643293325,0.0430827542640556,0.019347230995999158,0.0007850073699726276,0.0006485575910718072,0.000598020635923353
0.0430827542640556,0.019347230995999158,0.0007850073699726276,0.0006485575910718072,0.000598020635923353,0.000682248894504108
0.019347230995999158,0.0007850073699726276,0.0006485575910718072,0.000598020635923353,0.000682248894504108,0.0011539271425563284
0.0007850073699726276,0.0006485575910718072,0.000598020635923353,0.000682248894504108,0.0011539271425563284,0.000795957043588124
0.0006485575910718072,0.000598020635923353,0.000682248894504108,0.0011539271425563284,0.000795957043588124,0.0010275847546851989
0.000598020635923353,0.000682248894504108,0.0011539271425563284,0.000795957043588124,0.0010275847546851989,0.0007327858496525593
0.000682248894504108,0.0011539271425563284,0.000795957043588124,0.0010275847546851989,0.0007327858496525593,0.0007378395451674047
0.0011539271425563284,0.000795957043588124,0.0010275847546851989,0.0007327858496525593,0.0007378395451674047,0.000741208675510636
0.000795957043588124,0.0010275847546851989,0.0007327858496525593,0.0007378395451674047,0.000741208675510636,0.0006906717203621817
0.0010275847546851989,0.0007327858496525593,0.0007378395451674047,0.000741208675510636,0.0006906717203621817,0.0006814066119182995
0.0007327858496525593,0.0007378395451674047,0.000741208675510636,0.0006906717203621817,0.0006814066119182995,0.0006064434617814297
0.0007378395451674047,0.000741208675510636,0.0006906717203621817,0.0006814066119182995,0.0006064434617814297,0.000682248894504108
0.000741208675510636,0.0006906717203621817,0.0006814066119182995,0.0006064434617814297,0.000682248894504108,0.0007748999789429368
0.0006906717203621817,0.0006814066119182995,0.0006064434617814297,0.000682248894504108,0.0007748999789429368,0.0009265108443882935
0.0006814066119182995,0.0006064434617814297,0.000682248894504108,0.0007748999789429368,0.0009265108443882935,0.0006738260686460313
0.0006064434617814297,0.000682248894504108,0.0007748999789429368,0.0009265108443882935,0.0006738260686460313,0.000656980416929881
0.000682248894504108,0.0007748999789429368,0.0009265108443882935,0.0006738260686460313,0.000656980416929881,0.0007075173720783351
0.0007748999789429368,0.0009265108443882935,0.0006738260686460313,0.000656980416929881,0.0007075173720783351,0.000656980416929881
0.0009265108443882935,0.0006738260686460313,0.000656980416929881,0.0007075173720783351,0.000656980416929881,0.0007243630237944856
0.0006738260686460313,0.000656980416929881,0.0007075173720783351,0.000656980416929881,0.0007243630237944856,0.000682248894504108
0.000656980416929881,0.0007075173720783351,0.000656980416929881,0.0007243630237944856,0.000682248894504108,0.000682248894504108
0.0007075173720783351,0.000656980416929881,0.0007243630237944856,0.000682248894504108,0.000682248894504108,0.0007664771530848601
0.000656980416929881,0.0007243630237944856,0.000682248894504108,0.000682248894504108,0.0007664771530848601,0.0009602021478205943
0.0007243630237944856,0.000682248894504108,0.000682248894504108,0.0007664771530848601,0.0009602021478205943,0.000741208675510636
0.000682248894504108,0.000682248894504108,0.0007664771530848601,0.0009602021478205943,0.000741208675510636,0.000656980416929881
0.000682248894504108,0.0007664771530848601,0.0009602021478205943,0.000741208675510636,0.000656980416929881,0.000682248894504108
0.0007664771530848601,0.0009602021478205943,0.000741208675510636,0.000656980416929881,0.000682248894504108,0.0007243630237944856
0.0009602021478205943,0.000741208675510636,0.000656980416929881,0.000682248894504108,0.0007243630237944856,0.00047167824805222346
0.000741208675510636,0.000656980416929881,0.000682248894504108,0.0007243630237944856,0.00047167824805222346,0.005163192251000212
0.000656980416929881,0.000682248894504108,0.0007243630237944856,0.00047167824805222346,0.005163192251000212,0.005298799747315224
0.000682248894504108,0.0007243630237944856,0.00047167824805222346,0.005163192251000212,0.005298799747315224,0.005398189092440516
0.0007243630237944856,0.00047167824805222346,0.005163192251000212,0.005298799747315224,0.005398189092440516,0.005559065066329755
0.00047167824805222346,0.005163192251000212,0.005298799747315224,0.005398189092440516,0.005559065066329755,0.00717624763108023
0.005163192251000212,0.005298799747315224,0.005398189092440516,0.005559065066329755,0.00717624763108023,0.005314803116445569
0.005298799747315224,0.005398189092440516,0.005559065066329755,0.00717624763108023,0.005314803116445569,0.005154769425142136
0.005398189092440516,0.005559065066329755,0.00717624763108023,0.005314803116445569,0.005154769425142136,0.005163192251000212
0.005559065066329755,0.00717624763108023,0.005314803116445569,0.005154769425142136,0.005163192251000212,0.005238997683722891
0.00717624763108023,0.005314803116445569,0.005154769425142136,0.005163192251000212,0.005238997683722891,0.005222152032006741
0.005314803116445569,0.005154769425142136,0.005163192251000212,0.005238997683722891,0.005222152032006741,0.006957254158770269
0.005154769425142136,0.005163192251000212,0.005238997683722891,0.005222152032006741,0.006957254158770269,0.007134133501789853
0.005163192251000212,0.005238997683722891,0.005222152032006741,0.006957254158770269,0.007134133501789853,0.005697199410402192
0.005238997683722891,0.005222152032006741,0.006957254158770269,0.007134133501789853,0.005697199410402192,0.010974942093072227
0.005222152032006741,0.006957254158770269,0.007134133501789853,0.005697199410402192,0.010974942093072227,0.028368077489997895
0.006957254158770269,0.007134133501789853,0.005697199410402192,0.010974942093072227,0.028368077489997895,0.028039587281532954
0.007134133501789853,0.005697199410402192,0.010974942093072227,0.028368077489997895,0.028039587281532954,0.02790482206780375
0.005697199410402192,0.010974942093072227,0.028368077489997895,0.028039587281532954,0.02790482206780375,0.02782901663508107
0.010974942093072227,0.028368077489997895,0.028039587281532954,0.02790482206780375,0.02782901663508107,0.0279216677195199
0.028368077489997895,0.028039587281532954,0.02790482206780375,0.02782901663508107,0.0279216677195199,0.027854285112655298
0.028039587281532954,0.02790482206780375,0.02782901663508107,0.0279216677195199,0.027854285112655298,0.028022741629816807
0.02790482206780375,0.02782901663508107,0.0279216677195199,0.027854285112655298,0.028022741629816807,0.017308907138344917
0.02782901663508107,0.0279216677195199,0.027854285112655298,0.028022741629816807,0.017308907138344917,0.0006906717203621817
0.0279216677195199,0.027854285112655298,0.028022741629816807,0.017308907138344917,0.0006906717203621817,0.00034533586018109085
0.027854285112655298,0.028022741629816807,0.017308907138344917,0.0006906717203621817,0.00034533586018109085,0.0001937249947357342
0.028022741629816807,0.017308907138344917,0.0006906717203621817,0.00034533586018109085,0.0001937249947357342,0.012693198568119604
0.017308907138344917,0.0006906717203621817,0.00034533586018109085,0.0001937249947357342,0.012693198568119604,0.06708780795957044
0.0006906717203621817,0.00034533586018109085,0.0001937249947357342,0.012693198568119604,0.06708780795957044,0.06844388292272058
0.00034533586018109085,0.0001937249947357342,0.012693198568119604,0.06708780795957044,0.06844388292272058,0.1009054537797431
0.0001937249947357342,0.012693198568119604,0.06708780795957044,0.06844388292272058,0.1009054537797431,0.08411876184459886
0.012693198568119604,0.06708780795957044,0.06844388292272058,0.1009054537797431,0.08411876184459886,0.10023162771109709
0.06708780795957044,0.06844388292272058,0.1009054537797431,0.08411876184459886,0.10023162771109709,0.08257738471257108
0.06844388292272058,0.1009054537797431,0.08411876184459886,0.10023162771109709,0.08257738471257108,0.1132533164876816
0.1009054537797431,0.08411876184459886,0.10023162771109709,0.08257738471257108,0.1132533164876816,0.05285323225942304
0.08411876184459886,0.10023162771109709,0.08257738471257108,0.1132533164876816,0.05285323225942304,0.0529374605180038
0.10023162771109709,0.08257738471257108,0.1132533164876816,0.05285323225942304,0.0529374605180038,0.05363655506422405
0.08257738471257108,0.1132533164876816,0.05285323225942304,0.0529374605180038,0.05363655506422405,0.05338387028848178
0.1132533164876816,0.05285323225942304,0.0529374605180038,0.05363655506422405,0.05338387028848178,0.05877447883765003
0.05285323225942304,0.0529374605180038,0.05363655506422405,0.05338387028848178,0.05877447883765003,0.05464729416719309
0.0529374605180038,0.05363655506422405,0.05338387028848178,0.05877447883765003,0.05464729416719309,0.07231669825226364
0.05363655506422405,0.05338387028848178,0.05877447883765003,0.05464729416719309,0.07231669825226364,0.06152032006738261
0.05338387028848178,0.05877447883765003,0.05464729416719309,0.07231669825226364,0.06152032006738261,0.053678669193514425
0.05877447883765003,0.05464729416719309,0.07231669825226364,0.06152032006738261,0.053678669193514425,0.04982775321120236
0.05464729416719309,0.07231669825226364,0.06152032006738261,0.053678669193514425,0.04982775321120236,0.048616550852811115
0.07231669825226364,0.06152032006738261,0.053678669193514425,0.04982775321120236,0.048616550852811115,0.052061486628763955
0.06152032006738261,0.053678669193514425,0.04982775321120236,0.048616550852811115,0.052061486628763955,0.0507820593809223
0.053678669193514425,0.04982775321120236,0.048616550852811115,0.052061486628763955,0.0507820593809223,0.05227205727521584
0.04982775321120236,0.048616550852811115,0.052061486628763955,0.0507820593809223,0.05227205727521584,0.050225310591703515
0.048616550852811115,0.052061486628763955,0.0507820593809223,0.05227205727521584,0.050225310591703515,0.05417561591914088
0.052061486628763955,0.0507820593809223,0.05227205727521584,0.050225310591703515,0.05417561591914088,0.05258370183196463
0.0507820593809223,0.05227205727521584,0.050225310591703515,0.05417561591914088,0.05258370183196463,0.05182901663508108
0.05227205727521584,0.050225310591703515,0.05417561591914088,0.05258370183196463,0.05182901663508108,0.035613392293114346
0.050225310591703515,0.05417561591914088,0.05258370183196463,0.05182901663508108,0.035613392293114346,0.03323057485786481
0.05417561591914088,0.05258370183196463,0.05182901663508108,0.035613392293114346,0.03323057485786481,0.03327858496525585
0.05258370183196463,0.05182901663508108,0.035613392293114346,0.03323057485786481,0.03327858496525585,0.03150979153506001
0.05182901663508108,0.035613392293114346,0.03323057485786481,0.03327858496525585,0.03150979153506001,0.03177089913666035
0.035613392293114346,0.03323057485786481,0.03327858496525585,0.03150979153506001,0.03177089913666035,0.0316866708780796
0.03323057485786481,0.03327858496525585,0.03150979153506001,0.03177089913666035,0.0316866708780796,0.031147610023162773
0.03327858496525585,0.03150979153506001,0.03177089913666035,0.0316866708780796,0.031147610023162773,0.03054116656138135
0.03150979153506001,0.03177089913666035,0.0316866708780796,0.031147610023162773,0.03054116656138135,0.030372710044219837
0.03177089913666035,0.0316866708780796,0.031147610023162773,0.03054116656138135,0.030372710044219837,0.03051589808380712
0.0316866708780796,0.031147610023162773,0.03054116656138135,0.030372710044219837,0.03051589808380712,0.030414824173510213
0.031147610023162773,0.03054116656138135,0.030372710044219837,0.03051589808380712,0.030414824173510213,0.030675931775110552
0.03054116656138135,0.030372710044219837,0.03051589808380712,0.030414824173510213,0.030675931775110552,0.03052600547483681
0.030372710044219837,0.03051589808380712,0.030414824173510213,0.030675931775110552,0.03052600547483681,0.030728153295430615
0.03051589808380712,0.030414824173510213,0.030675931775110552,0.03052600547483681,0.030728153295430615,0.03122341545588545
0.030414824173510213,0.030675931775110552,0.03052600547483681,0.030728153295430615,0.03122341545588545,0.04966940408507054
0.030675931775110552,0.03052600547483681,0.030728153295430615,0.03122341545588545,0.04966940408507054,0.061793219625184255
0.03052600547483681,0.030728153295430615,0.03122341545588545,0.04966940408507054,0.061793219625184255,0.061410823331227625
0.030728153295430615,0.03122341545588545,0.04966940408507054,0.061793219625184255,0.061410823331227625,0.06145293746051801
0.03122341545588545,0.04966940408507054,0.061793219625184255,0.061410823331227625,0.06145293746051801,0.061872394188250156
0.04966940408507054,0.061793219625184255,0.061410823331227625,0.06145293746051801,0.061872394188250156,0.06161549799957886
0.061793219625184255,0.061410823331227625,0.06145293746051801,0.061872394188250156,0.06161549799957886,0.057847967993261744
0.061410823331227625,0.06145293746051801,0.061872394188250156,0.06161549799957886,0.057847967993261744,0.04941166561381344
0.06145293746051801,0.061872394188250156,0.06161549799957886,0.057847967993261744,0.04941166561381344,0.050183196462413135
0.061872394188250156,0.06161549799957886,0.057847967993261744,0.04941166561381344,0.050183196462413135,0.05290376921457149
0.06161549799957886,0.057847967993261744,0.04941166561381344,0.050183196462413135,0.05290376921457149,0.04837397346809855
0.057847967993261744,0.04941166561381344,0.050183196462413135,0.05290376921457149,0.04837397346809855,0.10159612550010527
0.04941166561381344,0.050183196462413135,0.05290376921457149,0.04837397346809855,0.10159612550010527,0.10858707096230787
0.050183196462413135,0.05290376921457149,0.04837397346809855,0.10159612550010527,0.10858707096230787,0.08696146557169931
0.05290376921457149,0.04837397346809855,0.10159612550010527,0.10858707096230787,0.08696146557169931,0.07207412086755106
0.04837397346809855,0.10159612550010527,0.10858707096230787,0.08696146557169931,0.07207412086755106,0.057273531269741
0.10159612550010527,0.10858707096230787,0.08696146557169931,0.07207412086755106,0.057273531269741,0.05635544325121078
0.10858707096230787,0.08696146557169931,0.07207412086755106,0.057273531269741,0.05635544325121078,0.056103600758054324
0.08696146557169931,0.07207412086755106,0.057273531269741,0.05635544325121078,0.056103600758054324,0.05788165929669404
0.07207412086755106,0.057273531269741,0.05635544325121078,0.056103600758054324,0.05788165929669404,0.06516740366392926
0.057273531269741,0.05635544325121078,0.056103600758054324,0.05788165929669404,0.06516740366392926,0.09113497578437565
0.05635544325121078,0.056103600758054324,0.05788165929669404,0.06516740366392926,0.09113497578437565,0.1319351442408928
0.056103600758054324,0.05788165929669404,0.06516740366392926,0.09113497578437565,0.1319351442408928,0.12956833017477362
0.05788165929669404,0.06516740366392926,0.09113497578437565,0.1319351442408928,0.12956833017477362,0.12241735102126762
0.06516740366392926,0.09113497578437565,0.1319351442408928,0.12956833017477362,0.12241735102126762,0.11554432512107812
0.09113497578437565,0.1319351442408928,0.12956833017477362,0.12241735102126762,0.11554432512107812,0.11368288060644348
0.1319351442408928,0.12956833017477362,0.12241735102126762,0.11554432512107812,0.11368288060644348,0.10054327226784586
0.12956833017477362,0.12241735102126762,0.11554432512107812,0.11368288060644348,0.10054327226784586,0.10269951568751315
0.12241735102126762,0.11554432512107812,0.11368288060644348,0.10054327226784586,0.10269951568751315,0.10732364708359655
0.11554432512107812,0.11368288060644348,0.10054327226784586,0.10269951568751315,0.10732364708359655,0.1080648557591072
0.11368288060644348,0.10054327226784586,0.10269951568751315,0.10732364708359655,0.1080648557591072,0.10353337544746262
0.10054327226784586,0.10269951568751315,0.10732364708359655,0.1080648557591072,0.10353337544746262,0.09541377132027797
0.10269951568751315,0.10732364708359655,0.1080648557591072,0.10353337544746262,0.09541377132027797,0.08953295430616973
0.10732364708359655,0.1080648557591072,0.10353337544746262,0.09541377132027797,0.08953295430616973,0.08967782691092861
0.1080648557591072,0.10353337544746262,0.09541377132027797,0.08953295430616973,0.08967782691092861,0.09452937460518004
0.10353337544746262,0.09541377132027797,0.08953295430616973,0.08967782691092861,0.09452937460518004,0.10352411033901875
0.09541377132027797,0.08953295430616973,0.08967782691092861,0.09452937460518004,0.10352411033901875,0.10513371236049696
0.08953295430616973,0.08967782691092861,0.09452937460518004,0.10352411033901875,0.10513371236049696,0.10226995156875132
0.08967782691092861,0.09452937460518004,0.10352411033901875,0.10513371236049696,0.10226995156875132,0.08836218151189724
0.09452937460518004,0.10352411033901875,0.10513371236049696,0.10226995156875132,0.08836218151189724,0.08145714887344704
0.10352411033901875,0.10513371236049696,0.10226995156875132,0.08836218151189724,0.08145714887344704,0.08076395030532743
0.10513371236049696,0.10226995156875132,0.08836218151189724,0.08145714887344704,0.08076395030532743,0.08295641187618445
0.10226995156875132,0.08836218151189724,0.08145714887344704,0.08076395030532743,0.08295641187618445,0.08069909454622026
0.08836218151189724,0.08145714887344704,0.08076395030532743,0.08295641187618445,0.08069909454622026,0.0868814487260476
0.08145714887344704,0.08076395030532743,0.08295641187618445,0.08069909454622026,0.0868814487260476,0.07626026531901453
0.08076395030532743,0.08295641187618445,0.08069909454622026,0.0868814487260476,0.07626026531901453,0.04090124236681407
0.08295641187618445,0.08069909454622026,0.0868814487260476,0.07626026531901453,0.04090124236681407,0.024173510212676354
0.08069909454622026,0.0868814487260476,0.07626026531901453,0.04090124236681407,0.024173510212676354,0.024485154769425144
0.0868814487260476,0.07626026531901453,0.04090124236681407,0.024173510212676354,0.024485154769425144,0.01958559696778269
0.07626026531901453,0.04090124236681407,0.024173510212676354,0.024485154769425144,0.01958559696778269,0.01957633185933881
0.04090124236681407,0.024173510212676354,0.024485154769425144,0.01958559696778269,0.01957633185933881,0.019684144030322176
0.024173510212676354,0.024485154769425144,0.01958559696778269,0.01957633185933881,0.019684144030322176,0.01968919772583702
0.024485154769425144,0.01958559696778269,0.01957633185933881,0.019684144030322176,0.01968919772583702,0.019610023162771113
0.01958559696778269,0.01957633185933881,0.019684144030322176,0.01968919772583702,0.019610023162771113,0.019869446199199836
0.01957633185933881,0.019684144030322176,0.01968919772583702,0.019610023162771113,0.019869446199199836,0.019869446199199836
0.019684144030322176,0.01968919772583702,0.019610023162771113,0.019869446199199836,0.019869446199199836,0.019599915771741423
0.01968919772583702,0.019610023162771113,0.019869446199199836,0.019869446199199836,0.019599915771741423,0.019540955990734896
0.019610023162771113,0.019869446199199836,0.019869446199199836,0.019599915771741423,0.019540955990734896,0.01965045272688987
0.019869446199199836,0.019869446199199836,0.019599915771741423,0.019540955990734896,0.01965045272688987,0.01957633185933881
0.019869446199199836,0.019599915771741423,0.019540955990734896,0.01965045272688987,0.01957633185933881,0.019574647294167195
0.019599915771741423,0.019540955990734896,0.01965045272688987,0.01957633185933881,0.019574647294167195,0.01962518424931565
0.019540955990734896,0.01965045272688987,0.01957633185933881,0.019574647294167195,0.01962518424931565,0.019608338597599497
0.01965045272688987,0.01957633185933881,0.019574647294167195,0.01962518424931565,0.019608338597599497,0.019838281743524956
0.01957633185933881,0.019574647294167195,0.01962518424931565,0.019608338597599497,0.019838281743524956,0.01997894293535481
0.019574647294167195,0.01962518424931565,0.019608338597599497,0.019838281743524956,0.01997894293535481,0.01969425142135187
0.01962518424931565,0.019608338597599497,0.019838281743524956,0.01997894293535481,0.01969425142135187,0.01968919772583702
0.019608338597599497,0.019838281743524956,0.01997894293535481,0.01969425142135187,0.01968919772583702,0.01959149294588335
0.019838281743524956,0.01997894293535481,0.01969425142135187,0.01968919772583702,0.01959149294588335,0.01959149294588335
0.01997894293535481,0.01969425142135187,0.01968919772583702,0.01959149294588335,0.01959149294588335,0.01958307012002527
0.01969425142135187,0.01968919772583702,0.01959149294588335,0.01959149294588335,0.01958307012002527,0.01961676142345757
0.01968919772583702,0.01959149294588335,0.01959149294588335,0.01958307012002527,0.01961676142345757,0.019599915771741423
0.01959149294588335,0.01959149294588335,0.01958307012002527,0.01961676142345757,0.019599915771741423,0.019776795114761006
0.01959149294588335,0.01958307012002527,0.01961676142345757,0.019599915771741423,0.019776795114761006,0.019928405980206364
0.01958307012002527,0.01961676142345757,0.019599915771741423,0.019776795114761006,0.019928405980206364,0.019642029901031796
0.01961676142345757,0.019599915771741423,0.019776795114761006,0.019928405980206364,0.019642029901031796,0.021671930932827967
0.019599915771741423,0.019776795114761006,0.019928405980206364,0.019642029901031796,0.021671930932827967,0.020231627711097076
0.019776795114761006,0.019928405980206364,0.019642029901031796,0.021671930932827967,0.020231627711097076,0.019507264687302593
0.019928405980206364,0.019642029901031796,0.021671930932827967,0.020231627711097076,0.019507264687302593,0.019465150558012213
0.019642029901031796,0.021671930932827967,0.020231627711097076,0.019507264687302593,0.019465150558012213,0.024367235207412085
0.021671930932827967,0.020231627711097076,0.019507264687302593,0.019465150558012213,0.024367235207412085,0.024224047167824808
0.020231627711097076,0.019507264687302593,0.019465150558012213,0.024367235207412085,0.024224047167824808,0.02450621183407033
0.019507264687302593,0.019465150558012213,0.024367235207412085,0.024224047167824808,0.02450621183407033,0.024459886291850915
0.019465150558012213,0.024367235207412085,0.024224047167824808,0.02450621183407033,0.024459886291850915,0.024207201516108657
0.024367235207412085,0.024224047167824808,0.02450621183407033,0.024459886291850915,0.024207201516108657,0.024218151189724153
0.024224047167824808,0.02450621183407033,0.024459886291850915,0.024207201516108657,0.024218151189724153,0.02418193303853443
0.02450621183407033,0.024459886291850915,0.024207201516108657,0.024218151189724153,0.02418193303853443,0.024198778690250583
0.024459886291850915,0.024207201516108657,0.024218151189724153,0.02418193303853443,0.024198778690250583,0.024232469993682882
0.024207201516108657,0.024218151189724153,0.02418193303853443,0.024198778690250583,0.024232469993682882,0.024266161297115185
0.024218151189724153,0.02418193303853443,0.024198778690250583,0.024232469993682882,0.024266161297115185,0.02418193303853443
0.02418193303853443,0.024198778690250583,0.024232469993682882,0.024266161297115185,0.02418193303853443,0.024367235207412085
0.024198778690250583,0.024232469993682882,0.024266161297115185,0.02418193303853443,0.024367235207412085,0.02616971994104022
0.024232469993682882,0.024266161297115185,0.02418193303853443,0.024367235207412085,0.02616971994104022,0.029791535060012638
0.024266161297115185,0.02418193303853443,0.024367235207412085,0.02616971994104022,0.029791535060012638,0.01959149294588335
0.02418193303853443,0.024367235207412085,0.02616971994104022,0.029791535060012638,0.01959149294588335,0.025436934091387663
0.024367235207412085,0.02616971994104022,0.029791535060012638,0.01959149294588335,0.025436934091387663,0.05191829858917667
0.02616971994104022,0.029791535060012638,0.01959149294588335,0.025436934091387663,0.05191829858917667,0.05383870288481786
0.029791535060012638,0.01959149294588335,0.025436934091387663,0.05191829858917667,0.05383870288481786,0.035325331648768166
0.01959149294588335,0.025436934091387663,0.05191829858917667,0.05383870288481786,0.035325331648768166,0.0006401347652137305
0.025436934091387663,0.05191829858917667,0.05383870288481786,0.035325331648768166,0.0006401347652137305,0.0008026953042745866
0.05191829858917667,0.05383870288481786,0.035325331648768166,0.0006401347652137305,0.0008026953042745866,0.0008776584544114564
0.05383870288481786,0.035325331648768166,0.0006401347652137305,0.0008026953042745866,0.0008776584544114564,0.0006662455253737633
0.035325331648768166,0.0006401347652137305,0.0008026953042745866,0.0008776584544114564,0.0006662455253737633,0.0006148662876395034
0.0006401347652137305,0.0008026953042745866,0.0008776584544114564,0.0006662455253737633,0.0006148662876395034,0.0006435038955569618
0.0008026953042745866,0.0008776584544114564,0.0006662455253737633,0.0006148662876395034,0.0006435038955569618,0.0005306380290587513
0.0008776584544114564,0.0006662455253737633,0.0006148662876395034,0.0006435038955569618,0.0005306380290587513,0.0008928195409559927
0.0006662455253737633,0.0006148662876395034,0.0006435038955569618,0.0005306380290587513,0.0008928195409559927,0.06438408085912824
0.0006148662876395034,0.0006435038955569618,0.0005306380290587513,0.0008928195409559927,0.06438408085912824,0.04678037481575069
0.0006435038955569618,0.0005306380290587513,0.0008928195409559927,0.06438408085912824,0.04678037481575069,0.05414782059380923
0.0005306380290587513,0.0008928195409559927,0.06438408085912824,0.04678037481575069,0.05414782059380923,0.08095177932196251
0.0008928195409559927,0.06438408085912824,0.04678037481575069,0.05414782059380923,0.08095177932196251,0.05273531269740998
0.06438408085912824,0.04678037481575069,0.05414782059380923,0.08095177932196251,0.05273531269740998,0.09744367235207413
0.04678037481575069,0.05414782059380923,0.08095177932196251,0.05273531269740998,0.09744367235207413,0.12590440092651087
0.05414782059380923,0.08095177932196251,0.05273531269740998,0.09744367235207413,0.12590440092651087,0.15566140240050538
0.08095177932196251,0.05273531269740998,0.09744367235207413,0.12590440092651087,0.15566140240050538,0.16437986944619923
0.05273531269740998,0.09744367235207413,0.12590440092651087,0.15566140240050538,0.16437986944619923,0.14349126131817225
0.09744367235207413,0.12590440092651087,0.15566140240050538,0.16437986944619923,0.14349126131817225,0.0894082964834702
0.12590440092651087,0.15566140240050538,0.16437986944619923,0.14349126131817225,0.0894082964834702,0.07249526216045483
0.15566140240050538,0.16437986944619923,0.14349126131817225,0.0894082964834702,0.07249526216045483,0.10344072436302379
0.16437986944619923,0.14349126131817225,0.0894082964834702,0.07249526216045483,0.10344072436302379,0.12114550431669824
0.14349126131817225,0.0894082964834702,0.07249526216045483,0.10344072436302379,0.12114550431669824,0.09178353337544748
0.0894082964834702,0.07249526216045483,0.10344072436302379,0.12114550431669824,0.09178353337544748,0.09976837228890292
0.07249526216045483,0.10344072436302379,0.12114550431669824,0.09178353337544748,0.09976837228890292,0.09901031796167614
0.10344072436302379,0.12114550431669824,0.09178353337544748,0.09976837228890292,0.09901031796167614,0.13457654242998526
0.12114550431669824,0.09178353337544748,0.09976837228890292,0.09901031796167614,0.13457654242998526,0.15066750894925246
0.09178353337544748,0.09976837228890292,0.09901031796167614,0.13457654242998526,0.15066750894925246,0.09797431038113287
0.09976837228890292,0.09901031796167614,0.13457654242998526,0.15066750894925246,0.09797431038113287,0.03353969256685618
0.09901031796167614,0.13457654242998526,0.15066750894925246,0.09797431038113287,0.03353969256685618,0.03318172246788798
0.13457654242998526,0.15066750894925246,0.09797431038113287,0.03353969256685618,0.03318172246788798,0.03307643714466204
0.15066750894925246,0.09797431038113287,0.03353969256685618,0.03318172246788798,0.03307643714466204,0.03417140450621183
0.09797431038113287,0.03353969256685618,0.03318172246788798,0.03307643714466204,0.03417140450621183,0.1477532112023584
0.03353969256685618,0.03318172246788798,0.03307643714466204,0.03417140450621183,0.1477532112023584,0.14842703727100445
0.03318172246788798,0.03307643714466204,0.03417140450621183,0.1477532112023584,0.14842703727100445,0.14760160033691305
0.03307643714466204,0.03417140450621183,0.1477532112023584,0.14842703727100445,0.14760160033691305,0.1356664560960202
0.03417140450621183,0.1477532112023584,0.14842703727100445,0.14760160033691305,0.1356664560960202,0.13089071383449144
0.1477532112023584,0.14842703727100445,0.14760160033691305,0.1356664560960202,0.13089071383449144,0.15898926089703094
0.14842703727100445,0.14760160033691305,0.1356664560960202,0.13089071383449144,0.15898926089703094,0.03768540745420089
0.14760160033691305,0.1356664560960202,0.13089071383449144,0.15898926089703094,0.03768540745420089,0.06488102758475468
0.1356664560960202,0.13089071383449144,0.15898926089703094,0.03768540745420089,0.06488102758475468,0.1520320067382607
0.13089071383449144,0.15898926089703094,0.03768540745420089,0.06488102758475468,0.1520320067382607,0.1382354179827332
0.15898926089703094,0.03768540745420089,0.06488102758475468,0.1520320067382607,0.1382354179827332,0.13425142135186355
0.03768540745420089,0.06488102758475468,0.1520320067382607,0.1382354179827332,0.13425142135186355,0.13155611707727943
0.06488102758475468,0.1520320067382607,0.1382354179827332,0.13425142135186355,0.13155611707727943,0.13397346809854707
0.1520320067382607,0.1382354179827332,0.13425142135186355,0.13155611707727943,0.13397346809854707,0.14355022109917878
0.1382354179827332,0.13425142135186355,0.13155611707727943,0.13397346809854707,0.14355022109917878,0.15405348494419877
0.13425142135186355,0.13155611707727943,0.13397346809854707,0.14355022109917878,0.15405348494419877,0.1745462202568962
0.13155611707727943,0.13397346809854707,0.14355022109917878,0.15405348494419877,0.1745462202568962,0.1602442619498842
0.13397346809854707,0.14355022109917878,0.15405348494419877,0.1745462202568962,0.1602442619498842,0.15124868393345967
0.14355022109917878,0.15405348494419877,0.1745462202568962,0.1602442619498842,0.15124868393345967,0.15097494209307222
0.15405348494419877,0.1745462202568962,0.1602442619498842,0.15124868393345967,0.15097494209307222,0.1529164034533586
0.1745462202568962,0.1602442619498842,0.15124868393345967,0.15097494209307222,0.1529164034533586,0.15101031796167613
0.1602442619498842,0.15124868393345967,0.15097494209307222,0.1529164034533586,0.15101031796167613,0.15081322383659718
0.15124868393345967,0.15097494209307222,0.1529164034533586,0.15101031796167613,0.15081322383659718,0.15386818277532113
0.15097494209307222,0.1529164034533586,0.15101031796167613,0.15081322383659718,0.15386818277532113,0.1496399241945673
0.1529164034533586,0.15101031796167613,0.15081322383659718,0.15386818277532113,0.1496399241945673,0.14356706675089492
0.15101031796167613,0.15081322383659718,0.15386818277532113,0.1496399241945673,0.14356706675089492,0.1504148241735102
0.15081322383659718,0.15386818277532113,0.1496399241945673,0.14356706675089492,0.1504148241735102,0.1873068014318804
0.15386818277532113,0.1496399241945673,0.14356706675089492,0.1504148241735102,0.1873068014318804,0.21671930932827965
0.1496399241945673,0.14356706675089492,0.1504148241735102,0.1873068014318804,0.21671930932827965,0.2061419246157086
0.14356706675089492,0.1504148241735102,0.1873068014318804,0.21671930932827965,0.2061419246157086,0.19642029901031796
0.1504148241735102,0.1873068014318804,0.21671930932827965,0.2061419246157086,0.19642029901031796,0.18636344493577595
0.1873068014318804,0.21671930932827965,0.2061419246157086,0.19642029901031796,0.18636344493577595,0.13461360286376078
0.21671930932827965,0.2061419246157086,0.19642029901031796,0.18636344493577595,0.13461360286376078,0.13371236049694674
0.2061419246157086,0.19642029901031796,0.18636344493577595,0.13461360286376078,0.13371236049694674,0.1386902505790693
0.19642029901031796,0.18636344493577595,0.13461360286376078,0.13371236049694674,0.1386902505790693,0.15546515055801224
0.18636344493577595,0.13461360286376078,0.13371236049694674,0.1386902505790693,0.15546515055801224,0.15330385344283007
0.13461360286376078,0.13371236049694674,0.1386902505790693,0.15546515055801224,0.15330385344283007,0.15192251000210572
0.13371236049694674,0.1386902505790693,0.15546515055801224,0.15330385344283007,0.15192251000210572,0.17360286376079176
0.1386902505790693,0.15546515055801224,0.15330385344283007,0.15192251000210572,0.17360286376079176,0.2103432301537166
0.15546515055801224,0.15330385344283007,0.15192251000210572,0.17360286376079176,0.2103432301537166,0.19166392924826278
0.15330385344283007,0.15192251000210572,0.17360286376079176,0.2103432301537166,0.19166392924826278,0.1908502842703727
0.15192251000210572,0.17360286376079176,0.2103432301537166,0.19166392924826278,0.1908502842703727,0.24122130974942096
0.17360286376079176,0.2103432301537166,0.19166392924826278,0.1908502842703727,0.24122130974942096,0.15146767740576964
0.2103432301537166,0.19166392924826278,0.1908502842703727,0.24122130974942096,0.15146767740576964,0.144131396083386
0.19166392924826278,0.1908502842703727,0.24122130974942096,0.15146767740576964,0.144131396083386,0.23743777637397348
0.1908502842703727,0.24122130974942096,0.15146767740576964,0.144131396083386,0.23743777637397348,0.21787323647083598
0.24122130974942096,0.15146767740576964,0.144131396083386,0.23743777637397348,0.21787323647083598,0.18235417982733207
0.15146767740576964,0.144131396083386,0.23743777637397348,0.21787323647083598,0.18235417982733207,0.1805011581385555
0.144131396083386,0.23743777637397348,0.21787323647083598,0.18235417982733207,0.1805011581385555,0.19781259212465782
0.23743777637397348,0.21787323647083598,0.18235417982733207,0.1805011581385555,0.19781259212465782,0.20470077911139187
0.21787323647083598,0.18235417982733207,0.1805011581385555,0.19781259212465782,0.20470077911139187,0.20206611918298592
0.18235417982733207,0.1805011581385555,0.19781259212465782,0.20470077911139187,0.20206611918298592,0.19705201094967362
0.1805011581385555,0.19781259212465782,0.20470077911139187,0.20206611918298592,0.19705201094967362,0.1894184038744999
0.19781259212465782,0.20470077911139187,0.20206611918298592,0.19705201094967362,0.1894184038744999,0.19256264476731944
0.20470077911139187,0.20206611918298592,0.19705201094967362,0.1894184038744999,0.19256264476731944,0.18670035797009898
0.20206611918298592,0.19705201094967362,0.1894184038744999,0.19256264476731944,0.18670035797009898,0.1366687723731312
0.19705201094967362,0.1894184038744999,0.19256264476731944,0.18670035797009898,0.1366687723731312,0.13941461360286375
0.1894184038744999,0.19256264476731944,0.18670035797009898,0.1366687723731312,0.13941461360286375,0.1395746472941672
0.19256264476731944,0.18670035797009898,0.1366687723731312,0.13941461360286375,0.1395746472941672,0.13757001473994523
0.18670035797009898,0.1366687723731312,0.13941461360286375,0.1395746472941672,0.13757001473994523,0.13554937881659296
0.1366687723731312,0.13941461360286375,0.1395746472941672,0.13757001473994523,0.13554937881659296,0.13919562013055378
0.13941461360286375,0.1395746472941672,0.13757001473994523,0.13554937881659296,0.13919562013055378,0.12815329543061696
0.1395746472941672,0.13757001473994523,0.13554937881659296,0.13919562013055378,0.12815329543061696,0.11331311855127396
0.13757001473994523,0.13554937881659296,0.13919562013055378,0.12815329543061696,0.11331311855127396,0.10263213308064857
0.13554937881659296,0.13919562013055378,0.12815329543061696,0.11331311855127396,0.10263213308064857,0.09531269740998105
0.13919562013055378,0.12815329543061696,0.11331311855127396,0.10263213308064857,0.09531269740998105,0.09483006948831334
0.12815329543061696,0.11331311855127396,0.10263213308064857,0.09531269740998105,0.09483006948831334,0.09708991366603495
0.11331311855127396,0.10263213308064857,0.09531269740998105,0.09483006948831334,0.09708991366603495,0.0960117919562013
0.10263213308064857,0.09531269740998105,0.09483006948831334,0.09708991366603495,0.0960117919562013,0.09736786691935145
0.09531269740998105,0.09483006948831334,0.09708991366603495,0.0960117919562013,0.09736786691935145,0.09575910718045906
0.09483006948831334,0.09708991366603495,0.0960117919562013,0.09736786691935145,0.09575910718045906,0.09631501368709203
0.09708991366603495,0.0960117919562013,0.09736786691935145,0.09575910718045906,0.09631501368709203,0.09757843756580334
0.0960117919562013,0.09736786691935145,0.09575910718045906,0.09631501368709203,0.09757843756580334,0.09460518003790272
0.09736786691935145,0.09575910718045906,0.09631501368709203,0.09757843756580334,0.09460518003790272,0.09335860181090755
0.09575910718045906,0.09631501368709203,0.09757843756580334,0.09460518003790272,0.09335860181090755,0.09371236049694673
0.09631501368709203,0.09757843756580334,0.09460518003790272,0.09335860181090755,0.09371236049694673,0.09308907138344914
0.09757843756580334,0.09460518003790272,0.09335860181090755,0.09371236049694673,0.09308907138344914,0.0936870920193725
0.09460518003790272,0.09335860181090755,0.09371236049694673,0.09308907138344914,0.0936870920193725,0.14242156243419665
0.09335860181090755,0.09371236049694673,0.09308907138344914,0.0936870920193725,0.14242156243419665,0.0802021478205938
0.09371236049694673,0.09308907138344914,0.0936870920193725,0.14242156243419665,0.0802021478205938,0.0318888186986734
0.09308907138344914,0.0936870920193725,0.14242156243419665,0.0802021478205938,0.0318888186986734,0.11873657612128871
0.0936870920193725,0.14242156243419665,0.0802021478205938,0.0318888186986734,0.11873657612128871,0.1036765634870499
0.14242156243419665,0.0802021478205938,0.0318888186986734,0.11873657612128871,0.1036765634870499,0.09911981469783111
0.0802021478205938,0.0318888186986734,0.11873657612128871,0.1036765634870499,0.09911981469783111,0.09739313539692568
0.0318888186986734,0.11873657612128871,0.1036765634870499,0.09911981469783111,0.09739313539692568,0.09580122130974941
0.11873657612128871,0.1036765634870499,0.09911981469783111,0.09739313539692568,0.09580122130974941,0.0948157506843546
0.1036765634870499,0.09911981469783111,0.09739313539692568,0.09580122130974941,0.0948157506843546,0.09437776373973468
0.09911981469783111,0.09739313539692568,0.09580122130974941,0.0948157506843546,0.09437776373973468,0.09460518003790272
0.09739313539692568,0.09580122130974941,0.0948157506843546,0.09437776373973468,0.09460518003790272,0.0923680774899979
0.09580122130974941,0.0948157506843546,0.09437776373973468,0.09460518003790272,0.0923680774899979,0.09245735944409349
0.0948157506843546,0.09437776373973468,0.09460518003790272,0.0923680774899979,0.09245735944409349,0.09233943988208045
0.09437776373973468,0.09460518003790272,0.0923680774899979,0.09245735944409349,0.09233943988208045,0.09288692356285536
0.09460518003790272,0.0923680774899979,0.09245735944409349,0.09233943988208045,0.09288692356285536,0.09234786270793852
0.0923680774899979,0.09245735944409349,0.09233943988208045,0.09288692356285536,0.09234786270793852,0.09762560539060854
0.09245735944409349,0.09233943988208045,0.09288692356285536,0.09234786270793852,0.09762560539060854,0.09562602653190146
0.09233943988208045,0.09288692356285536,0.09234786270793852,0.09762560539060854,0.09562602653190146,0.09574226152874289
0.09288692356285536,0.09234786270793852,0.09762560539060854,0.09562602653190146,0.09574226152874289,0.09542219414613604
0.09234786270793852,0.09762560539060854,0.09562602653190146,0.09574226152874289,0.09542219414613604,0.09605390608549169
0.09762560539060854,0.09562602653190146,0.09574226152874289,0.09542219414613604,0.09605390608549169,0.09637397346809855
0.09562602653190146,0.09574226152874289,0.09542219414613604,0.09605390608549169,0.09637397346809855,0.09706632975363234
0.09574226152874289,0.09542219414613604,0.09605390608549169,0.09637397346809855,0.09706632975363234,0.09498420720151611
0.09542219414613604,0.09605390608549169,0.09637397346809855,0.09706632975363234,0.09498420720151611,0.0954306169719941
0.09605390608549169,0.09637397346809855,0.09706632975363234,0.09498420720151611,0.0954306169719941,0.09419246157085702
0.09637397346809855,0.09706632975363234,0.09498420720151611,0.0954306169719941,0.09419246157085702,0.11874499894714678
0.09706632975363234,0.09498420720151611,0.0954306169719941,0.09419246157085702,0.11874499894714678,0.11883765003158557
0.09498420720151611,0.0954306169719941,0.09419246157085702,0.11874499894714678,0.11883765003158557,0.19028005895978103
0.0954306169719941,0.09419246157085702,0.11874499894714678,0.11883765003158557,0.19028005895978103,0.09458833438618656
0.09419246157085702,0.11874499894714678,0.11883765003158557,0.19028005895978103,0.09458833438618656,0.09354727311012845
0.11874499894714678,0.11883765003158557,0.19028005895978103,0.09458833438618656,0.09354727311012845,0.08974520951779322
0.11883765003158557,0.19028005895978103,0.09458833438618656,0.09354727311012845,0.08974520951779322,0.102345757001474
0.19028005895978103,0.09458833438618656,0.09354727311012845,0.08974520951779322,0.102345757001474,0.11567066750894923
0.09458833438618656,0.09354727311012845,0.08974520951779322,0.102345757001474,0.11567066750894923,0.11369719941040221
0.09354727311012845,0.08974520951779322,0.102345757001474,0.11567066750894923,0.11369719941040221,0.11420509580964411
0.08974520951779322,0.102345757001474,0.11567066750894923,0.11369719941040221,0.11420509580964411,0.13788923983996632
0.102345757001474,0.11567066750894923,0.11369719941040221,0.11420509580964411,0.13788923983996632,0.061899347230995994
0.11567066750894923,0.11369719941040221,0.11420509580964411,0.13788923983996632,0.061899347230995994,0.031535060012634245
0.11369719941040221,0.11420509580964411,0.13788923983996632,0.061899347230995994,0.031535060012634245,0.11459254579911561
0.11420509580964411,0.13788923983996632,0.061899347230995994,0.031535060012634245,0.11459254579911561,0.09998736576121288
0.13788923983996632,0.061899347230995994,0.031535060012634245,0.11459254579911561,0.09998736576121288,0.09367024636765635
0.061899347230995994,0.031535060012634245,0.11459254579911561,0.09998736576121288,0.09367024636765635,0.09233101705622235
0.031535060012634245,0.11459254579911561,0.09998736576121288,0.09367024636765635,0.09233101705622235,0.0908485997052011
0.11459254579911561,0.09998736576121288,0.09367024636765635,0.09233101705622235,0.0908485997052011,0.16130553800800168
0.09998736576121288,0.09367024636765635,0.09233101705622235,0.0908485997052011,0.16130553800800168,0.20762265740155822
0.09367024636765635,0.09233101705622235,0.0908485997052011,0.16130553800800168,0.20762265740155822,0.18380290587492107
0.09233101705622235,0.0908485997052011,0.16130553800800168,0.20762265740155822,0.18380290587492107,0.1848557591071805
0.0908485997052011,0.16130553800800168,0.20762265740155822,0.18380290587492107,0.1848557591071805,0.18009686249736787
0.16130553800800168,0.20762265740155822,0.18380290587492107,0.1848557591071805,0.18009686249736787,0.17232259423036428
0.20762265740155822,0.18380290587492107,0.1848557591071805,0.18009686249736787,0.17232259423036428,0.1736635081069699
0.18380290587492107,0.1848557591071805,0.18009686249736787,0.17232259423036428,0.1736635081069699,0.1716066540324279
0.1848557591071805,0.18009686249736787,0.17232259423036428,0.1736635081069699,0.1716066540324279,0.17351779321962518
0.18009686249736787,0.17232259423036428,0.1736635081069699,0.1716066540324279,0.17351779321962518,0.16650831754053486
0.17232259423036428,0.1736635081069699,0.1716066540324279,0.17351779321962518,0.16650831754053486,0.17315813855548537
0.1736635081069699,0.1716066540324279,0.17351779321962518,0.16650831754053486,0.17315813855548537,0.16815329543061697
0.1716066540324279,0.17351779321962518,0.16650831754053486,0.17315813855548537,0.16815329543061697,0.16416929879974734
0.17351779321962518,0.16650831754053486,0.17315813855548537,0.16815329543061697,0.16416929879974734,0.17210444304064015
0.16650831754053486,0.17315813855548537,0.16815329543061697,0.16416929879974734,0.17210444304064015,0.1737207833228048
0.17315813855548537,0.16815329543061697,0.16416929879974734,0.17210444304064015,0.1737207833228048,0.16086081280269532
0.16815329543061697,0.16416929879974734,0.17210444304064015,0.1737207833228048,0.16086081280269532,0.16696567698462836
0.16416929879974734,0.17210444304064015,0.1737207833228048,0.16086081280269532,0.16696567698462836,0.16779953674457782
0.17210444304064015,0.1737207833228048,0.16086081280269532,0.16696567698462836,0.16779953674457782,0.1677742682670036
0.1737207833228048,0.16086081280269532,0.16696567698462836,0.16779953674457782,0.1677742682670036,0.16210907559486207
0.16086081280269532,0.16696567698462836,0.16779953674457782,0.1677742682670036,0.16210907559486207,0.16480943356496106
0.16696567698462836,0.16779953674457782,0.1677742682670036,0.16210907559486207,0.16480943356496106,0.16145462202568964
0.16779953674457782,0.1677742682670036,0.16210907559486207,0.16480943356496106,0.16145462202568964,0.16956833017477363
0.1677742682670036,0.16210907559486207,0.16480943356496106,0.16145462202568964,0.16956833017477363,0.16906296062328913
0.16210907559486207,0.16480943356496106,0.16145462202568964,0.16956833017477363,0.16906296062328913,0.16774310381132873
0.16480943356496106,0.16145462202568964,0.16956833017477363,0.16906296062328913,0.16774310381132873,0.16120446409770478
0.16145462202568964,0.16956833017477363,0.16906296062328913,0.16774310381132873,0.16120446409770478,0.1530595914929459
0.16956833017477363,0.16906296062328913,0.16774310381132873,0.16120446409770478,0.1530595914929459,0.15267551063381765
0.16906296062328913,0.16774310381132873,0.16120446409770478,0.1530595914929459,0.15267551063381765,0.20409265108443886
0.16774310381132873,0.16120446409770478,0.1530595914929459,0.15267551063381765,0.20409265108443886,0.12290587492103602
0.16120446409770478,0.1530595914929459,0.15267551063381765,0.20409265108443886,0.12290587492103602,0.09864813644977889
0.1530595914929459,0.15267551063381765,0.20409265108443886,0.12290587492103602,0.09864813644977889,0.1734950515898084
0.15267551063381765,0.20409265108443886,0.12290587492103602,0.09864813644977889,0.1734950515898084,0.16311644556748792
0.20409265108443886,0.12290587492103602,0.09864813644977889,0.1734950515898084,0.16311644556748792,0.1679764160875974
0.12290587492103602,0.09864813644977889,0.1734950515898084,0.16311644556748792,0.1679764160875974,0.1683470204253527
0.09864813644977889,0.1734950515898084,0.16311644556748792,0.1679764160875974,0.1683470204253527,0.1693409138766056
0.1734950515898084,0.16311644556748792,0.1679764160875974,0.1683470204253527,0.1693409138766056,0.16734470414824174
0.16311644556748792,0.1679764160875974,0.1683470204253527,0.1693409138766056,0.16734470414824174,0.16439671509791537
0.1679764160875974,0.1683470204253527,0.1693409138766056,0.16734470414824174,0.16439671509791537,0.16473362813223835
0.1683470204253527,0.1693409138766056,0.16734470414824174,0.16439671509791537,0.16473362813223835,0.16283006948831333
0.1693409138766056,0.16734470414824174,0.16439671509791537,0.16473362813223835,0.16283006948831333,0.1648683933459676
0.16734470414824174,0.16439671509791537,0.16473362813223835,0.16283006948831333,0.1648683933459676,0.1707155190566435
0.16439671509791537,0.16473362813223835,0.16283006948831333,0.1648683933459676,0.1707155190566435,0.17083175405348494
0.16473362813223835,0.16283006948831333,0.1648683933459676,0.1707155190566435,0.17083175405348494,0.17291640345335862
0.16283006948831333,0.1648683933459676,0.1707155190566435,0.17083175405348494,0.17291640345335862,0.1764607285744367
0.1648683933459676,0.1707155190566435,0.17083175405348494,0.17291640345335862,0.1764607285744367,0.17158138555485364
0.1707155190566435,0.17083175405348494,0.17291640345335862,0.1764607285744367,0.17158138555485364,0.17432722678458626
0.17083175405348494,0.17291640345335862,0.1764607285744367,0.17158138555485364,0.17432722678458626,0.1678753421773005
0.17291640345335862,0.1764607285744367,0.17158138555485364,0.17432722678458626,0.1678753421773005,0.1796083385975995
0.1764607285744367,0.17158138555485364,0.17432722678458626,0.1678753421773005,0.1796083385975995,0.1722046746683512
0.17158138555485364,0.17432722678458626,0.1678753421773005,0.1796083385975995,0.1722046746683512,0.16426194988418613
0.17432722678458626,0.1678753421773005,0.1796083385975995,0.1722046746683512,0.16426194988418613,0.16077489997894293
0.1678753421773005,0.1796083385975995,0.1722046746683512,0.16426194988418613,0.16077489997894293,0.16276437144662037
0.1796083385975995,0.1722046746683512,0.16426194988418613,0.16077489997894293,0.16276437144662037,0.1646578226995157
0.1722046746683512,0.16426194988418613,0.16077489997894293,0.16276437144662037,0.1646578226995157,0.17233943988208045
0.16426194988418613,0.16077489997894293,0.16276437144662037,0.1646578226995157,0.17233943988208045,0.19671425563276476
0.16077489997894293,0.16276437144662037,0.1646578226995157,0.17233943988208045,0.19671425563276476,0.2259001895135818
0.16276437144662037,0.1646578226995157,0.17233943988208045,0.19671425563276476,0.2259001895135818,0.2167277321541377
0.1646578226995157,0.17233943988208045,0.19671425563276476,0.2259001895135818,0.2167277321541377,0.2763697620551695
0.17233943988208045,0.19671425563276476,0.2259001895135818,0.2167277321541377,0.2763697620551695,0.2870246367656349
0.19671425563276476,0.2259001895135818,0.2167277321541377,0.2763697620551695,0.2870246367656349,0.27821436091808804
0.2259001895135818,0.2167277321541377,0.2763697620551695,0.2870246367656349,0.27821436091808804,0.26495683301747736
0.2167277321541377,0.2763697620551695,0.2870246367656349,0.27821436091808804,0.26495683301747736,0.26894082964834704
0.2763697620551695,0.2870246367656349,0.27821436091808804,0.26495683301747736,0.26894082964834704,0.2653190145293746
0.2870246367656349,0.27821436091808804,0.26495683301747736,0.26894082964834704,0.2653190145293746,0.30607033059591493
0.27821436091808804,0.26495683301747736,0.26894082964834704,0.2653190145293746,0.30607033059591493,0.2331353969256686
0.26495683301747736,0.26894082964834704,0.2653190145293746,0.30607033059591493,0.2331353969256686,0.20683091177089913
0.26894082964834704,0.2653190145293746,0.30607033059591493,0.2331353969256686,0.20683091177089913,0.28104443040640137
0.2653190145293746,0.30607033059591493,0.2331353969256686,0.20683091177089913,0.28104443040640137,0.2575396925668562
0.30607033059591493,0.2331353969256686,0.20683091177089913,0.28104443040640137,0.2575396925668562,0.24984628342809012
0.2331353969256686,0.20683091177089913,0.28104443040640137,0.2575396925668562,0.24984628342809012,0.23331227626868814
0.20683091177089913,0.28104443040640137,0.2575396925668562,0.24984628342809012,0.23331227626868814,0.22928616550852812
0.28104443040640137,0.2575396925668562,0.24984628342809012,0.23331227626868814,0.22928616550852812,0.2273404927353127
0.2575396925668562,0.24984628342809012,0.23331227626868814,0.22928616550852812,0.2273404927353127,0.22810696988839754
0.24984628342809012,0.23331227626868814,0.22928616550852812,0.2273404927353127,0.22810696988839754,0.22518424931564543
0.23331227626868814,0.22928616550852812,0.2273404927353127,0.22810696988839754,0.22518424931564543,0.21004000842282586
0.22928616550852812,0.2273404927353127,0.22810696988839754,0.22518424931564543,0.21004000842282586,0.2025538008001685
0.2273404927353127,0.22810696988839754,0.22518424931564543,0.21004000842282586,0.2025538008001685,0.2333501789850495
0.22810696988839754,0.22518424931564543,0.21004000842282586,0.2025538008001685,0.2333501789850495,0.19199831543482837
0.22518424931564543,0.21004000842282586,0.2025538008001685,0.2333501789850495,0.19199831543482837,0.13206990945462205
0.21004000842282586,0.2025538008001685,0.2333501789850495,0.19199831543482837,0.13206990945462205,0.11716150768582861
0.2025538008001685,0.2333501789850495,0.19199831543482837,0.13206990945462205,0.11716150768582861,0.10239629395662245
0.2333501789850495,0.19199831543482837,0.13206990945462205,0.11716150768582861,0.10239629395662245,0.097164034533586
0.19199831543482837,0.13206990945462205,0.11716150768582861,0.10239629395662245,0.097164034533586,0.09684733628132239
0.13206990945462205,0.11716150768582861,0.10239629395662245,0.097164034533586,0.09684733628132239,0.09704779953674458
0.11716150768582861,0.10239629395662245,0.097164034533586,0.09684733628132239,0.09704779953674458,0.09677826910928616
0.10239629395662245,0.097164034533586,0.09684733628132239,0.09704779953674458,0.09677826910928616,0.09189303011160245
0.097164034533586,0.09684733628132239,0.09704779953674458,0.09677826910928616,0.09189303011160245,0.0925921246578227
0.09684733628132239,0.09704779953674458,0.09677826910928616,0.09189303011160245,0.0925921246578227,0.09133712360496947
0.09704779953674458,0.09677826910928616,0.09189303011160245,0.0925921246578227,0.09133712360496947,0.09183407033059593
0.09677826910928616,0.09189303011160245,0.0925921246578227,0.09133712360496947,0.09183407033059593,0.09158138555485365
0.09189303011160245,0.0925921246578227,0.09133712360496947,0.09183407033059593,0.09158138555485365,0.09166561381343441
0.0925921246578227,0.09133712360496947,0.09183407033059593,0.09158138555485365,0.09166561381343441,0.0914297746894083
0.09133712360496947,0.09183407033059593,0.09158138555485365,0.09166561381343441,0.0914297746894083,0.09118551273952412
0.09183407033059593,0.09158138555485365,0.09166561381343441,0.0914297746894083,0.09118551273952412,0.09138766056011792
0.09158138555485365,0.09166561381343441,0.0914297746894083,0.09118551273952412,0.09138766056011792,0.09125289534638871
0.09166561381343441,0.0914297746894083,0.09118551273952412,0.09138766056011792,0.09125289534638871,0.09216256053906086
0.0914297746894083,0.09118551273952412,0.09138766056011792,0.09125289534638871,0.09216256053906086,0.09171615076858286
0.09118551273952412,0.09138766056011792,0.09125289534638871,0.09216256053906086,0.09171615076858286,0.09201094967361549
0.09138766056011792,0.09125289534638871,0.09216256053906086,0.09171615076858286,0.09201094967361549,0.09167403663929248
0.09125289534638871,0.09216256053906086,0.09171615076858286,0.09201094967361549,0.09167403663929248,0.14130469572541587
0.09216256053906086,0.09171615076858286,0.09201094967361549,0.09167403663929248,0.14130469572541587,0.06758475468519688
0.09171615076858286,0.09201094967361549,0.09167403663929248,0.14130469572541587,0.06758475468519688,0.035350600126342384
0.09201094967361549,0.09167403663929248,0.14130469572541587,0.06758475468519688,0.035350600126342384,0.11850073699726257
0.09167403663929248,0.14130469572541587,0.06758475468519688,0.035350600126342384,0.11850073699726257,0.10286797220467468
0.14130469572541587,0.06758475468519688,0.035350600126342384,0.11850073699726257,0.10286797220467468,0.09774689408296483
0.06758475468519688,0.035350600126342384,0.11850073699726257,0.10286797220467468,0.09774689408296483,0.09574226152874289
0.035350600126342384,0.11850073699726257,0.10286797220467468,0.09774689408296483,0.09574226152874289,0.09359444093493366
0.11850073699726257,0.10286797220467468,0.09774689408296483,0.09574226152874289,0.09359444093493366,0.09396504527268898
0.10286797220467468,0.09774689408296483,0.09574226152874289,0.09359444093493366,0.09396504527268898,0.09349336702463677
0.09774689408296483,0.09574226152874289,0.09359444093493366,0.09396504527268898,0.09349336702463677,0.09424299852600547
0.09574226152874289,0.09359444093493366,0.09396504527268898,0.09349336702463677,0.09424299852600547,0.09257527900610656
0.09359444093493366,0.09396504527268898,0.09349336702463677,0.09424299852600547,0.09257527900610656,0.09154769425142135
0.09396504527268898,0.09349336702463677,0.09424299852600547,0.09257527900610656,0.09154769425142135,0.09149799957885871
0.09349336702463677,0.09424299852600547,0.09257527900610656,0.09154769425142135,0.09149799957885871,0.09313118551273954
0.09424299852600547,0.09257527900610656,0.09154769425142135,0.09149799957885871,0.09313118551273954,0.09453274373552327
0.09257527900610656,0.09154769425142135,0.09149799957885871,0.09313118551273954,0.09453274373552327,0.0951273952411034
0.09154769425142135,0.09149799957885871,0.09313118551273954,0.09453274373552327,0.0951273952411034,0.09599494630448517
0.09149799957885871,0.09313118551273954,0.09453274373552327,0.0951273952411034,0.09599494630448517,0.09559907348915563
0.09313118551273954,0.09453274373552327,0.0951273952411034,0.09599494630448517,0.09559907348915563,0.09615497999578859
0.09453274373552327,0.0951273952411034,0.09599494630448517,0.09559907348915563,0.09615497999578859,0.09654242998526005
0.0951273952411034,0.09599494630448517,0.09559907348915563,0.09615497999578859,0.09654242998526005,0.09549799957885871
0.09599494630448517,0.09559907348915563,0.09615497999578859,0.09654242998526005,0.09549799957885871,0.09530427458412297
0.09559907348915563,0.09615497999578859,0.09654242998526005,0.09549799957885871,0.09530427458412297,0.09426826700357971
0.09615497999578859,0.09654242998526005,0.09549799957885871,0.09530427458412297,0.09426826700357971,0.09380501158138554
0.09654242998526005,0.09549799957885871,0.09530427458412297,0.09426826700357971,0.09380501158138554,0.09503474415666456
0.09549799957885871,0.09530427458412297,0.09426826700357971,0.09380501158138554,0.09503474415666456,0.11888818698673403
0.09530427458412297,0.09426826700357971,0.09380501158138554,0.09503474415666456,0.11888818698673403,0.1342766898294378
0.09426826700357971,0.09380501158138554,0.09503474415666456,0.11888818698673403,0.1342766898294378,0.11957043588123814
0.09380501158138554,0.09503474415666456,0.11888818698673403,0.1342766898294378,0.11957043588123814,0.1017645820172668
0.09503474415666456,0.11888818698673403,0.1342766898294378,0.11957043588123814,0.1017645820172668,0.09308064855759107
0.11888818698673403,0.1342766898294378,0.11957043588123814,0.1017645820172668,0.09308064855759107,0.08841440303221731
0.1342766898294378,0.11957043588123814,0.1017645820172668,0.09308064855759107,0.08841440303221731,0.08945883343861866
0.11957043588123814,0.1017645820172668,0.09308064855759107,0.08841440303221731,0.08945883343861866,0.0888945041061276
0.1017645820172668,0.09308064855759107,0.08841440303221731,0.08945883343861866,0.0888945041061276,0.08919772583701832
0.09308064855759107,0.08841440303221731,0.08945883343861866,0.0888945041061276,0.08919772583701832,0.08885238997683723
0.08841440303221731,0.08945883343861866,0.0888945041061276,0.08919772583701832,0.08885238997683723,0.13949041903558645
0.08945883343861866,0.0888945041061276,0.08919772583701832,0.08885238997683723,0.13949041903558645,0.0771951989892609
0.0888945041061276,0.08919772583701832,0.08885238997683723,0.13949041903558645,0.0771951989892609,0.04194567277321541
0.08919772583701832,0.08885238997683723,0.13949041903558645,0.0771951989892609,0.04194567277321541,0.14369340913876608
0.08885238997683723,0.13949041903558645,0.0771951989892609,0.04194567277321541,0.14369340913876608,0.14287639503053273
0.13949041903558645,0.0771951989892609,0.04194567277321541,0.14369340913876608,0.14287639503053273,0.15839966308696568
0.0771951989892609,0.04194567277321541,0.14369340913876608,0.14287639503053273,0.15839966308696568,0.21068014318803957
0.04194567277321541,0.14369340913876608,0.14287639503053273,0.15839966308696568,0.21068014318803957,0.20648557591071806
0.14369340913876608,0.14287639503053273,0.15839966308696568,0.21068014318803957,0.20648557591071806,0.20929037692145716
0.14287639503053273,0.15839966308696568,0.21068014318803957,0.20648557591071806,0.20929037692145716,0.22515898083807118
0.15839966308696568,0.21068014318803957,0.20648557591071806,0.20929037692145716,0.22515898083807118,0.18276689829437778
0.21068014318803957,0.20648557591071806,0.20929037692145716,0.22515898083807118,0.18276689829437778,0.2384249315645399
0.20648557591071806,0.20929037692145716,0.22515898083807118,0.18276689829437778,0.2384249315645399,0.49449568330174765
0.20929037692145716,0.22515898083807118,0.18276689829437778,0.2384249315645399,0.49449568330174765,0.48148241735102126
0.22515898083807118,0.18276689829437778,0.2384249315645399,0.49449568330174765,0.48148241735102126,0.479890503263845
0.18276689829437778,0.2384249315645399,0.49449568330174765,0.48148241735102126,0.479890503263845,0.4960623289113497
0.2384249315645399,0.49449568330174765,0.48148241735102126,0.479890503263845,0.4960623289113497,0.5486982522636344
0.49449568330174765,0.48148241735102126,0.479890503263845,0.4960623289113497,0.5486982522636344,0.537991156032849
0.48148241735102126,0.479890503263845,0.4960623289113497,0.5486982522636344,0.537991156032849,0.5236555064224047
0.479890503263845,0.4960623289113497,0.5486982522636344,0.537991156032849,0.5236555064224047,0.5481238155401137
0.4960623289113497,0.5486982522636344,0.537991156032849,0.5236555064224047,0.5481238155401137,0.478096441356075
0.5486982522636344,0.537991156032849,0.5236555064224047,0.5481238155401137,0.478096441356075,0.47257106759317746
0.537991156032849,0.5236555064224047,0.5481238155401137,0.478096441356075,0.47257106759317746,0.48863339650452725
0.5236555064224047,0.5481238155401137,0.478096441356075,0.47257106759317746,0.48863339650452725,0.4754095599073489
0.5481238155401137,0.478096441356075,0.47257106759317746,0.48863339650452725,0.4754095599073489,0.4620256896188671
0.478096441356075,0.47257106759317746,0.48863339650452725,0.4754095599073489,0.4620256896188671,0.4835965466413982
0.47257106759317746,0.48863339650452725,0.4754095599073489,0.4620256896188671,0.4835965466413982,0.401785639081912
0.48863339650452725,0.4754095599073489,0.4620256896188671,0.4835965466413982,0.401785639081912,0.16925668561802484
0.4754095599073489,0.4620256896188671,0.4835965466413982,0.401785639081912,0.16925668561802484,0.17340913876605601
0.4620256896188671,0.4835965466413982,0.401785639081912,0.16925668561802484,0.17340913876605601,0.18531901452937458
0.4835965466413982,0.401785639081912,0.16925668561802484,0.17340913876605601,0.18531901452937458,0.17240682248894504
0.401785639081912,0.16925668561802484,0.17340913876605601,0.18531901452937458,0.17240682248894504,0.170840176879343
0.16925668561802484,0.17340913876605601,0.18531901452937458,0.17240682248894504,0.170840176879343,0.16856938302800592
0.17340913876605601,0.18531901452937458,0.17240682248894504,0.170840176879343,0.16856938302800592,0.17227205727521586
0.18531901452937458,0.17240682248894504,0.170840176879343,0.16856938302800592,0.17227205727521586,0.16866708780795958
0.17240682248894504,0.170840176879343,0.16856938302800592,0.17227205727521586,0.16866708780795958,0.16664139818909246
0.170840176879343,0.16856938302800592,0.17227205727521586,0.16866708780795958,0.16664139818909246,0.21997894293535483
0.16856938302800592,0.17227205727521586,0.16866708780795958,0.16664139818909246,0.21997894293535483,0.13424299852600546
0.17227205727521586,0.16866708780795958,0.16664139818909246,0.21997894293535483,0.13424299852600546,0.09023373341756159
0.16866708780795958,0.16664139818909246,0.21997894293535483,0.13424299852600546,0.09023373341756159,0.18736576121288692
0.16664139818909246,0.21997894293535483,0.13424299852600546,0.09023373341756159,0.18736576121288692,0.17538008001684569
0.21997894293535483,0.13424299852600546,0.09023373341756159,0.18736576121288692,0.17538008001684569,0.1743609180880185
0.13424299852600546,0.09023373341756159,0.18736576121288692,0.17538008001684569,0.1743609180880185,0.17559065066329757
0.09023373341756159,0.18736576121288692,0.17538008001684569,0.1743609180880185,0.17559065066329757,0.17090755948620764
0.18736576121288692,0.17538008001684569,0.1743609180880185,0.17559065066329757,0.17090755948620764,0.16871678248052224
0.17538008001684569,0.1743609180880185,0.17559065066329757,0.17090755948620764,0.16871678248052224,0.16933670246367657
0.1743609180880185,0.17559065066329757,0.17090755948620764,0.16871678248052224,0.16933670246367657,0.16405980206359236
0.17559065066329757,0.17090755948620764,0.16871678248052224,0.16933670246367657,0.16405980206359236,0.16942514213518634
0.17090755948620764,0.16871678248052224,0.16933670246367657,0.16405980206359236,0.16942514213518634,0.16856601389766265
0.16871678248052224,0.16933670246367657,0.16405980206359236,0.16942514213518634,0.16856601389766265,0.17176668772373133
0.16933670246367657,0.16405980206359236,0.16942514213518634,0.16856601389766265,0.17176668772373133,0.17387323647083594
0.16405980206359236,0.16942514213518634,0.16856601389766265,0.17176668772373133,0.17387323647083594,0.175194777847968
0.16942514213518634,0.16856601389766265,0.17176668772373133,0.17387323647083594,0.175194777847968,0.17128658664982102
0.16856601389766265,0.17176668772373133,0.17387323647083594,0.175194777847968,0.17128658664982102,0.16834196672983784
0.17176668772373133,0.17387323647083594,0.175194777847968,0.17128658664982102,0.16834196672983784,0.16814655716993052
0.17387323647083594,0.175194777847968,0.17128658664982102,0.16834196672983784,0.16814655716993052,0.1661907770056854
0.175194777847968,0.17128658664982102,0.16834196672983784,0.16814655716993052,0.1661907770056854,0.17575068435460098
0.17128658664982102,0.16834196672983784,0.16814655716993052,0.1661907770056854,0.17575068435460098,0.1828258580753843
0.16834196672983784,0.16814655716993052,0.1661907770056854,0.17575068435460098,0.1828258580753843,0.1767024636765635
0.16814655716993052,0.1661907770056854,0.17575068435460098,0.1828258580753843,0.1767024636765635,0.1911644556748789
0.1661907770056854,0.17575068435460098,0.1828258580753843,0.1767024636765635,0.1911644556748789,0.17768203832385762
0.17575068435460098,0.1828258580753843,0.1767024636765635,0.1911644556748789,0.17768203832385762,0.1728279637818488
0.1828258580753843,0.1767024636765635,0.1911644556748789,0.17768203832385762,0.1728279637818488,0.17522004632554225
0.1767024636765635,0.1911644556748789,0.17768203832385762,0.1728279637818488,0.17522004632554225,0.17067256264476735
0.1911644556748789,0.17768203832385762,0.1728279637818488,0.17522004632554225,0.17067256264476735,0.16455674878921878
0.17768203832385762,0.1728279637818488,0.17522004632554225,0.17067256264476735,0.16455674878921878,0.17324657822699516
0.1728279637818488,0.17522004632554225,0.17067256264476735,0.16455674878921878,0.17324657822699516,0.2056517161507686
0.17522004632554225,0.17067256264476735,0.16455674878921878,0.17324657822699516,0.2056517161507686,0.19999999999999998
0.17067256264476735,0.16455674878921878,0.17324657822699516,0.2056517161507686,0.19999999999999998,0.19540113708149084
0.16455674878921878,0.17324657822699516,0.2056517161507686,0.19999999999999998,0.19540113708149084,0.19762476310802274
0.17324657822699516,0.2056517161507686,0.19999999999999998,0.19540113708149084,0.19762476310802274,0.19726931985681198
0.2056517161507686,0.19999999999999998,0.19540113708149084,0.19762476310802274,0.19726931985681198,0.21816803537586862
0.19999999999999998,0.19540113708149084,0.19762476310802274,0.19726931985681198,0.21816803537586862,0.287706885660139
0.19540113708149084,0.19762476310802274,0.19726931985681198,0.21816803537586862,0.287706885660139,0.197054537797431
0.19762476310802274,0.19726931985681198,0.21816803537586862,0.287706885660139,0.197054537797431,0.1417393135396926
0.19726931985681198,0.21816803537586862,0.287706885660139,0.197054537797431,0.1417393135396926,0.24002526847757424
0.21816803537586862,0.287706885660139,0.197054537797431,0.1417393135396926,0.24002526847757424,0.24032006738260686
0.287706885660139,0.197054537797431,0.1417393135396926,0.24002526847757424,0.24032006738260686,0.25066329753632344
0.197054537797431,0.1417393135396926,0.24002526847757424,0.24032006738260686,0.25066329753632344,0.24838913455464312
0.1417393135396926,0.24002526847757424,0.24032006738260686,0.25066329753632344,0.24838913455464312,0.2206106548747105
0.24002526847757424,0.24032006738260686,0.25066329753632344,0.24838913455464312,0.2206106548747105,0.23599073489155611
0.24032006738260686,0.25066329753632344,0.24838913455464312,0.2206106548747105,0.23599073489155611,0.2206275005264266
0.25066329753632344,0.24838913455464312,0.2206106548747105,0.23599073489155611,0.2206275005264266,0.21388250157927985
0.24838913455464312,0.2206106548747105,0.23599073489155611,0.2206275005264266,0.21388250157927985,0.19541461360286377
0.2206106548747105,0.23599073489155611,0.2206275005264266,0.21388250157927985,0.19541461360286377,0.21133628132238366
0.23599073489155611,0.2206275005264266,0.21388250157927985,0.19541461360286377,0.21133628132238366,0.2113733417561592
0.2206275005264266,0.21388250157927985,0.19541461360286377,0.21133628132238366,0.2113733417561592,0.20522215203200678
0.21388250157927985,0.19541461360286377,0.21133628132238366,0.2113733417561592,0.20522215203200678,0.1770393767108865
0.19541461360286377,0.21133628132238366,0.2113733417561592,0.20522215203200678,0.1770393767108865,0.1630086333965045
0.21133628132238366,0.2113733417561592,0.20522215203200678,0.1770393767108865,0.1630086333965045,0.1077784796799326
0.2113733417561592,0.20522215203200678,0.1770393767108865,0.1630086333965045,0.1077784796799326,0.09884186144451464
0.20522215203200678,0.1770393767108865,0.1630086333965045,0.1077784796799326,0.09884186144451464,0.09639924194567277
0.1770393767108865,0.1630086333965045,0.1077784796799326,0.09884186144451464,0.09639924194567277,0.09771236049694673
0.1630086333965045,0.1077784796799326,0.09884186144451464,0.09639924194567277,0.09771236049694673,0.09749420930722258
0.1077784796799326,0.09884186144451464,0.09639924194567277,0.09771236049694673,0.09749420930722258,0.09068856601389766
0.09884186144451464,0.09639924194567277,0.09771236049694673,0.09749420930722258,0.09068856601389766,0.09274373552326806
0.09639924194567277,0.09771236049694673,0.09749420930722258,0.09068856601389766,0.09274373552326806,0.09162349968414403
0.09771236049694673,0.09749420930722258,0.09068856601389766,0.09274373552326806,0.09162349968414403,0.09090755948620763
0.09749420930722258,0.09068856601389766,0.09274373552326806,0.09162349968414403,0.09090755948620763,0.0908822910086334
0.09068856601389766,0.09274373552326806,0.09162349968414403,0.09090755948620763,0.0908822910086334,0.09200336913034324
0.09274373552326806,0.09162349968414403,0.09090755948620763,0.0908822910086334,0.09200336913034324,0.09094125078963992
0.09162349968414403,0.09090755948620763,0.0908822910086334,0.09200336913034324,0.09094125078963992,0.08966098125921247
0.09090755948620763,0.0908822910086334,0.09200336913034324,0.09094125078963992,0.08966098125921247,0.09075594862076226
0.0908822910086334,0.09200336913034324,0.09094125078963992,0.08966098125921247,0.09075594862076226,0.0909833649189303
0.09200336913034324,0.09094125078963992,0.08966098125921247,0.09075594862076226,0.0909833649189303,0.090122552116235
0.09094125078963992,0.08966098125921247,0.09075594862076226,0.0909833649189303,0.090122552116235,0.0906936197094125
0.08966098125921247,0.09075594862076226,0.0909833649189303,0.090122552116235,0.0906936197094125,0.08948410191619288
0.09075594862076226,0.0909833649189303,0.090122552116235,0.0906936197094125,0.08948410191619288,0.08993051168667088
0.0909833649189303,0.090122552116235,0.0906936197094125,0.08948410191619288,0.08993051168667088,0.14002105706464518
0.090122552116235,0.0906936197094125,0.08948410191619288,0.08993051168667088,0.14002105706464518,0.06476310802274163
0.0906936197094125,0.08948410191619288,0.08993051168667088,0.14002105706464518,0.06476310802274163,0.01672773215413771
0.08948410191619288,0.08993051168667088,0.14002105706464518,0.06476310802274163,0.01672773215413771,0.11732154137713205
0.08993051168667088,0.14002105706464518,0.06476310802274163,0.01672773215413771,0.11732154137713205,0.10158770267424722
0.14002105706464518,0.06476310802274163,0.01672773215413771,0.11732154137713205,0.10158770267424722,0.09708149084017688
0.06476310802274163,0.01672773215413771,0.11732154137713205,0.10158770267424722,0.09708149084017688,0.09426826700357971
0.01672773215413771,0.11732154137713205,0.10158770267424722,0.09708149084017688,0.09426826700357971,0.09311433986102337
0.11732154137713205,0.10158770267424722,0.09708149084017688,0.09426826700357971,0.09311433986102337,0.09164792587913245
0.10158770267424722,0.09708149084017688,0.09426826700357971,0.09311433986102337,0.09164792587913245,0.09096651926721415
0.09708149084017688,0.09426826700357971,0.09311433986102337,0.09164792587913245,0.09096651926721415,0.09116866708780795
0.09426826700357971,0.09311433986102337,0.09164792587913245,0.09096651926721415,0.09116866708780795,0.0904021899347231
0.09311433986102337,0.09164792587913245,0.09096651926721415,0.09116866708780795,0.0904021899347231,0.09079806275005264
0.09164792587913245,0.09096651926721415,0.09116866708780795,0.0904021899347231,0.09079806275005264,0.08999789429353548
0.09096651926721415,0.09116866708780795,0.0904021899347231,0.09079806275005264,0.08999789429353548,0.09056222362602653
0.09116866708780795,0.0904021899347231,0.09079806275005264,0.08999789429353548,0.09056222362602653,0.09295767530006316
0.0904021899347231,0.09079806275005264,0.08999789429353548,0.09056222362602653,0.09295767530006316,0.09463044851547694
0.09079806275005264,0.08999789429353548,0.09056222362602653,0.09295767530006316,0.09463044851547694,0.09528742893240683
0.08999789429353548,0.09056222362602653,0.09295767530006316,0.09463044851547694,0.09528742893240683,0.09456306590861234
0.09056222362602653,0.09295767530006316,0.09463044851547694,0.09528742893240683,0.09456306590861234,0.09467087807959572
0.09295767530006316,0.09463044851547694,0.09528742893240683,0.09456306590861234,0.09467087807959572,0.09373510212676352
0.09463044851547694,0.09528742893240683,0.09456306590861234,0.09467087807959572,0.09373510212676352,0.0974520951779322
0.09528742893240683,0.09456306590861234,0.09467087807959572,0.09373510212676352,0.0974520951779322,0.09301326595072647
0.09456306590861234,0.09467087807959572,0.09373510212676352,0.0974520951779322,0.09301326595072647,0.09354390397978521
0.09467087807959572,0.09373510212676352,0.0974520951779322,0.09301326595072647,0.09354390397978521,0.09232259423036429
0.09373510212676352,0.0974520951779322,0.09301326595072647,0.09354390397978521,0.09232259423036429,0.09313118551273954
0.0974520951779322,0.09301326595072647,0.09354390397978521,0.09232259423036429,0.09313118551273954,0.12523647083596548
0.09301326595072647,0.09354390397978521,0.09232259423036429,0.09313118551273954,0.12523647083596548,0.12640134765213729
0.09354390397978521,0.09232259423036429,0.09313118551273954,0.12523647083596548,0.12640134765213729,0.11252053063802904
0.09232259423036429,0.09313118551273954,0.12523647083596548,0.12640134765213729,0.11252053063802904,0.09115182143609181
0.09313118551273954,0.12523647083596548,0.12640134765213729,0.11252053063802904,0.09115182143609181,0.08891134975784376
0.12523647083596548,0.12640134765213729,0.11252053063802904,0.09115182143609181,0.08891134975784376,0.09281111813013267
0.12640134765213729,0.11252053063802904,0.09115182143609181,0.08891134975784376,0.09281111813013267,0.09266793009054537
0.11252053063802904,0.09115182143609181,0.08891134975784376,0.09281111813013267,0.09266793009054537,0.11487049905243209
0.09115182143609181,0.08891134975784376,0.09281111813013267,0.09266793009054537,0.11487049905243209,0.12597178353337546
0.08891134975784376,0.09281111813013267,0.09266793009054537,0.11487049905243209,0.12597178353337546,0.13862876395030532
0.09281111813013267,0.09266793009054537,0.11487049905243209,0.12597178353337546,0.13862876395030532,0.18877237313118553
0.09266793009054537,0.11487049905243209,0.12597178353337546,0.13862876395030532,0.18877237313118553,0.1221107601600337
0.11487049905243209,0.12597178353337546,0.13862876395030532,0.18877237313118553,0.1221107601600337,0.06873868182775321
0.12597178353337546,0.13862876395030532,0.18877237313118553,0.1221107601600337,0.06873868182775321,0.16683091177089912
0.13862876395030532,0.18877237313118553,0.1221107601600337,0.06873868182775321,0.16683091177089912,0.15193935565382186
0.18877237313118553,0.1221107601600337,0.06873868182775321,0.16683091177089912,0.15193935565382186,0.14649821014950518
0.1221107601600337,0.06873868182775321,0.16683091177089912,0.15193935565382186,0.14649821014950518,0.144131396083386
0.06873868182775321,0.16683091177089912,0.15193935565382186,0.14649821014950518,0.144131396083386,0.14246367656348705
0.16683091177089912,0.15193935565382186,0.14649821014950518,0.144131396083386,0.14246367656348705,0.11444093493367025
0.15193935565382186,0.14649821014950518,0.144131396083386,0.14246367656348705,0.11444093493367025,0.11369130343230155
0.14649821014950518,0.144131396083386,0.14246367656348705,0.11444093493367025,0.11369130343230155,0.11205727521583493
0.144131396083386,0.14246367656348705,0.11444093493367025,0.11369130343230155,0.11205727521583493,0.0877321541377132
0.14246367656348705,0.11444093493367025,0.11369130343230155,0.11205727521583493,0.0877321541377132,0.08921457148873448
0.11444093493367025,0.11369130343230155,0.11205727521583493,0.0877321541377132,0.08921457148873448,0.08802695304274584
0.11369130343230155,0.11205727521583493,0.0877321541377132,0.08921457148873448,0.08802695304274584,0.08822910086333965
0.11205727521583493,0.0877321541377132,0.08921457148873448,0.08802695304274584,0.08822910086333965,0.08665403242787954
0.0877321541377132,0.08921457148873448,0.08802695304274584,0.08822910086333965,0.08665403242787954,0.08748283849231417
0.08921457148873448,0.08802695304274584,0.08822910086333965,0.08665403242787954,0.08748283849231417,0.08622952200463256
0.08802695304274584,0.08822910086333965,0.08665403242787954,0.08748283849231417,0.08622952200463256,0.0866034954727311
0.08822910086333965,0.08665403242787954,0.08748283849231417,0.08622952200463256,0.0866034954727311,0.08558433354390398
0.08665403242787954,0.08748283849231417,0.08622952200463256,0.0866034954727311,0.08558433354390398,0.0863255422194146
0.08748283849231417,0.08622952200463256,0.0866034954727311,0.08558433354390398,0.0863255422194146,0.08691261318172247
0.08622952200463256,0.0866034954727311,0.08558433354390398,0.0863255422194146,0.08691261318172247,0.08608128026953044
0.0866034954727311,0.08558433354390398,0.0863255422194146,0.08691261318172247,0.08608128026953044,0.0849947357338387
0.08558433354390398,0.0863255422194146,0.08691261318172247,0.08608128026953044,0.0849947357338387,0.08484312486839335
0.0863255422194146,0.08691261318172247,0.08608128026953044,0.0849947357338387,0.08484312486839335,0.08855001052853233
0.08691261318172247,0.08608128026953044,0.0849947357338387,0.08484312486839335,0.08855001052853233,0.08920614866287639
0.08608128026953044,0.0849947357338387,0.08484312486839335,0.08855001052853233,0.08920614866287639,0.08854916824594651
0.0849947357338387,0.08484312486839335,0.08855001052853233,0.08920614866287639,0.08854916824594651,0.08727732154137714
0.08484312486839335,0.08855001052853233,0.08920614866287639,0.08854916824594651,0.08727732154137714,0.0882796378184881
0.08855001052853233,0.08920614866287639,0.08854916824594651,0.08727732154137714,0.0882796378184881,0.08918930301116025
0.08920614866287639,0.08854916824594651,0.08727732154137714,0.0882796378184881,0.08918930301116025,0.08816171825647505
0.08854916824594651,0.08727732154137714,0.0882796378184881,0.08918930301116025,0.08816171825647505,0.08943946093914508
0.08727732154137714,0.0882796378184881,0.08918930301116025,0.08816171825647505,0.08943946093914508,0.08762602653190146
0.0882796378184881,0.08918930301116025,0.08816171825647505,0.08943946093914508,0.08762602653190146,0.0885238997683723
0.08918930301116025,0.08816171825647505,0.08943946093914508,0.08762602653190146,0.0885238997683723,0.08774899978942936
0.08816171825647505,0.08943946093914508,0.08762602653190146,0.0885238997683723,0.08774899978942936,0.13455716993051167
0.08943946093914508,0.08762602653190146,0.0885238997683723,0.08774899978942936,0.13455716993051167,0.0692617393135397
0.08762602653190146,0.0885238997683723,0.08774899978942936,0.13455716993051167,0.0692617393135397,0.0164582017266793
0.0885238997683723,0.08774899978942936,0.13455716993051167,0.0692617393135397,0.0164582017266793,0.11701831964624132
0.08774899978942936,0.13455716993051167,0.0692617393135397,0.0164582017266793,0.11701831964624132,0.10070330595914928
0.13455716993051167,0.0692617393135397,0.0164582017266793,0.11701831964624132,0.10070330595914928,0.09538429142977468
0.0692617393135397,0.0164582017266793,0.11701831964624132,0.10070330595914928,0.09538429142977468,0.093409138766056
0.0164582017266793,0.11701831964624132,0.10070330595914928,0.09538429142977468,0.093409138766056,0.10146136028637608
0.11701831964624132,0.10070330595914928,0.09538429142977468,0.093409138766056,0.10146136028637608,0.10068646030743315
0.10070330595914928,0.09538429142977468,0.093409138766056,0.10146136028637608,0.10068646030743315,0.09094125078963992
0.09538429142977468,0.093409138766056,0.10146136028637608,0.10068646030743315,0.09094125078963992,0.08951526637186777
0.093409138766056,0.10146136028637608,0.10068646030743315,0.09094125078963992,0.08951526637186777,0.0903348073278585
0.10146136028637608,0.10068646030743315,0.09094125078963992,0.08951526637186777,0.0903348073278585,0.09049652558433355
0.10068646030743315,0.09094125078963992,0.08951526637186777,0.0903348073278585,0.09049652558433355,0.09127816382396295
0.09094125078963992,0.08951526637186777,0.0903348073278585,0.09049652558433355,0.09127816382396295,0.10878079595704357
0.08951526637186777,0.0903348073278585,0.09049652558433355,0.09127816382396295,0.10878079595704357,0.11145083175405347
0.0903348073278585,0.09049652558433355,0.09127816382396295,0.10878079595704357,0.11145083175405347,0.10159612550010527
0.09049652558433355,0.09127816382396295,0.10878079595704357,0.11145083175405347,0.10159612550010527,0.10998189092440516
0.09127816382396295,0.10878079595704357,0.11145083175405347,0.10159612550010527,0.10998189092440516,0.10204253527058327
0.10878079595704357,0.11145083175405347,0.10159612550010527,0.10998189092440516,0.10204253527058327,0.09908612339439882
0.11145083175405347,0.10159612550010527,0.10998189092440516,0.10204253527058327,0.09908612339439882,0.09694504106127606
0.10159612550010527,0.10998189092440516,0.10204253527058327,0.09908612339439882,0.09694504106127606,0.09800800168456517
0.10998189092440516,0.10204253527058327,0.09908612339439882,0.09694504106127606,0.09800800168456517,0.0957658454411455
0.10204253527058327,0.09908612339439882,0.09694504106127606,0.09800800168456517,0.0957658454411455,0.09212886923562856
0.09908612339439882,0.09694504106127606,0.09800800168456517,0.0957658454411455,0.09212886923562856,0.09185933880817013
0.09694504106127606,0.09800800168456517,0.0957658454411455,0.09212886923562856,0.09185933880817013,0.09165719098757634
0.09800800168456517,0.0957658454411455,0.09212886923562856,0.09185933880817013,0.09165719098757634,0.09301410823331227
0.0957658454411455,0.09212886923562856,0.09185933880817013,0.09165719098757634,0.09301410823331227,0.09169088229100864
0.09212886923562856,0.09185933880817013,0.09165719098757634,0.09301410823331227,0.09169088229100864,0.091842493156454
0.09185933880817013,0.09165719098757634,0.09301410823331227,0.09169088229100864,0.091842493156454,0.09065487471046536
0.09165719098757634,0.09301410823331227,0.09169088229100864,0.091842493156454,0.09065487471046536,0.1103474415666456
0.09301410823331227,0.09169088229100864,0.091842493156454,0.09065487471046536,0.1103474415666456,0.13981722467887975
0.09169088229100864,0.091842493156454,0.09065487471046536,0.1103474415666456,0.13981722467887975,0.1455548536534007
0.091842493156454,0.09065487471046536,0.1103474415666456,0.13981722467887975,0.1455548536534007,0.14764371446620342
0.09065487471046536,0.1103474415666456,0.13981722467887975,0.1455548536534007,0.14764371446620342,0.1484691514002948
0.1103474415666456,0.13981722467887975,0.1455548536534007,0.14764371446620342,0.1484691514002948,0.14334807327858495
0.13981722467887975,0.1455548536534007,0.14764371446620342,0.1484691514002948,0.14334807327858495,0.16295641187618448
0.1455548536534007,0.14764371446620342,0.1484691514002948,0.14334807327858495,0.16295641187618448,0.1454537797431038
0.14764371446620342,0.1484691514002948,0.14334807327858495,0.16295641187618448,0.1454537797431038,0.10232048852389977
0.1484691514002948,0.14334807327858495,0.16295641187618448,0.1454537797431038,0.10232048852389977,0.2037060433775532
0.14334807327858495,0.16295641187618448,0.1454537797431038,0.10232048852389977,0.2037060433775532,0.18614276689829437
0.16295641187618448,0.1454537797431038,0.10232048852389977,0.2037060433775532,0.18614276689829437,0.17820678037481577
0.1454537797431038,0.10232048852389977,0.2037060433775532,0.18614276689829437,0.17820678037481577,0.1788165929669404
0.10232048852389977,0.2037060433775532,0.18614276689829437,0.17820678037481577,0.1788165929669404,0.17411665613813437
0.2037060433775532,0.18614276689829437,0.17820678037481577,0.1788165929669404,0.17411665613813437,0.17517456306590862
0.18614276689829437,0.17820678037481577,0.1788165929669404,0.17411665613813437,0.17517456306590862,0.17677826910928615
0.17820678037481577,0.1788165929669404,0.17411665613813437,0.17517456306590862,0.17677826910928615,0.17315645399031374
0.1788165929669404,0.17411665613813437,0.17517456306590862,0.17677826910928615,0.17315645399031374,0.31470204253527057
0.17411665613813437,0.17517456306590862,0.17677826910928615,0.17315645399031374,0.31470204253527057,0.1465150558012213
0.17517456306590862,0.17677826910928615,0.17315645399031374,0.31470204253527057,0.1465150558012213,0.34694461991998315
0.17677826910928615,0.17315645399031374,0.31470204253527057,0.1465150558012213,0.34694461991998315,0.2854327226784586
0.17315645399031374,0.31470204253527057,0.1465150558012213,0.34694461991998315,0.2854327226784586,0.4088439671509792
0.31470204253527057,0.1465150558012213,0.34694461991998315,0.2854327226784586,0.4088439671509792,0.15275636976205517
0.1465150558012213,0.34694461991998315,0.2854327226784586,0.4088439671509792,0.15275636976205517,0.1529416719309328
0.34694461991998315,0.2854327226784586,0.4088439671509792,0.15275636976205517,0.1529416719309328,0.15586018109075597
0.2854327226784586,0.4088439671509792,0.15275636976205517,0.1529416719309328,0.15586018109075597,0.15625184249315643
0.4088439671509792,0.15275636976205517,0.1529416719309328,0.15586018109075597,0.15625184249315643,0.1549968414403032
0.15275636976205517,0.1529416719309328,0.15586018109075597,0.15625184249315643,0.1549968414403032,0.15444935775952834
0.1529416719309328,0.15586018109075597,0.15625184249315643,0.1549968414403032,0.15444935775952834,0.15534217730048433
0.15586018109075597,0.15625184249315643,0.1549968414403032,0.15444935775952834,0.15534217730048433,0.11977258370183196
0.15625184249315643,0.1549968414403032,0.15444935775952834,0.15534217730048433,0.11977258370183196,0.11763150136870922
0.1549968414403032,0.15444935775952834,0.15534217730048433,0.11977258370183196,0.11763150136870922,0.11783533375447461
0.15444935775952834,0.15534217730048433,0.11977258370183196,0.11763150136870922,0.11783533375447461,0.10917666877237313
0.15534217730048433,0.11977258370183196,0.11763150136870922,0.11783533375447461,0.10917666877237313,0.10809180880185301
0.11977258370183196,0.11763150136870922,0.11783533375447461,0.10917666877237313,0.10809180880185301,0.10932827963781849
0.11763150136870922,0.11783533375447461,0.10917666877237313,0.10809180880185301,0.10932827963781849,0.11036428721836178
0.11783533375447461,0.10917666877237313,0.10809180880185301,0.10932827963781849,0.11036428721836178,0.1080227416298168
0.10917666877237313,0.10809180880185301,0.10932827963781849,0.11036428721836178,0.1080227416298168,0.10717203621815119
0.10809180880185301,0.10932827963781849,0.11036428721836178,0.1080227416298168,0.10717203621815119,0.10789471467677407
0.10932827963781849,0.11036428721836178,0.1080227416298168,0.10717203621815119,0.10789471467677407,0.10719225100021057
0.11036428721836178,0.1080227416298168,0.10717203621815119,0.10789471467677407,0.10719225100021057,0.1063802905874921
0.1080227416298168,0.10717203621815119,0.10789471467677407,0.10719225100021057,0.1063802905874921,0.10765045272688988
0.10717203621815119,0.10789471467677407,0.10719225100021057,0.1063802905874921,0.10765045272688988,0.15841819330385343
0.10789471467677407,0.10719225100021057,0.1063802905874921,0.10765045272688988,0.15841819330385343,0.11885112655295851
0.10719225100021057,0.1063802905874921,0.10765045272688988,0.15841819330385343,0.11885112655295851,0.03430616971994104
0.1063802905874921,0.10765045272688988,0.15841819330385343,0.11885112655295851,0.03430616971994104,0.13531269740998103
0.10765045272688988,0.15841819330385343,0.11885112655295851,0.03430616971994104,0.13531269740998103,0.11934301958307011
0.15841819330385343,0.11885112655295851,0.03430616971994104,0.13531269740998103,0.11934301958307011,0.11433143819751528
0.11885112655295851,0.03430616971994104,0.13531269740998103,0.11934301958307011,0.11433143819751528,0.11117035165297959
0.03430616971994104,0.13531269740998103,0.11934301958307011,0.11433143819751528,0.11117035165297959,0.10991787744788377
0.13531269740998103,0.11934301958307011,0.11433143819751528,0.11117035165297959,0.10991787744788377,0.109159823120657
0.11934301958307011,0.11433143819751528,0.11117035165297959,0.10991787744788377,0.109159823120657,0.10954137713202779
0.11433143819751528,0.11117035165297959,0.10991787744788377,0.109159823120657,0.10954137713202779,0.10938723941882501
0.11117035165297959,0.10991787744788377,0.109159823120657,0.10954137713202779,0.10938723941882501,0.10798736576121291
0.10991787744788377,0.109159823120657,0.10954137713202779,0.10938723941882501,0.10798736576121291,0.10746683512318382
0.109159823120657,0.10954137713202779,0.10938723941882501,0.10798736576121291,0.10746683512318382,0.10721415034744157
0.10954137713202779,0.10938723941882501,0.10798736576121291,0.10746683512318382,0.10721415034744157,0.10767909033480733
0.10938723941882501,0.10798736576121291,0.10746683512318382,0.10721415034744157,0.10767909033480733,0.10717203621815119
0.10798736576121291,0.10746683512318382,0.10721415034744157,0.10767909033480733,0.10717203621815119,0.11268646030743312
0.10746683512318382,0.10721415034744157,0.10767909033480733,0.10717203621815119,0.11268646030743312,0.11241103390187406
0.10721415034744157,0.10767909033480733,0.10717203621815119,0.11268646030743312,0.11241103390187406,0.11228469151400294
0.10767909033480733,0.10717203621815119,0.11268646030743312,0.11241103390187406,0.11228469151400294,0.11202358391240261
0.10717203621815119,0.11268646030743312,0.11241103390187406,0.11228469151400294,0.11202358391240261,0.11150136870920194
0.11268646030743312,0.11241103390187406,0.11228469151400294,0.11202358391240261,0.11150136870920194,0.11131017056222364
0.11241103390187406,0.11228469151400294,0.11202358391240261,0.11150136870920194,0.11131017056222364,0.11018740787534217
0.11228469151400294,0.11202358391240261,0.11150136870920194,0.11131017056222364,0.11018740787534217,0.10951358180669613
0.11202358391240261,0.11150136870920194,0.11131017056222364,0.11018740787534217,0.10951358180669613,0.10971572962728995
0.11150136870920194,0.11131017056222364,0.11018740787534217,0.10951358180669613,0.10971572962728995,0.11263002737418407
0.11131017056222364,0.11018740787534217,0.10951358180669613,0.10971572962728995,0.11263002737418407,0.13758686039166143
0.11018740787534217,0.10951358180669613,0.10971572962728995,0.11263002737418407,0.13758686039166143,0.1346472941671931
0.10951358180669613,0.10971572962728995,0.11263002737418407,0.13758686039166143,0.1346472941671931,0.12945041061276058
0.10971572962728995,0.11263002737418407,0.13758686039166143,0.1346472941671931,0.12945041061276058,0.10872773215413771
0.11263002737418407,0.13758686039166143,0.1346472941671931,0.12945041061276058,0.10872773215413771,0.10614445146346599
0.13758686039166143,0.1346472941671931,0.12945041061276058,0.10872773215413771,0.10614445146346599,0.10464518846072857
0.1346472941671931,0.12945041061276058,0.10872773215413771,0.10614445146346599,0.10464518846072857,0.1034070330595915
0.12945041061276058,0.10872773215413771,0.10614445146346599,0.10464518846072857,0.1034070330595915,0.10541166561381343
0.10872773215413771,0.10614445146346599,0.10464518846072857,0.1034070330595915,0.10541166561381343,0.10623710254790483
0.10614445146346599,0.10464518846072857,0.1034070330595915,0.10541166561381343,0.10623710254790483,0.10519941040218994
0.10464518846072857,0.1034070330595915,0.10541166561381343,0.10623710254790483,0.10519941040218994,0.15815540113708149
0.1034070330595915,0.10541166561381343,0.10623710254790483,0.10519941040218994,0.15815540113708149,0.10473110128448095
0.10541166561381343,0.10623710254790483,0.10519941040218994,0.15815540113708149,0.10473110128448095,0.03745630659086123
0.10623710254790483,0.10519941040218994,0.15815540113708149,0.10473110128448095,0.03745630659086123,0.13331648768161722
0.10519941040218994,0.15815540113708149,0.10473110128448095,0.03745630659086123,0.13331648768161722,0.11643714466203411
0.15815540113708149,0.10473110128448095,0.03745630659086123,0.13331648768161722,0.11643714466203411,0.112402611076016
0.10473110128448095,0.03745630659086123,0.13331648768161722,0.11643714466203411,0.112402611076016,0.10980332701621393
0.03745630659086123,0.13331648768161722,0.11643714466203411,0.112402611076016,0.10980332701621393,0.10899978942935357
0.13331648768161722,0.11643714466203411,0.112402611076016,0.10980332701621393,0.10899978942935357,0.11076016003369131
0.11643714466203411,0.112402611076016,0.10980332701621393,0.10899978942935357,0.11076016003369131,0.15405348494419877
0.112402611076016,0.10980332701621393,0.10899978942935357,0.11076016003369131,0.15405348494419877,0.13603706043377553
0.10980332701621393,0.10899978942935357,0.11076016003369131,0.15405348494419877,0.13603706043377553,0.12319225100021056
0.10899978942935357,0.11076016003369131,0.15405348494419877,0.13603706043377553,0.12319225100021056,0.1264224047167825
0.11076016003369131,0.15405348494419877,0.13603706043377553,0.12319225100021056,0.1264224047167825,0.1205474836807749
0.15405348494419877,0.13603706043377553,0.12319225100021056,0.1264224047167825,0.1205474836807749,0.11487049905243209
0.13603706043377553,0.12319225100021056,0.1264224047167825,0.1205474836807749,0.11487049905243209,0.11485702253105914
0.12319225100021056,0.1264224047167825,0.1205474836807749,0.11487049905243209,0.11485702253105914,0.11153506001263425
0.1264224047167825,0.1205474836807749,0.11487049905243209,0.11485702253105914,0.11153506001263425,0.14133501789850494
0.1205474836807749,0.11487049905243209,0.11485702253105914,0.11153506001263425,0.14133501789850494,0.1260897030953885
0.11487049905243209,0.11485702253105914,0.11153506001263425,0.14133501789850494,0.1260897030953885,0.11082754264055589
0.11485702253105914,0.11153506001263425,0.14133501789850494,0.1260897030953885,0.11082754264055589,0.1089054537797431
0.11153506001263425,0.14133501789850494,0.1260897030953885,0.11082754264055589,0.1089054537797431,0.11601600336913036
0.14133501789850494,0.1260897030953885,0.11082754264055589,0.1089054537797431,0.11601600336913036,0.13687934301958307
0.1260897030953885,0.11082754264055589,0.1089054537797431,0.11601600336913036,0.13687934301958307,0.12871762476310802
0.11082754264055589,0.1089054537797431,0.11601600336913036,0.13687934301958307,0.12871762476310802,0.20422825858075386
0.1089054537797431,0.11601600336913036,0.13687934301958307,0.12871762476310802,0.20422825858075386,0.42868814487260476
0.11601600336913036,0.13687934301958307,0.12871762476310802,0.20422825858075386,0.42868814487260476,0.4262034112444726
0.13687934301958307,0.12871762476310802,0.20422825858075386,0.42868814487260476,0.4262034112444726,0.4114803116445568
0.12871762476310802,0.20422825858075386,0.42868814487260476,0.4262034112444726,0.4114803116445568,0.4042872183617604
0.20422825858075386,0.42868814487260476,0.4262034112444726,0.4114803116445568,0.4042872183617604,0.3966982522636345
0.42868814487260476,0.4262034112444726,0.4114803116445568,0.4042872183617604,0.3966982522636345,0.4039166140240051
0.4262034112444726,0.4114803116445568,0.4042872183617604,0.3966982522636345,0.4039166140240051,0.3995957043588124
0.4114803116445568,0.4042872183617604,0.3966982522636345,0.4039166140240051,0.3995957043588124,0.392621604548326
0.4042872183617604,0.3966982522636345,0.4039166140240051,0.3995957043588124,0.392621604548326,0.3970267424720994
0.3966982522636345,0.4039166140240051,0.3995957043588124,0.392621604548326,0.3970267424720994,0.3989033480732786
0.4039166140240051,0.3995957043588124,0.392621604548326,0.3970267424720994,0.3989033480732786,0.3911476100231628
0.3995957043588124,0.392621604548326,0.3970267424720994,0.3989033480732786,0.3911476100231628,0.3793059591492946
0.392621604548326,0.3970267424720994,0.3989033480732786,0.3911476100231628,0.3793059591492946,0.38020635923352286
0.3970267424720994,0.3989033480732786,0.3911476100231628,0.3793059591492946,0.38020635923352286,0.38018109075594864
0.3989033480732786,0.3911476100231628,0.3793059591492946,0.38020635923352286,0.38018109075594864,0.3757254158770268
0.3911476100231628,0.3793059591492946,0.38020635923352286,0.38018109075594864,0.3757254158770268,0.37830280058959787
0.3793059591492946,0.38020635923352286,0.38018109075594864,0.3757254158770268,0.37830280058959787,0.36812802695304275
0.38020635923352286,0.38018109075594864,0.3757254158770268,0.37830280058959787,0.36812802695304275,0.35774268267003584
0.38018109075594864,0.3757254158770268,0.37830280058959787,0.36812802695304275,0.35774268267003584,0.3695177932196252
0.3757254158770268,0.37830280058959787,0.36812802695304275,0.35774268267003584,0.3695177932196252,0.38664139818909243
0.37830280058959787,0.36812802695304275,0.35774268267003584,0.3695177932196252,0.38664139818909243,0.39123857654243
0.36812802695304275,0.35774268267003584,0.3695177932196252,0.38664139818909243,0.39123857654243,0.5565230574857865
0.35774268267003584,0.3695177932196252,0.38664139818909243,0.39123857654243,0.5565230574857865,0.7217687934301958
0.3695177932196252,0.38664139818909243,0.39123857654243,0.5565230574857865,0.7217687934301958,0.7023036428721836
0.38664139818909243,0.39123857654243,0.5565230574857865,0.7217687934301958,0.7023036428721836,0.7077784796799326
0.39123857654243,0.5565230574857865,0.7217687934301958,0.7023036428721836,0.7077784796799326,0.7015169509370394
0.5565230574857865,0.7217687934301958,0.7023036428721836,0.7077784796799326,0.7015169509370394,0.7750094756790903
0.7217687934301958,0.7023036428721836,0.7077784796799326,0.7015169509370394,0.7750094756790903,0.7722686881448726
0.7023036428721836,0.7077784796799326,0.7015169509370394,0.7750094756790903,0.7722686881448726,0.4529290376921457
0.7077784796799326,0.7015169509370394,0.7750094756790903,0.7722686881448726,0.4529290376921457,0.4477489997894293
0.7015169509370394,0.7750094756790903,0.7722686881448726,0.4529290376921457,0.4477489997894293,0.4347694251421351
0.7750094756790903,0.7722686881448726,0.4529290376921457,0.4477489997894293,0.4347694251421351,0.45929669404085066
0.7722686881448726,0.4529290376921457,0.4477489997894293,0.4347694251421351,0.45929669404085066,0.4806232891134976
0.4529290376921457,0.4477489997894293,0.4347694251421351,0.45929669404085066,0.4806232891134976,0.47353969256685613
0.4477489997894293,0.4347694251421351,0.45929669404085066,0.4806232891134976,0.47353969256685613,0.470953885028427
0.4347694251421351,0.45929669404085066,0.4806232891134976,0.47353969256685613,0.470953885028427,0.46702042535270577
0.45929669404085066,0.4806232891134976,0.47353969256685613,0.470953885028427,0.46702042535270577,0.32001853021688775
0.4806232891134976,0.47353969256685613,0.470953885028427,0.46702042535270577,0.32001853021688775,0.09755316908822911
0.47353969256685613,0.470953885028427,0.46702042535270577,0.32001853021688775,0.09755316908822911,0.12256896188671297
0.470953885028427,0.46702042535270577,0.32001853021688775,0.09755316908822911,0.12256896188671297,0.14765045272688987
0.46702042535270577,0.32001853021688775,0.09755316908822911,0.12256896188671297,0.14765045272688987,0.13620551695093702
0.32001853021688775,0.09755316908822911,0.12256896188671297,0.14765045272688987,0.13620551695093702,0.139059170351653
0.09755316908822911,0.12256896188671297,0.14765045272688987,0.13620551695093702,0.139059170351653,0.1323116445567488
0.12256896188671297,0.14765045272688987,0.13620551695093702,0.139059170351653,0.1323116445567488,0.1526595072646873
0.14765045272688987,0.13620551695093702,0.139059170351653,0.1323116445567488,0.1526595072646873,0.16247462623710257
0.13620551695093702,0.139059170351653,0.1323116445567488,0.1526595072646873,0.16247462623710257,0.15032217308907142
0.139059170351653,0.1323116445567488,0.1526595072646873,0.16247462623710257,0.15032217308907142,0.1625352705832807
0.1323116445567488,0.1526595072646873,0.16247462623710257,0.15032217308907142,0.1625352705832807,0.16505369551484522
0.1526595072646873,0.16247462623710257,0.15032217308907142,0.1625352705832807,0.16505369551484522,0.16846409770477996
0.16247462623710257,0.15032217308907142,0.1625352705832807,0.16505369551484522,0.16846409770477996,0.16326974099810485
0.15032217308907142,0.1625352705832807,0.16505369551484522,0.16846409770477996,0.16326974099810485,0.15991914087176246
0.1625352705832807,0.16505369551484522,0.16846409770477996,0.16326974099810485,0.15991914087176246,0.13206148662876396
0.16505369551484522,0.16846409770477996,0.16326974099810485,0.15991914087176246,0.13206148662876396,0.11226784586228682
0.16846409770477996,0.16326974099810485,0.15991914087176246,0.13206148662876396,0.11226784586228682,0.10595914929458833
0.16326974099810485,0.15991914087176246,0.13206148662876396,0.11226784586228682,0.10595914929458833,0.10581596125500106
0.15991914087176246,0.13206148662876396,0.11226784586228682,0.10595914929458833,0.10581596125500106,0.10123394398820805
0.13206148662876396,0.11226784586228682,0.10595914929458833,0.10581596125500106,0.10123394398820805,0.08811960412718467
0.11226784586228682,0.10595914929458833,0.10581596125500106,0.10123394398820805,0.08811960412718467,0.4801263423878711
0.10595914929458833,0.10581596125500106,0.10123394398820805,0.08811960412718467,0.4801263423878711,0.42201726679300905
0.10581596125500106,0.10123394398820805,0.08811960412718467,0.4801263423878711,0.42201726679300905,0.17939776795114762
0.10123394398820805,0.08811960412718467,0.4801263423878711,0.42201726679300905,0.17939776795114762,0.17554853653400718
0.08811960412718467,0.4801263423878711,0.42201726679300905,0.17939776795114762,0.17554853653400718,0.1724320909665193
0.4801263423878711,0.42201726679300905,0.17939776795114762,0.17554853653400718,0.1724320909665193,0.15850073699726258
0.42201726679300905,0.17939776795114762,0.17554853653400718,0.1724320909665193,0.15850073699726258,0.15989892608970308
0.17939776795114762,0.17554853653400718,0.1724320909665193,0.15850073699726258,0.15989892608970308,0.16357970098968203
0.17554853653400718,0.1724320909665193,0.15850073699726258,0.15989892608970308,0.16357970098968203,0.16138134344072438
0.1724320909665193,0.15850073699726258,0.15989892608970308,0.16357970098968203,0.16138134344072438,0.15273194356706676
0.15850073699726258,0.15989892608970308,0.16357970098968203,0.16138134344072438,0.15273194356706676,0.11540113708149083
0.15989892608970308,0.16357970098968203,0.16138134344072438,0.15273194356706676,0.11540113708149083,0.1049062960623289
0.16357970098968203,0.16138134344072438,0.15273194356706676,0.11540113708149083,0.1049062960623289,0.10010528532322595
0.16138134344072438,0.15273194356706676,0.11540113708149083,0.1049062960623289,0.10010528532322595,0.09935902295220048
0.15273194356706676,0.11540113708149083,0.1049062960623289,0.10010528532322595,0.09935902295220048,0.10003790271636133
0.11540113708149083,0.1049062960623289,0.10010528532322595,0.09935902295220048,0.10003790271636133,0.11105495893872395
0.1049062960623289,0.10010528532322595,0.09935902295220048,0.10003790271636133,0.11105495893872395,0.09650031585596969
0.10010528532322595,0.09935902295220048,0.10003790271636133,0.11105495893872395,0.09650031585596969,0.09793724994735734
0.09935902295220048,0.10003790271636133,0.11105495893872395,0.09650031585596969,0.09793724994735734,0.09293746051800378
0.10003790271636133,0.11105495893872395,0.09650031585596969,0.09793724994735734,0.09293746051800378,0.09074921036007581
0.11105495893872395,0.09650031585596969,0.09793724994735734,0.09293746051800378,0.09074921036007581,0.09022531059170352
0.09650031585596969,0.09793724994735734,0.09293746051800378,0.09074921036007581,0.09022531059170352,0.09158138555485365
0.09793724994735734,0.09293746051800378,0.09074921036007581,0.09022531059170352,0.09158138555485365,0.09071214992630028
0.09293746051800378,0.09074921036007581,0.09022531059170352,0.09158138555485365,0.09071214992630028,0.09106759317751106
0.09074921036007581,0.09022531059170352,0.09158138555485365,0.09071214992630028,0.09106759317751106,0.0912613181722468
0.09022531059170352,0.09158138555485365,0.09071214992630028,0.09106759317751106,0.0912613181722468,0.08966098125921247
0.09158138555485365,0.09071214992630028,0.09106759317751106,0.0912613181722468,0.08966098125921247,0.15837523689197727
0.09071214992630028,0.09106759317751106,0.0912613181722468,0.08966098125921247,0.15837523689197727,0.055635291640345336
0.09106759317751106,0.0912613181722468,0.08966098125921247,0.15837523689197727,0.055635291640345336,0.04293114339861023
0.0912613181722468,0.08966098125921247,0.15837523689197727,0.055635291640345336,0.04293114339861023,0.11491261318172247
0.08966098125921247,0.15837523689197727,0.055635291640345336,0.04293114339861023,0.11491261318172247,0.10322173089071383
0.15837523689197727,0.055635291640345336,0.04293114339861023,0.11491261318172247,0.10322173089071383,0.09724405137923772
0.055635291640345336,0.04293114339861023,0.11491261318172247,0.10322173089071383,0.09724405137923772,0.09441987786902506
0.04293114339861023,0.11491261318172247,0.10322173089071383,0.09724405137923772,0.09441987786902506,0.09379490419035585
0.11491261318172247,0.10322173089071383,0.09724405137923772,0.09441987786902506,0.09379490419035585,0.09205306380290589
0.10322173089071383,0.09724405137923772,0.09441987786902506,0.09379490419035585,0.09205306380290589,0.09168161718256475
0.09724405137923772,0.09441987786902506,0.09379490419035585,0.09205306380290589,0.09168161718256475,0.09131185512739524
0.09441987786902506,0.09379490419035585,0.09205306380290589,0.09168161718256475,0.09131185512739524,0.09145504316698252
0.09379490419035585,0.09205306380290589,0.09168161718256475,0.09131185512739524,0.09145504316698252,0.09135396925668562
0.09205306380290589,0.09168161718256475,0.09131185512739524,0.09145504316698252,0.09135396925668562,0.0911610865445357
0.09168161718256475,0.09131185512739524,0.09145504316698252,0.09135396925668562,0.0911610865445357,0.0914634659928406
0.09131185512739524,0.09145504316698252,0.09135396925668562,0.0911610865445357,0.0914634659928406,0.09048641819330386
0.09145504316698252,0.09135396925668562,0.0911610865445357,0.0914634659928406,0.09048641819330386,0.09540534849441988
0.09135396925668562,0.0911610865445357,0.0914634659928406,0.09048641819330386,0.09540534849441988,0.09469951568751317
0.0911610865445357,0.0914634659928406,0.09048641819330386,0.09540534849441988,0.09469951568751317,0.09467256264476731
0.0914634659928406,0.09048641819330386,0.09540534849441988,0.09469951568751317,0.09467256264476731,0.09546599284059802
0.09048641819330386,0.09540534849441988,0.09469951568751317,0.09467256264476731,0.09546599284059802,0.09517793219625185
0.09540534849441988,0.09469951568751317,0.09467256264476731,0.09546599284059802,0.09517793219625185,0.09445525373762899
0.09469951568751317,0.09467256264476731,0.09546599284059802,0.09517793219625185,0.09445525373762899,0.09356917245735943
0.09467256264476731,0.09546599284059802,0.09517793219625185,0.09445525373762899,0.09356917245735943,0.09291219204042955
0.09546599284059802,0.09517793219625185,0.09445525373762899,0.09356917245735943,0.09291219204042955,0.09282712149926299
0.09517793219625185,0.09445525373762899,0.09356917245735943,0.09291219204042955,0.09282712149926299,0.0912731101284481
0.09445525373762899,0.09356917245735943,0.09291219204042955,0.09282712149926299,0.0912731101284481,0.11374184038745001
0.09356917245735943,0.09291219204042955,0.09282712149926299,0.0912731101284481,0.11374184038745001,0.12508738681827752
0.09291219204042955,0.09282712149926299,0.0912731101284481,0.11374184038745001,0.12508738681827752,0.11449989471467677
0.09282712149926299,0.0912731101284481,0.11374184038745001,0.12508738681827752,0.11449989471467677,0.09148873447041483
0.0912731101284481,0.11374184038745001,0.12508738681827752,0.11449989471467677,0.09148873447041483,0.10066961465571699
0.11374184038745001,0.12508738681827752,0.11449989471467677,0.09148873447041483,0.10066961465571699,0.09544746262371026
0.12508738681827752,0.11449989471467677,0.09148873447041483,0.10066961465571699,0.09544746262371026,0.09876605601179196
0.11449989471467677,0.09148873447041483,0.10066961465571699,0.09544746262371026,0.09876605601179196,0.09600505369551486
0.09148873447041483,0.10066961465571699,0.09544746262371026,0.09876605601179196,0.09600505369551486,0.09618698673404927
0.10066961465571699,0.09544746262371026,0.09876605601179196,0.09600505369551486,0.09618698673404927,0.09650031585596969
0.09544746262371026,0.09876605601179196,0.09600505369551486,0.09618698673404927,0.09650031585596969,0.16299010317961676
0.09876605601179196,0.09600505369551486,0.09618698673404927,0.09650031585596969,0.16299010317961676,0.058909244051379234
0.09600505369551486,0.09618698673404927,0.09650031585596969,0.16299010317961676,0.058909244051379234,0.04221520320067383
0.09618698673404927,0.09650031585596969,0.16299010317961676,0.058909244051379234,0.04221520320067383,0.11054958938723942
0.09650031585596969,0.16299010317961676,0.058909244051379234,0.04221520320067383,0.11054958938723942,0.10048936618235418
0.16299010317961676,0.058909244051379234,0.04221520320067383,0.11054958938723942,0.10048936618235418,0.09395914929458835
0.058909244051379234,0.04221520320067383,0.11054958938723942,0.10048936618235418,0.09395914929458835,0.1252726889871552
0.04221520320067383,0.11054958938723942,0.10048936618235418,0.09395914929458835,0.1252726889871552,0.16903769214571487
0.11054958938723942,0.10048936618235418,0.09395914929458835,0.1252726889871552,0.16903769214571487,0.1545588544956833
0.10048936618235418,0.09395914929458835,0.1252726889871552,0.16903769214571487,0.1545588544956833,0.1527732154137713
0.09395914929458835,0.1252726889871552,0.16903769214571487,0.1545588544956833,0.1527732154137713,0.1538092229943146
0.1252726889871552,0.16903769214571487,0.1545588544956833,0.1527732154137713,0.1538092229943146,0.15160244261949885
0.16903769214571487,0.1545588544956833,0.1527732154137713,0.1538092229943146,0.15160244261949885,0.15508106969888397
0.1545588544956833,0.1527732154137713,0.1538092229943146,0.15160244261949885,0.15508106969888397,0.16491893030111604
0.1527732154137713,0.1538092229943146,0.15160244261949885,0.15508106969888397,0.16491893030111604,0.16288902926931983
0.1538092229943146,0.15160244261949885,0.15508106969888397,0.16491893030111604,0.16288902926931983,0.16727732154137714
0.15160244261949885,0.15508106969888397,0.16491893030111604,0.16288902926931983,0.16727732154137714,0.16856601389766265
0.15508106969888397,0.16491893030111604,0.16288902926931983,0.16727732154137714,0.16856601389766265,0.15996630869656772
0.16491893030111604,0.16288902926931983,0.16727732154137714,0.16856601389766265,0.15996630869656772,0.1619204042956412
0.16288902926931983,0.16727732154137714,0.16856601389766265,0.15996630869656772,0.1619204042956412,0.1618530216887766
0.16727732154137714,0.16856601389766265,0.15996630869656772,0.1619204042956412,0.1618530216887766,0.16368077489997893
0.16856601389766265,0.15996630869656772,0.1619204042956412,0.1618530216887766,0.16368077489997893,0.15745630659086124
0.15996630869656772,0.1619204042956412,0.1618530216887766,0.16368077489997893,0.15745630659086124,0.15839966308696568
0.1619204042956412,0.1618530216887766,0.16368077489997893,0.15745630659086124,0.15839966308696568,0.15928405980206362
0.1618530216887766,0.16368077489997893,0.15745630659086124,0.15839966308696568,0.15928405980206362,0.15898336491893028
0.16368077489997893,0.15745630659086124,0.15839966308696568,0.15928405980206362,0.15898336491893028,0.16394188250157926
0.15745630659086124,0.15839966308696568,0.15928405980206362,0.15898336491893028,0.16394188250157926,0.16333543903979786
0.15839966308696568,0.15928405980206362,0.15898336491893028,0.16394188250157926,0.16333543903979786,0.16053484944198781
0.15928405980206362,0.15898336491893028,0.16394188250157926,0.16333543903979786,0.16053484944198781,0.15789260897030957
0.15898336491893028,0.16394188250157926,0.16333543903979786,0.16053484944198781,0.15789260897030957,0.16276437144662037
0.16394188250157926,0.16333543903979786,0.16053484944198781,0.15789260897030957,0.16276437144662037,0.1567150979153506
0.16333543903979786,0.16053484944198781,0.15789260897030957,0.16276437144662037,0.1567150979153506,0.15826489787323644
0.16053484944198781,0.15789260897030957,0.16276437144662037,0.1567150979153506,0.15826489787323644,0.17158138555485364
0.15789260897030957,0.16276437144662037,0.1567150979153506,0.15826489787323644,0.17158138555485364,0.1596883554432512
0.16276437144662037,0.1567150979153506,0.15826489787323644,0.17158138555485364,0.1596883554432512,0.16137292061486627
0.1567150979153506,0.15826489787323644,0.17158138555485364,0.1596883554432512,0.16137292061486627,0.1620214782059381
0.15826489787323644,0.17158138555485364,0.1596883554432512,0.16137292061486627,0.1620214782059381,0.24284691514002948
0.17158138555485364,0.1596883554432512,0.16137292061486627,0.1620214782059381,0.24284691514002948,0.12457359444093491
0.1596883554432512,0.16137292061486627,0.1620214782059381,0.24284691514002948,0.12457359444093491,0.10639713623920825
0.16137292061486627,0.1620214782059381,0.24284691514002948,0.12457359444093491,0.10639713623920825,0.1754390397978522
0.1620214782059381,0.24284691514002948,0.12457359444093491,0.10639713623920825,0.1754390397978522,0.16957675300063169
0.24284691514002948,0.12457359444093491,0.10639713623920825,0.1754390397978522,0.16957675300063169,0.1653754474626237
0.12457359444093491,0.10639713623920825,0.1754390397978522,0.16957675300063169,0.1653754474626237,0.16895346388713411
0.10639713623920825,0.1754390397978522,0.16957675300063169,0.1653754474626237,0.16895346388713411,0.15702674247209938
0.1754390397978522,0.16957675300063169,0.1653754474626237,0.16895346388713411,0.15702674247209938,0.15997557380501157
0.16957675300063169,0.1653754474626237,0.16895346388713411,0.15702674247209938,0.15997557380501157,0.16278290166350812
0.1653754474626237,0.16895346388713411,0.15702674247209938,0.15997557380501157,0.16278290166350812,0.17949041903558646
0.16895346388713411,0.15702674247209938,0.15997557380501157,0.16278290166350812,0.17949041903558646,0.17770477995367448
0.15702674247209938,0.15997557380501157,0.16278290166350812,0.17949041903558646,0.17770477995367448,0.1742008843967151
0.15997557380501157,0.16278290166350812,0.17949041903558646,0.17770477995367448,0.1742008843967151,0.18025521162349967
0.16278290166350812,0.17949041903558646,0.17770477995367448,0.1742008843967151,0.18025521162349967,0.1787407875342177
0.17949041903558646,0.17770477995367448,0.1742008843967151,0.18025521162349967,0.1787407875342177,0.17579195620130553
0.17770477995367448,0.1742008843967151,0.18025521162349967,0.1787407875342177,0.17579195620130553,0.1804017687934302
0.1742008843967151,0.18025521162349967,0.1787407875342177,0.17579195620130553,0.1804017687934302,0.1744350389555696
0.18025521162349967,0.1787407875342177,0.17579195620130553,0.1804017687934302,0.1744350389555696,0.17259212465782273
0.1787407875342177,0.17579195620130553,0.1804017687934302,0.1744350389555696,0.17259212465782273,0.16916571909875763
0.17579195620130553,0.1804017687934302,0.1744350389555696,0.17259212465782273,0.16916571909875763,0.17720109496736156
0.1804017687934302,0.1744350389555696,0.17259212465782273,0.16916571909875763,0.17720109496736156,0.18287639503053274
0.1744350389555696,0.17259212465782273,0.16916571909875763,0.17720109496736156,0.18287639503053274,0.17030111602442619
0.17259212465782273,0.16916571909875763,0.17720109496736156,0.18287639503053274,0.17030111602442619,0.16171825647504737
0.16916571909875763,0.17720109496736156,0.18287639503053274,0.17030111602442619,0.16171825647504737,0.15868435460096864
0.17720109496736156,0.18287639503053274,0.17030111602442619,0.16171825647504737,0.15868435460096864,0.1549968414403032
0.18287639503053274,0.17030111602442619,0.16171825647504737,0.15868435460096864,0.1549968414403032,0.14289324068224887
0.17030111602442619,0.16171825647504737,0.15868435460096864,0.1549968414403032,0.14289324068224887,0.14301789850494842
0.16171825647504737,0.15868435460096864,0.1549968414403032,0.14289324068224887,0.14301789850494842,0.14002947989050327
0.15868435460096864,0.1549968414403032,0.14289324068224887,0.14301789850494842,0.14002947989050327,0.17354558854495686
0.1549968414403032,0.14289324068224887,0.14301789850494842,0.14002947989050327,0.17354558854495686,0.14354179827332073
0.14289324068224887,0.14301789850494842,0.14002947989050327,0.17354558854495686,0.14354179827332073,0.11598231206569803
0.14301789850494842,0.14002947989050327,0.17354558854495686,0.14354179827332073,0.11598231206569803,0.11871973046957253
0.14002947989050327,0.17354558854495686,0.14354179827332073,0.11598231206569803,0.11871973046957253,0.13794904190355867
0.17354558854495686,0.14354179827332073,0.11598231206569803,0.11871973046957253,0.13794904190355867,0.15382691092861658
0.14354179827332073,0.11598231206569803,0.11871973046957253,0.13794904190355867,0.15382691092861658,0.1696896188671299
0.11598231206569803,0.11871973046957253,0.13794904190355867,0.15382691092861658,0.1696896188671299,0.24427879553590232
0.11871973046957253,0.13794904190355867,0.15382691092861658,0.1696896188671299,0.24427879553590232,0.1357422615287429
0.13794904190355867,0.15382691092861658,0.1696896188671299,0.24427879553590232,0.1357422615287429,0.12747104653611285
0.15382691092861658,0.1696896188671299,0.24427879553590232,0.1357422615287429,0.12747104653611285,0.1751181301326595
0.1696896188671299,0.24427879553590232,0.1357422615287429,0.12747104653611285,0.1751181301326595,0.16359738892398398
0.24427879553590232,0.1357422615287429,0.12747104653611285,0.1751181301326595,0.16359738892398398,0.15709412507896398
0.1357422615287429,0.12747104653611285,0.1751181301326595,0.16359738892398398,0.15709412507896398,0.15850663297536324
0.12747104653611285,0.1751181301326595,0.16359738892398398,0.15709412507896398,0.15850663297536324,0.15666287639503051
0.1751181301326595,0.16359738892398398,0.15709412507896398,0.15850663297536324,0.15666287639503051,0.18068646030743313
0.16359738892398398,0.15709412507896398,0.15850663297536324,0.15666287639503051,0.18068646030743313,0.2160033691303432
0.15709412507896398,0.15850663297536324,0.15666287639503051,0.18068646030743313,0.2160033691303432,0.21315055801221308
0.15850663297536324,0.15666287639503051,0.18068646030743313,0.2160033691303432,0.21315055801221308,0.21648347020425357
0.15666287639503051,0.18068646030743313,0.2160033691303432,0.21315055801221308,0.21648347020425357,0.18240808591282376
0.18068646030743313,0.2160033691303432,0.21315055801221308,0.21648347020425357,0.18240808591282376,0.1389850494841019
0.2160033691303432,0.21315055801221308,0.21648347020425357,0.18240808591282376,0.1389850494841019,0.1385723310170562
0.21315055801221308,0.21648347020425357,0.18240808591282376,0.1389850494841019,0.1385723310170562,0.13901874078753423
0.21648347020425357,0.18240808591282376,0.1389850494841019,0.1385723310170562,0.13901874078753423,0.13874921036007581
0.18240808591282376,0.1389850494841019,0.1385723310170562,0.13901874078753423,0.13874921036007581,0.13850663297536325
0.1389850494841019,0.1385723310170562,0.13901874078753423,0.13874921036007581,0.13850663297536325,0.15594188250157928
0.1385723310170562,0.13901874078753423,0.13874921036007581,0.13850663297536325,0.15594188250157928,0.1507601600336913
0.13901874078753423,0.13874921036007581,0.13850663297536325,0.15594188250157928,0.1507601600336913,0.1300905453779743
0.13874921036007581,0.13850663297536325,0.15594188250157928,0.1507601600336913,0.1300905453779743,0.13213729206148664
0.13850663297536325,0.15594188250157928,0.1507601600336913,0.1300905453779743,0.13213729206148664,0.12956917245735947
0.15594188250157928,0.1507601600336913,0.1300905453779743,0.13213729206148664,0.12956917245735947,0.13184249315645402
0.1507601600336913,0.1300905453779743,0.13213729206148664,0.12956917245735947,0.13184249315645402,0.10615371657190986
0.1300905453779743,0.13213729206148664,0.12956917245735947,0.13184249315645402,0.10615371657190986,0.09303853442830069
0.13213729206148664,0.12956917245735947,0.13184249315645402,0.10615371657190986,0.09303853442830069,0.09656769846283428
0.12956917245735947,0.13184249315645402,0.10615371657190986,0.09303853442830069,0.09656769846283428,0.092288902926932
0.13184249315645402,0.10615371657190986,0.09303853442830069,0.09656769846283428,0.092288902926932,0.09315476942514213
0.10615371657190986,0.09303853442830069,0.09656769846283428,0.092288902926932,0.09315476942514213,0.09562602653190146
0.09303853442830069,0.09656769846283428,0.092288902926932,0.09315476942514213,0.09562602653190146,0.09013265950726469
0.09656769846283428,0.092288902926932,0.09315476942514213,0.09562602653190146,0.09013265950726469,0.09053695514845231
0.092288902926932,0.09315476942514213,0.09562602653190146,0.09013265950726469,0.09053695514845231,0.09253316487681618
0.09315476942514213,0.09562602653190146,0.09013265950726469,0.09053695514845231,0.09253316487681618,0.09332491050747525
0.09562602653190146,0.09013265950726469,0.09053695514845231,0.09253316487681618,0.09332491050747525,0.09021688776584544
0.09013265950726469,0.09053695514845231,0.09253316487681618,0.09332491050747525,0.09021688776584544,0.09209686249736787
0.09053695514845231,0.09253316487681618,0.09332491050747525,0.09021688776584544,0.09209686249736787,0.1611623499684144
0.09253316487681618,0.09332491050747525,0.09021688776584544,0.09209686249736787,0.1611623499684144,0.03594019793640767
0.09332491050747525,0.09021688776584544,0.09209686249736787,0.1611623499684144,0.03594019793640767,0.04698841861444515
0.09021688776584544,0.09209686249736787,0.1611623499684144,0.03594019793640767,0.04698841861444515,0.11124868393345966
0.09209686249736787,0.1611623499684144,0.03594019793640767,0.04698841861444515,0.11124868393345966,0.09817056222362604
0.1611623499684144,0.03594019793640767,0.04698841861444515,0.11124868393345966,0.09817056222362604,0.09425900189513582
0.03594019793640767,0.04698841861444515,0.11124868393345966,0.09817056222362604,0.09425900189513582,0.09162013055380079
0.04698841861444515,0.11124868393345966,0.09817056222362604,0.09425900189513582,0.09162013055380079,0.09080648557591071
0.11124868393345966,0.09817056222362604,0.09425900189513582,0.09162013055380079,0.09080648557591071,0.08926510844388293
0.09817056222362604,0.09425900189513582,0.09162013055380079,0.09080648557591071,0.08926510844388293,0.0894082964834702
0.09425900189513582,0.09162013055380079,0.09080648557591071,0.08926510844388293,0.0894082964834702,0.08912107812170983
0.09162013055380079,0.09080648557591071,0.08926510844388293,0.0894082964834702,0.08912107812170983,0.08924826279216679
0.09080648557591071,0.08926510844388293,0.0894082964834702,0.08912107812170983,0.08924826279216679,0.08997262581596126
0.08926510844388293,0.0894082964834702,0.08912107812170983,0.08924826279216679,0.08997262581596126,0.08892987997473153
0.0894082964834702,0.08912107812170983,0.08924826279216679,0.08997262581596126,0.08892987997473153,0.08876142345757002
0.08912107812170983,0.08924826279216679,0.08997262581596126,0.08892987997473153,0.08876142345757002,0.08819456727732154
0.08924826279216679,0.08997262581596126,0.08892987997473153,0.08876142345757002,0.08819456727732154,0.09278584965255844
0.08997262581596126,0.08892987997473153,0.08876142345757002,0.08819456727732154,0.09278584965255844,0.09241524531480312
0.08892987997473153,0.08876142345757002,0.08819456727732154,0.09278584965255844,0.09241524531480312,0.09249947357338388
0.08876142345757002,0.08819456727732154,0.09278584965255844,0.09241524531480312,0.09249947357338388,0.09209938934512531
0.08819456727732154,0.09278584965255844,0.09241524531480312,0.09249947357338388,0.09209938934512531,0.09268477574226154
0.09278584965255844,0.09241524531480312,0.09249947357338388,0.09209938934512531,0.09268477574226154,0.09238155401137081
0.09241524531480312,0.09249947357338388,0.09209938934512531,0.09268477574226154,0.09238155401137081,0.09415034744156665
0.09249947357338388,0.09209938934512531,0.09268477574226154,0.09238155401137081,0.09415034744156665,0.09100863339650453
0.09209938934512531,0.09268477574226154,0.09238155401137081,0.09415034744156665,0.09100863339650453,0.09183491261318172
0.09268477574226154,0.09238155401137081,0.09415034744156665,0.09100863339650453,0.09183491261318172,0.09133712360496947
0.09238155401137081,0.09415034744156665,0.09100863339650453,0.09183491261318172,0.09133712360496947,0.09227121499263002
0.09415034744156665,0.09100863339650453,0.09183491261318172,0.09133712360496947,0.09227121499263002,0.09206148662876394
0.09100863339650453,0.09183491261318172,0.09133712360496947,0.09227121499263002,0.09206148662876394,0.09155611707727943
0.09183491261318172,0.09133712360496947,0.09227121499263002,0.09206148662876394,0.09155611707727943,0.09188460728574435
0.09133712360496947,0.09227121499263002,0.09206148662876394,0.09155611707727943,0.09188460728574435,0.08967782691092861
0.09227121499263002,0.09206148662876394,0.09155611707727943,0.09188460728574435,0.08967782691092861,0.09746894082964835
0.09206148662876394,0.09155611707727943,0.09188460728574435,0.08967782691092861,0.09746894082964835,0.0957658454411455
0.09155611707727943,0.09188460728574435,0.08967782691092861,0.09746894082964835,0.0957658454411455,0.09552326805643294
0.09188460728574435,0.08967782691092861,0.09746894082964835,0.0957658454411455,0.09552326805643294,0.09731732996420299
0.08967782691092861,0.09746894082964835,0.0957658454411455,0.09552326805643294,0.09731732996420299,0.0929711518214361
0.09746894082964835,0.0957658454411455,0.09552326805643294,0.09731732996420299,0.0929711518214361,0.15070962307854285
0.0957658454411455,0.09552326805643294,0.09731732996420299,0.0929711518214361,0.15070962307854285,0.034440934933670245
0.09552326805643294,0.09731732996420299,0.0929711518214361,0.15070962307854285,0.034440934933670245,0.030236260265319018
0.09731732996420299,0.0929711518214361,0.15070962307854285,0.034440934933670245,0.030236260265319018,0.10949673615498
0.0929711518214361,0.15070962307854285,0.034440934933670245,0.030236260265319018,0.10949673615498,0.09735102126763528
0.15070962307854285,0.034440934933670245,0.030236260265319018,0.10949673615498,0.09735102126763528,0.09150726468730258
0.034440934933670245,0.030236260265319018,0.10949673615498,0.09735102126763528,0.09150726468730258,0.08987997473152243
0.030236260265319018,0.10949673615498,0.09735102126763528,0.09150726468730258,0.08987997473152243,0.08880185302168878
0.10949673615498,0.09735102126763528,0.09150726468730258,0.08987997473152243,0.08880185302168878,0.08745504316698252
0.09735102126763528,0.09150726468730258,0.08987997473152243,0.08880185302168878,0.08745504316698252,0.08752158349126131
0.09150726468730258,0.08987997473152243,0.08880185302168878,0.08745504316698252,0.08752158349126131,0.08790061065487471
0.08987997473152243,0.08880185302168878,0.08745504316698252,0.08752158349126131,0.08790061065487471,0.08752074120867552
0.08880185302168878,0.08745504316698252,0.08752158349126131,0.08790061065487471,0.08752074120867552,0.08661191829858918
0.08745504316698252,0.08752158349126131,0.08790061065487471,0.08752074120867552,0.08661191829858918,0.08627500526426617
0.08752158349126131,0.08790061065487471,0.08752074120867552,0.08661191829858918,0.08627500526426617,0.08630027374184039
0.08790061065487471,0.08752074120867552,0.08661191829858918,0.08627500526426617,0.08630027374184039,0.08555064224047168
0.08752074120867552,0.08661191829858918,0.08627500526426617,0.08630027374184039,0.08555064224047168,0.09562434196672985
0.08661191829858918,0.08627500526426617,0.08630027374184039,0.08555064224047168,0.09562434196672985,0.14055169509370394
0.08627500526426617,0.08630027374184039,0.08555064224047168,0.09562434196672985,0.14055169509370394,0.13926300273741837
0.08630027374184039,0.08555064224047168,0.09562434196672985,0.14055169509370394,0.13926300273741837,0.09910296904611499
0.08555064224047168,0.09562434196672985,0.14055169509370394,0.13926300273741837,0.09910296904611499,0.08587070962307855
0.09562434196672985,0.14055169509370394,0.13926300273741837,0.09910296904611499,0.08587070962307855,0.08607033059591493
0.14055169509370394,0.13926300273741837,0.09910296904611499,0.08587070962307855,0.08607033059591493,0.08522215203200674
0.13926300273741837,0.09910296904611499,0.08587070962307855,0.08607033059591493,0.08522215203200674,0.1109926300273742
0.09910296904611499,0.08587070962307855,0.08607033059591493,0.08522215203200674,0.1109926300273742,0.14910928616550856
0.08587070962307855,0.08607033059591493,0.08522215203200674,0.1109926300273742,0.14910928616550856,0.11585849652558433
0.08607033059591493,0.08522215203200674,0.1109926300273742,0.14910928616550856,0.11585849652558433,0.1140534849441988
0.08522215203200674,0.1109926300273742,0.14910928616550856,0.11585849652558433,0.1140534849441988,0.10040766477153083
0.1109926300273742,0.14910928616550856,0.11585849652558433,0.1140534849441988,0.10040766477153083,0.12494419877869023
0.14910928616550856,0.11585849652558433,0.1140534849441988,0.10040766477153083,0.12494419877869023,0.10732364708359655
0.11585849652558433,0.1140534849441988,0.10040766477153083,0.12494419877869023,0.10732364708359655,0.11678248052221518
0.1140534849441988,0.10040766477153083,0.12494419877869023,0.10732364708359655,0.11678248052221518,0.12507054116656138
0.10040766477153083,0.12494419877869023,0.10732364708359655,0.11678248052221518,0.12507054116656138,0.08485323225942304
0.12494419877869023,0.10732364708359655,0.11678248052221518,0.12507054116656138,0.08485323225942304,0.08564918930301116
0.10732364708359655,0.11678248052221518,0.12507054116656138,0.08485323225942304,0.08564918930301116,0.08626658243840808
0.11678248052221518,0.12507054116656138,0.08485323225942304,0.08564918930301116,0.08626658243840808,0.08626658243840808
0.12507054116656138,0.08485323225942304,0.08564918930301116,0.08626658243840808,0.08626658243840808,0.14285870709623077
0.08485323225942304,0.08564918930301116,0.08626658243840808,0.08626658243840808,0.14285870709623077,0.04677195198989261
0.08564918930301116,0.08626658243840808,0.08626658243840808,0.14285870709623077,0.04677195198989261,0.04870077911139188
0.08626658243840808,0.08626658243840808,0.14285870709623077,0.04677195198989261,0.04870077911139188,0.14294293535481153
0.08626658243840808,0.14285870709623077,0.04677195198989261,0.04870077911139188,0.14294293535481153,0.15553590229522007
0.14285870709623077,0.04677195198989261,0.04870077911139188,0.14294293535481153,0.15553590229522007,0.1362324699936829
0.04677195198989261,0.04870077911139188,0.14294293535481153,0.15553590229522007,0.1362324699936829,0.12726889871551908
0.04870077911139188,0.14294293535481153,0.15553590229522007,0.1362324699936829,0.12726889871551908,0.12739102969046115
0.14294293535481153,0.15553590229522007,0.1362324699936829,0.12726889871551908,0.12739102969046115,0.12544956833017476
0.15553590229522007,0.1362324699936829,0.12726889871551908,0.12739102969046115,0.12544956833017476,0.12451463465992839
0.1362324699936829,0.12726889871551908,0.12739102969046115,0.12544956833017476,0.12451463465992839,0.14276268688144872
0.12726889871551908,0.12739102969046115,0.12544956833017476,0.12451463465992839,0.14276268688144872,0.14205095809644133
0.12739102969046115,0.12544956833017476,0.12451463465992839,0.14276268688144872,0.14205095809644133,0.13455716993051167
0.12544956833017476,0.12451463465992839,0.14276268688144872,0.14205095809644133,0.13455716993051167,0.12656475047378396
0.12451463465992839,0.14276268688144872,0.14205095809644133,0.13455716993051167,0.12656475047378396,0.12779111391871975
0.14276268688144872,0.14205095809644133,0.13455716993051167,0.12656475047378396,0.12779111391871975,0.1347904822067804
0.14205095809644133,0.13455716993051167,0.12656475047378396,0.12779111391871975,0.1347904822067804,0.13163192251000214
0.13455716993051167,0.12656475047378396,0.12779111391871975,0.1347904822067804,0.13163192251000214,0.1388342809012424
0.12656475047378396,0.12779111391871975,0.1347904822067804,0.13163192251000214,0.1388342809012424,0.13721457148873448
0.12779111391871975,0.1347904822067804,0.13163192251000214,0.1388342809012424,0.13721457148873448,0.13691219204042954
0.1347904822067804,0.13163192251000214,0.1388342809012424,0.13721457148873448,0.13691219204042954,0.13170772794272478
0.13163192251000214,0.1388342809012424,0.13721457148873448,0.13691219204042954,0.13170772794272478,0.12270372710044221
0.1388342809012424,0.13721457148873448,0.13691219204042954,0.13170772794272478,0.12270372710044221,0.12154895767530008
0.13721457148873448,0.13691219204042954,0.13170772794272478,0.12270372710044221,0.12154895767530008,0.15005516950937042
0.13691219204042954,0.13170772794272478,0.12270372710044221,0.12154895767530008,0.15005516950937042,0.1462792166771952
0.13170772794272478,0.12270372710044221,0.12154895767530008,0.15005516950937042,0.1462792166771952,0.14855843335439037
0.12270372710044221,0.12154895767530008,0.15005516950937042,0.1462792166771952,0.14855843335439037,0.14882964834702042
0.12154895767530008,0.15005516950937042,0.1462792166771952,0.14855843335439037,0.14882964834702042,0.14958938723941884
0.15005516950937042,0.1462792166771952,0.14855843335439037,0.14882964834702042,0.14958938723941884,0.15519056643503895
0.1462792166771952,0.14855843335439037,0.14882964834702042,0.14958938723941884,0.15519056643503895,0.16374815750684357
0.14855843335439037,0.14882964834702042,0.14958938723941884,0.15519056643503895,0.16374815750684357,0.165693830280059
0.14882964834702042,0.14958938723941884,0.15519056643503895,0.16374815750684357,0.165693830280059,0.16152453148031162
0.14958938723941884,0.15519056643503895,0.16374815750684357,0.165693830280059,0.16152453148031162,0.1693063802905875
0.15519056643503895,0.16374815750684357,0.165693830280059,0.16152453148031162,0.1693063802905875,0.22512192040429566
0.16374815750684357,0.165693830280059,0.16152453148031162,0.1693063802905875,0.22512192040429566,0.22157085702253107
0.165693830280059,0.16152453148031162,0.1693063802905875,0.22512192040429566,0.22157085702253107,0.2148999789429354
0.16152453148031162,0.1693063802905875,0.22512192040429566,0.22157085702253107,0.2148999789429354,0.2754348283849231
0.1693063802905875,0.22512192040429566,0.22157085702253107,0.2148999789429354,0.2754348283849231,0.1777292061486629
0.22512192040429566,0.22157085702253107,0.2148999789429354,0.2754348283849231,0.1777292061486629,0.18066119182985893
0.22157085702253107,0.2148999789429354,0.2754348283849231,0.1777292061486629,0.18066119182985893,0.3025142135186355
0.2148999789429354,0.2754348283849231,0.1777292061486629,0.18066119182985893,0.3025142135186355,0.28925668561802487
0.2754348283849231,0.1777292061486629,0.18066119182985893,0.3025142135186355,0.28925668561802487,0.2847336281322384
0.1777292061486629,0.18066119182985893,0.3025142135186355,0.28925668561802487,0.2847336281322384,0.27913244893661826
0.18066119182985893,0.3025142135186355,0.28925668561802487,0.2847336281322384,0.27913244893661826,0.28556917245735947
0.3025142135186355,0.28925668561802487,0.2847336281322384,0.27913244893661826,0.28556917245735947,0.2615708570225311
0.28925668561802487,0.2847336281322384,0.27913244893661826,0.28556917245735947,0.2615708570225311,0.22660770688566015
0.2847336281322384,0.27913244893661826,0.28556917245735947,0.2615708570225311,0.22660770688566015,0.22303642872183618
0.27913244893661826,0.28556917245735947,0.2615708570225311,0.22660770688566015,0.22303642872183618,0.22311897241524534
0.28556917245735947,0.2615708570225311,0.22660770688566015,0.22303642872183618,0.22311897241524534,0.22155569593598654
0.2615708570225311,0.22660770688566015,0.22303642872183618,0.22311897241524534,0.22155569593598654,0.228713413350179
0.22660770688566015,0.22303642872183618,0.22311897241524534,0.22155569593598654,0.228713413350179,0.2655211623499684
0.22303642872183618,0.22311897241524534,0.22155569593598654,0.228713413350179,0.2655211623499684,0.2504695725415877
0.22311897241524534,0.22155569593598654,0.228713413350179,0.2655211623499684,0.2504695725415877,0.2307938513371236
0.22155569593598654,0.228713413350179,0.2655211623499684,0.2504695725415877,0.2307938513371236,0.1900357970098968
0.228713413350179,0.2655211623499684,0.2504695725415877,0.2307938513371236,0.1900357970098968,0.12230785428511264
0.2655211623499684,0.2504695725415877,0.2307938513371236,0.1900357970098968,0.12230785428511264,0.468288902926932
0.2504695725415877,0.2307938513371236,0.1900357970098968,0.12230785428511264,0.468288902926932,0.43759275636976197
0.2307938513371236,0.1900357970098968,0.12230785428511264,0.468288902926932,0.43759275636976197,0.10509665192672141
0.1900357970098968,0.12230785428511264,0.468288902926932,0.43759275636976197,0.10509665192672141,0.09402400505369553
0.12230785428511264,0.468288902926932,0.43759275636976197,0.10509665192672141,0.09402400505369553,0.0918761844598863
0.468288902926932,0.43759275636976197,0.10509665192672141,0.09402400505369553,0.0918761844598863,0.08932406822488945
0.43759275636976197,0.10509665192672141,0.09402400505369553,0.0918761844598863,0.08932406822488945,0.09097494209307223
0.10509665192672141,0.09402400505369553,0.0918761844598863,0.08932406822488945,0.09097494209307223,0.09194188250157928
0.09402400505369553,0.0918761844598863,0.08932406822488945,0.09097494209307223,0.09194188250157928,0.09068014318803959
0.0918761844598863,0.08932406822488945,0.09097494209307223,0.09194188250157928,0.09068014318803959,0.08854074542008844
0.08932406822488945,0.09097494209307223,0.09194188250157928,0.09068014318803959,0.08854074542008844,0.08719309328279637
0.09097494209307223,0.09194188250157928,0.09068014318803959,0.08854074542008844,0.08719309328279637,0.08841440303221731
0.09194188250157928,0.09068014318803959,0.08854074542008844,0.08719309328279637,0.08841440303221731,0.08994061907770057
0.09068014318803959,0.08854074542008844,0.08719309328279637,0.08841440303221731,0.08994061907770057,0.08705832806906717
0.08854074542008844,0.08719309328279637,0.08841440303221731,0.08994061907770057,0.08705832806906717,0.087597388923984
0.08719309328279637,0.08841440303221731,0.08994061907770057,0.08705832806906717,0.087597388923984,0.08786691935144242
0.08841440303221731,0.08994061907770057,0.08705832806906717,0.087597388923984,0.08786691935144242,0.09329121920404296
0.08994061907770057,0.08705832806906717,0.087597388923984,0.08786691935144242,0.09329121920404296,0.15191745630659084
0.08705832806906717,0.087597388923984,0.08786691935144242,0.09329121920404296,0.15191745630659084,0.038659086123394394
0.087597388923984,0.08786691935144242,0.09329121920404296,0.15191745630659084,0.038659086123394394,0.042400505369551485
0.08786691935144242,0.09329121920404296,0.15191745630659084,0.038659086123394394,0.042400505369551485,0.11154348283849232
0.09329121920404296,0.15191745630659084,0.038659086123394394,0.042400505369551485,0.11154348283849232,0.09732154137713203
0.15191745630659084,0.038659086123394394,0.042400505369551485,0.11154348283849232,0.09732154137713203,0.09379658875552747
0.038659086123394394,0.042400505369551485,0.11154348283849232,0.09732154137713203,0.09379658875552747,0.09135733838702885
0.042400505369551485,0.11154348283849232,0.09732154137713203,0.09379658875552747,0.09135733838702885,0.09164034533586018
0.11154348283849232,0.09732154137713203,0.09379658875552747,0.09135733838702885,0.09164034533586018,0.09025310591703517
0.09732154137713203,0.09379658875552747,0.09135733838702885,0.09164034533586018,0.09025310591703517,0.0888945041061276
0.09379658875552747,0.09135733838702885,0.09164034533586018,0.09025310591703517,0.0888945041061276,0.08976205516950937
0.09135733838702885,0.09164034533586018,0.09025310591703517,0.0888945041061276,0.08976205516950937,0.08789218782901664
0.09164034533586018,0.09025310591703517,0.0888945041061276,0.08976205516950937,0.08789218782901664,0.0878416508738682
0.09025310591703517,0.0888945041061276,0.08976205516950937,0.08789218782901664,0.0878416508738682,0.0875636976205517
0.0888945041061276,0.08976205516950937,0.08789218782901664,0.0878416508738682,0.0875636976205517,0.087150979153506
0.08976205516950937,0.08789218782901664,0.0878416508738682,0.0875636976205517,0.087150979153506,0.08765634870499053
0.08789218782901664,0.0878416508738682,0.0875636976205517,0.087150979153506,0.08765634870499053,0.09220467466835125
0.0878416508738682,0.0875636976205517,0.087150979153506,0.08765634870499053,0.09220467466835125,0.09154516740366393
0.0875636976205517,0.087150979153506,0.08765634870499053,0.09220467466835125,0.09154516740366393,0.09230574857864812
0.087150979153506,0.08765634870499053,0.09220467466835125,0.09154516740366393,0.09230574857864812,0.09201094967361549
0.08765634870499053,0.09220467466835125,0.09154516740366393,0.09230574857864812,0.09201094967361549,0.09111813013265951
0.09220467466835125,0.09154516740366393,0.09230574857864812,0.09201094967361549,0.09111813013265951,0.09117708991366603
0.09154516740366393,0.09230574857864812,0.09201094967361549,0.09111813013265951,0.09117708991366603,0.09034323015371658
0.09230574857864812,0.09201094967361549,0.09111813013265951,0.09117708991366603,0.09034323015371658,0.0922804801010739
0.09201094967361549,0.09111813013265951,0.09117708991366603,0.09034323015371658,0.0922804801010739,0.09517624763108024
0.09111813013265951,0.09117708991366603,0.09034323015371658,0.0922804801010739,0.09517624763108024,0.09102547904822068
0.09117708991366603,0.09034323015371658,0.0922804801010739,0.09517624763108024,0.09102547904822068,0.09175826489787324
0.09034323015371658,0.0922804801010739,0.09517624763108024,0.09102547904822068,0.09175826489787324,0.09751947778479682
0.0922804801010739,0.09517624763108024,0.09102547904822068,0.09175826489787324,0.09751947778479682,0.10676774057696357
0.09517624763108024,0.09102547904822068,0.09175826489787324,0.09751947778479682,0.10676774057696357,0.10502421562434197
0.09102547904822068,0.09175826489787324,0.09751947778479682,0.10676774057696357,0.10502421562434197,0.098210149505159
0.09175826489787324,0.09751947778479682,0.10676774057696357,0.10502421562434197,0.098210149505159,0.1005011581385555
0.09751947778479682,0.10676774057696357,0.10502421562434197,0.098210149505159,0.1005011581385555,0.1001895135818067
0.10676774057696357,0.10502421562434197,0.098210149505159,0.1005011581385555,0.1001895135818067,0.098437565803327
0.10502421562434197,0.098210149505159,0.1005011581385555,0.1001895135818067,0.098437565803327,0.10059380922299431
0.098210149505159,0.1005011581385555,0.1001895135818067,0.098437565803327,0.10059380922299431,0.0951273952411034
0.1005011581385555,0.1001895135818067,0.098437565803327,0.10059380922299431,0.0951273952411034,0.1546262371025479
0.1001895135818067,0.098437565803327,0.10059380922299431,0.0951273952411034,0.1546262371025479,0.04185975994946305
0.098437565803327,0.10059380922299431,0.0951273952411034,0.1546262371025479,0.04185975994946305,0.04213097494209307
0.10059380922299431,0.0951273952411034,0.1546262371025479,0.04185975994946305,0.04213097494209307,0.10927774268267004
0.0951273952411034,0.1546262371025479,0.04185975994946305,0.04213097494209307,0.10927774268267004,0.0959444093493367
0.1546262371025479,0.04185975994946305,0.04213097494209307,0.10927774268267004,0.0959444093493367,0.09075594862076226
0.04185975994946305,0.04213097494209307,0.10927774268267004,0.0959444093493367,0.09075594862076226,0.08898041692987997
0.04213097494209307,0.10927774268267004,0.0959444093493367,0.09075594862076226,0.08898041692987997,0.0881111813013266
0.10927774268267004,0.0959444093493367,0.09075594862076226,0.08898041692987997,0.0881111813013266,0.09955780164245104
0.0959444093493367,0.09075594862076226,0.08898041692987997,0.0881111813013266,0.09955780164245104,0.08881869867340493
0.09075594862076226,0.08898041692987997,0.0881111813013266,0.09955780164245104,0.08881869867340493,0.08753842914297748
0.08898041692987997,0.0881111813013266,0.09955780164245104,0.08881869867340493,0.08753842914297748,0.0864350389555696
0.0881111813013266,0.09955780164245104,0.08881869867340493,0.08753842914297748,0.0864350389555696,0.08568540745420089
0.09955780164245104,0.08881869867340493,0.08753842914297748,0.0864350389555696,0.08568540745420089,0.08410444304064014
0.08881869867340493,0.08753842914297748,0.0864350389555696,0.08568540745420089,0.08410444304064014,0.09664350389555695
0.08753842914297748,0.0864350389555696,0.08568540745420089,0.08410444304064014,0.09664350389555695,0.11316908822910088
0.0864350389555696,0.08568540745420089,0.08410444304064014,0.09664350389555695,0.11316908822910088,0.1252979574647294
0.08568540745420089,0.08410444304064014,0.09664350389555695,0.11316908822910088,0.1252979574647294,0.16057275215834912
0.08410444304064014,0.09664350389555695,0.11316908822910088,0.1252979574647294,0.16057275215834912,0.15307643714466204
0.09664350389555695,0.11316908822910088,0.1252979574647294,0.16057275215834912,0.15307643714466204,0.13260897030953886
0.11316908822910088,0.1252979574647294,0.16057275215834912,0.15307643714466204,0.13260897030953886,0.10009854706253948
0.1252979574647294,0.16057275215834912,0.15307643714466204,0.13260897030953886,0.10009854706253948,0.11726258159612553
0.16057275215834912,0.15307643714466204,0.13260897030953886,0.10009854706253948,0.11726258159612553,0.11712613181722467
0.15307643714466204,0.13260897030953886,0.10009854706253948,0.11726258159612553,0.11712613181722467,0.11666371867761635
0.13260897030953886,0.10009854706253948,0.11726258159612553,0.11712613181722467,0.11666371867761635,0.1083596546641398
0.10009854706253948,0.11726258159612553,0.11712613181722467,0.11666371867761635,0.1083596546641398,0.12424341966729836
0.11726258159612553,0.11712613181722467,0.11666371867761635,0.1083596546641398,0.12424341966729836,0.16178563908191196
0.11712613181722467,0.11666371867761635,0.1083596546641398,0.12424341966729836,0.16178563908191196,0.26095599073489156
0.11666371867761635,0.1083596546641398,0.12424341966729836,0.16178563908191196,0.26095599073489156,0.21445356917245736
0.1083596546641398,0.12424341966729836,0.16178563908191196,0.26095599073489156,0.21445356917245736,0.16883554432512107
0.12424341966729836,0.16178563908191196,0.26095599073489156,0.21445356917245736,0.16883554432512107,0.16597178353337547
0.16178563908191196,0.26095599073489156,0.21445356917245736,0.16883554432512107,0.16597178353337547,0.19257106759317752
0.26095599073489156,0.21445356917245736,0.16883554432512107,0.16597178353337547,0.19257106759317752,0.20263634449357762
0.21445356917245736,0.16883554432512107,0.16597178353337547,0.19257106759317752,0.20263634449357762,0.22059380922299435
0.16883554432512107,0.16597178353337547,0.19257106759317752,0.20263634449357762,0.22059380922299435,0.2159688355443251
0.16597178353337547,0.19257106759317752,0.20263634449357762,0.22059380922299435,0.2159688355443251,0.20233312276268692
0.19257106759317752,0.20263634449357762,0.22059380922299435,0.2159688355443251,0.20233312276268692,0.23088650242156245
0.20263634449357762,0.22059380922299435,0.2159688355443251,0.20233312276268692,0.23088650242156245,0.11789429353548117
0.22059380922299435,0.2159688355443251,0.20233312276268692,0.23088650242156245,0.11789429353548117,0.11259802063592336
0.2159688355443251,0.20233312276268692,0.23088650242156245,0.11789429353548117,0.11259802063592336,0.2227820593809223
0.20233312276268692,0.23088650242156245,0.11789429353548117,0.11259802063592336,0.2227820593809223,0.3278079595704359
0.23088650242156245,0.11789429353548117,0.11259802063592336,0.2227820593809223,0.3278079595704359,0.2833135396925669
0.11789429353548117,0.11259802063592336,0.2227820593809223,0.3278079595704359,0.2833135396925669,0.14282585807538428
0.11259802063592336,0.2227820593809223,0.3278079595704359,0.2833135396925669,0.14282585807538428,0.15129079806275006
0.2227820593809223,0.3278079595704359,0.2833135396925669,0.14282585807538428,0.15129079806275006,0.15098757633185933
0.3278079595704359,0.2833135396925669,0.14282585807538428,0.15129079806275006,0.15098757633185933,0.14512528953463888
0.2833135396925669,0.14282585807538428,0.15129079806275006,0.15098757633185933,0.14512528953463888,0.12828806064434617
0.14282585807538428,0.15129079806275006,0.15098757633185933,0.14512528953463888,0.12828806064434617,0.11994777847967994
0.15129079806275006,0.15098757633185933,0.14512528953463888,0.12828806064434617,0.11994777847967994,0.12009265108443881
0.15098757633185933,0.14512528953463888,0.12828806064434617,0.11994777847967994,0.12009265108443881,0.11877026742472098
0.14512528953463888,0.12828806064434617,0.11994777847967994,0.12009265108443881,0.11877026742472098,0.1194205095809644
0.12828806064434617,0.11994777847967994,0.12009265108443881,0.11877026742472098,0.1194205095809644,0.13688776584544113
0.11994777847967994,0.12009265108443881,0.11877026742472098,0.1194205095809644,0.13688776584544113,0.1433076437144662
0.12009265108443881,0.11877026742472098,0.1194205095809644,0.13688776584544113,0.1433076437144662,0.1447715308485997
0.11877026742472098,0.1194205095809644,0.13688776584544113,0.1433076437144662,0.1447715308485997,0.14263634449357762
0.1194205095809644,0.13688776584544113,0.1433076437144662,0.1447715308485997,0.14263634449357762,0.14130974942093072
0.13688776584544113,0.1433076437144662,0.1447715308485997,0.14263634449357762,0.14130974942093072,0.142573173299642
0.1433076437144662,0.1447715308485997,0.14263634449357762,0.14130974942093072,0.142573173299642,0.14130469572541587
0.1447715308485997,0.14263634449357762,0.14130974942093072,0.142573173299642,0.14130469572541587,0.14562307854285114
0.14263634449357762,0.14130974942093072,0.142573173299642,0.14130469572541587,0.14562307854285114,0.14037481575068436
0.14130974942093072,0.142573173299642,0.14130469572541587,0.14562307854285114,0.14037481575068436,0.1415203200673826
0.142573173299642,0.14130469572541587,0.14562307854285114,0.14037481575068436,0.1415203200673826,0.16551695093703936
0.14130469572541587,0.14562307854285114,0.14037481575068436,0.1415203200673826,0.16551695093703936,0.17124363023794487
0.14562307854285114,0.14037481575068436,0.1415203200673826,0.16551695093703936,0.17124363023794487,0.17640766477153086
0.14037481575068436,0.1415203200673826,0.16551695093703936,0.17124363023794487,0.17640766477153086,0.16737839545167407
0.1415203200673826,0.16551695093703936,0.17124363023794487,0.17640766477153086,0.16737839545167407,0.17161507685828595
0.16551695093703936,0.17124363023794487,0.17640766477153086,0.16737839545167407,0.17161507685828595,0.17047799536744576
0.17124363023794487,0.17640766477153086,0.16737839545167407,0.17161507685828595,0.17047799536744576,0.1687007791113919
0.17640766477153086,0.16737839545167407,0.17161507685828595,0.17047799536744576,0.1687007791113919,0.17922931143398613
0.16737839545167407,0.17161507685828595,0.17047799536744576,0.1687007791113919,0.17922931143398613,0.17869867340492737
0.17161507685828595,0.17047799536744576,0.1687007791113919,0.17922931143398613,0.17869867340492737,0.19660560117919562
0.17047799536744576,0.1687007791113919,0.17922931143398613,0.17869867340492737,0.19660560117919562,0.19560412718467046
0.1687007791113919,0.17922931143398613,0.17869867340492737,0.19660560117919562,0.19560412718467046,0.27257949041903556
0.17922931143398613,0.17869867340492737,0.19660560117919562,0.19560412718467046,0.27257949041903556,0.1648683933459676
0.17869867340492737,0.19660560117919562,0.19560412718467046,0.27257949041903556,0.1648683933459676,0.15577174141924616
0.19660560117919562,0.19560412718467046,0.27257949041903556,0.1648683933459676,0.15577174141924616,0.23279006106548747
0.19560412718467046,0.27257949041903556,0.1648683933459676,0.15577174141924616,0.23279006106548747,0.24688987155190567
0.27257949041903556,0.1648683933459676,0.15577174141924616,0.23279006106548747,0.24688987155190567,0.23915013687092024
0.1648683933459676,0.15577174141924616,0.23279006106548747,0.24688987155190567,0.23915013687092024,0.22582438408085914
0.15577174141924616,0.23279006106548747,0.24688987155190567,0.23915013687092024,0.22582438408085914,0.23677237313118552
0.23279006106548747,0.24688987155190567,0.23915013687092024,0.22582438408085914,0.23677237313118552,0.2562897452095178
0.24688987155190567,0.23915013687092024,0.22582438408085914,0.23677237313118552,0.2562897452095178,0.24932238365971787
0.23915013687092024,0.22582438408085914,0.23677237313118552,0.2562897452095178,0.24932238365971787,0.2138639713623921
0.22582438408085914,0.23677237313118552,0.2562897452095178,0.24932238365971787,0.2138639713623921,0.1920758054327227
0.23677237313118552,0.2562897452095178,0.24932238365971787,0.2138639713623921,0.1920758054327227,0.19061697199410402
0.2562897452095178,0.24932238365971787,0.2138639713623921,0.1920758054327227,0.19061697199410402,0.1922341545588545
0.24932238365971787,0.2138639713623921,0.1920758054327227,0.19061697199410402,0.1922341545588545,0.18824173510212677
0.2138639713623921,0.1920758054327227,0.19061697199410402,0.1922341545588545,0.18824173510212677,0.18165508528111182
0.1920758054327227,0.19061697199410402,0.1922341545588545,0.18824173510212677,0.18165508528111182,0.18681827753211203
0.19061697199410402,0.1922341545588545,0.18824173510212677,0.18165508528111182,0.18681827753211203,0.18930553800800168
0.1922341545588545,0.18824173510212677,0.18165508528111182,0.18681827753211203,0.18930553800800168,0.13661823541798274
0.18824173510212677,0.18165508528111182,0.18681827753211203,0.18930553800800168,0.13661823541798274,0.1351273952411034
0.18165508528111182,0.18681827753211203,0.18930553800800168,0.13661823541798274,0.1351273952411034,0.13180037902716363
0.18681827753211203,0.18930553800800168,0.13661823541798274,0.1351273952411034,0.13180037902716363,0.13180880185302168
0.18930553800800168,0.13661823541798274,0.1351273952411034,0.13180037902716363,0.13180880185302168,0.12610654874710467
0.13661823541798274,0.1351273952411034,0.13180037902716363,0.13180880185302168,0.12610654874710467,0.11653821857233103
0.1351273952411034,0.13180037902716363,0.13180880185302168,0.12610654874710467,0.11653821857233103,0.08836302379448305
0.13180037902716363,0.13180880185302168,0.12610654874710467,0.11653821857233103,0.08836302379448305,0.08915561170772796
0.13180880185302168,0.12610654874710467,0.11653821857233103,0.08836302379448305,0.08915561170772796,0.08831332912192041
0.12610654874710467,0.11653821857233103,0.08836302379448305,0.08915561170772796,0.08831332912192041,0.08935775952832176
0.11653821857233103,0.08836302379448305,0.08915561170772796,0.08831332912192041,0.08935775952832176,0.08805390608549168
0.08836302379448305,0.08915561170772796,0.08831332912192041,0.08935775952832176,0.08805390608549168,0.08771530848599705
0.08915561170772796,0.08831332912192041,0.08935775952832176,0.08805390608549168,0.08771530848599705,0.08829648347020425
0.08831332912192041,0.08935775952832176,0.08805390608549168,0.08771530848599705,0.08829648347020425,0.08808254369340915
0.08935775952832176,0.08805390608549168,0.08771530848599705,0.08829648347020425,0.08808254369340915,0.08924826279216679
0.08805390608549168,0.08771530848599705,0.08829648347020425,0.08808254369340915,0.08924826279216679,0.08839755738050116
0.08771530848599705,0.08829648347020425,0.08808254369340915,0.08924826279216679,0.08839755738050116,0.08771951989892608
0.08829648347020425,0.08808254369340915,0.08924826279216679,0.08839755738050116,0.08771951989892608,0.08935775952832176
0.08808254369340915,0.08924826279216679,0.08839755738050116,0.08771951989892608,0.08935775952832176,0.1471130764371447
0.08924826279216679,0.08839755738050116,0.08771951989892608,0.08935775952832176,0.1471130764371447,0.03508106969888397
0.08839755738050116,0.08771951989892608,0.08935775952832176,0.1471130764371447,0.03508106969888397,0.04359065066329754
0.08771951989892608,0.08935775952832176,0.1471130764371447,0.03508106969888397,0.04359065066329754,0.11095388502842705
0.08935775952832176,0.1471130764371447,0.03508106969888397,0.04359065066329754,0.11095388502842705,0.09887555274794693
0.1471130764371447,0.03508106969888397,0.04359065066329754,0.11095388502842705,0.09887555274794693,0.09518635502210993
0.03508106969888397,0.04359065066329754,0.11095388502842705,0.09887555274794693,0.09518635502210993,0.09274373552326806
0.04359065066329754,0.11095388502842705,0.09887555274794693,0.09518635502210993,0.09274373552326806,0.09157296272899558
0.11095388502842705,0.09887555274794693,0.09518635502210993,0.09274373552326806,0.09157296272899558,0.0906464518846073
0.09887555274794693,0.09518635502210993,0.09274373552326806,0.09157296272899558,0.0906464518846073,0.08890292693198568
0.09518635502210993,0.09274373552326806,0.09157296272899558,0.0906464518846073,0.08890292693198568,0.09065487471046536
0.09274373552326806,0.09157296272899558,0.0906464518846073,0.08890292693198568,0.09065487471046536,0.08815329543061697
0.09157296272899558,0.0906464518846073,0.08890292693198568,0.09065487471046536,0.08815329543061697,0.08913034323015372
0.0906464518846073,0.08890292693198568,0.09065487471046536,0.08815329543061697,0.08913034323015372,0.08948410191619288
0.08890292693198568,0.09065487471046536,0.08815329543061697,0.08913034323015372,0.08948410191619288,0.08897030953885028
0.09065487471046536,0.08815329543061697,0.08913034323015372,0.08948410191619288,0.08897030953885028,0.08907980627500527
0.08815329543061697,0.08913034323015372,0.08948410191619288,0.08897030953885028,0.08907980627500527,0.09350178985049484
0.08913034323015372,0.08948410191619288,0.08897030953885028,0.08907980627500527,0.09350178985049484,0.09183491261318172
0.08948410191619288,0.08897030953885028,0.08907980627500527,0.09350178985049484,0.09183491261318172,0.09245735944409349
0.08897030953885028,0.08907980627500527,0.09350178985049484,0.09183491261318172,0.09245735944409349,0.09190987576331859
0.08907980627500527,0.09350178985049484,0.09183491261318172,0.09245735944409349,0.09190987576331859,0.09274373552326806
0.09350178985049484,0.09183491261318172,0.09245735944409349,0.09190987576331859,0.09274373552326806,0.09328279637818489
0.09183491261318172,0.09245735944409349,0.09190987576331859,0.09274373552326806,0.09328279637818489,0.09056222362602653
0.09245735944409349,0.09190987576331859,0.09274373552326806,0.09328279637818489,0.09056222362602653,0.09089071383449147
0.09190987576331859,0.09274373552326806,0.09328279637818489,0.09056222362602653,0.09089071383449147,0.08994735733838703
0.09274373552326806,0.09328279637818489,0.09056222362602653,0.09089071383449147,0.08994735733838703,0.08906296062328911
0.09328279637818489,0.09056222362602653,0.09089071383449147,0.08994735733838703,0.08906296062328911,0.1114845230574858
0.09056222362602653,0.09089071383449147,0.08994735733838703,0.08906296062328911,0.1114845230574858,0.11483680774899976
0.09089071383449147,0.08994735733838703,0.08906296062328911,0.1114845230574858,0.11483680774899976,0.11091766687723732
0.08994735733838703,0.08906296062328911,0.1114845230574858,0.11483680774899976,0.11091766687723732,0.09063802905874921
0.08906296062328911,0.1114845230574858,0.11483680774899976,0.11091766687723732,0.09063802905874921,0.08763950305327436
0.1114845230574858,0.11483680774899976,0.11091766687723732,0.09063802905874921,0.08763950305327436,0.08616550852811118
0.11483680774899976,0.11091766687723732,0.09063802905874921,0.08763950305327436,0.08616550852811118,0.08628342809012424
0.11091766687723732,0.09063802905874921,0.08763950305327436,0.08616550852811118,0.08628342809012424,0.08610739102969046
0.09063802905874921,0.08763950305327436,0.08616550852811118,0.08628342809012424,0.08610739102969046,0.09815203200673825
0.08763950305327436,0.08616550852811118,0.08628342809012424,0.08610739102969046,0.09815203200673825,0.11351442408928195
0.08616550852811118,0.08628342809012424,0.08610739102969046,0.09815203200673825,0.11351442408928195,0.17266793009054537
0.08628342809012424,0.08610739102969046,0.09815203200673825,0.11351442408928195,0.17266793009054537,0.10969888397557381
0.08610739102969046,0.09815203200673825,0.11351442408928195,0.17266793009054537,0.10969888397557381,0.10034112444725206
0.09815203200673825,0.11351442408928195,0.17266793009054537,0.10969888397557381,0.10034112444725206,0.17191829858917668
0.11351442408928195,0.17266793009054537,0.10969888397557381,0.10034112444725206,0.17191829858917668,0.2750894925247421
0.17266793009054537,0.10969888397557381,0.10034112444725206,0.17191829858917668,0.2750894925247421,0.7828932406822489
0.10969888397557381,0.10034112444725206,0.17191829858917668,0.2750894925247421,0.7828932406822489,0.7851758264897872
0.10034112444725206,0.17191829858917668,0.2750894925247421,0.7828932406822489,0.7851758264897872,0.7915855969677826
0.17191829858917668,0.2750894925247421,0.7828932406822489,0.7851758264897872,0.7915855969677826,0.7838264897873236
0.2750894925247421,0.7828932406822489,0.7851758264897872,0.7915855969677826,0.7838264897873236,0.7823794483049062
0.7828932406822489,0.7851758264897872,0.7915855969677826,0.7838264897873236,0.7823794483049062,0.8066371867761634
0.7851758264897872,0.7915855969677826,0.7838264897873236,0.7823794483049062,0.8066371867761634,0.7670077911139187
0.7915855969677826,0.7838264897873236,0.7823794483049062,0.8066371867761634,0.7670077911139187,0.7861023373341756
0.7838264897873236,0.7823794483049062,0.8066371867761634,0.7670077911139187,0.7861023373341756,0.7828595493788165
0.7823794483049062,0.8066371867761634,0.7670077911139187,0.7861023373341756,0.7828595493788165,0.7698547062539481
0.8066371867761634,0.7670077911139187,0.7861023373341756,0.7828595493788165,0.7698547062539481,0.7604801010739103
0.7670077911139187,0.7861023373341756,0.7828595493788165,0.7698547062539481,0.7604801010739103,0.7674373552326805
0.7861023373341756,0.7828595493788165,0.7698547062539481,0.7604801010739103,0.7674373552326805,0.7484691514002948
0.7828595493788165,0.7698547062539481,0.7604801010739103,0.7674373552326805,0.7484691514002948,0.7543482838492314
0.7698547062539481,0.7604801010739103,0.7674373552326805,0.7484691514002948,0.7543482838492314,0.765365340071594
0.7604801010739103,0.7674373552326805,0.7484691514002948,0.7543482838492314,0.765365340071594,0.7309218782901663
0.7674373552326805,0.7484691514002948,0.7543482838492314,0.765365340071594,0.7309218782901663,0.7519140871762475
0.7484691514002948,0.7543482838492314,0.765365340071594,0.7309218782901663,0.7519140871762475,0.7355906506632974
0.7543482838492314,0.765365340071594,0.7309218782901663,0.7519140871762475,0.7355906506632974,0.7462455253737628
0.765365340071594,0.7309218782901663,0.7519140871762475,0.7355906506632974,0.7462455253737628,0.7599663086965677
0.7309218782901663,0.7519140871762475,0.7355906506632974,0.7462455253737628,0.7599663086965677,0.6895093703937671
0.7519140871762475,0.7355906506632974,0.7462455253737628,0.7599663086965677,0.6895093703937671,0.16244261949884187
0.7355906506632974,0.7462455253737628,0.7599663086965677,0.6895093703937671,0.16244261949884187,0.16009265108443882
0.7462455253737628,0.7599663086965677,0.6895093703937671,0.16244261949884187,0.16009265108443882,0.15696778269109288
0.7599663086965677,0.6895093703937671,0.16244261949884187,0.16009265108443882,0.15696778269109288,0.17089071383449145
0.6895093703937671,0.16244261949884187,0.16009265108443882,0.15696778269109288,0.17089071383449145,0.16192208886081283
0.16244261949884187,0.16009265108443882,0.15696778269109288,0.17089071383449145,0.16192208886081283,0.1609938934512529
0.16009265108443882,0.15696778269109288,0.17089071383449145,0.16192208886081283,0.1609938934512529,0.15551063381764582
0.15696778269109288,0.17089071383449145,0.16192208886081283,0.1609938934512529,0.15551063381764582,0.15384291429774688
0.17089071383449145,0.16192208886081283,0.1609938934512529,0.15551063381764582,0.15384291429774688,0.15575489576753002
0.16192208886081283,0.1609938934512529,0.15551063381764582,0.15384291429774688,0.15575489576753002,0.15413602863760792
0.1609938934512529,0.15551063381764582,0.15384291429774688,0.15575489576753002,0.15413602863760792,0.20833017477363658
0.15551063381764582,0.15384291429774688,0.15575489576753002,0.15413602863760792,0.20833017477363658,0.11025479048220677
0.15384291429774688,0.15575489576753002,0.15413602863760792,0.20833017477363658,0.11025479048220677,0.1062564750473784
0.15575489576753002,0.15413602863760792,0.20833017477363658,0.11025479048220677,0.1062564750473784,0.17542219414613602
0.15413602863760792,0.20833017477363658,0.11025479048220677,0.1062564750473784,0.17542219414613602,0.16379869446199202
0.20833017477363658,0.11025479048220677,0.1062564750473784,0.17542219414613602,0.16379869446199202,0.17185091598231209
0.11025479048220677,0.1062564750473784,0.17542219414613602,0.16379869446199202,0.17185091598231209,0.16795957043588125
0.1062564750473784,0.17542219414613602,0.16379869446199202,0.17185091598231209,0.16795957043588125,0.15385975994946305
0.17542219414613602,0.16379869446199202,0.17185091598231209,0.16795957043588125,0.15385975994946305,0.1647925879132449
0.16379869446199202,0.17185091598231209,0.16795957043588125,0.15385975994946305,0.1647925879132449,0.16592798483891344
0.17185091598231209,0.16795957043588125,0.15385975994946305,0.1647925879132449,0.16592798483891344,0.1672520530638029
0.16795957043588125,0.15385975994946305,0.1647925879132449,0.16592798483891344,0.1672520530638029,0.16185133712360497
0.15385975994946305,0.1647925879132449,0.16592798483891344,0.1672520530638029,0.16185133712360497,0.16824173510212675
0.1647925879132449,0.16592798483891344,0.1672520530638029,0.16185133712360497,0.16824173510212675,0.16828806064434618
0.16592798483891344,0.1672520530638029,0.16185133712360497,0.16824173510212675,0.16828806064434618,0.16303221730890713
0.1672520530638029,0.16185133712360497,0.16824173510212675,0.16828806064434618,0.16303221730890713,0.17275047378395453
0.16185133712360497,0.16824173510212675,0.16828806064434618,0.16303221730890713,0.17275047378395453,0.17508022741629814
0.16824173510212675,0.16828806064434618,0.16303221730890713,0.17275047378395453,0.17508022741629814,0.1683470204253527
0.16828806064434618,0.16303221730890713,0.17275047378395453,0.17508022741629814,0.1683470204253527,0.16426194988418613
0.16303221730890713,0.17275047378395453,0.17508022741629814,0.1683470204253527,0.16426194988418613,0.1661335017898505
0.17275047378395453,0.17508022741629814,0.1683470204253527,0.16426194988418613,0.1661335017898505,0.16389724152453147
0.17508022741629814,0.1683470204253527,0.16426194988418613,0.1661335017898505,0.16389724152453147,0.16576121288692358
0.1683470204253527,0.16426194988418613,0.1661335017898505,0.16389724152453147,0.16576121288692358,0.16341040218993474
0.16426194988418613,0.1661335017898505,0.16389724152453147,0.16576121288692358,0.16341040218993474,0.16584544114550429
0.1661335017898505,0.16389724152453147,0.16576121288692358,0.16341040218993474,0.16584544114550429,0.16674668351231842
0.16389724152453147,0.16576121288692358,0.16341040218993474,0.16584544114550429,0.16674668351231842,0.17018319646241314
0.16576121288692358,0.16341040218993474,0.16584544114550429,0.16674668351231842,0.17018319646241314,0.16593809222994313
0.16341040218993474,0.16584544114550429,0.16674668351231842,0.17018319646241314,0.16593809222994313,0.16456517161507686
0.16584544114550429,0.16674668351231842,0.17018319646241314,0.16593809222994313,0.16456517161507686,0.1640345335860181
0.16674668351231842,0.17018319646241314,0.16593809222994313,0.16456517161507686,0.1640345335860181,0.17010149505158978
0.17018319646241314,0.16593809222994313,0.16456517161507686,0.1640345335860181,0.17010149505158978,0.17812255211623498
0.16593809222994313,0.16456517161507686,0.1640345335860181,0.17010149505158978,0.17812255211623498,0.18218403874499894
0.16456517161507686,0.1640345335860181,0.17010149505158978,0.17812255211623498,0.18218403874499894,0.18618656559275637
0.1640345335860181,0.17010149505158978,0.17812255211623498,0.18218403874499894,0.18618656559275637,0.1797515266371868
0.17010149505158978,0.17812255211623498,0.18218403874499894,0.18618656559275637,0.1797515266371868,0.16835544325121077
0.17812255211623498,0.18218403874499894,0.18618656559275637,0.1797515266371868,0.16835544325121077,0.16842114129290378
0.18218403874499894,0.18618656559275637,0.1797515266371868,0.16835544325121077,0.16842114129290378,0.22273320699094545
0.18618656559275637,0.1797515266371868,0.16835544325121077,0.16842114129290378,0.22273320699094545,0.12950347441566645
0.1797515266371868,0.16835544325121077,0.16842114129290378,0.22273320699094545,0.12950347441566645,0.11917540534849441
0.16835544325121077,0.16842114129290378,0.22273320699094545,0.12950347441566645,0.11917540534849441,0.18823331227626872
0.16842114129290378,0.22273320699094545,0.12950347441566645,0.11917540534849441,0.18823331227626872,0.15663929248262795
0.22273320699094545,0.12950347441566645,0.11917540534849441,0.18823331227626872,0.15663929248262795,0.15575489576753002
0.12950347441566645,0.11917540534849441,0.18823331227626872,0.15663929248262795,0.15575489576753002,0.15625184249315643
0.11917540534849441,0.18823331227626872,0.15663929248262795,0.15575489576753002,0.15625184249315643,0.15380080016845654
0.18823331227626872,0.15663929248262795,0.15575489576753002,0.15625184249315643,0.15380080016845654,0.15022952200463258
0.15663929248262795,0.15575489576753002,0.15625184249315643,0.15380080016845654,0.15022952200463258,0.14865445356917248
0.15575489576753002,0.15625184249315643,0.15380080016845654,0.15022952200463258,0.14865445356917248,0.15228974520951777
0.15625184249315643,0.15380080016845654,0.15022952200463258,0.14865445356917248,0.15228974520951777,0.14933670246367658
0.15380080016845654,0.15022952200463258,0.14865445356917248,0.15228974520951777,0.14933670246367658,0.15084438829227204
0.15022952200463258,0.14865445356917248,0.15228974520951777,0.14933670246367658,0.15084438829227204,0.15033901874078753
0.14865445356917248,0.15228974520951777,0.14933670246367658,0.15084438829227204,0.15033901874078753,0.14991535060012637
0.15228974520951777,0.14933670246367658,0.15084438829227204,0.15033901874078753,0.14991535060012637,0.14808085912823754
0.14933670246367658,0.15084438829227204,0.15033901874078753,0.14991535060012637,0.14808085912823754,0.15224257738471256
0.15084438829227204,0.15033901874078753,0.14991535060012637,0.14808085912823754,0.15224257738471256,0.15368119604127187
0.15033901874078753,0.14991535060012637,0.14808085912823754,0.15224257738471256,0.15368119604127187,0.14921878290166352
0.14991535060012637,0.14808085912823754,0.15224257738471256,0.15368119604127187,0.14921878290166352,0.14393767108865024
0.14808085912823754,0.15224257738471256,0.15368119604127187,0.14921878290166352,0.14393767108865024,0.12928869235628554
0.15224257738471256,0.15368119604127187,0.14921878290166352,0.14393767108865024,0.12928869235628554,0.0936870920193725
0.15368119604127187,0.14921878290166352,0.14393767108865024,0.12928869235628554,0.0936870920193725,0.0868814487260476
0.14921878290166352,0.14393767108865024,0.12928869235628554,0.0936870920193725,0.0868814487260476,0.10972415245314801
0.14393767108865024,0.12928869235628554,0.0936870920193725,0.0868814487260476,0.10972415245314801,0.10461907770056852
0.12928869235628554,0.0936870920193725,0.0868814487260476,0.10972415245314801,0.10461907770056852,0.0864350389555696
0.0936870920193725,0.0868814487260476,0.10972415245314801,0.10461907770056852,0.0864350389555696,0.08529795746472942
0.0868814487260476,0.10972415245314801,0.10461907770056852,0.0864350389555696,0.08529795746472942,0.08730259001895137
0.10972415245314801,0.10461907770056852,0.0864350389555696,0.08529795746472942,0.08730259001895137,0.08777426826700359
0.10461907770056852,0.0864350389555696,0.08529795746472942,0.08730259001895137,0.08777426826700359,0.08590440092651085
0.0864350389555696,0.08529795746472942,0.08730259001895137,0.08777426826700359,0.08590440092651085,0.0855085281111813
0.08529795746472942,0.08730259001895137,0.08777426826700359,0.08590440092651085,0.0855085281111813,0.08560117919562013
0.08730259001895137,0.08777426826700359,0.08590440092651085,0.0855085281111813,0.08560117919562013,0.08478416508738681
0.08777426826700359,0.08590440092651085,0.0855085281111813,0.08560117919562013,0.08478416508738681,0.08533080648557591
0.08590440092651085,0.0855085281111813,0.08560117919562013,0.08478416508738681,0.08533080648557591,0.08453990313750263
0.0855085281111813,0.08560117919562013,0.08478416508738681,0.08533080648557591,0.08453990313750263,0.08497789008212256
0.08560117919562013,0.08478416508738681,0.08533080648557591,0.08453990313750263,0.08497789008212256,0.14306085491682458
0.08478416508738681,0.08533080648557591,0.08453990313750263,0.08497789008212256,0.14306085491682458,0.05038534428300696
0.08533080648557591,0.08453990313750263,0.08497789008212256,0.14306085491682458,0.05038534428300696,0.04620172667930091
0.08453990313750263,0.08497789008212256,0.14306085491682458,0.05038534428300696,0.04620172667930091,0.11125710675931773
0.08497789008212256,0.14306085491682458,0.05038534428300696,0.04620172667930091,0.11125710675931773,0.09670246367656347
0.14306085491682458,0.05038534428300696,0.04620172667930091,0.11125710675931773,0.09670246367656347,0.09168245946515056
0.05038534428300696,0.04620172667930091,0.11125710675931773,0.09670246367656347,0.09168245946515056,0.09052010949673615
0.04620172667930091,0.11125710675931773,0.09670246367656347,0.09168245946515056,0.09052010949673615,0.08843798694461992
0.11125710675931773,0.09670246367656347,0.09168245946515056,0.09052010949673615,0.08843798694461992,0.08949252474205095
0.09670246367656347,0.09168245946515056,0.09052010949673615,0.08843798694461992,0.08949252474205095,0.08775742261528743
0.09168245946515056,0.09052010949673615,0.08843798694461992,0.08949252474205095,0.08775742261528743,0.0870499052432091
0.09052010949673615,0.08843798694461992,0.08949252474205095,0.08775742261528743,0.0870499052432091,0.0897536323436513
0.08843798694461992,0.08949252474205095,0.08775742261528743,0.0870499052432091,0.0897536323436513,0.08771530848599705
0.08949252474205095,0.08775742261528743,0.0870499052432091,0.0897536323436513,0.08771530848599705,0.08548747104653612
0.08775742261528743,0.0870499052432091,0.0897536323436513,0.08771530848599705,0.08548747104653612,0.08630869656769846
0.0870499052432091,0.0897536323436513,0.08771530848599705,0.08548747104653612,0.08630869656769846,0.08566013897662667
0.0897536323436513,0.08771530848599705,0.08548747104653612,0.08630869656769846,0.08566013897662667,0.08950937039376711
0.08771530848599705,0.08548747104653612,0.08630869656769846,0.08566013897662667,0.08950937039376711,0.09067172036218152
0.08548747104653612,0.08630869656769846,0.08566013897662667,0.08950937039376711,0.09067172036218152,0.09097494209307223
0.08630869656769846,0.08566013897662667,0.08950937039376711,0.09067172036218152,0.09097494209307223,0.0909159823120657
0.08566013897662667,0.08950937039376711,0.09067172036218152,0.09097494209307223,0.0909159823120657,0.09093282796378185
0.08950937039376711,0.09067172036218152,0.09097494209307223,0.0909159823120657,0.09093282796378185,0.09029269319856813
0.09067172036218152,0.09097494209307223,0.0909159823120657,0.09093282796378185,0.09029269319856813,0.08929879974731522
0.09097494209307223,0.0909159823120657,0.09093282796378185,0.09029269319856813,0.08929879974731522,0.08953463887134133
0.0909159823120657,0.09093282796378185,0.09029269319856813,0.08929879974731522,0.08953463887134133,0.08909665192672142
0.09093282796378185,0.09029269319856813,0.08929879974731522,0.08953463887134133,0.08909665192672142,0.08840598020635924
0.09029269319856813,0.08929879974731522,0.08953463887134133,0.08909665192672142,0.08840598020635924,0.12128026953042746
0.08929879974731522,0.08953463887134133,0.08909665192672142,0.08840598020635924,0.12128026953042746,0.12099642029901034
0.08953463887134133,0.08909665192672142,0.08840598020635924,0.12128026953042746,0.12099642029901034,0.11022952200463255
0.08909665192672142,0.08840598020635924,0.12128026953042746,0.12099642029901034,0.11022952200463255,0.08972836386607708
0.08840598020635924,0.12128026953042746,0.12099642029901034,0.11022952200463255,0.08972836386607708,0.12424510423246998
0.12128026953042746,0.12099642029901034,0.11022952200463255,0.08972836386607708,0.12424510423246998,0.13133712360496946
0.12099642029901034,0.11022952200463255,0.08972836386607708,0.12424510423246998,0.13133712360496946,0.12876479258791323
0.11022952200463255,0.08972836386607708,0.12424510423246998,0.13133712360496946,0.12876479258791323,0.1316285533796589
0.08972836386607708,0.12424510423246998,0.13133712360496946,0.12876479258791323,0.1316285533796589,0.1276226574015582
0.12424510423246998,0.13133712360496946,0.12876479258791323,0.1316285533796589,0.1276226574015582,0.13372920614866285
0.13133712360496946,0.12876479258791323,0.1316285533796589,0.1276226574015582,0.13372920614866285,0.1924447252053064
0.12876479258791323,0.1316285533796589,0.1276226574015582,0.13372920614866285,0.1924447252053064,0.09334175615919141
0.1316285533796589,0.1276226574015582,0.13372920614866285,0.1924447252053064,0.09334175615919141,0.08847504737839545
0.1276226574015582,0.13372920614866285,0.1924447252053064,0.09334175615919141,0.08847504737839545,0.15232933249105077
0.13372920614866285,0.1924447252053064,0.09334175615919141,0.08847504737839545,0.15232933249105077,0.13799199831543485
0.1924447252053064,0.09334175615919141,0.08847504737839545,0.15232933249105077,0.13799199831543485,0.13344283006948832
0.09334175615919141,0.08847504737839545,0.15232933249105077,0.13799199831543485,0.13344283006948832,0.1327235207412087
0.08847504737839545,0.15232933249105077,0.13799199831543485,0.13344283006948832,0.1327235207412087,0.11967993261739311
0.15232933249105077,0.13799199831543485,0.13344283006948832,0.1327235207412087,0.11967993261739311,0.13139439882080436
0.13799199831543485,0.13344283006948832,0.1327235207412087,0.11967993261739311,0.13139439882080436,0.18986734049273532
0.13344283006948832,0.1327235207412087,0.11967993261739311,0.13139439882080436,0.18986734049273532,0.1805011581385555
0.1327235207412087,0.11967993261739311,0.13139439882080436,0.18986734049273532,0.1805011581385555,0.1884438829227206
0.11967993261739311,0.13139439882080436,0.18986734049273532,0.1805011581385555,0.1884438829227206,0.18081280269530428
0.13139439882080436,0.18986734049273532,0.1805011581385555,0.1884438829227206,0.18081280269530428,0.16661191829858918
0.18986734049273532,0.1805011581385555,0.1884438829227206,0.18081280269530428,0.16661191829858918,0.1565803327016214
0.1805011581385555,0.1884438829227206,0.18081280269530428,0.16661191829858918,0.1565803327016214,0.15691303432301537
0.1884438829227206,0.18081280269530428,0.16661191829858918,0.1565803327016214,0.15691303432301537,0.15722046746683516
0.18081280269530428,0.16661191829858918,0.1565803327016214,0.15691303432301537,0.15722046746683516,0.16356032849020846
0.16661191829858918,0.1565803327016214,0.15691303432301537,0.15722046746683516,0.16356032849020846,0.16707517372078334
0.1565803327016214,0.15691303432301537,0.15722046746683516,0.16356032849020846,0.16707517372078334,0.15316908822910089
0.15691303432301537,0.15722046746683516,0.16356032849020846,0.16707517372078334,0.15316908822910089,0.37524531480311646
0.15722046746683516,0.16356032849020846,0.16707517372078334,0.15316908822910089,0.37524531480311646,0.4711981469783112
0.16356032849020846,0.16707517372078334,0.15316908822910089,0.37524531480311646,0.4711981469783112,0.4724615708570225
0.16707517372078334,0.15316908822910089,0.37524531480311646,0.4711981469783112,0.4724615708570225,0.47179616761423454
0.15316908822910089,0.37524531480311646,0.4711981469783112,0.4724615708570225,0.47179616761423454,0.47404506211834063
0.37524531480311646,0.4711981469783112,0.4724615708570225,0.47179616761423454,0.47404506211834063,0.4655632764792588
0.4711981469783112,0.4724615708570225,0.47179616761423454,0.47404506211834063,0.4655632764792588,0.46369340913876606
0.4724615708570225,0.47179616761423454,0.47404506211834063,0.4655632764792588,0.46369340913876606,0.4667340492735313
0.47179616761423454,0.47404506211834063,0.4655632764792588,0.46369340913876606,0.4667340492735313,0.4741941461360286
0.47404506211834063,0.4655632764792588,0.46369340913876606,0.4667340492735313,0.4741941461360286,0.4688397557380501
0.4655632764792588,0.46369340913876606,0.4667340492735313,0.4741941461360286,0.4688397557380501,0.47661739313539686
0.46369340913876606,0.4667340492735313,0.4741941461360286,0.4688397557380501,0.47661739313539686,0.46955569593598645
0.4667340492735313,0.4741941461360286,0.4688397557380501,0.47661739313539686,0.46955569593598645,0.47594356706675084
0.4741941461360286,0.4688397557380501,0.47661739313539686,0.46955569593598645,0.47594356706675084,0.4752158349126131
0.4688397557380501,0.47661739313539686,0.46955569593598645,0.47594356706675084,0.4752158349126131,0.2818614445146347
0.47661739313539686,0.46955569593598645,0.47594356706675084,0.4752158349126131,0.2818614445146347,0.1565129500947568
0.46955569593598645,0.47594356706675084,0.4752158349126131,0.2818614445146347,0.1565129500947568,0.20843967150979156
0.47594356706675084,0.4752158349126131,0.2818614445146347,0.1565129500947568,0.20843967150979156,0.11810486418193306
0.4752158349126131,0.2818614445146347,0.1565129500947568,0.20843967150979156,0.11810486418193306,0.10370183196462412
0.2818614445146347,0.1565129500947568,0.20843967150979156,0.11810486418193306,0.10370183196462412,0.17028427037271004
0.1565129500947568,0.20843967150979156,0.11810486418193306,0.10370183196462412,0.17028427037271004,0.18125752790061064
0.20843967150979156,0.11810486418193306,0.10370183196462412,0.17028427037271004,0.18125752790061064,0.16653611286586653
0.11810486418193306,0.10370183196462412,0.17028427037271004,0.18125752790061064,0.16653611286586653,0.1649922088860813
0.10370183196462412,0.17028427037271004,0.18125752790061064,0.16653611286586653,0.1649922088860813,0.15400463255422192
0.17028427037271004,0.18125752790061064,0.16653611286586653,0.1649922088860813,0.15400463255422192,0.1482585807538429
0.18125752790061064,0.16653611286586653,0.1649922088860813,0.15400463255422192,0.1482585807538429,0.1469951568751316
0.16653611286586653,0.1649922088860813,0.15400463255422192,0.1482585807538429,0.1469951568751316,0.1582312065698042
0.1649922088860813,0.15400463255422192,0.1482585807538429,0.1469951568751316,0.1582312065698042,0.35675552747946937
0.15400463255422192,0.1482585807538429,0.1469951568751316,0.1582312065698042,0.35675552747946937,0.48459886291850907
0.1482585807538429,0.1469951568751316,0.1582312065698042,0.35675552747946937,0.48459886291850907,0.49889155611707725
0.1469951568751316,0.1582312065698042,0.35675552747946937,0.48459886291850907,0.49889155611707725,0.4860138976626658
0.1582312065698042,0.35675552747946937,0.48459886291850907,0.49889155611707725,0.4860138976626658,0.48789892608970303
0.35675552747946937,0.48459886291850907,0.49889155611707725,0.4860138976626658,0.48789892608970303,0.5041987786902505
0.48459886291850907,0.49889155611707725,0.4860138976626658,0.48789892608970303,0.5041987786902505,0.5187955359022952
0.49889155611707725,0.4860138976626658,0.48789892608970303,0.5041987786902505,0.5187955359022952,0.5199107180459044
0.4860138976626658,0.48789892608970303,0.5041987786902505,0.5187955359022952,0.5199107180459044,0.5263845020004211
0.48789892608970303,0.5041987786902505,0.5187955359022952,0.5199107180459044,0.5263845020004211,0.5272107812170983
0.5041987786902505,0.5187955359022952,0.5199107180459044,0.5263845020004211,0.5272107812170983,0.5248262792166771
0.5187955359022952,0.5199107180459044,0.5263845020004211,0.5272107812170983,0.5248262792166771,0.5304190355864392
0.5199107180459044,0.5263845020004211,0.5272107812170983,0.5248262792166771,0.5304190355864392,0.5125879132448936
0.5263845020004211,0.5272107812170983,0.5248262792166771,0.5304190355864392,0.5125879132448936,0.5048052221520319
0.5272107812170983,0.5248262792166771,0.5304190355864392,0.5125879132448936,0.5048052221520319,0.506144451463466
0.5248262792166771,0.5304190355864392,0.5125879132448936,0.5048052221520319,0.506144451463466,0.5200421141292904
0.5304190355864392,0.5125879132448936,0.5048052221520319,0.506144451463466,0.5200421141292904,0.5355485365340071
0.5125879132448936,0.5048052221520319,0.506144451463466,0.5200421141292904,0.5355485365340071,0.5173375447462624
0.5048052221520319,0.506144451463466,0.5200421141292904,0.5355485365340071,0.5173375447462624,0.5126468730259002
0.506144451463466,0.5200421141292904,0.5355485365340071,0.5173375447462624,0.5126468730259002,0.515089492524742
0.5200421141292904,0.5355485365340071,0.5173375447462624,0.5126468730259002,0.515089492524742,0.5098757633185933
0.5355485365340071,0.5173375447462624,0.5126468730259002,0.515089492524742,0.5098757633185933,0.4187576331859339
0.5173375447462624,0.5126468730259002,0.515089492524742,0.5098757633185933,0.4187576331859339,0.21846283428090124
0.5126468730259002,0.515089492524742,0.5098757633185933,0.4187576331859339,0.21846283428090124,0.21535144240892817
0.515089492524742,0.5098757633185933,0.4187576331859339,0.21846283428090124,0.21535144240892817,0.2468241735102127
0.5098757633185933,0.4187576331859339,0.21846283428090124,0.21535144240892817,0.2468241735102127,0.29097494209307223
0.4187576331859339,0.21846283428090124,0.21535144240892817,0.2468241735102127,0.29097494209307223,0.18867972204674668
0.21846283428090124,0.21535144240892817,0.2468241735102127,0.29097494209307223,0.18867972204674668,0.14372878500736996
0.21535144240892817,0.2468241735102127,0.29097494209307223,0.18867972204674668,0.14372878500736996,0.20085407454200885
0.2468241735102127,0.29097494209307223,0.18867972204674668,0.14372878500736996,0.20085407454200885,0.178100652769004
0.29097494209307223,0.18867972204674668,0.14372878500736996,0.20085407454200885,0.178100652769004,0.16675510633817647
0.18867972204674668,0.14372878500736996,0.20085407454200885,0.178100652769004,0.16675510633817647,0.15465150558012214
0.14372878500736996,0.20085407454200885,0.178100652769004,0.16675510633817647,0.15465150558012214,0.1461360286376079
0.20085407454200885,0.178100652769004,0.16675510633817647,0.15465150558012214,0.1461360286376079,0.1470541166561381
0.178100652769004,0.16675510633817647,0.15465150558012214,0.1461360286376079,0.1470541166561381,0.14413981890924404
0.16675510633817647,0.15465150558012214,0.1461360286376079,0.1470541166561381,0.14413981890924404,0.1440640134765214
0.15465150558012214,0.1461360286376079,0.1470541166561381,0.14413981890924404,0.1440640134765214,0.1469951568751316
0.1461360286376079,0.1470541166561381,0.14413981890924404,0.1440640134765214,0.1469951568751316,0.14825015792798482
0.1470541166561381,0.14413981890924404,0.1440640134765214,0.1469951568751316,0.14825015792798482,0.14440934933670246
0.14413981890924404,0.1440640134765214,0.1469951568751316,0.14825015792798482,0.14440934933670246,0.146835965466414
0.1440640134765214,0.1469951568751316,0.14825015792798482,0.14440934933670246,0.146835965466414,0.14655716993051168
0.1469951568751316,0.14825015792798482,0.14440934933670246,0.146835965466414,0.14655716993051168,0.14127605811749844
0.14825015792798482,0.14440934933670246,0.146835965466414,0.14655716993051168,0.14127605811749844,0.13751442408928197
0.14440934933670246,0.146835965466414,0.14655716993051168,0.14127605811749844,0.13751442408928197,0.4774899978942935
0.146835965466414,0.14655716993051168,0.14127605811749844,0.13751442408928197,0.4774899978942935,0.7564034533586018
0.14655716993051168,0.14127605811749844,0.13751442408928197,0.4774899978942935,0.7564034533586018,0.7667382606864602
0.14127605811749844,0.13751442408928197,0.4774899978942935,0.7564034533586018,0.7667382606864602,0.7064560960202148
0.13751442408928197,0.4774899978942935,0.7564034533586018,0.7667382606864602,0.7064560960202148,0.08571909875763319
0.4774899978942935,0.7564034533586018,0.7667382606864602,0.7064560960202148,0.08571909875763319,0.08640977047799538
0.7564034533586018,0.7667382606864602,0.7064560960202148,0.08571909875763319,0.08640977047799538,0.08647209938934512
0.7667382606864602,0.7064560960202148,0.08571909875763319,0.08640977047799538,0.08647209938934512,0.08795114761002316
0.7064560960202148,0.08571909875763319,0.08640977047799538,0.08647209938934512,0.08795114761002316,0.08724363023794483
0.08571909875763319,0.08640977047799538,0.08647209938934512,0.08795114761002316,0.08724363023794483,0.08576121288692357
0.08640977047799538,0.08647209938934512,0.08795114761002316,0.08724363023794483,0.08576121288692357,0.0854074542008844
0.08647209938934512,0.08795114761002316,0.08724363023794483,0.08576121288692357,0.0854074542008844,0.08610739102969046
0.08795114761002316,0.08724363023794483,0.08576121288692357,0.0854074542008844,0.08610739102969046,0.08542429985260055
0.08724363023794483,0.08576121288692357,0.0854074542008844,0.08610739102969046,0.08542429985260055,0.087150979153506
0.08576121288692357,0.0854074542008844,0.08610739102969046,0.08542429985260055,0.087150979153506,0.08578900821225521
0.0854074542008844,0.08610739102969046,0.08542429985260055,0.087150979153506,0.08578900821225521,0.08539060854916825
0.08610739102969046,0.08542429985260055,0.087150979153506,0.08578900821225521,0.08539060854916825,0.08646283428090125
0.08542429985260055,0.087150979153506,0.08578900821225521,0.08539060854916825,0.08646283428090125,0.08509665192672142
0.087150979153506,0.08578900821225521,0.08539060854916825,0.08646283428090125,0.08509665192672142,0.14312065698041695
0.08578900821225521,0.08539060854916825,0.08646283428090125,0.08509665192672142,0.14312065698041695,0.05185933880817015
0.08539060854916825,0.08646283428090125,0.08509665192672142,0.14312065698041695,0.05185933880817015,0.04197094125078964
0.08646283428090125,0.08509665192672142,0.14312065698041695,0.05185933880817015,0.04197094125078964,0.10702884817856391
0.08509665192672142,0.14312065698041695,0.05185933880817015,0.04197094125078964,0.10702884817856391,0.09651716150768581
0.14312065698041695,0.05185933880817015,0.04197094125078964,0.10702884817856391,0.09651716150768581,0.09204464097704781
0.05185933880817015,0.04197094125078964,0.10702884817856391,0.09651716150768581,0.09204464097704781,0.08974520951779322
0.04197094125078964,0.10702884817856391,0.09651716150768581,0.09204464097704781,0.08974520951779322,0.08768161718256476
0.10702884817856391,0.09651716150768581,0.09204464097704781,0.08974520951779322,0.08768161718256476,0.08829648347020425
0.09651716150768581,0.09204464097704781,0.08974520951779322,0.08768161718256476,0.08829648347020425,0.08675510633817646
0.09204464097704781,0.08974520951779322,0.08768161718256476,0.08829648347020425,0.08675510633817646,0.08654453569172457
0.08974520951779322,0.08768161718256476,0.08829648347020425,0.08675510633817646,0.08654453569172457,0.08681406611918299
0.08768161718256476,0.08829648347020425,0.08675510633817646,0.08654453569172457,0.08681406611918299,0.08637607917456307
0.08829648347020425,0.08675510633817646,0.08654453569172457,0.08681406611918299,0.08637607917456307,0.08621604548325963
0.08675510633817646,0.08654453569172457,0.08681406611918299,0.08637607917456307,0.08621604548325963,0.0853080648557591
0.08654453569172457,0.08681406611918299,0.08637607917456307,0.08621604548325963,0.0853080648557591,0.08625647504737839
0.08681406611918299,0.08637607917456307,0.08621604548325963,0.0853080648557591,0.08625647504737839,0.08949252474205095
0.08637607917456307,0.08621604548325963,0.0853080648557591,0.08625647504737839,0.08949252474205095,0.08926173931353969
0.08621604548325963,0.0853080648557591,0.08625647504737839,0.08949252474205095,0.08926173931353969,0.0911602442619499
0.0853080648557591,0.08625647504737839,0.08949252474205095,0.08926173931353969,0.0911602442619499,0.09030953885028427
0.08625647504737839,0.08949252474205095,0.08926173931353969,0.0911602442619499,0.09030953885028427,0.08970309538850284
0.08949252474205095,0.08926173931353969,0.0911602442619499,0.09030953885028427,0.08970309538850284,0.0898883975573805
0.08926173931353969,0.0911602442619499,0.09030953885028427,0.08970309538850284,0.0898883975573805,0.08841440303221731
0.0911602442619499,0.09030953885028427,0.08970309538850284,0.0898883975573805,0.08841440303221731,0.08777426826700359
0.09030953885028427,0.08970309538850284,0.0898883975573805,0.08841440303221731,0.08777426826700359,0.08896188671299221
0.08970309538850284,0.0898883975573805,0.08841440303221731,0.08777426826700359,0.08896188671299221,0.08914718888186987
0.0898883975573805,0.08841440303221731,0.08777426826700359,0.08896188671299221,0.08914718888186987,0.1098673404927353
0.08841440303221731,0.08777426826700359,0.08896188671299221,0.08914718888186987,0.1098673404927353,0.1216845651716151
0.08777426826700359,0.08896188671299221,0.08914718888186987,0.1098673404927353,0.1216845651716151,0.11145083175405347
0.08896188671299221,0.08914718888186987,0.1098673404927353,0.1216845651716151,0.11145083175405347,0.08883554432512107
0.08914718888186987,0.1098673404927353,0.1216845651716151,0.11145083175405347,0.08883554432512107,0.08868393345967572
0.1098673404927353,0.1216845651716151,0.11145083175405347,0.08883554432512107,0.08868393345967572,0.08512444725205306
0.1216845651716151,0.11145083175405347,0.08883554432512107,0.08868393345967572,0.08512444725205306,0.08443040640134765
0.11145083175405347,0.08883554432512107,0.08868393345967572,0.08512444725205306,0.08443040640134765,0.08402021478205939
0.08883554432512107,0.08868393345967572,0.08512444725205306,0.08443040640134765,0.08402021478205939,0.0937207833228048
0.08868393345967572,0.08512444725205306,0.08443040640134765,0.08402021478205939,0.0937207833228048,0.11064224047167825
0.08512444725205306,0.08443040640134765,0.08402021478205939,0.0937207833228048,0.11064224047167825,0.16965255843335442
0.08443040640134765,0.08402021478205939,0.0937207833228048,0.11064224047167825,0.16965255843335442,0.08549168245946515
0.08402021478205939,0.0937207833228048,0.11064224047167825,0.16965255843335442,0.08549168245946515,0.040334386186565596
0.0937207833228048,0.11064224047167825,0.16965255843335442,0.08549168245946515,0.040334386186565596,0.10791324489366183
0.11064224047167825,0.16965255843335442,0.08549168245946515,0.040334386186565596,0.10791324489366183,0.09319014529374606
0.16965255843335442,0.08549168245946515,0.040334386186565596,0.10791324489366183,0.09319014529374606,0.09112655295851758
0.08549168245946515,0.040334386186565596,0.10791324489366183,0.09319014529374606,0.09112655295851758,0.08742050958096442
0.040334386186565596,0.10791324489366183,0.09319014529374606,0.09112655295851758,0.08742050958096442,0.08605095809644135
0.10791324489366183,0.09319014529374606,0.09112655295851758,0.08742050958096442,0.08605095809644135,0.0850402189934723
0.09319014529374606,0.09112655295851758,0.08742050958096442,0.08605095809644135,0.0850402189934723,0.08408507054116655
0.09112655295851758,0.08742050958096442,0.08605095809644135,0.0850402189934723,0.08408507054116655,0.08452305748578649
0.08742050958096442,0.08605095809644135,0.0850402189934723,0.08408507054116655,0.08452305748578649,0.08574436723520741
0.08605095809644135,0.0850402189934723,0.08408507054116655,0.08452305748578649,0.08574436723520741,0.08476731943567067
0.0850402189934723,0.08408507054116655,0.08452305748578649,0.08574436723520741,0.08476731943567067,0.0825605390608549
0.08408507054116655,0.08452305748578649,0.08574436723520741,0.08476731943567067,0.0825605390608549,0.08299852600547485
0.08452305748578649,0.08574436723520741,0.08476731943567067,0.0825605390608549,0.08299852600547485,0.08268688144872605
0.08574436723520741,0.08476731943567067,0.0825605390608549,0.08299852600547485,0.08268688144872605,0.0826700357970099
0.08476731943567067,0.0825605390608549,0.08299852600547485,0.08268688144872605,0.0826700357970099,0.08272899557801643
0.0825605390608549,0.08299852600547485,0.08268688144872605,0.0826700357970099,0.08272899557801643,0.08459886291850915
0.08299852600547485,0.08268688144872605,0.0826700357970099,0.08272899557801643,0.08459886291850915,0.08315855969677827
0.08268688144872605,0.0826700357970099,0.08272899557801643,0.08459886291850915,0.08315855969677827,0.08460728574436724
0.0826700357970099,0.08272899557801643,0.08459886291850915,0.08315855969677827,0.08460728574436724,0.08329332491050748
0.08272899557801643,0.08459886291850915,0.08315855969677827,0.08460728574436724,0.08329332491050748,0.08253527058328068
0.08459886291850915,0.08315855969677827,0.08460728574436724,0.08329332491050748,0.08253527058328068,0.08363866077068856
0.08315855969677827,0.08460728574436724,0.08329332491050748,0.08253527058328068,0.08363866077068856,0.08511518214360918
0.08460728574436724,0.08329332491050748,0.08253527058328068,0.08363866077068856,0.08511518214360918,0.08370772794272478
0.08329332491050748,0.08253527058328068,0.08363866077068856,0.08511518214360918,0.08370772794272478,0.08409349336702464
0.08253527058328068,0.08363866077068856,0.08511518214360918,0.08370772794272478,0.08409349336702464,0.08398231206569803
0.08363866077068856,0.08511518214360918,0.08370772794272478,0.08409349336702464,0.08398231206569803,0.08347778479679932
0.08511518214360918,0.08370772794272478,0.08409349336702464,0.08398231206569803,0.08347778479679932,0.08347020425352707
0.08370772794272478,0.08409349336702464,0.08398231206569803,0.08347778479679932,0.08347020425352707,0.0849711518214361
0.08409349336702464,0.08398231206569803,0.08347778479679932,0.08347020425352707,0.0849711518214361,0.08420299010317961
0.08398231206569803,0.08347778479679932,0.08347020425352707,0.0849711518214361,0.08420299010317961,0.08477826910928617
0.08347778479679932,0.08347020425352707,0.0849711518214361,0.08420299010317961,0.08477826910928617,0.08486249736786691
0.08347020425352707,0.0849711518214361,0.08420299010317961,0.08477826910928617,0.08486249736786691,0.08405137923773426
0.0849711518214361,0.08420299010317961,0.08477826910928617,0.08486249736786691,0.08405137923773426,0.08382396293956622
0.08420299010317961,0.08477826910928617,0.08486249736786691,0.08405137923773426,0.08382396293956622,0.1401473994525163
0.08477826910928617,0.08486249736786691,0.08405137923773426,0.08382396293956622,0.1401473994525163,0.06259001895135818
0.08486249736786691,0.08405137923773426,0.08382396293956622,0.1401473994525163,0.06259001895135818,0.040833859759949465
0.08405137923773426,0.08382396293956622,0.1401473994525163,0.06259001895135818,0.040833859759949465,0.13383028005895978
0.08382396293956622,0.1401473994525163,0.06259001895135818,0.040833859759949465,0.13383028005895978,0.12329332491050747
0.1401473994525163,0.06259001895135818,0.040833859759949465,0.13383028005895978,0.12329332491050747,0.11868519688355443
0.06259001895135818,0.040833859759949465,0.13383028005895978,0.12329332491050747,0.11868519688355443,0.1166898294377764
0.040833859759949465,0.13383028005895978,0.12329332491050747,0.11868519688355443,0.1166898294377764,0.11583070120025267
0.13383028005895978,0.12329332491050747,0.11868519688355443,0.1166898294377764,0.11583070120025267,0.14625394819962095
0.12329332491050747,0.11868519688355443,0.1166898294377764,0.11583070120025267,0.14625394819962095,0.13811749842072016
0.11868519688355443,0.1166898294377764,0.11583070120025267,0.14625394819962095,0.13811749842072016,0.16005980206359233
0.1166898294377764,0.11583070120025267,0.14625394819962095,0.13811749842072016,0.16005980206359233,0.16457359444093492
0.11583070120025267,0.14625394819962095,0.13811749842072016,0.16005980206359233,0.16457359444093492,0.16311644556748792
0.14625394819962095,0.13811749842072016,0.16005980206359233,0.16457359444093492,0.16311644556748792,0.16075636976205518
0.13811749842072016,0.16005980206359233,0.16457359444093492,0.16311644556748792,0.16075636976205518,0.15699305116866707
0.16005980206359233,0.16457359444093492,0.16311644556748792,0.16075636976205518,0.15699305116866707,0.15540871762476313
0.16457359444093492,0.16311644556748792,0.16075636976205518,0.15699305116866707,0.15540871762476313,0.1532280480101074
0.16311644556748792,0.16075636976205518,0.15699305116866707,0.15540871762476313,0.1532280480101074,0.15093703937671088
0.16075636976205518,0.15699305116866707,0.15540871762476313,0.1532280480101074,0.15093703937671088,0.12438829227205728
0.15699305116866707,0.15540871762476313,0.1532280480101074,0.15093703937671088,0.12438829227205728,0.11864729416719308
0.15540871762476313,0.1532280480101074,0.15093703937671088,0.12438829227205728,0.11864729416719308,0.11735523268056432
0.1532280480101074,0.15093703937671088,0.12438829227205728,0.11864729416719308,0.11735523268056432,0.11636976205516954
0.15093703937671088,0.12438829227205728,0.11864729416719308,0.11735523268056432,0.11636976205516954,0.1151400294798905
0.12438829227205728,0.11864729416719308,0.11735523268056432,0.11636976205516954,0.1151400294798905,0.11370646451884607
0.11864729416719308,0.11735523268056432,0.11636976205516954,0.1151400294798905,0.11370646451884607,0.11445104232469994
0.11735523268056432,0.11636976205516954,0.1151400294798905,0.11370646451884607,0.11445104232469994,0.11539271425563276
0.11636976205516954,0.1151400294798905,0.11370646451884607,0.11445104232469994,0.11539271425563276,0.11625184249315644
0.1151400294798905,0.11370646451884607,0.11445104232469994,0.11539271425563276,0.11625184249315644,0.10979406190777007
0.11370646451884607,0.11445104232469994,0.11539271425563276,0.11625184249315644,0.10979406190777007,0.0858538639713624
0.11445104232469994,0.11539271425563276,0.11625184249315644,0.10979406190777007,0.0858538639713624,0.08432933249105075
0.11539271425563276,0.11625184249315644,0.10979406190777007,0.0858538639713624,0.08432933249105075,0.0860560117919562
0.11625184249315644,0.10979406190777007,0.0858538639713624,0.08432933249105075,0.0860560117919562,0.09009054537797431
0.10979406190777007,0.0858538639713624,0.08432933249105075,0.0860560117919562,0.09009054537797431,0.12458201726679304
0.0858538639713624,0.08432933249105075,0.0860560117919562,0.09009054537797431,0.12458201726679304,0.153050326384502
0.08432933249105075,0.0860560117919562,0.09009054537797431,0.12458201726679304,0.153050326384502,0.154971572962729
0.0860560117919562,0.09009054537797431,0.12458201726679304,0.153050326384502,0.154971572962729,0.15553590229522007
0.09009054537797431,0.12458201726679304,0.153050326384502,0.154971572962729,0.15553590229522007,0.21249694672562647
0.12458201726679304,0.153050326384502,0.154971572962729,0.15553590229522007,0.21249694672562647,0.11492103600758054
0.153050326384502,0.154971572962729,0.15553590229522007,0.21249694672562647,0.11492103600758054,0.09185091598231207
0.154971572962729,0.15553590229522007,0.21249694672562647,0.11492103600758054,0.09185091598231207,0.21591071804590442
0.15553590229522007,0.21249694672562647,0.11492103600758054,0.09185091598231207,0.21591071804590442,0.23167824805222154
0.21249694672562647,0.11492103600758054,0.09185091598231207,0.21591071804590442,0.23167824805222154,0.23588123815540116
0.11492103600758054,0.09185091598231207,0.21591071804590442,0.23167824805222154,0.23588123815540116,0.21659549378816595
0.09185091598231207,0.21591071804590442,0.23167824805222154,0.23588123815540116,0.21659549378816595,0.17831964624131394
0.21591071804590442,0.23167824805222154,0.23588123815540116,0.21659549378816595,0.17831964624131394,0.17783196462413142
0.23167824805222154,0.23588123815540116,0.21659549378816595,0.17831964624131394,0.17783196462413142,0.17673615497999579
0.23588123815540116,0.21659549378816595,0.17831964624131394,0.17783196462413142,0.17673615497999579,0.16075215834912615
0.21659549378816595,0.17831964624131394,0.17783196462413142,0.17673615497999579,0.16075215834912615,0.1454200884396715
0.17831964624131394,0.17783196462413142,0.17673615497999579,0.16075215834912615,0.1454200884396715,0.14686376079174562
0.17783196462413142,0.17673615497999579,0.16075215834912615,0.1454200884396715,0.14686376079174562,0.1488397557380501
0.17673615497999579,0.16075215834912615,0.1454200884396715,0.14686376079174562,0.1488397557380501,0.14445146346599283
0.16075215834912615,0.1454200884396715,0.14686376079174562,0.1488397557380501,0.14445146346599283,0.14634912613181722
0.1454200884396715,0.14686376079174562,0.1488397557380501,0.14445146346599283,0.14634912613181722,0.14656222362602656
0.14686376079174562,0.1488397557380501,0.14445146346599283,0.14634912613181722,0.14656222362602656,0.14989597810065278
0.1488397557380501,0.14445146346599283,0.14634912613181722,0.14656222362602656,0.14989597810065278,0.14950515898083808
0.14445146346599283,0.14634912613181722,0.14656222362602656,0.14989597810065278,0.14950515898083808,0.1491514002947989
0.14634912613181722,0.14656222362602656,0.14989597810065278,0.14950515898083808,0.1491514002947989,0.13887723731311855
0.14656222362602656,0.14989597810065278,0.14950515898083808,0.1491514002947989,0.13887723731311855,0.11475257949041905
0.14989597810065278,0.14950515898083808,0.1491514002947989,0.13887723731311855,0.11475257949041905,0.09735944409349336
0.14950515898083808,0.1491514002947989,0.13887723731311855,0.11475257949041905,0.09735944409349336,0.09020846493998737
0.1491514002947989,0.13887723731311855,0.11475257949041905,0.09735944409349336,0.09020846493998737,0.08862497367866919
0.13887723731311855,0.11475257949041905,0.09735944409349336,0.09020846493998737,0.08862497367866919,0.09425142135186354
0.11475257949041905,0.09735944409349336,0.09020846493998737,0.08862497367866919,0.09425142135186354,0.09119983154348284
0.09735944409349336,0.09020846493998737,0.08862497367866919,0.09425142135186354,0.09119983154348284,0.09106759317751106
0.09020846493998737,0.08862497367866919,0.09425142135186354,0.09119983154348284,0.09106759317751106,0.08806906717203622
0.08862497367866919,0.09425142135186354,0.09119983154348284,0.09106759317751106,0.08806906717203622,0.08732785849652559
0.09425142135186354,0.09119983154348284,0.09106759317751106,0.08806906717203622,0.08732785849652559,0.08726889871551906
0.09119983154348284,0.09106759317751106,0.08806906717203622,0.08732785849652559,0.08726889871551906,0.08730259001895137
0.09106759317751106,0.08806906717203622,0.08732785849652559,0.08726889871551906,0.08730259001895137,0.09043588123815541
0.08806906717203622,0.08732785849652559,0.08726889871551906,0.08730259001895137,0.09043588123815541,0.08897873236470837
0.08732785849652559,0.08726889871551906,0.08730259001895137,0.09043588123815541,0.08897873236470837,0.08645356917245736
0.08726889871551906,0.08730259001895137,0.09043588123815541,0.08897873236470837,0.08645356917245736,0.08649821014950516
0.08730259001895137,0.09043588123815541,0.08897873236470837,0.08645356917245736,0.08649821014950516,0.15365761212886925
0.09043588123815541,0.08897873236470837,0.08645356917245736,0.08649821014950516,0.15365761212886925,0.05113497578437567
0.08897873236470837,0.08645356917245736,0.08649821014950516,0.15365761212886925,0.05113497578437567,0.04296483470204254
0.08645356917245736,0.08649821014950516,0.15365761212886925,0.05113497578437567,0.04296483470204254,0.10953211202358394
0.08649821014950516,0.15365761212886925,0.05113497578437567,0.04296483470204254,0.10953211202358394,0.09682291008633395
0.15365761212886925,0.05113497578437567,0.04296483470204254,0.10953211202358394,0.09682291008633395,0.09271004421983577
0.05113497578437567,0.04296483470204254,0.10953211202358394,0.09682291008633395,0.09271004421983577,0.0910844388292272
0.04296483470204254,0.10953211202358394,0.09682291008633395,0.09271004421983577,0.0910844388292272,0.09104232469993684
0.10953211202358394,0.09682291008633395,0.09271004421983577,0.0910844388292272,0.09104232469993684,0.0876984628342809
0.09682291008633395,0.09271004421983577,0.0910844388292272,0.09104232469993684,0.0876984628342809,0.08787534217730049
0.09271004421983577,0.0910844388292272,0.09104232469993684,0.0876984628342809,0.08787534217730049,0.08669698883975574
0.0910844388292272,0.09104232469993684,0.0876984628342809,0.08787534217730049,0.08669698883975574,0.0877658454411455
0.09104232469993684,0.0876984628342809,0.08787534217730049,0.08669698883975574,0.0877658454411455,0.08816171825647505
0.0876984628342809,0.08787534217730049,0.08669698883975574,0.0877658454411455,0.08816171825647505,0.08664560960202149
0.08787534217730049,0.08669698883975574,0.0877658454411455,0.08816171825647505,0.08664560960202149,0.08590440092651085
0.08669698883975574,0.0877658454411455,0.08816171825647505,0.08664560960202149,0.08590440092651085,0.09215413771320279
0.0877658454411455,0.08816171825647505,0.08664560960202149,0.08590440092651085,0.09215413771320279,0.08967782691092861
0.08816171825647505,0.08664560960202149,0.08590440092651085,0.09215413771320279,0.08967782691092861,0.0885912823752369
0.08664560960202149,0.08590440092651085,0.09215413771320279,0.08967782691092861,0.0885912823752369,0.0885575910718046
0.08590440092651085,0.09215413771320279,0.08967782691092861,0.0885912823752369,0.0885575910718046,0.08887765845441145
0.09215413771320279,0.08967782691092861,0.0885912823752369,0.0885575910718046,0.08887765845441145,0.08907980627500527
0.08967782691092861,0.0885912823752369,0.0885575910718046,0.08887765845441145,0.08907980627500527,0.09009896820383238
0.0885912823752369,0.0885575910718046,0.08887765845441145,0.08907980627500527,0.09009896820383238,0.0875300063171194
0.0885575910718046,0.08887765845441145,0.08907980627500527,0.09009896820383238,0.0875300063171194,0.08666245525373763
0.08887765845441145,0.08907980627500527,0.09009896820383238,0.0875300063171194,0.08666245525373763,0.1380669614655717
0.08907980627500527,0.09009896820383238,0.0875300063171194,0.08666245525373763,0.1380669614655717,0.13741840387449988
0.09009896820383238,0.0875300063171194,0.08666245525373763,0.1380669614655717,0.13741840387449988,0.15273110128448092
0.0875300063171194,0.08666245525373763,0.1380669614655717,0.13741840387449988,0.15273110128448092,0.15327858496525587
0.08666245525373763,0.1380669614655717,0.13741840387449988,0.15273110128448092,0.15327858496525587,0.12357043588123816
0.1380669614655717,0.13741840387449988,0.15273110128448092,0.15327858496525587,0.12357043588123816,0.10465361128658666
0.13741840387449988,0.15273110128448092,0.15327858496525587,0.12357043588123816,0.10465361128658666,0.09035165297957465
0.15273110128448092,0.15327858496525587,0.12357043588123816,0.10465361128658666,0.09035165297957465,0.08255211623499685
0.15327858496525587,0.12357043588123816,0.10465361128658666,0.09035165297957465,0.08255211623499685,0.08350389555695936
0.12357043588123816,0.10465361128658666,0.09035165297957465,0.08255211623499685,0.08350389555695936,0.08329332491050748
0.10465361128658666,0.09035165297957465,0.08255211623499685,0.08350389555695936,0.08329332491050748,0.08308275426405559
0.09035165297957465,0.08255211623499685,0.08350389555695936,0.08329332491050748,0.08308275426405559,0.08476731943567067
0.08255211623499685,0.08350389555695936,0.08329332491050748,0.08308275426405559,0.08476731943567067,0.144914718888187
0.08350389555695936,0.08329332491050748,0.08308275426405559,0.08476731943567067,0.144914718888187,0.06899052432090967
0.08329332491050748,0.08308275426405559,0.08476731943567067,0.144914718888187,0.06899052432090967,0.04420299010317962
0.08308275426405559,0.08476731943567067,0.144914718888187,0.06899052432090967,0.04420299010317962,0.11091177089913666
0.08476731943567067,0.144914718888187,0.06899052432090967,0.04420299010317962,0.11091177089913666,0.09476521372920615
0.144914718888187,0.06899052432090967,0.04420299010317962,0.11091177089913666,0.09476521372920615,0.09035165297957465
0.06899052432090967,0.04420299010317962,0.11091177089913666,0.09476521372920615,0.09035165297957465,0.08931564539903138
0.04420299010317962,0.11091177089913666,0.09476521372920615,0.09035165297957465,0.08931564539903138,0.08783912402611077
0.11091177089913666,0.09476521372920615,0.09035165297957465,0.08931564539903138,0.08783912402611077,0.08546641398189092
0.09476521372920615,0.09035165297957465,0.08931564539903138,0.08783912402611077,0.08546641398189092,0.08588755527479469
0.09035165297957465,0.08931564539903138,0.08783912402611077,0.08546641398189092,0.08588755527479469,0.08511939355653822
0.08931564539903138,0.08783912402611077,0.08546641398189092,0.08588755527479469,0.08511939355653822,0.08548325963360708
0.08783912402611077,0.08546641398189092,0.08588755527479469,0.08511939355653822,0.08548325963360708,0.1594104021899347
0.08546641398189092,0.08588755527479469,0.08511939355653822,0.08548325963360708,0.1594104021899347,0.41628216466624557
0.08588755527479469,0.08511939355653822,0.08548325963360708,0.1594104021899347,0.41628216466624557,0.4129138766056012
0.08511939355653822,0.08548325963360708,0.1594104021899347,0.41628216466624557,0.4129138766056012,0.4182438408085913
0.08548325963360708,0.1594104021899347,0.41628216466624557,0.4129138766056012,0.4182438408085913,0.40555906506632977
0.1594104021899347,0.41628216466624557,0.4129138766056012,0.4182438408085913,0.40555906506632977,0.40813644977890084
0.41628216466624557,0.4129138766056012,0.4182438408085913,0.40555906506632977,0.40813644977890084,0.41525373762897455
0.4129138766056012,0.4182438408085913,0.40555906506632977,0.40813644977890084,0.41525373762897455,0.398678458622868
0.4182438408085913,0.40555906506632977,0.40813644977890084,0.41525373762897455,0.398678458622868,0.4375236891977258
0.40555906506632977,0.40813644977890084,0.41525373762897455,0.398678458622868,0.4375236891977258,0.7030532743735523
0.40813644977890084,0.41525373762897455,0.398678458622868,0.4375236891977258,0.7030532743735523,0.7135649610444303
0.41525373762897455,0.398678458622868,0.4375236891977258,0.7030532743735523,0.7135649610444303,0.7119898926089703
0.398678458622868,0.4375236891977258,0.7030532743735523,0.7135649610444303,0.7119898926089703,0.7274542008843967
0.4375236891977258,0.7030532743735523,0.7135649610444303,0.7119898926089703,0.7274542008843967,0.7475510633817646
0.7030532743735523,0.7135649610444303,0.7119898926089703,0.7274542008843967,0.7475510633817646,0.7162518424931564
0.7135649610444303,0.7119898926089703,0.7274542008843967,0.7475510633817646,0.7162518424931564,0.7101537165719098
0.7119898926089703,0.7274542008843967,0.7475510633817646,0.7162518424931564,0.7101537165719098,0.6963487049905244
0.7274542008843967,0.7475510633817646,0.7162518424931564,0.7101537165719098,0.6963487049905244,0.7035081069698884
0.7475510633817646,0.7162518424931564,0.7101537165719098,0.6963487049905244,0.7035081069698884,0.6940492735312698
0.7162518424931564,0.7101537165719098,0.6963487049905244,0.7035081069698884,0.6940492735312698,0.4363360707517372
0.7101537165719098,0.6963487049905244,0.7035081069698884,0.6940492735312698,0.4363360707517372,0.40604758896609816
0.6963487049905244,0.7035081069698884,0.6940492735312698,0.4363360707517372,0.40604758896609816,0.3922678458622868
0.7035081069698884,0.6940492735312698,0.4363360707517372,0.40604758896609816,0.3922678458622868,0.39923352284691516
0.6940492735312698,0.4363360707517372,0.40604758896609816,0.3922678458622868,0.39923352284691516,0.3949294588334386
0.4363360707517372,0.40604758896609816,0.3922678458622868,0.39923352284691516,0.3949294588334386,0.3963857654242999
0.40604758896609816,0.3922678458622868,0.39923352284691516,0.3949294588334386,0.3963857654242999,0.4211834070330596
0.3922678458622868,0.39923352284691516,0.3949294588334386,0.3963857654242999,0.4211834070330596,0.4364708359654664
0.39923352284691516,0.3949294588334386,0.3963857654242999,0.4211834070330596,0.4364708359654664,0.43244472520530636
0.3949294588334386,0.3963857654242999,0.4211834070330596,0.4364708359654664,0.43244472520530636,0.4382817435249525
0.3963857654242999,0.4211834070330596,0.4364708359654664,0.43244472520530636,0.4382817435249525,0.44405980206359225
0.4211834070330596,0.4364708359654664,0.43244472520530636,0.4382817435249525,0.44405980206359225,0.43159401979364076
0.4364708359654664,0.43244472520530636,0.4382817435249525,0.44405980206359225,0.43159401979364076,0.4171741419246157
0.43244472520530636,0.4382817435249525,0.44405980206359225,0.43159401979364076,0.4171741419246157,0.43273110128448095
0.4382817435249525,0.44405980206359225,0.43159401979364076,0.4171741419246157,0.43273110128448095,0.4122299431459255
0.44405980206359225,0.43159401979364076,0.4171741419246157,0.43273110128448095,0.4122299431459255,0.7063802905874921
0.43159401979364076,0.4171741419246157,0.43273110128448095,0.4122299431459255,0.7063802905874921,0.7407538429142977
0.4171741419246157,0.43273110128448095,0.4122299431459255,0.7063802905874921,0.7407538429142977,0.7321288692356285
0.43273110128448095,0.4122299431459255,0.7063802905874921,0.7407538429142977,0.7321288692356285,0.7382775321120235
0.4122299431459255,0.7063802905874921,0.7407538429142977,0.7321288692356285,0.7382775321120235,0.7414950515898083
0.7063802905874921,0.7407538429142977,0.7321288692356285,0.7382775321120235,0.7414950515898083,0.7376997262581596
0.7407538429142977,0.7321288692356285,0.7382775321120235,0.7414950515898083,0.7376997262581596,0.7259380922299431
0.7321288692356285,0.7382775321120235,0.7414950515898083,0.7376997262581596,0.7259380922299431,0.7360033691303431
0.7382775321120235,0.7414950515898083,0.7376997262581596,0.7259380922299431,0.7360033691303431,0.7343272267845862
0.7414950515898083,0.7376997262581596,0.7259380922299431,0.7360033691303431,0.7343272267845862,0.47332322594230364
0.7376997262581596,0.7259380922299431,0.7360033691303431,0.7343272267845862,0.47332322594230364,0.4463339650452727
0.7259380922299431,0.7360033691303431,0.7343272267845862,0.47332322594230364,0.4463339650452727,0.4408001684565171
0.7360033691303431,0.7343272267845862,0.47332322594230364,0.4463339650452727,0.4408001684565171,0.4270541166561382
0.7343272267845862,0.47332322594230364,0.4463339650452727,0.4408001684565171,0.4270541166561382,0.428157506843546
0.47332322594230364,0.4463339650452727,0.4408001684565171,0.4270541166561382,0.428157506843546,0.4283832385765424
0.4463339650452727,0.4408001684565171,0.4270541166561382,0.428157506843546,0.4283832385765424,0.42592545799115605
0.4408001684565171,0.4270541166561382,0.428157506843546,0.4283832385765424,0.42592545799115605,0.4310785428511266
0.4270541166561382,0.428157506843546,0.4283832385765424,0.42592545799115605,0.4310785428511266,0.4291850915982312
0.428157506843546,0.4283832385765424,0.42592545799115605,0.4310785428511266,0.4291850915982312,0.4610570646451885
0.4283832385765424,0.42592545799115605,0.4310785428511266,0.4291850915982312,0.4610570646451885,0.46002947989050325
0.42592545799115605,0.4310785428511266,0.4291850915982312,0.4610570646451885,0.46002947989050325,0.4123461781427669
0.4310785428511266,0.4291850915982312,0.4610570646451885,0.46002947989050325,0.4123461781427669,0.47914087176247633
0.4291850915982312,0.4610570646451885,0.46002947989050325,0.4123461781427669,0.47914087176247633,0.5495051589808381
0.4610570646451885,0.46002947989050325,0.4123461781427669,0.47914087176247633,0.5495051589808381,0.49345967572120447
0.46002947989050325,0.4123461781427669,0.47914087176247633,0.5495051589808381,0.49345967572120447,0.44827121499262995
0.4123461781427669,0.47914087176247633,0.5495051589808381,0.49345967572120447,0.44827121499262995,0.23659717835333757
0.47914087176247633,0.5495051589808381,0.49345967572120447,0.44827121499262995,0.23659717835333757,0.20152790061065487
0.5495051589808381,0.49345967572120447,0.44827121499262995,0.23659717835333757,0.20152790061065487,0.13977258370183196
0.49345967572120447,0.44827121499262995,0.23659717835333757,0.20152790061065487,0.13977258370183196,0.13219625184249315
0.44827121499262995,0.23659717835333757,0.20152790061065487,0.13977258370183196,0.13219625184249315,0.13173299642029898
0.23659717835333757,0.20152790061065487,0.13977258370183196,0.13219625184249315,0.13173299642029898,0.12782480522215203
0.20152790061065487,0.13977258370183196,0.13219625184249315,0.13173299642029898,0.12782480522215203,0.1274070330595915
0.13977258370183196,0.13219625184249315,0.13173299642029898,0.12782480522215203,0.1274070330595915,0.12806232891134978
0.13219625184249315,0.13173299642029898,0.12782480522215203,0.1274070330595915,0.12806232891134978,0.12953463887134134
0.13173299642029898,0.12782480522215203,0.1274070330595915,0.12806232891134978,0.12953463887134134,0.12085070541166563
0.12782480522215203,0.1274070330595915,0.12806232891134978,0.12953463887134134,0.12085070541166563,0.1206485575910718
0.1274070330595915,0.12806232891134978,0.12953463887134134,0.12085070541166563,0.1206485575910718,0.12819540955990735
0.12806232891134978,0.12953463887134134,0.12085070541166563,0.1206485575910718,0.12819540955990735,0.12231627711097075
0.12953463887134134,0.12085070541166563,0.1206485575910718,0.12819540955990735,0.12231627711097075,0.12273741840387452
0.12085070541166563,0.1206485575910718,0.12819540955990735,0.12231627711097075,0.12273741840387452,0.12388292272057273
0.1206485575910718,0.12819540955990735,0.12231627711097075,0.12273741840387452,0.12388292272057273,0.1134403032217309
0.12819540955990735,0.12231627711097075,0.12273741840387452,0.12388292272057273,0.1134403032217309,0.11304274584122971
0.12231627711097075,0.12273741840387452,0.12388292272057273,0.1134403032217309,0.11304274584122971,0.11418825015792798
0.12273741840387452,0.12388292272057273,0.1134403032217309,0.11304274584122971,0.11418825015792798,0.12123815540113708
0.12388292272057273,0.1134403032217309,0.11304274584122971,0.11418825015792798,0.12123815540113708,0.11494630448515479
0.1134403032217309,0.11304274584122971,0.11418825015792798,0.12123815540113708,0.11494630448515479,0.10283428090124236
0.11304274584122971,0.11418825015792798,0.12123815540113708,0.11494630448515479,0.10283428090124236,0.07807117287850074
0.11418825015792798,0.12123815540113708,0.11494630448515479,0.10283428090124236,0.07807117287850074,0.08822910086333965
0.12123815540113708,0.11494630448515479,0.10283428090124236,0.07807117287850074,0.08822910086333965,0.09126974099810486
0.11494630448515479,0.10283428090124236,0.07807117287850074,0.08822910086333965,0.09126974099810486,0.040505369551484524
0.10283428090124236,0.07807117287850074,0.08822910086333965,0.09126974099810486,0.040505369551484524,0.0067719519898926115
0.07807117287850074,0.08822910086333965,0.09126974099810486,0.040505369551484524,0.0067719519898926115,0.01527226784586229
0.08822910086333965,0.09126974099810486,0.040505369551484524,0.0067719519898926115,0.01527226784586229,0.002324699936828807
0.09126974099810486,0.040505369551484524,0.0067719519898926115,0.01527226784586229,0.002324699936828807,0.005295430616971996
0.040505369551484524,0.0067719519898926115,0.01527226784586229,0.002324699936828807,0.005295430616971996,0.0006435038955569618
0.0067719519898926115,0.01527226784586229,0.002324699936828807,0.005295430616971996,0.0006435038955569618,0.0005584333543903982
0.01527226784586229,0.002324699936828807,0.005295430616971996,0.0006435038955569618,0.0005584333543903982,0.0013922931143398628
0.002324699936828807,0.005295430616971996,0.0006435038955569618,0.0005584333543903982,0.0013922931143398628,0.00334386186565593
0.005295430616971996,0.0006435038955569618,0.0005584333543903982,0.0013922931143398628,0.00334386186565593,0.001944830490629607
0.0006435038955569618,0.0005584333543903982,0.0013922931143398628,0.00334386186565593,0.001944830490629607,0.0005407454200884423
0.0005584333543903982,0.0013922931143398628,0.00334386186565593,0.001944830490629607,0.0005407454200884423,0.0007327858496525593
0.0013922931143398628,0.00334386186565593,0.001944830490629607,0.0005407454200884423,0.0007327858496525593,0.0004969467256264506
0.00334386186565593,0.001944830490629607,0.0005407454200884423,0.0007327858496525593,0.0004969467256264506,0.00048010107391029713
0.001944830490629607,0.0005407454200884423,0.0007327858496525593,0.0004969467256264506,0.00048010107391029713,0.0005963360707517388
0.0005407454200884423,0.0007327858496525593,0.0004969467256264506,0.00048010107391029713,0.0005963360707517388,0.0005559065066329755
0.0007327858496525593,0.0004969467256264506,0.00048010107391029713,0.0005963360707517388,0.0005559065066329755,0.0007327858496525593
0.0004969467256264506,0.00048010107391029713,0.0005963360707517388,0.0005559065066329755,0.0007327858496525593,0.0010183196462413167
0.00048010107391029713,0.0005963360707517388,0.0005559065066329755,0.0007327858496525593,0.0010183196462413167,0.0006064434617814297
0.0005963360707517388,0.0005559065066329755,0.0007327858496525593,0.0010183196462413167,0.0006064434617814297,0.000615708570225312
0.0005559065066329755,0.0007327858496525593,0.0010183196462413167,0.0006064434617814297,0.000615708570225312,0.000682248894504108
0.0007327858496525593,0.0010183196462413167,0.0006064434617814297,0.000615708570225312,0.000682248894504108,0.0005222152032006746
0.0010183196462413167,0.0006064434617814297,0.000615708570225312,0.000682248894504108,0.0005222152032006746,0.00041945672773215504
0.0006064434617814297,0.000615708570225312,0.000682248894504108,0.0005222152032006746,0.00041945672773215504,0.0013013265950726483
0.000615708570225312,0.000682248894504108,0.0005222152032006746,0.00041945672773215504,0.0013013265950726483,0.0031754053484944226
0.000682248894504108,0.0005222152032006746,0.00041945672773215504,0.0013013265950726483,0.0031754053484944226,0.0007007791113918726
0.0005222152032006746,0.00041945672773215504,0.0013013265950726483,0.0031754053484944226,0.0007007791113918726,0.011059170351652981
0.00041945672773215504,0.0013013265950726483,0.0031754053484944226,0.0007007791113918726,0.011059170351652981,0.028813644977890084
0.0013013265950726483,0.0031754053484944226,0.0007007791113918726,0.011059170351652981,0.028813644977890084,0.0009938934512528981
0.0031754053484944226,0.0007007791113918726,0.011059170351652981,0.028813644977890084,0.0009938934512528981,0.0053417561591914105
0.0007007791113918726,0.011059170351652981,0.028813644977890084,0.0009938934512528981,0.0053417561591914105,0.005154769425142136
0.011059170351652981,0.028813644977890084,0.0009938934512528981,0.0053417561591914105,0.005154769425142136,0.005045272688987157
0.028813644977890084,0.0009938934512528981,0.0053417561591914105,0.005154769425142136,0.005045272688987157,0.005257527900610655
0.0009938934512528981,0.0053417561591914105,0.005154769425142136,0.005045272688987157,0.005257527900610655,0.005222152032006741
0.0053417561591914105,0.005154769425142136,0.005045272688987157,0.005257527900610655,0.005222152032006741,0.005154769425142136
0.005154769425142136,0.005045272688987157,0.005257527900610655,0.005222152032006741,0.005154769425142136,0.0055337965887555275
0.005045272688987157,0.005257527900610655,0.005222152032006741,0.005154769425142136,0.0055337965887555275,0.0052137292061486635
0.005257527900610655,0.005222152032006741,0.005154769425142136,0.0055337965887555275,0.0052137292061486635,0.005070541166561384
0.005222152032006741,0.005154769425142136,0.0055337965887555275,0.0052137292061486635,0.005070541166561384,0.019970520109496737
0.005154769425142136,0.0055337965887555275,0.0052137292061486635,0.005070541166561384,0.019970520109496737,0.053190145293746056
0.0055337965887555275,0.0052137292061486635,0.005070541166561384,0.019970520109496737,0.053190145293746056,0.05450410612760582
0.0052137292061486635,0.005070541166561384,0.019970520109496737,0.053190145293746056,0.05450410612760582,0.038434196672983784
0.005070541166561384,0.019970520109496737,0.053190145293746056,0.05450410612760582,0.038434196672983784,0.05020762265740156
0.019970520109496737,0.053190145293746056,0.05450410612760582,0.038434196672983784,0.05020762265740156,0.11695346388713414
0.053190145293746056,0.05450410612760582,0.038434196672983784,0.05020762265740156,0.11695346388713414,0.11882585807538432
0.05450410612760582,0.038434196672983784,0.05020762265740156,0.11695346388713414,0.11882585807538432,0.12039587281532954
0.038434196672983784,0.05020762265740156,0.11695346388713414,0.11882585807538432,0.12039587281532954,0.11385133712360498
0.05020762265740156,0.11695346388713414,0.11882585807538432,0.12039587281532954,0.11385133712360498,0.10922720572752159
0.11695346388713414,0.11882585807538432,0.12039587281532954,0.11385133712360498,0.10922720572752159,0.09769635712781638
0.11882585807538432,0.12039587281532954,0.11385133712360498,0.10922720572752159,0.09769635712781638,0.07386818277532112
0.12039587281532954,0.11385133712360498,0.10922720572752159,0.09769635712781638,0.07386818277532112,0.04170141082333123
0.11385133712360498,0.10922720572752159,0.09769635712781638,0.07386818277532112,0.04170141082333123,0.031240261107601603
0.10922720572752159,0.09769635712781638,0.07386818277532112,0.04170141082333123,0.031240261107601603,0.031004421983575493
0.09769635712781638,0.07386818277532112,0.04170141082333123,0.031240261107601603,0.031004421983575493,0.03127563697620552
0.07386818277532112,0.04170141082333123,0.031240261107601603,0.031004421983575493,0.03127563697620552,0.03184586228679723
0.04170141082333123,0.031240261107601603,0.031004421983575493,0.03127563697620552,0.03184586228679723,0.03079216677195199
0.031240261107601603,0.031004421983575493,0.03127563697620552,0.03184586228679723,0.03079216677195199,0.031078542851126555
0.031004421983575493,0.03127563697620552,0.03184586228679723,0.03079216677195199,0.031078542851126555,0.031071804590440094
0.03127563697620552,0.03184586228679723,0.03079216677195199,0.031078542851126555,0.031071804590440094,0.030726468730259006
0.03184586228679723,0.03079216677195199,0.031078542851126555,0.031071804590440094,0.030726468730259006,0.03054369340913877
0.03079216677195199,0.031078542851126555,0.031071804590440094,0.030726468730259006,0.03054369340913877,0.030886502421562434
0.031078542851126555,0.031071804590440094,0.030726468730259006,0.03054369340913877,0.030886502421562434,0.06355022109917878
0.031071804590440094,0.030726468730259006,0.03054369340913877,0.030886502421562434,0.06355022109917878,0.09655169509370395
0.030726468730259006,0.03054369340913877,0.030886502421562434,0.06355022109917878,0.09655169509370395,0.09617351021267635
0.03054369340913877,0.030886502421562434,0.06355022109917878,0.09655169509370395,0.09617351021267635,0.09487639503053276
0.030886502421562434,0.06355022109917878,0.09655169509370395,0.09617351021267635,0.09487639503053276,0.07763318593388081
0.06355022109917878,0.09655169509370395,0.09617351021267635,0.09487639503053276,0.07763318593388081,0.07372583701831965
0.09655169509370395,0.09617351021267635,0.09487639503053276,0.07763318593388081,0.07372583701831965,0.07274289324068225
0.09617351021267635,0.09487639503053276,0.07763318593388081,0.07372583701831965,0.07274289324068225,0.07591577174141925
0.09487639503053276,0.07763318593388081,0.07372583701831965,0.07274289324068225,0.07591577174141925,0.0726805643293325
0.07763318593388081,0.07372583701831965,0.07274289324068225,0.07591577174141925,0.0726805643293325,0.06900821225521163
0.07372583701831965,0.07274289324068225,0.07591577174141925,0.0726805643293325,0.06900821225521163,0.0686814066119183
0.07274289324068225,0.07591577174141925,0.0726805643293325,0.06900821225521163,0.0686814066119183,0.07423878711307644
0.07591577174141925,0.0726805643293325,0.06900821225521163,0.0686814066119183,0.07423878711307644,0.07790271636133922
0.0726805643293325,0.06900821225521163,0.0686814066119183,0.07423878711307644,0.07790271636133922,0.07687007791113919
0.06900821225521163,0.0686814066119183,0.07423878711307644,0.07790271636133922,0.07687007791113919,0.0858547062539482
0.0686814066119183,0.07423878711307644,0.07790271636133922,0.07687007791113919,0.0858547062539482,0.07982817435249526
0.07423878711307644,0.07790271636133922,0.07687007791113919,0.0858547062539482,0.07982817435249526,0.07357338387028849
0.07790271636133922,0.07687007791113919,0.0858547062539482,0.07982817435249526,0.07357338387028849,0.0707601600336913
0.07687007791113919,0.0858547062539482,0.07982817435249526,0.07357338387028849,0.0707601600336913,0.07160244261949884
0.0858547062539482,0.07982817435249526,0.07357338387028849,0.0707601600336913,0.07160244261949884,0.0814066119182986
0.07982817435249526,0.07357338387028849,0.0707601600336913,0.07160244261949884,0.0814066119182986,0.0727816382396294
0.07357338387028849,0.0707601600336913,0.07160244261949884,0.0814066119182986,0.0727816382396294,0.07516529795746472
0.0707601600336913,0.07160244261949884,0.0814066119182986,0.0727816382396294,0.07516529795746472,0.06914971572962729
0.07160244261949884,0.0814066119182986,0.0727816382396294,0.07516529795746472,0.06914971572962729,0.05465319014529375
0.0814066119182986,0.0727816382396294,0.07516529795746472,0.06914971572962729,0.05465319014529375,0.05035333754474626
0.0727816382396294,0.07516529795746472,0.06914971572962729,0.05465319014529375,0.05035333754474626,0.05448726047588966
0.07516529795746472,0.06914971572962729,0.05465319014529375,0.05035333754474626,0.05448726047588966,0.05275215834912613
0.06914971572962729,0.05465319014529375,0.05035333754474626,0.05448726047588966,0.05275215834912613,0.05922931143398611
0.05465319014529375,0.05035333754474626,0.05448726047588966,0.05275215834912613,0.05922931143398611,0.07867677405769637
0.05035333754474626,0.05448726047588966,0.05275215834912613,0.05922931143398611,0.07867677405769637,0.07672352074120868
0.05448726047588966,0.05275215834912613,0.05922931143398611,0.07867677405769637,0.07672352074120868,0.07529164034533586
0.05275215834912613,0.05922931143398611,0.07867677405769637,0.07672352074120868,0.07529164034533586,0.07611707727942725
0.05922931143398611,0.07867677405769637,0.07672352074120868,0.07529164034533586,0.07611707727942725,0.07216340282164667
0.07867677405769637,0.07672352074120868,0.07529164034533586,0.07611707727942725,0.07216340282164667,0.07235038955569593
0.07672352074120868,0.07529164034533586,0.07611707727942725,0.07216340282164667,0.07235038955569593,0.09319182985891768
0.07529164034533586,0.07611707727942725,0.07216340282164667,0.07235038955569593,0.09319182985891768,0.08903684986312908
0.07611707727942725,0.07216340282164667,0.07235038955569593,0.09319182985891768,0.08903684986312908,0.08883554432512107
0.07216340282164667,0.07235038955569593,0.09319182985891768,0.08903684986312908,0.08883554432512107,0.09350178985049484
0.07235038955569593,0.09319182985891768,0.08903684986312908,0.08883554432512107,0.09350178985049484,0.09568161718256475
0.09319182985891768,0.08903684986312908,0.08883554432512107,0.09350178985049484,0.09568161718256475,0.09167824805222152
0.08903684986312908,0.08883554432512107,0.09350178985049484,0.09568161718256475,0.09167824805222152,0.06466203411244473
0.08883554432512107,0.09350178985049484,0.09568161718256475,0.09167824805222152,0.06466203411244473,0.06972583701831965
0.09350178985049484,0.09568161718256475,0.09167824805222152,0.06466203411244473,0.06972583701831965,0.07478627079385135
0.09568161718256475,0.09167824805222152,0.06466203411244473,0.06972583701831965,0.07478627079385135,0.0902000421141293
0.09167824805222152,0.06466203411244473,0.06972583701831965,0.07478627079385135,0.0902000421141293,0.10312065698041692
0.06466203411244473,0.06972583701831965,0.07478627079385135,0.0902000421141293,0.10312065698041692,0.09336955148452306
0.06972583701831965,0.07478627079385135,0.0902000421141293,0.10312065698041692,0.09336955148452306,0.08322594230364287
0.07478627079385135,0.0902000421141293,0.10312065698041692,0.09336955148452306,0.08322594230364287,0.08590440092651085
0.0902000421141293,0.10312065698041692,0.09336955148452306,0.08322594230364287,0.08590440092651085,0.0799326173931354
0.10312065698041692,0.09336955148452306,0.08322594230364287,0.08590440092651085,0.0799326173931354,0.08380543272267846
0.09336955148452306,0.08322594230364287,0.08590440092651085,0.0799326173931354,0.08380543272267846,0.09202779532533166
0.08322594230364287,0.08590440092651085,0.0799326173931354,0.08380543272267846,0.09202779532533166,0.07733838702884818
0.08590440092651085,0.0799326173931354,0.08380543272267846,0.09202779532533166,0.07733838702884818,0.0724809433564961
0.0799326173931354,0.08380543272267846,0.09202779532533166,0.07733838702884818,0.0724809433564961,0.059024636765634866
0.08380543272267846,0.09202779532533166,0.07733838702884818,0.0724809433564961,0.059024636765634866,0.04885070541166562
0.09202779532533166,0.07733838702884818,0.0724809433564961,0.059024636765634866,0.04885070541166562,0.06190355864392504
0.07733838702884818,0.0724809433564961,0.059024636765634866,0.04885070541166562,0.06190355864392504,0.07708570225310592
0.0724809433564961,0.059024636765634866,0.04885070541166562,0.06190355864392504,0.07708570225310592,0.07276900400084228
0.059024636765634866,0.04885070541166562,0.06190355864392504,0.07708570225310592,0.07276900400084228,0.04257991156032849
0.04885070541166562,0.06190355864392504,0.07708570225310592,0.07276900400084228,0.04257991156032849,0.014301958307012006
0.06190355864392504,0.07708570225310592,0.07276900400084228,0.04257991156032849,0.014301958307012006,0.01623078542851127
0.07708570225310592,0.07276900400084228,0.04257991156032849,0.014301958307012006,0.01623078542851127,0.013712360496946727
0.07276900400084228,0.04257991156032849,0.014301958307012006,0.01623078542851127,0.013712360496946727,0.015294167193093284
0.04257991156032849,0.014301958307012006,0.01623078542851127,0.013712360496946727,0.015294167193093284,0.020589597810065276
0.014301958307012006,0.01623078542851127,0.013712360496946727,0.015294167193093284,0.020589597810065276,0.013417561591914087
0.01623078542851127,0.013712360496946727,0.015294167193093284,0.020589597810065276,0.013417561591914087,0.01575068435460097
0.013712360496946727,0.015294167193093284,0.020589597810065276,0.013417561591914087,0.01575068435460097,0.01744367235207412
0.015294167193093284,0.020589597810065276,0.013417561591914087,0.01575068435460097,0.01744367235207412,0.01655085281111813
0.020589597810065276,0.013417561591914087,0.01575068435460097,0.01744367235207412,0.01655085281111813,0.014478837650031589
0.013417561591914087,0.01575068435460097,0.01744367235207412,0.01655085281111813,0.014478837650031589,0.0486249736786692
0.01575068435460097,0.01744367235207412,0.01655085281111813,0.014478837650031589,0.0486249736786692,0.061806696146557163
0.01744367235207412,0.01655085281111813,0.014478837650031589,0.0486249736786692,0.061806696146557163,0.052849020846494
0.01655085281111813,0.014478837650031589,0.0486249736786692,0.061806696146557163,0.052849020846494,0.08169298799747315
0.014478837650031589,0.0486249736786692,0.061806696146557163,0.052849020846494,0.08169298799747315,0.08904611497157296
0.0486249736786692,0.061806696146557163,0.052849020846494,0.08169298799747315,0.08904611497157296,0.09384712571067594
0.061806696146557163,0.052849020846494,0.08169298799747315,0.08904611497157296,0.09384712571067594,0.09441987786902506
0.052849020846494,0.08169298799747315,0.08904611497157296,0.09384712571067594,0.09441987786902506,0.0905706464518846
0.08169298799747315,0.08904611497157296,0.09384712571067594,0.09441987786902506,0.0905706464518846,0.08706675089492526
0.08904611497157296,0.09384712571067594,0.09441987786902506,0.0905706464518846,0.08706675089492526,0.07160244261949884
0.09384712571067594,0.09441987786902506,0.0905706464518846,0.08706675089492526,0.07160244261949884,0.06530216887765845
0.09441987786902506,0.0905706464518846,0.08706675089492526,0.07160244261949884,0.06530216887765845,0.057703937671088654
0.0905706464518846,0.08706675089492526,0.07160244261949884,0.06530216887765845,0.057703937671088654,0.02728574436723521
0.08706675089492526,0.07160244261949884,0.06530216887765845,0.057703937671088654,0.02728574436723521,0.0008422825858075384
0.07160244261949884,0.06530216887765845,0.057703937671088654,0.02728574436723521,0.0008422825858075384,0.0031610865445356917
0.06530216887765845,0.057703937671088654,0.02728574436723521,0.0008422825858075384,0.0031610865445356917,0.0006275005264266169
0.057703937671088654,0.02728574436723521,0.0008422825858075384,0.0031610865445356917,0.0006275005264266169,0.0006275005264266169
0.02728574436723521,0.0008422825858075384,0.0031610865445356917,0.0006275005264266169,0.0006275005264266169,0.0007092019372499493
0.0008422825858075384,0.0031610865445356917,0.0006275005264266169,0.0006275005264266169,0.0007092019372499493,0.0024594651505580136
0.0031610865445356917,0.0006275005264266169,0.0006275005264266169,0.0007092019372499493,0.0024594651505580136,0.0021225521162349993
0.0006275005264266169,0.0006275005264266169,0.0007092019372499493,0.0024594651505580136,0.0021225521162349993,0.0007184670456938316
0.0006275005264266169,0.0007092019372499493,0.0024594651505580136,0.0021225521162349993,0.0007184670456938316,0.0009938934512528981
0.0007092019372499493,0.0024594651505580136,0.0021225521162349993,0.0007184670456938316,0.0009938934512528981,0.0009012423668140663
0.0024594651505580136,0.0021225521162349993,0.0007184670456938316,0.0009938934512528981,0.0009012423668140663,0.000741208675510636
0.0021225521162349993,0.0007184670456938316,0.0009938934512528981,0.0009012423668140663,0.000741208675510636,0.0005643293324910522
0.0007184670456938316,0.0009938934512528981,0.0009012423668140663,0.000741208675510636,0.0005643293324910522,0.000656980416929881
0.0009938934512528981,0.0009012423668140663,0.000741208675510636,0.0005643293324910522,0.000656980416929881,0.005879132448936618
0.0009012423668140663,0.000741208675510636,0.0005643293324910522,0.000656980416929881,0.005879132448936618,0.0025436934091387685
0.000741208675510636,0.0005643293324910522,0.000656980416929881,0.005879132448936618,0.0025436934091387685,0.0008001684565171639
0.0005643293324910522,0.000656980416929881,0.005879132448936618,0.0025436934091387685,0.0008001684565171639,0.0006435038955569618
0.000656980416929881,0.005879132448936618,0.0025436934091387685,0.0008001684565171639,0.0006435038955569618,0.0009433564961044439
0.005879132448936618,0.0025436934091387685,0.0008001684565171639,0.0006435038955569618,0.0009433564961044439,0.0006814066119182995
0.0025436934091387685,0.0008001684565171639,0.0006435038955569618,0.0009433564961044439,0.0006814066119182995,0.0005895978100652793
0.0008001684565171639,0.0006435038955569618,0.0009433564961044439,0.0006814066119182995,0.0005895978100652793,0.0005971783533375474
0.0006435038955569618,0.0009433564961044439,0.0006814066119182995,0.0005895978100652793,0.0005971783533375474,0.0006586649821014951
0.0009433564961044439,0.0006814066119182995,0.0005895978100652793,0.0005971783533375474,0.0006586649821014951,0.0009618867129922114
0.0006814066119182995,0.0005895978100652793,0.0005971783533375474,0.0006586649821014951,0.0009618867129922114,0.0008507054116656151
0.0005895978100652793,0.0005971783533375474,0.0006586649821014951,0.0009618867129922114,0.0008507054116656151,0.0027643714466203412
0.0005971783533375474,0.0006586649821014951,0.0009618867129922114,0.0008507054116656151,0.0027643714466203412,0.002365129500947571
0.0006586649821014951,0.0009618867129922114,0.0008507054116656151,0.0027643714466203412,0.002365129500947571,0.0009012423668140663
0.0009618867129922114,0.0008507054116656151,0.0027643714466203412,0.002365129500947571,0.0009012423668140663,0.0006788797641608768
0.0008507054116656151,0.0027643714466203412,0.002365129500947571,0.0009012423668140663,0.0006788797641608768,0.0005895978100652793
0.0027643714466203412,0.002365129500947571,0.0009012423668140663,0.0006788797641608768,0.0005895978100652793,0.0034070330595914943
0.002365129500947571,0.0009012423668140663,0.0006788797641608768,0.0005895978100652793,0.0034070330595914943,0.007049905243209097
0.0009012423668140663,0.0006788797641608768,0.0005895978100652793,0.0034070330595914943,0.007049905243209097,0.00536534007159402
0.0006788797641608768,0.0005895978100652793,0.0034070330595914943,0.007049905243209097,0.00536534007159402,0.005399031375026321
0.0005895978100652793,0.0034070330595914943,0.007049905243209097,0.00536534007159402,0.005399031375026321,0.0053324910507475285
0.0034070330595914943,0.007049905243209097,0.00536534007159402,0.005399031375026321,0.0053324910507475285,0.005211202358391241
0.007049905243209097,0.00536534007159402,0.005399031375026321,0.0053324910507475285,0.005211202358391241,0.005390608549168248
0.00536534007159402,0.005399031375026321,0.0053324910507475285,0.005211202358391241,0.005390608549168248,0.005407454200884398
0.005399031375026321,0.0053324910507475285,0.005211202358391241,0.005390608549168248,0.005407454200884398,0.007344704148241737
0.0053324910507475285,0.005211202358391241,0.005390608549168248,0.005407454200884398,0.007344704148241737,0.00510254790482207
0.005211202358391241,0.005390608549168248,0.005407454200884398,0.007344704148241737,0.00510254790482207,0.005164876816171827
0.005390608549168248,0.005407454200884398,0.007344704148241737,0.00510254790482207,0.005164876816171827,0.005196883554432513
0.005407454200884398,0.007344704148241737,0.00510254790482207,0.005164876816171827,0.005196883554432513,0.023019583070120024
0.007344704148241737,0.00510254790482207,0.005164876816171827,0.005196883554432513,0.023019583070120024,0.013299642029901032
0.00510254790482207,0.005164876816171827,0.005196883554432513,0.023019583070120024,0.013299642029901032,0.0059886291850916006
0.005164876816171827,0.005196883554432513,0.023019583070120024,0.013299642029901032,0.0059886291850916006,0.0021697199410402193
0.005196883554432513,0.023019583070120024,0.013299642029901032,0.0059886291850916006,0.0021697199410402193,0.0009340913876605616
0.023019583070120024,0.013299642029901032,0.0059886291850916006,0.0021697199410402193,0.0009340913876605616,0.0007327858496525593
0.013299642029901032,0.0059886291850916006,0.0021697199410402193,0.0009340913876605616,0.0007327858496525593,0.0006536112865866526
0.0059886291850916006,0.0021697199410402193,0.0009340913876605616,0.0007327858496525593,0.0006536112865866526,0.0006654032427879577
0.0021697199410402193,0.0009340913876605616,0.0007327858496525593,0.0006536112865866526,0.0006654032427879577,0.0007748999789429368
0.0009340913876605616,0.0007327858496525593,0.0006536112865866526,0.0006654032427879577,0.0007748999789429368,0.0005643293324910522
0.0007327858496525593,0.0006536112865866526,0.0006654032427879577,0.0007748999789429368,0.0005643293324910522,0.0006485575910718072
0.0006536112865866526,0.0006654032427879577,0.0007748999789429368,0.0005643293324910522,0.0006485575910718072,0.009256685618024849
0.0006654032427879577,0.0007748999789429368,0.0005643293324910522,0.0006485575910718072,0.009256685618024849,0.0059212465782269965
0.0007748999789429368,0.0005643293324910522,0.0006485575910718072,0.009256685618024849,0.0059212465782269965,0.000656980416929881
0.0005643293324910522,0.0006485575910718072,0.009256685618024849,0.0059212465782269965,0.000656980416929881,0.001972625815961257
0.0006485575910718072,0.009256685618024849,0.0059212465782269965,0.000656980416929881,0.001972625815961257,0.010284270372710045
0.009256685618024849,0.0059212465782269965,0.000656980416929881,0.001972625815961257,0.010284270372710045,0.008589597810065278
0.0059212465782269965,0.000656980416929881,0.001972625815961257,0.010284270372710045,0.008589597810065278,0.0065866498210149504
0.000656980416929881,0.001972625815961257,0.010284270372710045,0.008589597810065278,0.0065866498210149504,0.005415877026742475
0.001972625815961257,0.010284270372710045,0.008589597810065278,0.0065866498210149504,0.005415877026742475,0.004284691514002951
0.010284270372710045,0.008589597810065278,0.0065866498210149504,0.005415877026742475,0.004284691514002951,0.003770056854074544
0.008589597810065278,0.0065866498210149504,0.005415877026742475,0.004284691514002951,0.003770056854074544,0.0030574857864813666
0.0065866498210149504,0.005415877026742475,0.004284691514002951,0.003770056854074544,0.0030574857864813666,0.0033581806696146572
0.005415877026742475,0.004284691514002951,0.003770056854074544,0.0030574857864813666,0.0033581806696146572,0.003001895135818067
0.004284691514002951,0.003770056854074544,0.0030574857864813666,0.0033581806696146572,0.003001895135818067,0.0022573173299642057
0.003770056854074544,0.0030574857864813666,0.0033581806696146572,0.003001895135818067,0.0022573173299642057,0.0010781217098336502
0.0030574857864813666,0.0033581806696146572,0.003001895135818067,0.0022573173299642057,0.0010781217098336502,0.0010360075805432726
0.0033581806696146572,0.003001895135818067,0.0022573173299642057,0.0010781217098336502,0.0010360075805432726,0.0018024847336281327
0.003001895135818067,0.0022573173299642057,0.0010781217098336502,0.0010360075805432726,0.0018024847336281327,0.0016087597388923986
0.0022573173299642057,0.0010781217098336502,0.0010360075805432726,0.0018024847336281327,0.0016087597388923986,0.0011791956201305557
0.0010781217098336502,0.0010360075805432726,0.0018024847336281327,0.0016087597388923986,0.0011791956201305557,0.0009433564961044439
0.0010360075805432726,0.0018024847336281327,0.0016087597388923986,0.0011791956201305557,0.0009433564961044439,0.0013813434407243634
0.0018024847336281327,0.0016087597388923986,0.0011791956201305557,0.0009433564961044439,0.0013813434407243634,0.0012945883343861888
0.0016087597388923986,0.0011791956201305557,0.0009433564961044439,0.0013813434407243634,0.0012945883343861888,0.0010275847546851989
0.0011791956201305557,0.0009433564961044439,0.0013813434407243634,0.0012945883343861888,0.0010275847546851989,0.0007850073699726276
0.0009433564961044439,0.0013813434407243634,0.0012945883343861888,0.0010275847546851989,0.0007850073699726276,0.0009315645399031389
0.0013813434407243634,0.0012945883343861888,0.0010275847546851989,0.0007850073699726276,0.0009315645399031389,0.0009433564961044439
0.0012945883343861888,0.0010275847546851989,0.0007850073699726276,0.0009315645399031389,0.0009433564961044439,0.0008405980206359243
0.0010275847546851989,0.0007850073699726276,0.0009315645399031389,0.0009433564961044439,0.0008405980206359243,0.00045483259633607304
0.0007850073699726276,0.0009315645399031389,0.0009433564961044439,0.0008405980206359243,0.00045483259633607304,0.0005971783533375474
0.0009315645399031389,0.0009433564961044439,0.0008405980206359243,0.00045483259633607304,0.0005971783533375474,0.0008591282375236918
0.0009433564961044439,0.0008405980206359243,0.00045483259633607304,0.0005971783533375474,0.0008591282375236918,0.0009071383449147203
0.0008405980206359243,0.00045483259633607304,0.0005971783533375474,0.0008591282375236918,0.0009071383449147203,0.0006721415034744172
0.00045483259633607304,0.0005971783533375474,0.0008591282375236918,0.0009071383449147203,0.0006721415034744172,0.0009433564961044439
0.0005971783533375474,0.0008591282375236918,0.0009071383449147203,0.0006721415034744172,0.0009433564961044439,0.000682248894504108
0.0008591282375236918,0.0009071383449147203,0.0006721415034744172,0.0009433564961044439,0.000682248894504108,0.0006906717203621817
0.0009071383449147203,0.0006721415034744172,0.0009433564961044439,0.000682248894504108,0.0006906717203621817,0.0005963360707517388
0.0006721415034744172,0.0009433564961044439,0.000682248894504108,0.0006906717203621817,0.0005963360707517388,0.0006738260686460313
0.0009433564961044439,0.000682248894504108,0.0006906717203621817,0.0005963360707517388,0.0006738260686460313,0.0009711518214360937
0.000682248894504108,0.0006906717203621817,0.0005963360707517388,0.0006738260686460313,0.0009711518214360937,0.0017494209307222588
0.0006906717203621817,0.0005963360707517388,0.0006738260686460313,0.0009711518214360937,0.0017494209307222588,0.0020383238576542444
