FechaMedicion,Potencia
2026-02-15 13:10:00,405.89
2026-02-15 13:20:00,369.512
2026-02-15 13:30:00,499.55
2026-02-15 13:40:00,1003.49
2026-02-15 13:50:00,696.68
2026-02-15 14:00:00,435.45
2026-02-15 14:10:00,279.79
2026-02-15 14:20:00,375.04
2026-02-15 14:30:00,303.42
2026-02-15 14:40:00,429.61
2026-02-15 14:50:00,401.47
2026-02-15 15:00:00,605.0
2026-02-15 15:10:00,230.52
2026-02-15 15:20:00,513.25
2026-02-15 15:30:00,395.53
2026-02-15 15:40:00,522.03
2026-02-15 15:50:00,394.37
2026-02-15 16:00:00,306.42
2026-02-15 16:10:00,419.29
2026-02-15 16:20:00,428.35
2026-02-15 16:30:00,405.84
2026-02-15 16:40:00,425.51
2026-02-15 16:50:00,350.56
2026-02-15 17:00:00,262.03
2026-02-15 17:10:00,403.03
2026-02-15 17:20:00,360.67
2026-02-15 17:30:00,359.85
2026-02-15 17:40:00,258.66
2026-02-15 17:50:00,383.15
2026-02-15 18:00:00,495.86
2026-02-15 18:10:00,346.79
2026-02-15 18:20:00,420.46
2026-02-15 18:30:00,313.13
2026-02-15 18:40:00,424.07
2026-02-15 18:50:00,330.57
2026-02-15 19:00:00,481.07
2026-02-15 19:10:00,324.66
2026-02-15 19:20:00,433.829
2026-02-15 19:30:00,392.76
2026-02-15 19:40:00,449.25
2026-02-15 19:50:00,560.93
2026-02-15 20:00:00,1293.27
2026-02-15 20:10:00,421.17
2026-02-15 20:20:00,538.84
2026-02-15 20:30:00,530.5
2026-02-15 20:40:00,346.81
2026-02-15 20:50:00,353.57
2026-02-15 21:00:00,671.08
2026-02-15 21:10:00,242.57
2026-02-15 21:20:00,613.53
2026-02-15 21:30:00,500.41
2026-02-15 21:40:00,340.21
2026-02-15 21:50:00,264.722
2026-02-15 22:00:00,323.82
2026-02-15 22:10:00,516.05
2026-02-15 22:20:00,298.91
2026-02-15 22:30:00,255.17
2026-02-15 22:40:00,287.83
2026-02-15 22:50:00,214.3
2026-02-15 23:00:00,277.12
2026-02-15 23:10:00,245.16
2026-02-15 23:20:00,294.45
2026-02-15 23:30:00,272.36
2026-02-15 23:40:00,212.82
2026-02-15 23:50:00,285.11
2026-02-16 00:00:00,246.69
2026-02-16 00:10:00,294.91
2026-02-16 00:20:00,177.02
2026-02-16 00:30:00,328.4
2026-02-16 00:40:00,210.812
2026-02-16 00:50:00,250.56
2026-02-16 01:00:00,238.82
2026-02-16 01:10:00,190.2
2026-02-16 01:20:00,318.0
2026-02-16 01:30:00,220.37
2026-02-16 01:40:00,277.0
2026-02-16 01:50:00,174.4
2026-02-16 02:00:00,278.75
2026-02-16 02:10:00,256.52
2026-02-16 02:20:00,258.32
2026-02-16 02:30:00,270.26
2026-02-16 02:40:00,230.09
2026-02-16 02:50:00,281.37
2026-02-16 03:00:00,504.39
2026-02-16 03:10:00,207.26
2026-02-16 03:20:00,340.25
2026-02-16 03:30:00,329.77
2026-02-16 03:40:00,261.52
2026-02-16 03:50:00,233.92
2026-02-16 04:00:00,263.17
2026-02-16 04:10:00,214.66
2026-02-16 04:20:00,247.41
2026-02-16 04:30:00,250.6
2026-02-16 04:40:00,229.57
2026-02-16 04:50:00,296.52
2026-02-16 05:00:00,218.09
2026-02-16 05:10:00,312.45
2026-02-16 05:20:00,186.83
2026-02-16 05:30:00,277.11
2026-02-16 05:40:00,271.81
2026-02-16 05:50:00,273.51
2026-02-16 06:00:00,193.18
2026-02-16 06:10:00,309.98
2026-02-16 06:20:00,244.26
2026-02-16 06:30:00,240.98
2026-02-16 06:40:00,275.94
2026-02-16 06:50:00,208.2
2026-02-16 07:00:00,255.36
2026-02-16 07:10:00,180.04
2026-02-16 07:20:00,328.88
2026-02-16 07:30:00,211.14
2026-02-16 07:40:00,266.65
2026-02-16 07:50:00,302.34
2026-02-16 08:00:00,450.05
2026-02-16 08:10:00,227.72
2026-02-16 08:20:00,269.27
2026-02-16 08:30:00,258.16
2026-02-16 08:40:00,191.65
2026-02-16 08:50:00,381.17
2026-02-16 09:00:00,913.38
2026-02-16 09:10:00,461.58
2026-02-16 09:20:00,1467.54
2026-02-16 09:30:00,426.48
2026-02-16 09:40:00,670.88
2026-02-16 09:50:00,662.47
2026-02-16 10:00:00,389.2
2026-02-16 10:10:00,309.94
2026-02-16 10:20:00,269.48
2026-02-16 10:30:00,203.67
2026-02-16 10:40:00,381.533
2026-02-16 10:50:00,381.2
2026-02-16 11:00:00,490.44
2026-02-16 11:10:00,632.13
2026-02-16 11:20:00,355.09
2026-02-16 11:30:00,548.92
2026-02-16 11:40:00,488.02
2026-02-16 11:50:00,430.62
2026-02-16 12:00:00,652.1
2026-02-16 12:10:00,263.14
2026-02-16 12:20:00,367.08
2026-02-16 12:30:00,271.93
2026-02-16 12:40:00,366.01
2026-02-16 12:50:00,323.02
2026-02-16 13:00:00,513.63
2026-02-16 13:10:00,838.98
2026-02-16 13:20:00,285.95
2026-02-16 13:30:00,317.87
2026-02-16 13:40:00,469.48
2026-02-16 13:50:00,491.41
2026-02-16 14:00:00,375.75
2026-02-16 14:10:00,357.03
2026-02-16 14:20:00,223.21
2026-02-16 14:30:00,259.14
2026-02-16 14:40:00,226.73
2026-02-16 14:50:00,292.18
2026-02-16 15:00:00,609.61
2026-02-16 15:10:00,234.36
2026-02-16 15:20:00,444.333
2026-02-16 15:30:00,335.267
2026-02-16 15:40:00,330.45
2026-02-16 15:50:00,333.75
2026-02-16 16:00:00,267.14
2026-02-16 16:10:00,347.18
2026-02-16 16:20:00,404.32
2026-02-16 16:30:00,350.11
2026-02-16 16:40:00,403.37
2026-02-16 16:50:00,315.22
2026-02-16 17:00:00,312.14
2026-02-16 17:10:00,362.55
2026-02-16 17:20:00,411.76
2026-02-16 17:30:00,388.18
2026-02-16 17:40:00,403.59
2026-02-16 17:50:00,479.04
2026-02-16 18:00:00,517.73
2026-02-16 18:10:00,429.53
2026-02-16 18:20:00,459.15
2026-02-16 18:30:00,466.85
2026-02-16 18:40:00,544.31
2026-02-16 18:50:00,461.87
2026-02-16 19:00:00,564.51
2026-02-16 19:10:00,882.13
2026-02-16 19:20:00,565.65
2026-02-16 19:30:00,328.26
2026-02-16 19:40:00,607.74
2026-02-16 19:50:00,1027.9
2026-02-16 20:00:00,468.38
2026-02-16 20:10:00,308.91
2026-02-16 20:20:00,623.2
2026-02-16 20:30:00,240.56
2026-02-16 20:40:00,363.07
2026-02-16 20:50:00,337.73
2026-02-16 21:00:00,582.63
2026-02-16 21:10:00,248.37
2026-02-16 21:20:00,630.05
2026-02-16 21:30:00,527.45
2026-02-16 21:40:00,350.775
2026-02-16 21:50:00,202.88
2026-02-16 22:00:00,395.922
2026-02-16 22:10:00,555.46
2026-02-16 22:20:00,315.91
2026-02-16 22:30:00,191.57
2026-02-16 22:40:00,312.47
2026-02-16 22:50:00,169.25
2026-02-16 23:00:00,400.98
2026-02-16 23:10:00,168.29
2026-02-16 23:20:00,291.88
2026-02-16 23:30:00,199.8
2026-02-16 23:40:00,280.25
2026-02-16 23:50:00,261.06
2026-02-17 00:00:00,268.32
2026-02-17 00:10:00,222.25
2026-02-17 00:20:00,250.73
2026-02-17 00:30:00,236.93
2026-02-17 00:40:00,238.28
2026-02-17 00:50:00,262.144
2026-02-17 01:00:00,187.867
2026-02-17 01:10:00,274.97
2026-02-17 01:20:00,182.72
2026-02-17 01:30:00,286.64
2026-02-17 01:40:00,171.85
2026-02-17 01:50:00,324.55
2026-02-17 02:00:00,200.7
2026-02-17 02:10:00,255.38
2026-02-17 02:20:00,211.73
2026-02-17 02:30:00,277.22
2026-02-17 02:40:00,232.98
2026-02-17 02:50:00,261.15
2026-02-17 03:00:00,554.24
2026-02-17 03:10:00,165.37
2026-02-17 03:20:00,262.29
2026-02-17 03:30:00,325.67
2026-02-17 03:40:00,324.83
2026-02-17 03:50:00,226.838
2026-02-17 04:00:00,261.49
2026-02-17 04:10:00,223.275
2026-02-17 04:20:00,289.84
2026-02-17 04:30:00,229.93
2026-02-17 04:40:00,278.24
2026-02-17 04:50:00,248.34
2026-02-17 05:00:00,214.1
2026-02-17 05:10:00,258.6
2026-02-17 05:20:00,198.0
2026-02-17 05:30:00,272.52
2026-02-17 05:40:00,187.1
2026-02-17 05:50:00,271.81
2026-02-17 06:00:00,168.5
2026-02-17 06:10:00,263.41
2026-02-17 06:20:00,191.05
2026-02-17 06:30:00,366.27
2026-02-17 06:40:00,180.67
2026-02-17 06:50:00,248.92
2026-02-17 07:00:00,210.92
2026-02-17 07:10:00,222.62
2026-02-17 07:20:00,220.44
2026-02-17 07:30:00,207.84
2026-02-17 07:40:00,1177.72
2026-02-17 07:50:00,260.81
2026-02-17 08:00:00,250.39
2026-02-17 08:10:00,226.29
2026-02-17 08:20:00,549.33
2026-02-17 08:30:00,956.25
2026-02-17 08:40:00,633.39
2026-02-17 08:50:00,1303.87
2026-02-17 09:00:00,1081.55
2026-02-17 09:10:00,608.15
2026-02-17 09:20:00,509.14
2026-02-17 09:30:00,715.74
2026-02-17 09:40:00,298.96
2026-02-17 09:50:00,328.52
2026-02-17 10:00:00,297.6
2026-02-17 10:10:00,291.21
2026-02-17 10:20:00,221.93
2026-02-17 10:30:00,236.62
2026-02-17 10:40:00,372.43
2026-02-17 10:50:00,306.98
2026-02-17 11:00:00,257.41
2026-02-17 11:10:00,405.74
2026-02-17 11:20:00,400.96
2026-02-17 11:30:00,278.88
2026-02-17 11:40:00,207.39
2026-02-17 11:50:00,305.96
2026-02-17 12:00:00,351.36
2026-02-17 12:10:00,411.97
2026-02-17 12:20:00,394.52
2026-02-17 12:30:00,566.28
2026-02-17 12:40:00,360.61
2026-02-17 12:50:00,296.43
2026-02-17 13:00:00,301.46
2026-02-17 13:10:00,172.41
2026-02-17 13:20:00,296.08
2026-02-17 13:30:00,165.286
2026-02-17 13:40:00,338.76
2026-02-17 13:50:00,161.69
2026-02-17 14:00:00,282.19
2026-02-17 14:10:00,259.33
2026-02-17 14:20:00,339.93
2026-02-17 14:30:00,274.98
2026-02-17 14:40:00,239.78
2026-02-17 14:50:00,258.77
2026-02-17 15:00:00,533.13
2026-02-17 15:10:00,290.75
2026-02-17 15:20:00,376.93
2026-02-17 15:30:00,398.54
2026-02-17 15:40:00,336.03
2026-02-17 15:50:00,174.89
2026-02-17 16:00:00,487.43
2026-02-17 16:10:00,704.73
2026-02-17 16:20:00,295.088
2026-02-17 16:30:00,193.744
2026-02-17 16:40:00,311.289
2026-02-17 16:50:00,258.68
2026-02-17 17:00:00,369.06
2026-02-17 17:10:00,287.72
2026-02-17 17:20:00,363.03
2026-02-17 17:30:00,439.4
2026-02-17 17:40:00,524.93
2026-02-17 17:50:00,326.59
2026-02-17 18:00:00,417.32
2026-02-17 18:10:00,402.84
2026-02-17 18:20:00,517.78
2026-02-17 18:30:00,415.72
2026-02-17 18:40:00,505.46
2026-02-17 18:50:00,286.47
2026-02-17 19:00:00,502.638
2026-02-17 19:10:00,1131.55
2026-02-17 19:20:00,1187.622
2026-02-17 19:30:00,351.283
2026-02-17 19:40:00,422.444
2026-02-17 19:50:00,261.04
2026-02-17 20:00:00,504.262
2026-02-17 20:10:00,395.62
2026-02-17 20:20:00,545.52
2026-02-17 20:30:00,233.06
2026-02-17 20:40:00,373.95
2026-02-17 20:50:00,433.27
2026-02-17 21:00:00,804.44
2026-02-17 21:10:00,289.56
2026-02-17 21:20:00,331.99
2026-02-17 21:30:00,591.97
2026-02-17 21:40:00,646.28
2026-02-17 21:50:00,178.88
2026-02-17 22:00:00,328.89
2026-02-17 22:10:00,231.96
2026-02-17 22:20:00,288.78
2026-02-17 22:30:00,184.34
2026-02-17 22:40:00,259.45
2026-02-17 22:50:00,178.99
2026-02-17 23:00:00,325.26
2026-02-17 23:10:00,190.325
2026-02-17 23:20:00,276.425
2026-02-17 23:30:00,209.24
2026-02-17 23:40:00,334.8
2026-02-17 23:50:00,208.88
2026-02-18 00:00:00,283.61
2026-02-18 00:10:00,259.05
2026-02-18 00:20:00,281.02
2026-02-18 00:30:00,237.88
2026-02-18 00:40:00,276.11
2026-02-18 00:50:00,187.28
2026-02-18 01:00:00,288.04
2026-02-18 01:10:00,174.6
2026-02-18 01:20:00,303.12
2026-02-18 01:30:00,170.81
2026-02-18 01:40:00,288.31
2026-02-18 01:50:00,168.45
2026-02-18 02:00:00,288.37
2026-02-18 02:10:00,183.4
2026-02-18 02:20:00,272.96
2026-02-18 02:30:00,184.21
2026-02-18 02:40:00,275.93
2026-02-18 02:50:00,214.07
2026-02-18 03:00:00,496.73
2026-02-18 03:10:00,219.39
2026-02-18 03:20:00,264.54
2026-02-18 03:30:00,321.25
2026-02-18 03:40:00,310.38
2026-02-18 03:50:00,186.15
2026-02-18 04:00:00,328.64
2026-02-18 04:10:00,168.87
2026-02-18 04:20:00,308.51
2026-02-18 04:30:00,168.92
2026-02-18 04:40:00,305.28
2026-02-18 04:50:00,166.11
2026-02-18 05:00:00,284.14
2026-02-18 05:10:00,168.5
2026-02-18 05:20:00,286.03
2026-02-18 05:30:00,221.88
2026-02-18 05:40:00,448.04
2026-02-18 05:50:00,175.95
2026-02-18 06:00:00,564.6
2026-02-18 06:10:00,343.26
2026-02-18 06:20:00,308.69
2026-02-18 06:30:00,237.15
2026-02-18 06:40:00,527.99
2026-02-18 06:50:00,340.52
2026-02-18 07:00:00,344.47
2026-02-18 07:10:00,240.5
2026-02-18 07:20:00,341.94
2026-02-18 07:30:00,243.44
2026-02-18 07:40:00,336.85
2026-02-18 07:50:00,222.71
2026-02-18 08:00:00,406.81
2026-02-18 08:10:00,222.51
2026-02-18 08:20:00,426.06
2026-02-18 08:30:00,322.64
2026-02-18 08:40:00,309.75
2026-02-18 08:50:00,258.74
2026-02-18 09:00:00,563.86
2026-02-18 09:10:00,160.86
2026-02-18 09:20:00,304.48
2026-02-18 09:30:00,1007.97
2026-02-18 09:40:00,665.08
2026-02-18 09:50:00,247.73
2026-02-18 10:00:00,300.24
2026-02-18 10:10:00,160.06
2026-02-18 10:20:00,448.94
2026-02-18 10:30:00,164.9
2026-02-18 10:40:00,302.86
2026-02-18 10:50:00,219.35
2026-02-18 11:00:00,402.05
2026-02-18 11:10:00,254.41
2026-02-18 11:20:00,564.4
2026-02-18 11:30:00,493.37
2026-02-18 11:40:00,481.72
2026-02-18 11:50:00,328.49
2026-02-18 12:00:00,302.07
2026-02-18 12:10:00,292.86
2026-02-18 12:20:00,354.74
2026-02-18 12:30:00,404.78
2026-02-18 12:40:00,341.46
2026-02-18 12:50:00,354.82
2026-02-18 13:00:00,345.46
2026-02-18 13:10:00,304.36
2026-02-18 13:20:00,406.61
2026-02-18 13:30:00,395.45
2026-02-18 13:40:00,355.93
2026-02-18 13:50:00,338.24
2026-02-18 14:00:00,381.42
2026-02-18 14:10:00,364.21
2026-02-18 14:20:00,627.77
2026-02-18 14:30:00,288.47
2026-02-18 14:40:00,373.11
2026-02-18 14:50:00,239.55
2026-02-18 15:00:00,528.01
2026-02-18 15:10:00,368.44
2026-02-18 15:20:00,1157.71
2026-02-18 15:30:00,837.48
2026-02-18 15:40:00,734.84
2026-02-18 15:50:00,750.75
2026-02-18 16:00:00,459.35
2026-02-18 16:10:00,560.65
2026-02-18 16:20:00,294.8
2026-02-18 16:30:00,409.89
2026-02-18 16:40:00,289.85
2026-02-18 16:50:00,180.89
2026-02-18 17:00:00,291.26
2026-02-18 17:10:00,180.42
2026-02-18 17:20:00,441.61
2026-02-18 17:30:00,282.17
2026-02-18 17:40:00,288.93
2026-02-18 17:50:00,166.34
2026-02-18 18:00:00,849.59
2026-02-18 18:10:00,330.17
2026-02-18 18:20:00,463.15
2026-02-18 18:30:00,225.48
2026-02-18 18:40:00,380.34
2026-02-18 18:50:00,178.75
2026-02-18 19:00:00,301.66
2026-02-18 19:10:00,184.79
2026-02-18 19:20:00,305.49
2026-02-18 19:30:00,182.66
2026-02-18 19:40:00,303.79
2026-02-18 19:50:00,180.02
2026-02-18 20:00:00,300.78
2026-02-18 20:10:00,236.12
2026-02-18 20:20:00,379.28
2026-02-18 20:30:00,245.42
2026-02-18 20:40:00,518.92
2026-02-18 20:50:00,340.78
2026-02-18 21:00:00,607.3
2026-02-18 21:10:00,315.812
2026-02-18 21:20:00,775.1
2026-02-18 21:30:00,684.8
2026-02-18 21:40:00,423.75
2026-02-18 21:50:00,195.0
2026-02-18 22:00:00,632.26
2026-02-18 22:10:00,190.49
2026-02-18 22:20:00,295.45
2026-02-18 22:30:00,301.69
2026-02-18 22:40:00,280.54
2026-02-18 22:50:00,201.44
2026-02-18 23:00:00,482.83
2026-02-18 23:10:00,202.73
2026-02-18 23:20:00,279.67
2026-02-18 23:30:00,312.13
2026-02-18 23:40:00,288.97
2026-02-18 23:50:00,211.6
2026-02-19 00:00:00,291.19
2026-02-19 00:10:00,199.27
2026-02-19 00:20:00,286.28
2026-02-19 00:30:00,247.64
2026-02-19 00:40:00,288.82
2026-02-19 00:50:00,194.82
2026-02-19 01:00:00,280.18
2026-02-19 01:10:00,192.11
2026-02-19 01:20:00,343.24
2026-02-19 01:30:00,227.85
2026-02-19 01:40:00,293.23
2026-02-19 01:50:00,171.72
2026-02-19 02:00:00,276.59
2026-02-19 02:10:00,167.8
2026-02-19 02:20:00,271.81
2026-02-19 02:30:00,172.28
2026-02-19 02:40:00,293.53
2026-02-19 02:50:00,218.86
2026-02-19 03:00:00,551.46
2026-02-19 03:10:00,167.738
2026-02-19 03:20:00,265.26
2026-02-19 03:30:00,326.27
2026-02-19 03:40:00,344.3
2026-02-19 03:50:00,203.54
2026-02-19 04:00:00,293.44
2026-02-19 04:10:00,172.82
2026-02-19 04:20:00,296.87
2026-02-19 04:30:00,170.76
2026-02-19 04:40:00,345.35
2026-02-19 04:50:00,170.13
2026-02-19 05:00:00,288.32
2026-02-19 05:10:00,223.33
2026-02-19 05:20:00,287.86
2026-02-19 05:30:00,169.24
2026-02-19 05:40:00,1099.53
2026-02-19 05:50:00,272.42
2026-02-19 06:00:00,418.93
2026-02-19 06:10:00,290.69
2026-02-19 06:20:00,289.0
2026-02-19 06:30:00,165.99
2026-02-19 06:40:00,284.73
2026-02-19 06:50:00,214.25
2026-02-19 07:00:00,390.03
2026-02-19 07:10:00,202.79
2026-02-19 07:20:00,288.21
2026-02-19 07:30:00,388.1
2026-02-19 07:40:00,286.81
2026-02-19 07:50:00,298.97
2026-02-19 08:00:00,224.41
2026-02-19 08:10:00,324.44
2026-02-19 08:20:00,223.71
2026-02-19 08:30:00,418.65
2026-02-19 08:40:00,282.15
2026-02-19 08:50:00,314.46
2026-02-19 09:00:00,633.31
2026-02-19 09:10:00,284.84
2026-02-19 09:20:00,313.85
2026-02-19 09:30:00,330.5
2026-02-19 09:40:00,276.48
2026-02-19 09:50:00,245.43
2026-02-19 10:00:00,339.03
2026-02-19 10:10:00,230.98
2026-02-19 10:20:00,688.42
2026-02-19 10:30:00,165.31
2026-02-19 10:40:00,286.29
2026-02-19 10:50:00,218.811
2026-02-19 11:00:00,740.97
2026-02-19 11:10:00,212.87
2026-02-19 11:20:00,283.03
2026-02-19 11:30:00,168.66
2026-02-19 11:40:00,283.12
2026-02-19 11:50:00,181.956
2026-02-19 12:00:00,272.22
2026-02-19 12:10:00,234.17
2026-02-19 12:20:00,316.17
2026-02-19 12:30:00,235.57
2026-02-19 12:40:00,290.14
2026-02-19 12:50:00,851.25
2026-02-19 13:00:00,1154.2
2026-02-19 13:10:00,338.84
2026-02-19 13:20:00,345.32
2026-02-19 13:30:00,832.938
2026-02-19 13:40:00,819.01
2026-02-19 13:50:00,225.47
2026-02-19 14:00:00,406.77
2026-02-19 14:10:00,477.11
2026-02-19 14:20:00,417.82
2026-02-19 14:30:00,509.63
2026-02-19 14:40:00,1035.37
2026-02-19 14:50:00,738.3
2026-02-19 15:00:00,596.99
2026-02-19 15:10:00,217.67
2026-02-19 15:20:00,263.23
2026-02-19 15:30:00,321.48
2026-02-19 15:40:00,321.0
2026-02-19 15:50:00,166.325
2026-02-19 16:00:00,322.74
2026-02-19 16:10:00,165.7
2026-02-19 16:20:00,303.77
2026-02-19 16:30:00,166.04
2026-02-19 16:40:00,306.2
2026-02-19 16:50:00,168.0
2026-02-19 17:00:00,303.962
2026-02-19 17:10:00,164.92
2026-02-19 17:20:00,282.98
2026-02-19 17:30:00,167.62
2026-02-19 17:40:00,292.688
2026-02-19 17:50:00,169.03
2026-02-19 18:00:00,374.25
2026-02-19 18:10:00,179.95
2026-02-19 18:20:00,254.288
2026-02-19 18:30:00,195.09
2026-02-19 18:40:00,445.14
2026-02-19 18:50:00,531.31
2026-02-19 19:00:00,821.56
2026-02-19 19:10:00,425.47
2026-02-19 19:20:00,320.28
2026-02-19 19:30:00,571.99
2026-02-19 19:40:00,665.74
2026-02-19 19:50:00,340.3
2026-02-19 20:00:00,867.938
2026-02-19 20:10:00,579.39
2026-02-19 20:20:00,907.27
2026-02-19 20:30:00,357.26
2026-02-19 20:40:00,846.82
2026-02-19 20:50:00,309.84
2026-02-19 21:00:00,709.3
2026-02-19 21:10:00,614.82
2026-02-19 21:20:00,553.74
2026-02-19 21:30:00,463.71
2026-02-19 21:40:00,692.11
2026-02-19 21:50:00,348.99
2026-02-19 22:00:00,315.262
2026-02-19 22:10:00,259.16
2026-02-19 22:20:00,285.58
2026-02-19 22:30:00,187.362
2026-02-19 22:40:00,298.962
2026-02-19 22:50:00,227.89
2026-02-19 23:00:00,275.7
2026-02-19 23:10:00,234.44
2026-02-19 23:20:00,275.3
2026-02-19 23:30:00,220.538
2026-02-19 23:40:00,273.09
2026-02-19 23:50:00,210.88
2026-02-20 00:00:00,326.3
2026-02-20 00:10:00,207.1
2026-02-20 00:20:00,263.53
2026-02-20 00:30:00,205.57
2026-02-20 00:40:00,263.02
2026-02-20 00:50:00,205.69
2026-02-20 01:00:00,282.13
2026-02-20 01:10:00,189.49
2026-02-20 01:20:00,280.43
2026-02-20 01:30:00,188.72
2026-02-20 01:40:00,326.98
2026-02-20 01:50:00,220.27
2026-02-20 02:00:00,289.69
2026-02-20 02:10:00,173.71
2026-02-20 02:20:00,291.21
2026-02-20 02:30:00,173.07
2026-02-20 02:40:00,279.75
2026-02-20 02:50:00,318.9
2026-02-20 03:00:00,540.68
2026-02-20 03:10:00,176.01
2026-02-20 03:20:00,263.58
2026-02-20 03:30:00,328.73
2026-02-20 03:40:00,297.01
2026-02-20 03:50:00,204.22
2026-02-20 04:00:00,306.79
2026-02-20 04:10:00,172.89
2026-02-20 04:20:00,306.25
2026-02-20 04:30:00,223.78
2026-02-20 04:40:00,308.36
2026-02-20 04:50:00,174.77
2026-02-20 05:00:00,323.53
2026-02-20 05:10:00,170.988
2026-02-20 05:20:00,285.02
2026-02-20 05:30:00,221.43
2026-02-20 05:40:00,342.21
2026-02-20 05:50:00,172.49
2026-02-20 06:00:00,451.76
2026-02-20 06:10:00,237.49
2026-02-20 06:20:00,283.47
2026-02-20 06:30:00,163.52
2026-02-20 06:40:00,297.64
2026-02-20 06:50:00,213.86
2026-02-20 07:00:00,334.45
2026-02-20 07:10:00,162.55
2026-02-20 07:20:00,266.01
2026-02-20 07:30:00,164.78
2026-02-20 07:40:00,317.23
2026-02-20 07:50:00,629.43
2026-02-20 08:00:00,761.07
2026-02-20 08:10:00,261.96
2026-02-20 08:20:00,353.89
2026-02-20 08:30:00,181.22
2026-02-20 08:40:00,269.69
2026-02-20 08:50:00,259.58
2026-02-20 09:00:00,579.67
2026-02-20 09:10:00,235.26
2026-02-20 09:20:00,260.67
2026-02-20 09:30:00,460.45
2026-02-20 09:40:00,405.9
2026-02-20 09:50:00,199.13
2026-02-20 10:00:00,307.66
2026-02-20 10:10:00,212.59
2026-02-20 10:20:00,441.88
2026-02-20 10:30:00,313.41
2026-02-20 10:40:00,510.17
2026-02-20 10:50:00,693.011
2026-02-20 11:00:00,427.08
2026-02-20 11:10:00,234.74
2026-02-20 11:20:00,287.95
2026-02-20 11:30:00,186.34
2026-02-20 11:40:00,277.48
2026-02-20 11:50:00,208.55
2026-02-20 12:00:00,376.54
2026-02-20 12:10:00,512.35
2026-02-20 12:20:00,379.3
2026-02-20 12:30:00,383.34
2026-02-20 12:40:00,400.91
2026-02-20 12:50:00,336.11
2026-02-20 13:00:00,394.21
2026-02-20 13:10:00,1294.71
2026-02-20 13:20:00,381.79
2026-02-20 13:30:00,808.23
2026-02-20 13:40:00,383.812
2026-02-20 13:50:00,331.28
2026-02-20 14:00:00,412.66
2026-02-20 14:10:00,309.82
2026-02-20 14:20:00,455.92
2026-02-20 14:30:00,340.79
2026-02-20 14:40:00,297.4
2026-02-20 14:50:00,454.48
2026-02-20 15:00:00,566.175
2026-02-20 15:10:00,269.79
2026-02-20 15:20:00,425.4
2026-02-20 15:30:00,517.162
2026-02-20 15:40:00,342.93
2026-02-20 15:50:00,493.47
2026-02-20 16:00:00,185.97
2026-02-20 16:10:00,421.09
2026-02-20 16:20:00,195.29
2026-02-20 16:30:00,342.09
2026-02-20 16:40:00,345.89
2026-02-20 16:50:00,651.05
2026-02-20 17:00:00,409.81
2026-02-20 17:10:00,664.47
2026-02-20 17:20:00,649.84
2026-02-20 17:30:00,583.99
2026-02-20 17:40:00,520.61
2026-02-20 17:50:00,570.03
2026-02-20 18:00:00,318.47
2026-02-20 18:10:00,284.71
2026-02-20 18:20:00,284.58
2026-02-20 18:30:00,200.81
2026-02-20 18:40:00,276.37
2026-02-20 18:50:00,275.59
2026-02-20 19:00:00,359.46
2026-02-20 19:10:00,238.575
2026-02-20 19:20:00,284.0
2026-02-20 19:30:00,389.14
2026-02-20 19:40:00,331.74
2026-02-20 19:50:00,279.7
2026-02-20 20:00:00,196.06
2026-02-20 20:10:00,304.875
2026-02-20 20:20:00,222.6
2026-02-20 20:30:00,358.28
2026-02-20 20:40:00,228.77
2026-02-20 20:50:00,412.25
2026-02-20 21:00:00,554.98
2026-02-20 21:10:00,179.41
2026-02-20 21:20:00,296.288
2026-02-20 21:30:00,339.03
2026-02-20 21:40:00,386.12
2026-02-20 21:50:00,269.48
2026-02-20 22:00:00,302.73
2026-02-20 22:10:00,319.98
2026-02-20 22:20:00,307.42
2026-02-20 22:30:00,283.13
2026-02-20 22:40:00,220.52
2026-02-20 22:50:00,305.36
2026-02-20 23:00:00,207.18
2026-02-20 23:10:00,326.59
2026-02-20 23:20:00,189.17
2026-02-20 23:30:00,318.77
2026-02-20 23:40:00,235.38
2026-02-20 23:50:00,312.49
2026-02-21 00:00:00,187.01
2026-02-21 00:10:00,300.58
2026-02-21 00:20:00,241.08
2026-02-21 00:30:00,326.46
2026-02-21 00:40:00,213.25
2026-02-21 00:50:00,265.73
2026-02-21 01:00:00,225.85
2026-02-21 01:10:00,303.36
2026-02-21 01:20:00,231.72
2026-02-21 01:30:00,236.21
2026-02-21 01:40:00,232.62
2026-02-21 01:50:00,234.17
2026-02-21 02:00:00,250.27
2026-02-21 02:10:00,220.39
2026-02-21 02:20:00,297.23
2026-02-21 02:30:00,218.15
2026-02-21 02:40:00,248.63
2026-02-21 02:50:00,253.4
2026-02-21 03:00:00,596.57
2026-02-21 03:10:00,175.08
2026-02-21 03:20:00,269.07
2026-02-21 03:30:00,327.49
2026-02-21 03:40:00,325.68
2026-02-21 03:50:00,174.68
2026-02-21 04:00:00,314.66
2026-02-21 04:10:00,205.14
2026-02-21 04:20:00,316.79
2026-02-21 04:30:00,215.5
2026-02-21 04:40:00,251.1
2026-02-21 04:50:00,227.48
2026-02-21 05:00:00,234.94
2026-02-21 05:10:00,228.812
2026-02-21 05:20:00,216.48
2026-02-21 05:30:00,246.63
2026-02-21 05:40:00,201.97
2026-02-21 05:50:00,263.43
2026-02-21 06:00:00,265.07
2026-02-21 06:10:00,386.18
2026-02-21 06:20:00,369.14
2026-02-21 06:30:00,394.05
2026-02-21 06:40:00,234.94
2026-02-21 06:50:00,283.21
2026-02-21 07:00:00,165.388
2026-02-21 07:10:00,305.2
2026-02-21 07:20:00,209.95
2026-02-21 07:30:00,336.55
2026-02-21 07:40:00,183.01
2026-02-21 07:50:00,282.02
2026-02-21 08:00:00,169.09
2026-02-21 08:10:00,297.22
2026-02-21 08:20:00,168.56
2026-02-21 08:30:00,297.8
2026-02-21 08:40:00,167.48
2026-02-21 08:50:00,315.18
2026-02-21 09:00:00,534.71
2026-02-21 09:10:00,166.91
2026-02-21 09:20:00,263.77
2026-02-21 09:30:00,324.61
2026-02-21 09:40:00,352.3
2026-02-21 09:50:00,164.34
2026-02-21 10:00:00,303.79
2026-02-21 10:10:00,180.88
2026-02-21 10:20:00,274.42
2026-02-21 10:30:00,212.28
2026-02-21 10:40:00,262.087
2026-02-21 10:50:00,225.9
2026-02-21 11:00:00,213.86
2026-02-21 11:10:00,276.35
2026-02-21 11:20:00,198.95
2026-02-21 11:30:00,270.97
2026-02-21 11:40:00,185.82
2026-02-21 11:50:00,283.67
2026-02-21 12:00:00,170.23
2026-02-21 12:10:00,302.21
2026-02-21 12:20:00,163.58
2026-02-21 12:30:00,299.288
2026-02-21 12:40:00,168.36
2026-02-21 12:50:00,286.54
2026-02-21 13:00:00,183.01
2026-02-21 13:10:00,325.53
2026-02-21 13:20:00,182.74
2026-02-21 13:30:00,255.74
2026-02-21 13:40:00,202.57
2026-02-21 13:50:00,297.91
2026-02-21 14:00:00,216.79
2026-02-21 14:10:00,241.86
2026-02-21 14:20:00,215.91
2026-02-21 14:30:00,228.41
2026-02-21 14:40:00,231.42
2026-02-21 14:50:00,266.14
2026-02-21 15:00:00,537.878
2026-02-21 15:10:00,170.37
2026-02-21 15:20:00,266.58
2026-02-21 15:30:00,326.34
2026-02-21 15:40:00,325.27
2026-02-21 15:50:00,168.82
2026-02-21 16:00:00,310.64
2026-02-21 16:10:00,200.9
2026-02-21 16:20:00,265.212
2026-02-21 16:30:00,225.712
2026-02-21 16:40:00,239.44
2026-02-21 16:50:00,226.74
2026-02-21 17:00:00,281.99
2026-02-21 17:10:00,221.475
2026-02-21 17:20:00,215.3
2026-02-21 17:30:00,311.2
2026-02-21 17:40:00,206.68
2026-02-21 17:50:00,485.65
2026-02-21 18:00:00,284.167
2026-02-21 18:10:00,404.45
2026-02-21 18:20:00,278.99
2026-02-21 18:30:00,678.76
2026-02-21 18:40:00,753.82
2026-02-21 18:50:00,489.62
2026-02-21 19:00:00,300.48
2026-02-21 19:10:00,563.5
2026-02-21 19:20:00,620.73
2026-02-21 19:30:00,536.812
2026-02-21 19:40:00,626.41
2026-02-21 19:50:00,396.69
2026-02-21 20:00:00,512.87
2026-02-21 20:10:00,577.35
2026-02-21 20:20:00,395.25
2026-02-21 20:30:00,353.03
2026-02-21 20:40:00,383.04
2026-02-21 20:50:00,374.19
2026-02-21 21:00:00,620.911
2026-02-21 21:10:00,259.27
2026-02-21 21:20:00,328.31
2026-02-21 21:30:00,490.27
2026-02-21 21:40:00,340.033
2026-02-21 21:50:00,249.038
2026-02-21 22:00:00,583.38
2026-02-21 22:10:00,208.44
2026-02-21 22:20:00,333.81
2026-02-21 22:30:00,223.68
2026-02-21 22:40:00,277.09
2026-02-21 22:50:00,232.41
2026-02-21 23:00:00,274.98
2026-02-21 23:10:00,239.67
2026-02-21 23:20:00,260.86
2026-02-21 23:30:00,240.82
2026-02-21 23:40:00,239.85
2026-02-21 23:50:00,236.81
2026-02-22 00:00:00,240.13
2026-02-22 00:10:00,235.06
2026-02-22 00:20:00,237.61
2026-02-22 00:30:00,250.59
2026-02-22 00:40:00,217.13
2026-02-22 00:50:00,244.26
2026-02-22 01:00:00,218.55
2026-02-22 01:10:00,245.22
2026-02-22 01:20:00,269.61
2026-02-22 01:30:00,258.01
2026-02-22 01:40:00,258.07
2026-02-22 01:50:00,261.09
2026-02-22 02:00:00,204.95
2026-02-22 02:10:00,258.81
2026-02-22 02:20:00,192.34
2026-02-22 02:30:00,260.8
2026-02-22 02:40:00,190.45
2026-02-22 02:50:00,319.75
2026-02-22 03:00:00,599.04
2026-02-22 03:10:00,176.75
2026-02-22 03:20:00,269.78
2026-02-22 03:30:00,325.12
2026-02-22 03:40:00,263.34
2026-02-22 03:50:00,203.68
2026-02-22 04:00:00,291.87
2026-02-22 04:10:00,173.71
2026-02-22 04:20:00,358.02
2026-02-22 04:30:00,173.92
2026-02-22 04:40:00,297.26
2026-02-22 04:50:00,170.28
2026-02-22 05:00:00,342.33
2026-02-22 05:10:00,174.35
2026-02-22 05:20:00,344.1
2026-02-22 05:30:00,171.45
2026-02-22 05:40:00,405.49
2026-02-22 05:50:00,191.98
2026-02-22 06:00:00,331.09
2026-02-22 06:10:00,234.65
2026-02-22 06:20:00,255.22
2026-02-22 06:30:00,194.43
2026-02-22 06:40:00,359.86
2026-02-22 06:50:00,440.63
2026-02-22 07:00:00,351.52
2026-02-22 07:10:00,246.01
2026-02-22 07:20:00,494.51
2026-02-22 07:30:00,311.25
2026-02-22 07:40:00,344.91
2026-02-22 07:50:00,260.67
2026-02-22 08:00:00,335.34
2026-02-22 08:10:00,210.42
2026-02-22 08:20:00,225.71
2026-02-22 08:30:00,274.19
2026-02-22 08:40:00,224.49
2026-02-22 08:50:00,299.28
2026-02-22 09:00:00,501.475
2026-02-22 09:10:00,169.37
2026-02-22 09:20:00,264.61
2026-02-22 09:30:00,324.16
2026-02-22 09:40:00,260.01
2026-02-22 09:50:00,184.05
2026-02-22 10:00:00,337.3
2026-02-22 10:10:00,1087.122
2026-02-22 10:20:00,295.4
2026-02-22 10:30:00,226.55
2026-02-22 10:40:00,283.138
2026-02-22 10:50:00,165.2
2026-02-22 11:00:00,349.96
2026-02-22 11:10:00,242.3
2026-02-22 11:20:00,820.69
2026-02-22 11:30:00,926.2
2026-02-22 11:40:00,668.93
2026-02-22 11:50:00,486.088
2026-02-22 12:00:00,586.4
2026-02-22 12:10:00,298.29
2026-02-22 12:20:00,737.14
2026-02-22 12:30:00,709.08
2026-02-22 12:40:00,320.53
2026-02-22 12:50:00,454.067
2026-02-22 13:00:00,824.062
2026-02-22 13:10:00,351.475
2026-02-22 13:20:00,293.129
2026-02-22 13:30:00,311.889
2026-02-22 13:40:00,278.8
2026-02-22 13:50:00,475.36
2026-02-22 14:00:00,298.87
2026-02-22 14:10:00,351.62
2026-02-22 14:20:00,293.74
2026-02-22 14:30:00,362.25
2026-02-22 14:40:00,230.04
2026-02-22 14:50:00,457.8
2026-02-22 15:00:00,678.24
2026-02-22 15:10:00,331.17
2026-02-22 15:20:00,437.32
2026-02-22 15:30:00,392.97
2026-02-22 15:40:00,490.84
2026-02-22 15:50:00,228.83
2026-02-22 16:00:00,369.76
2026-02-22 16:10:00,257.63
2026-02-22 16:20:00,319.83
2026-02-22 16:30:00,300.238
2026-02-22 16:40:00,351.65
2026-02-22 16:50:00,350.1
2026-02-22 17:00:00,323.28
2026-02-22 17:10:00,318.85
2026-02-22 17:20:00,258.32
2026-02-22 17:30:00,329.82
2026-02-22 17:40:00,360.12
2026-02-22 17:50:00,363.83
2026-02-22 18:00:00,356.43
2026-02-22 18:10:00,494.38
2026-02-22 18:20:00,232.35
2026-02-22 18:30:00,355.56
2026-02-22 18:40:00,238.38
2026-02-22 18:50:00,374.111
2026-02-22 19:00:00,793.222
2026-02-22 19:10:00,754.2
2026-02-22 19:20:00,348.44
2026-02-22 19:30:00,546.167
2026-02-22 19:40:00,1197.289
2026-02-22 19:50:00,507.438
2026-02-22 20:00:00,397.47
2026-02-22 20:10:00,559.56
2026-02-22 20:20:00,506.88
2026-02-22 20:30:00,333.84
2026-02-22 20:40:00,367.35
2026-02-22 20:50:00,370.78
2026-02-22 21:00:00,617.23
2026-02-22 21:10:00,251.27
2026-02-22 21:20:00,398.61
2026-02-22 21:30:00,396.6
2026-02-22 21:40:00,458.188
2026-02-22 21:50:00,389.633
2026-02-22 22:00:00,702.21
2026-02-22 22:10:00,550.2
2026-02-22 22:20:00,330.38
2026-02-22 22:30:00,236.47
2026-02-22 22:40:00,269.03
2026-02-22 22:50:00,190.69
2026-02-22 23:00:00,337.92
2026-02-22 23:10:00,208.4
2026-02-22 23:20:00,251.23
2026-02-22 23:30:00,265.15
2026-02-22 23:40:00,195.28
2026-02-22 23:50:00,281.69
2026-02-23 00:00:00,209.38
2026-02-23 00:10:00,236.01
2026-02-23 00:20:00,249.01
2026-02-23 00:30:00,187.61
2026-02-23 00:40:00,279.63
2026-02-23 00:50:00,204.83
2026-02-23 01:00:00,235.99
2026-02-23 01:10:00,252.32
2026-02-23 01:20:00,259.8
2026-02-23 01:30:00,261.34
2026-02-23 01:40:00,207.72
2026-02-23 01:50:00,233.57
2026-02-23 02:00:00,351.37
2026-02-23 02:10:00,189.06
2026-02-23 02:20:00,266.82
2026-02-23 02:30:00,192.3
2026-02-23 02:40:00,246.54
2026-02-23 02:50:00,338.02
2026-02-23 03:00:00,551.1
2026-02-23 03:10:00,173.99
2026-02-23 03:20:00,270.07
2026-02-23 03:30:00,327.38
2026-02-23 03:40:00,204.64
2026-02-23 03:50:00,301.79
2026-02-23 04:00:00,235.68
2026-02-23 04:10:00,267.62
2026-02-23 04:20:00,218.76
2026-02-23 04:30:00,216.66
2026-02-23 04:40:00,254.567
2026-02-23 04:50:00,238.54
2026-02-23 05:00:00,260.26
2026-02-23 05:10:00,203.3
2026-02-23 05:20:00,230.2
2026-02-23 05:30:00,247.7
2026-02-23 05:40:00,188.5
2026-02-23 05:50:00,256.88
2026-02-23 06:00:00,324.45
2026-02-23 06:10:00,433.562
2026-02-23 06:20:00,229.41
2026-02-23 06:30:00,195.37
2026-02-23 06:40:00,358.97
2026-02-23 06:50:00,244.81
2026-02-23 07:00:00,277.6
2026-02-23 07:10:00,374.88
2026-02-23 07:20:00,415.08
2026-02-23 07:30:00,418.61
2026-02-23 07:40:00,287.6
2026-02-23 07:50:00,1048.32
2026-02-23 08:00:00,748.06
2026-02-23 08:10:00,494.99
2026-02-23 08:20:00,375.48
2026-02-23 08:30:00,260.24
2026-02-23 08:40:00,312.71
2026-02-23 08:50:00,422.43
2026-02-23 09:00:00,568.97
2026-02-23 09:10:00,217.9
2026-02-23 09:20:00,416.37
2026-02-23 09:30:00,324.18
2026-02-23 09:40:00,323.0
2026-02-23 09:50:00,183.17
2026-02-23 10:00:00,307.66
2026-02-23 10:10:00,219.18
2026-02-23 10:20:00,440.88
2026-02-23 10:30:00,241.46
2026-02-23 10:40:00,292.51
2026-02-23 10:50:00,269.33
2026-02-23 11:00:00,245.29
2026-02-23 11:10:00,539.39
2026-02-23 11:20:00,448.47
2026-02-23 11:30:00,338.286
2026-02-23 11:40:00,405.088
2026-02-23 11:50:00,279.44
2026-02-23 12:00:00,307.14
2026-02-23 12:10:00,197.98
2026-02-23 12:20:00,280.25
2026-02-23 12:30:00,360.35
2026-02-23 12:40:00,1166.16
2026-02-23 12:50:00,553.69
2026-02-23 13:00:00,273.112
2026-02-23 13:10:00,379.77
2026-02-23 13:20:00,784.686
2026-02-23 13:30:00,620.91
2026-02-23 13:40:00,255.81
2026-02-23 13:50:00,505.15
2026-02-23 14:00:00,271.28
2026-02-23 14:10:00,307.7
2026-02-23 14:20:00,368.2
2026-02-23 14:30:00,406.6
2026-02-23 14:40:00,271.9
2026-02-23 14:50:00,243.69
2026-02-23 15:00:00,724.66
2026-02-23 15:10:00,309.714
2026-02-23 15:20:00,464.32
2026-02-23 15:30:00,532.37
2026-02-23 15:40:00,372.01
2026-02-23 15:50:00,338.37
2026-02-23 16:00:00,400.56
2026-02-23 16:10:00,388.57
2026-02-23 16:20:00,210.87
2026-02-23 16:30:00,273.45
2026-02-23 16:40:00,244.13
2026-02-23 16:50:00,289.19
2026-02-23 17:00:00,331.16
2026-02-23 17:10:00,306.98
2026-02-23 17:20:00,344.86
2026-02-23 17:30:00,626.34
2026-02-23 17:40:00,1021.11
2026-02-23 17:50:00,345.433
2026-02-23 18:00:00,445.15
2026-02-23 18:10:00,318.167
2026-02-23 18:20:00,462.56
2026-02-23 18:30:00,442.29
2026-02-23 18:40:00,378.13
2026-02-23 18:50:00,1006.689
2026-02-23 19:00:00,315.0
2026-02-23 19:10:00,718.64
2026-02-23 19:20:00,353.38
2026-02-23 19:30:00,411.26
2026-02-23 19:40:00,397.16
2026-02-23 19:50:00,419.39
2026-02-23 20:00:00,487.475
2026-02-23 20:10:00,273.33
2026-02-23 20:20:00,502.4
2026-02-23 20:30:00,320.144
2026-02-23 20:40:00,543.07
2026-02-23 20:50:00,385.64
2026-02-23 21:00:00,839.53
2026-02-23 21:10:00,287.24
2026-02-23 21:20:00,335.12
2026-02-23 21:30:00,393.54
2026-02-23 21:40:00,386.667
2026-02-23 21:50:00,382.167
2026-02-23 22:00:00,470.97
2026-02-23 22:10:00,842.95
2026-02-23 22:20:00,226.48
2026-02-23 22:30:00,258.2
2026-02-23 22:40:00,261.43
2026-02-23 22:50:00,222.97
2026-02-23 23:00:00,302.33
2026-02-23 23:10:00,194.9
2026-02-23 23:20:00,323.756
2026-02-23 23:30:00,173.688
2026-02-23 23:40:00,309.19
2026-02-23 23:50:00,201.08
2026-02-24 00:00:00,371.112
2026-02-24 00:10:00,235.4
2026-02-24 00:20:00,249.83
2026-02-24 00:30:00,250.89
2026-02-24 00:40:00,249.4
2026-02-24 00:50:00,262.64
2026-02-24 01:00:00,203.73
2026-02-24 01:10:00,340.38
2026-02-24 01:20:00,185.43
2026-02-24 01:30:00,300.59
2026-02-24 01:40:00,174.46
2026-02-24 01:50:00,320.32
2026-02-24 02:00:00,170.68
2026-02-24 02:10:00,307.5
2026-02-24 02:20:00,254.112
2026-02-24 02:30:00,288.611
2026-02-24 02:40:00,188.033
2026-02-24 02:50:00,308.34
2026-02-24 03:00:00,579.75
2026-02-24 03:10:00,168.7
2026-02-24 03:20:00,330.92
2026-02-24 03:30:00,328.82
2026-02-24 03:40:00,323.32
2026-02-24 03:50:00,216.49
2026-02-24 04:00:00,279.1
2026-02-24 04:10:00,251.54
2026-02-24 04:20:00,233.86
2026-02-24 04:30:00,254.878
2026-02-24 04:40:00,201.56
2026-02-24 04:50:00,288.63
2026-02-24 05:00:00,186.29
2026-02-24 05:10:00,356.03
2026-02-24 05:20:00,172.99
2026-02-24 05:30:00,304.41
2026-02-24 05:40:00,275.0
2026-02-24 05:50:00,339.92
2026-02-24 06:00:00,237.69
2026-02-24 06:10:00,410.36
2026-02-24 06:20:00,271.26
2026-02-24 06:30:00,423.23
2026-02-24 06:40:00,216.79
2026-02-24 06:50:00,362.74
2026-02-24 07:00:00,335.08
2026-02-24 07:10:00,389.29
2026-02-24 07:20:00,203.61
2026-02-24 07:30:00,254.43
2026-02-24 07:40:00,209.52
2026-02-24 07:50:00,1009.87
2026-02-24 08:00:00,259.11
2026-02-24 08:10:00,227.989
2026-02-24 08:20:00,397.978
2026-02-24 08:30:00,241.475
2026-02-24 08:40:00,240.29
2026-02-24 08:50:00,205.87
2026-02-24 09:00:00,619.762
2026-02-24 09:10:00,426.15
2026-02-24 09:20:00,1009.83
2026-02-24 09:30:00,334.21
2026-02-24 09:40:00,319.65
2026-02-24 09:50:00,176.19
2026-02-24 10:00:00,282.0
2026-02-24 10:10:00,214.48
2026-02-24 10:20:00,302.65
2026-02-24 10:30:00,271.16
2026-02-24 10:40:00,377.48
2026-02-24 10:50:00,236.64
2026-02-24 11:00:00,208.96
2026-02-24 11:10:00,268.26
2026-02-24 11:20:00,209.5
2026-02-24 11:30:00,290.35
2026-02-24 11:40:00,223.8
2026-02-24 11:50:00,323.4
2026-02-24 12:00:00,203.32
2026-02-24 12:10:00,359.14
2026-02-24 12:20:00,242.15
2026-02-24 12:30:00,315.97
2026-02-24 12:40:00,323.47
2026-02-24 12:50:00,307.45
2026-02-24 13:00:00,314.044
2026-02-24 13:10:00,1007.011
2026-02-24 13:20:00,888.48
2026-02-24 13:30:00,468.467
2026-02-24 13:40:00,637.8
2026-02-24 13:50:00,742.98
2026-02-24 14:00:00,324.878
2026-02-24 14:10:00,321.488
2026-02-24 14:20:00,283.55
2026-02-24 14:30:00,302.79
2026-02-24 14:40:00,279.21
2026-02-24 14:50:00,205.488
2026-02-24 15:00:00,582.81
2026-02-24 15:10:00,168.012
2026-02-24 15:20:00,269.89
2026-02-24 15:30:00,327.85
2026-02-24 15:40:00,860.833
2026-02-24 15:50:00,547.43
2026-02-24 16:00:00,201.95
2026-02-24 16:10:00,678.3
2026-02-24 16:20:00,407.0
2026-02-24 16:30:00,449.444
2026-02-24 16:40:00,240.389
2026-02-24 16:50:00,421.16
2026-02-24 17:00:00,364.9
2026-02-24 17:10:00,373.333
2026-02-24 17:20:00,228.85
2026-02-24 17:30:00,346.378
2026-02-24 17:40:00,250.14
2026-02-24 17:50:00,208.79
2026-02-24 18:00:00,335.944
2026-02-24 18:10:00,271.99
2026-02-24 18:20:00,462.75
2026-02-24 18:30:00,309.19
2026-02-24 18:40:00,436.91
2026-02-24 18:50:00,1015.16
2026-02-24 19:00:00,784.66
2026-02-24 19:10:00,312.378
2026-02-24 19:20:00,425.93
2026-02-24 19:30:00,308.375
2026-02-24 19:40:00,584.12
2026-02-24 19:50:00,801.31
2026-02-24 20:00:00,634.25
2026-02-24 20:10:00,386.88
2026-02-24 20:20:00,472.76
2026-02-24 20:30:00,679.488
2026-02-24 20:40:00,612.58
2026-02-24 20:50:00,263.62
2026-02-24 21:00:00,1186.52
2026-02-24 21:10:00,417.24
2026-02-24 21:20:00,457.79
2026-02-24 21:30:00,401.97
2026-02-24 21:40:00,382.82
2026-02-24 21:50:00,220.3
2026-02-24 22:00:00,805.25
2026-02-24 22:10:00,235.39
2026-02-24 22:20:00,367.72
2026-02-24 22:30:00,325.6
2026-02-24 22:40:00,297.7
2026-02-24 22:50:00,184.9
2026-02-24 23:00:00,281.84
2026-02-24 23:10:00,184.14
2026-02-24 23:20:00,274.06
2026-02-24 23:30:00,183.44
2026-02-24 23:40:00,279.43
2026-02-24 23:50:00,183.89
2026-02-25 00:00:00,323.05
2026-02-25 00:10:00,186.03
2026-02-25 00:20:00,329.37
2026-02-25 00:30:00,183.82
2026-02-25 00:40:00,277.27
2026-02-25 00:50:00,236.68
2026-02-25 01:00:00,327.01
2026-02-25 01:10:00,187.03
2026-02-25 01:20:00,282.738
2026-02-25 01:30:00,172.32
2026-02-25 01:40:00,298.0
2026-02-25 01:50:00,173.28
2026-02-25 02:00:00,288.48
2026-02-25 02:10:00,173.85
2026-02-25 02:20:00,374.01
2026-02-25 02:30:00,170.54
2026-02-25 02:40:00,327.32
2026-02-25 02:50:00,171.77
2026-02-25 03:00:00,555.04
2026-02-25 03:10:00,173.27
2026-02-25 03:20:00,266.29
2026-02-25 03:30:00,354.13
2026-02-25 03:40:00,291.5
2026-02-25 03:50:00,185.5
2026-02-25 04:00:00,308.41
2026-02-25 04:10:00,174.83
2026-02-25 04:20:00,311.89
2026-02-25 04:30:00,174.011
2026-02-25 04:40:00,291.85
2026-02-25 04:50:00,168.07
2026-02-25 05:00:00,295.44
2026-02-25 05:10:00,290.51
2026-02-25 05:20:00,300.55
2026-02-25 05:30:00,236.11
2026-02-25 05:40:00,675.33
2026-02-25 05:50:00,441.14
2026-02-25 06:00:00,559.36
2026-02-25 06:10:00,230.78
2026-02-25 06:20:00,287.5
2026-02-25 06:30:00,165.82
2026-02-25 06:40:00,284.68
2026-02-25 06:50:00,162.79
2026-02-25 07:00:00,340.06
2026-02-25 07:10:00,299.97
2026-02-25 07:20:00,1510.844
2026-02-25 07:30:00,559.9
2026-02-25 07:40:00,323.238
2026-02-25 07:50:00,227.167
2026-02-25 08:00:00,592.9
2026-02-25 08:10:00,476.09
2026-02-25 08:20:00,342.25
2026-02-25 08:30:00,227.22
2026-02-25 08:40:00,352.97
2026-02-25 08:50:00,276.47
2026-02-25 09:00:00,1041.15
2026-02-25 09:10:00,724.57
2026-02-25 09:20:00,405.62
2026-02-25 09:30:00,385.63
2026-02-25 09:40:00,347.77
2026-02-25 09:50:00,346.25
2026-02-25 10:00:00,416.23
2026-02-25 10:10:00,193.04
2026-02-25 10:20:00,319.58
2026-02-25 10:30:00,258.05
2026-02-25 10:40:00,243.87
2026-02-25 10:50:00,368.36
2026-02-25 11:00:00,282.56
2026-02-25 11:10:00,412.13
2026-02-25 11:20:00,314.31
2026-02-25 11:30:00,281.13
2026-02-25 11:40:00,193.16
2026-02-25 11:50:00,352.5
2026-02-25 12:00:00,370.122
2026-02-25 12:10:00,323.54
2026-02-25 12:20:00,283.36
2026-02-25 12:30:00,1216.05
2026-02-25 12:40:00,1225.34
2026-02-25 12:50:00,314.3
2026-02-25 13:00:00,464.97
2026-02-25 13:10:00,343.45
2026-02-25 13:20:00,871.36
2026-02-25 13:30:00,436.74
2026-02-25 13:40:00,378.88
2026-02-25 13:50:00,256.01
2026-02-25 14:00:00,546.83
2026-02-25 14:10:00,423.12
2026-02-25 14:20:00,331.22
2026-02-25 14:30:00,537.19
2026-02-25 14:40:00,403.83
2026-02-25 14:50:00,235.9
2026-02-25 15:00:00,653.6
2026-02-25 15:10:00,181.33
2026-02-25 15:20:00,301.75
2026-02-25 15:30:00,372.12
2026-02-25 15:40:00,373.43
2026-02-25 15:50:00,181.46
2026-02-25 16:00:00,340.09
2026-02-25 16:10:00,265.19
2026-02-25 16:20:00,294.51
2026-02-25 16:30:00,245.48
2026-02-25 16:40:00,231.5
2026-02-25 16:50:00,256.51
2026-02-25 17:00:00,196.98
2026-02-25 17:10:00,274.63
2026-02-25 17:20:00,180.1
2026-02-25 17:30:00,331.22
2026-02-25 17:40:00,165.64
2026-02-25 17:50:00,300.84
2026-02-25 18:00:00,164.88
2026-02-25 18:10:00,861.8
2026-02-25 18:20:00,1380.92
2026-02-25 18:30:00,1176.9
2026-02-25 18:40:00,1039.37
2026-02-25 18:50:00,1932.83
2026-02-25 19:00:00,1616.61
2026-02-25 19:10:00,1227.6
2026-02-25 19:20:00,1283.1
2026-02-25 19:30:00,1269.15
2026-02-25 19:40:00,1420.9
2026-02-25 19:50:00,1393.86
2026-02-25 20:00:00,1342.98
2026-02-25 20:10:00,1256.88
2026-02-25 20:20:00,1456.76
2026-02-25 20:30:00,1258.66
2026-02-25 20:40:00,1352.86
2026-02-25 20:50:00,1165.65
2026-02-25 21:00:00,1556.68
2026-02-25 21:10:00,1196.96
2026-02-25 21:20:00,1221.47
2026-02-25 21:30:00,1494.65
2026-02-25 21:40:00,1275.86
2026-02-25 21:50:00,267.77
2026-02-25 22:00:00,373.57
2026-02-25 22:10:00,284.36
2026-02-25 22:20:00,323.14
2026-02-25 22:30:00,341.23
2026-02-25 22:40:00,317.84
2026-02-25 22:50:00,304.344
2026-02-25 23:00:00,298.56
2026-02-25 23:10:00,311.88
2026-02-25 23:20:00,375.078
2026-02-25 23:30:00,571.16
2026-02-25 23:40:00,287.34
2026-02-25 23:50:00,264.36
2026-02-26 00:00:00,208.26
2026-02-26 00:10:00,313.68
2026-02-26 00:20:00,191.16
2026-02-26 00:30:00,277.66
2026-02-26 00:40:00,190.27
2026-02-26 00:50:00,295.6
2026-02-26 01:00:00,175.66
2026-02-26 01:10:00,348.67
2026-02-26 01:20:00,171.94
2026-02-26 01:30:00,293.77
2026-02-26 01:40:00,174.7
2026-02-26 01:50:00,297.25
2026-02-26 02:00:00,172.25
2026-02-26 02:10:00,294.53
2026-02-26 02:20:00,198.06
2026-02-26 02:30:00,294.12
2026-02-26 02:40:00,223.83
2026-02-26 02:50:00,277.91
2026-02-26 03:00:00,598.71
2026-02-26 03:10:00,220.1
2026-02-26 03:20:00,248.89
2026-02-26 03:30:00,327.233
2026-02-26 03:40:00,265.07
2026-02-26 03:50:00,201.72
2026-02-26 04:00:00,296.67
2026-02-26 04:10:00,226.25
2026-02-26 04:20:00,309.77
2026-02-26 04:30:00,222.57
2026-02-26 04:40:00,293.41
2026-02-26 04:50:00,169.07
2026-02-26 05:00:00,277.7
2026-02-26 05:10:00,188.02
2026-02-26 05:20:00,260.73
2026-02-26 05:30:00,250.23
2026-02-26 05:40:00,1378.76
2026-02-26 05:50:00,215.18
2026-02-26 06:00:00,284.43
2026-02-26 06:10:00,349.53
2026-02-26 06:20:00,272.53
2026-02-26 06:30:00,225.75
2026-02-26 06:40:00,212.29
2026-02-26 06:50:00,356.61
2026-02-26 07:00:00,194.47
2026-02-26 07:10:00,446.28
2026-02-26 07:20:00,1106.05
2026-02-26 07:30:00,974.01
2026-02-26 07:40:00,208.52
2026-02-26 07:50:00,285.1
2026-02-26 08:00:00,242.0
2026-02-26 08:10:00,606.32
2026-02-26 08:20:00,227.98
2026-02-26 08:30:00,442.48
2026-02-26 08:40:00,165.2
2026-02-26 08:50:00,282.77
2026-02-26 09:00:00,633.278
2026-02-26 09:10:00,165.39
2026-02-26 09:20:00,245.42
2026-02-26 09:30:00,435.656
2026-02-26 09:40:00,318.122
2026-02-26 09:50:00,317.96
2026-02-26 10:00:00,517.967
2026-02-26 10:10:00,207.475
2026-02-26 10:20:00,374.95
2026-02-26 10:30:00,246.944
2026-02-26 10:40:00,229.69
2026-02-26 10:50:00,270.3
2026-02-26 11:00:00,194.29
2026-02-26 11:10:00,287.88
2026-02-26 11:20:00,338.82
2026-02-26 11:30:00,353.6
2026-02-26 11:40:00,271.5
2026-02-26 11:50:00,425.09
2026-02-26 12:00:00,256.633
2026-02-26 12:10:00,363.22
2026-02-26 12:20:00,794.69
2026-02-26 12:30:00,1714.99
2026-02-26 12:40:00,962.14
2026-02-26 12:50:00,331.45
2026-02-26 13:00:00,373.46
2026-02-26 13:10:00,328.19
2026-02-26 13:20:00,329.567
2026-02-26 13:30:00,464.98
2026-02-26 13:40:00,338.93
2026-02-26 13:50:00,261.69
2026-02-26 14:00:00,350.9
2026-02-26 14:10:00,452.97
2026-02-26 14:20:00,950.55
2026-02-26 14:30:00,527.56
2026-02-26 14:40:00,691.03
2026-02-26 14:50:00,664.35
2026-02-26 15:00:00,938.578
2026-02-26 15:10:00,229.12
2026-02-26 15:20:00,283.462
2026-02-26 15:30:00,339.81
2026-02-26 15:40:00,342.89
2026-02-26 15:50:00,273.24
2026-02-26 16:00:00,340.85
2026-02-26 16:10:00,348.567
2026-02-26 16:20:00,198.36
2026-02-26 16:30:00,300.68
2026-02-26 16:40:00,372.46
2026-02-26 16:50:00,315.511
2026-02-26 17:00:00,163.544
2026-02-26 17:10:00,304.011
2026-02-26 17:20:00,165.93
2026-02-26 17:30:00,285.467
2026-02-26 17:40:00,236.57
2026-02-26 17:50:00,271.27
2026-02-26 18:00:00,192.75
2026-02-26 18:10:00,277.38
2026-02-26 18:20:00,204.212
2026-02-26 18:30:00,237.35
2026-02-26 18:40:00,208.59
2026-02-26 18:50:00,252.82
2026-02-26 19:00:00,284.59
2026-02-26 19:10:00,883.62
2026-02-26 19:20:00,497.644
2026-02-26 19:30:00,324.54
2026-02-26 19:40:00,305.29
2026-02-26 19:50:00,259.15
2026-02-26 20:00:00,425.84
2026-02-26 20:10:00,323.24
2026-02-26 20:20:00,433.11
2026-02-26 20:30:00,549.17
2026-02-26 20:40:00,312.13
2026-02-26 20:50:00,362.044
2026-02-26 21:00:00,692.22
2026-02-26 21:10:00,353.45
2026-02-26 21:20:00,333.31
2026-02-26 21:30:00,462.73
2026-02-26 21:40:00,469.23
2026-02-26 21:50:00,350.225
2026-02-26 22:00:00,373.729
2026-02-26 22:10:00,259.16
2026-02-26 22:20:00,733.578
2026-02-26 22:30:00,243.178
2026-02-26 22:40:00,265.862
2026-02-26 22:50:00,260.44
2026-02-26 23:00:00,249.68
2026-02-26 23:10:00,257.167
2026-02-26 23:20:00,234.022
2026-02-26 23:30:00,272.36
2026-02-26 23:40:00,217.111
2026-02-26 23:50:00,269.95
2026-02-27 00:00:00,210.55
2026-02-27 00:10:00,267.389
2026-02-27 00:20:00,210.61
2026-02-27 00:30:00,277.68
2026-02-27 00:40:00,210.42
2026-02-27 00:50:00,278.91
2026-02-27 01:00:00,188.4
2026-02-27 01:10:00,330.57
2026-02-27 01:20:00,186.96
2026-02-27 01:30:00,267.522
2026-02-27 01:40:00,206.39
2026-02-27 01:50:00,310.06
2026-02-27 02:00:00,201.12
2026-02-27 02:10:00,262.38
2026-02-27 02:20:00,203.52
2026-02-27 02:30:00,257.94
2026-02-27 02:40:00,263.733
2026-02-27 02:50:00,256.53
2026-02-27 03:00:00,592.92
2026-02-27 03:10:00,174.61
2026-02-27 03:20:00,254.39
2026-02-27 03:30:00,395.112
2026-02-27 03:40:00,310.24
2026-02-27 03:50:00,188.89
2026-02-27 04:00:00,322.55
2026-02-27 04:10:00,174.35
2026-02-27 04:20:00,310.69
2026-02-27 04:30:00,238.36
2026-02-27 04:40:00,394.02
2026-02-27 04:50:00,183.38
2026-02-27 05:00:00,273.18
2026-02-27 05:10:00,187.43
2026-02-27 05:20:00,275.12
2026-02-27 05:30:00,189.633
2026-02-27 05:40:00,1110.14
2026-02-27 05:50:00,223.65
2026-02-27 06:00:00,557.589
2026-02-27 06:10:00,238.41
2026-02-27 06:20:00,320.788
2026-02-27 06:30:00,749.85
2026-02-27 06:40:00,926.35
2026-02-27 06:50:00,186.41
2026-02-27 07:00:00,291.99
2026-02-27 07:10:00,338.89
2026-02-27 07:20:00,360.78
2026-02-27 07:30:00,249.838
2026-02-27 07:40:00,445.38
2026-02-27 07:50:00,313.81
2026-02-27 08:00:00,272.038
2026-02-27 08:10:00,166.21
2026-02-27 08:20:00,281.14
2026-02-27 08:30:00,163.03
2026-02-27 08:40:00,282.85
2026-02-27 08:50:00,161.925
2026-02-27 09:00:00,568.52
2026-02-27 09:10:00,169.43
2026-02-27 09:20:00,339.43
2026-02-27 09:30:00,373.97
2026-02-27 09:40:00,319.98
2026-02-27 09:50:00,164.85
2026-02-27 10:00:00,302.34
2026-02-27 10:10:00,177.667
2026-02-27 10:20:00,284.322
2026-02-27 10:30:00,196.25
2026-02-27 10:40:00,277.925
2026-02-27 10:50:00,285.55
2026-02-27 11:00:00,259.425
2026-02-27 11:10:00,211.32
2026-02-27 11:20:00,239.76
2026-02-27 11:30:00,227.2
2026-02-27 11:40:00,228.48
2026-02-27 11:50:00,201.65
2026-02-27 12:00:00,231.87
2026-02-27 12:10:00,235.4
2026-02-27 12:20:00,211.37
2026-02-27 12:30:00,240.93
2026-02-27 12:40:00,214.66
2026-02-27 12:50:00,295.19
2026-02-27 13:00:00,321.933
2026-02-27 13:10:00,427.24
2026-02-27 13:20:00,360.29
2026-02-27 13:30:00,319.99
2026-02-27 13:40:00,480.99
2026-02-27 13:50:00,406.61
2026-02-27 14:00:00,340.94
2026-02-27 14:10:00,273.343
2026-02-27 14:20:00,290.89
2026-02-27 14:30:00,305.04
2026-02-27 14:40:00,307.812
2026-02-27 14:50:00,302.16
2026-02-27 15:00:00,643.01
2026-02-27 15:10:00,229.15
2026-02-27 15:20:00,329.825
2026-02-27 15:30:00,382.444
2026-02-27 15:40:00,380.378
2026-02-27 15:50:00,289.24
2026-02-27 16:00:00,359.889
2026-02-27 16:10:00,279.67
2026-02-27 16:20:00,260.91
2026-02-27 16:30:00,219.575
2026-02-27 16:40:00,347.56
2026-02-27 16:50:00,225.27
2026-02-27 17:00:00,202.45
2026-02-27 17:10:00,256.25
2026-02-27 17:20:00,386.07
2026-02-27 17:30:00,818.975
2026-02-27 17:40:00,516.289
2026-02-27 17:50:00,476.362
2026-02-27 18:00:00,206.65
2026-02-27 18:10:00,293.38
2026-02-27 18:20:00,1178.39
2026-02-27 18:30:00,585.867
2026-02-27 18:40:00,287.99
2026-02-27 18:50:00,794.2
2026-02-27 19:00:00,298.067
2026-02-27 19:10:00,608.97
2026-02-27 19:20:00,442.73
2026-02-27 19:30:00,758.79
2026-02-27 19:40:00,387.86
2026-02-27 19:50:00,703.14
2026-02-27 20:00:00,296.4
2026-02-27 20:10:00,303.5
2026-02-27 20:20:00,288.96
2026-02-27 20:30:00,346.93
2026-02-27 20:40:00,317.967
2026-02-27 20:50:00,397.556
2026-02-27 21:00:00,593.89
2026-02-27 21:10:00,172.23
2026-02-27 21:20:00,215.986
2026-02-27 21:30:00,392.1
2026-02-27 21:40:00,328.825
2026-02-27 21:50:00,223.111
2026-02-27 22:00:00,324.75
2026-02-27 22:10:00,341.82
2026-02-27 22:20:00,248.37
2026-02-27 22:30:00,231.43
2026-02-27 22:40:00,271.75
2026-02-27 22:50:00,282.62
2026-02-27 23:00:00,245.812
2026-02-27 23:10:00,261.1
2026-02-27 23:20:00,245.38
2026-02-27 23:30:00,251.76
2026-02-27 23:40:00,246.9
2026-02-27 23:50:00,252.725
2026-02-28 00:00:00,244.03
2026-02-28 00:10:00,241.22
2026-02-28 00:20:00,246.122
2026-02-28 00:30:00,287.16
2026-02-28 00:40:00,335.49
2026-02-28 00:50:00,238.478
2026-02-28 01:00:00,224.867
2026-02-28 01:10:00,233.24
2026-02-28 01:20:00,241.178
2026-02-28 01:30:00,219.13
2026-02-28 01:40:00,251.41
2026-02-28 01:50:00,218.08
2026-02-28 02:00:00,246.83
2026-02-28 02:10:00,203.06
2026-02-28 02:20:00,264.35
2026-02-28 02:30:00,201.47
2026-02-28 02:40:00,311.61
2026-02-28 02:50:00,189.98
2026-02-28 03:00:00,607.32
2026-02-28 03:10:00,177.14
2026-02-28 03:20:00,249.97
2026-02-28 03:30:00,329.7
2026-02-28 03:40:00,310.34
2026-02-28 03:50:00,191.98
2026-02-28 04:00:00,315.12
2026-02-28 04:10:00,179.171
2026-02-28 04:20:00,309.156
2026-02-28 04:30:00,173.03
2026-02-28 04:40:00,361.811
2026-02-28 04:50:00,171.73
2026-02-28 05:00:00,360.35
2026-02-28 05:10:00,250.77
2026-02-28 05:20:00,290.03
2026-02-28 05:30:00,176.88
2026-02-28 05:40:00,397.72
2026-02-28 05:50:00,171.53
2026-02-28 06:00:00,282.8
2026-02-28 06:10:00,170.66
2026-02-28 06:20:00,391.7
2026-02-28 06:30:00,670.73
2026-02-28 06:40:00,685.99
2026-02-28 06:50:00,164.44
2026-02-28 07:00:00,285.41
2026-02-28 07:10:00,666.51
2026-02-28 07:20:00,983.47
2026-02-28 07:30:00,213.5
2026-02-28 07:40:00,267.27
2026-02-28 07:50:00,166.77
2026-02-28 08:00:00,268.75
2026-02-28 08:10:00,475.18
2026-02-28 08:20:00,371.61
2026-02-28 08:30:00,423.5
2026-02-28 08:40:00,1286.55
2026-02-28 08:50:00,567.7
2026-02-28 09:00:00,781.35
2026-02-28 09:10:00,471.04
2026-02-28 09:20:00,341.11
2026-02-28 09:30:00,525.83
2026-02-28 09:40:00,324.01
2026-02-28 09:50:00,328.92
2026-02-28 10:00:00,432.59
2026-02-28 10:10:00,309.99
2026-02-28 10:20:00,390.5
2026-02-28 10:30:00,287.562
2026-02-28 10:40:00,247.48
2026-02-28 10:50:00,229.62
2026-02-28 11:00:00,401.35
2026-02-28 11:10:00,402.99
2026-02-28 11:20:00,468.86
2026-02-28 11:30:00,259.371
2026-02-28 11:40:00,200.03
2026-02-28 11:50:00,1039.06
2026-02-28 12:00:00,686.54
2026-02-28 12:10:00,358.96
2026-02-28 12:20:00,168.986
2026-02-28 12:30:00,402.288
2026-02-28 12:40:00,353.267
2026-02-28 12:50:00,300.8
2026-02-28 13:00:00,195.84
2026-02-28 13:10:00,304.51
2026-02-28 13:20:00,309.211
2026-02-28 13:30:00,504.91
2026-02-28 13:40:00,221.84
2026-02-28 13:50:00,328.08
2026-02-28 14:00:00,262.93
2026-02-28 14:10:00,388.41
2026-02-28 14:20:00,274.057
2026-02-28 14:30:00,323.6
2026-02-28 14:40:00,340.588
2026-02-28 14:50:00,311.72
2026-02-28 15:00:00,743.2
2026-02-28 15:10:00,228.622
2026-02-28 15:20:00,252.59
2026-02-28 15:30:00,331.88
2026-02-28 15:40:00,328.175
2026-02-28 15:50:00,341.367
2026-02-28 16:00:00,363.46
2026-02-28 16:10:00,265.733
2026-02-28 16:20:00,433.76
2026-02-28 16:30:00,714.01
2026-02-28 16:40:00,479.75
2026-02-28 16:50:00,384.55
2026-02-28 17:00:00,249.738
2026-02-28 17:10:00,363.188
2026-02-28 17:20:00,234.162
2026-02-28 17:30:00,424.722
2026-02-28 17:40:00,234.575
2026-02-28 17:50:00,350.611
2026-02-28 18:00:00,225.45
2026-02-28 18:10:00,454.25
2026-02-28 18:20:00,406.99
2026-02-28 18:30:00,1264.31
2026-02-28 18:40:00,320.64
2026-02-28 18:50:00,437.16
2026-02-28 19:00:00,388.4
2026-02-28 19:10:00,371.33
2026-02-28 19:20:00,328.52
2026-02-28 19:30:00,390.76
2026-02-28 19:40:00,262.988
2026-02-28 19:50:00,493.14
2026-02-28 20:00:00,506.72
2026-02-28 20:10:00,498.75
2026-02-28 20:20:00,423.6
2026-02-28 20:30:00,442.6
2026-02-28 20:40:00,268.99
2026-02-28 20:50:00,430.367
2026-02-28 21:00:00,687.9
2026-02-28 21:10:00,259.81
2026-02-28 21:20:00,355.812
2026-02-28 21:30:00,411.21
2026-02-28 21:40:00,400.044
2026-02-28 21:50:00,257.92
2026-02-28 22:00:00,434.39
2026-02-28 22:10:00,487.44
2026-02-28 22:20:00,464.24
2026-02-28 22:30:00,229.58
2026-02-28 22:40:00,277.74
2026-02-28 22:50:00,228.02
2026-02-28 23:00:00,271.644
2026-02-28 23:10:00,236.433
2026-02-28 23:20:00,256.03
2026-02-28 23:30:00,230.289
2026-02-28 23:40:00,326.963
2026-02-28 23:50:00,237.8
2026-03-01 00:00:00,260.33
2026-03-01 00:10:00,240.45
2026-03-01 00:20:00,259.02
2026-03-01 00:30:00,237.56
2026-03-01 00:40:00,266.678
2026-03-01 00:50:00,236.89
2026-03-01 01:00:00,300.18
2026-03-01 01:10:00,220.55
2026-03-01 01:20:00,257.556
2026-03-01 01:30:00,225.644
2026-03-01 01:40:00,266.925
2026-03-01 01:50:00,224.611
2026-03-01 02:00:00,248.83
2026-03-01 02:10:00,272.13
2026-03-01 02:20:00,317.7
2026-03-01 02:30:00,207.54
2026-03-01 02:40:00,263.0
2026-03-01 02:50:00,201.2
2026-03-01 03:00:00,603.0
2026-03-01 03:10:00,175.36
2026-03-01 03:20:00,356.45
2026-03-01 03:30:00,384.57
2026-03-01 03:40:00,328.86
2026-03-01 03:50:00,176.43
2026-03-01 04:00:00,310.94
2026-03-01 04:10:00,191.17
2026-03-01 04:20:00,287.65
2026-03-01 04:30:00,203.41
2026-03-01 04:40:00,284.14
2026-03-01 04:50:00,206.556
2026-03-01 05:00:00,262.24
2026-03-01 05:10:00,206.18
2026-03-01 05:20:00,268.1
2026-03-01 05:30:00,267.46
2026-03-01 05:40:00,315.82
2026-03-01 05:50:00,218.55
2026-03-01 06:00:00,271.04
2026-03-01 06:10:00,289.09
2026-03-01 06:20:00,306.22
2026-03-01 06:30:00,263.85
2026-03-01 06:40:00,342.92
2026-03-01 06:50:00,414.03
2026-03-01 07:00:00,255.94
2026-03-01 07:10:00,214.86
2026-03-01 07:20:00,253.878
2026-03-01 07:30:00,270.6
2026-03-01 07:40:00,235.8
2026-03-01 07:50:00,209.45
2026-03-01 08:00:00,229.689
2026-03-01 08:10:00,314.76
2026-03-01 08:20:00,342.63
2026-03-01 08:30:00,211.69
2026-03-01 08:40:00,645.93
2026-03-01 08:50:00,546.767
2026-03-01 09:00:00,905.14
2026-03-01 09:10:00,165.36
2026-03-01 09:20:00,247.84
2026-03-01 09:30:00,368.56
2026-03-01 09:40:00,355.844
2026-03-01 09:50:00,265.1
2026-03-01 10:00:00,450.69
2026-03-01 10:10:00,1049.84
2026-03-01 10:20:00,694.88
2026-03-01 10:30:00,394.78
2026-03-01 10:40:00,263.59
2026-03-01 10:50:00,719.54
2026-03-01 11:00:00,495.9
2026-03-01 11:10:00,392.32
2026-03-01 11:20:00,525.422
2026-03-01 11:30:00,293.28
2026-03-01 11:40:00,288.35
2026-03-01 11:50:00,291.35
2026-03-01 12:00:00,265.7
2026-03-01 12:10:00,433.41
2026-03-01 12:20:00,268.95
2026-03-01 12:30:00,524.07
2026-03-01 12:40:00,418.86
2026-03-01 12:50:00,413.17
2026-03-01 13:00:00,448.0
2026-03-01 13:10:00,470.06
2026-03-01 13:20:00,547.59
2026-03-01 13:30:00,327.7
2026-03-01 13:40:00,378.91
2026-03-01 13:50:00,328.08
2026-03-01 14:00:00,333.3
2026-03-01 14:10:00,548.58
2026-03-01 14:20:00,1113.74
2026-03-01 14:30:00,1034.15
2026-03-01 14:40:00,280.53
2026-03-01 14:50:00,384.27
2026-03-01 15:00:00,789.21
2026-03-01 15:10:00,376.08
2026-03-01 15:20:00,463.98
2026-03-01 15:30:00,648.475
2026-03-01 15:40:00,390.01
2026-03-01 15:50:00,384.667
2026-03-01 16:00:00,388.311
2026-03-01 16:10:00,382.9
2026-03-01 16:20:00,384.42
2026-03-01 16:30:00,362.42
2026-03-01 16:40:00,635.18
2026-03-01 16:50:00,380.2
2026-03-01 17:00:00,290.06
2026-03-01 17:10:00,434.744
2026-03-01 17:20:00,417.51
2026-03-01 17:30:00,368.69
2026-03-01 17:40:00,385.91
2026-03-01 17:50:00,304.76
2026-03-01 18:00:00,428.67
2026-03-01 18:10:00,320.544
2026-03-01 18:20:00,379.45
2026-03-01 18:30:00,292.8
2026-03-01 18:40:00,420.97
2026-03-01 18:50:00,1042.38
2026-03-01 19:00:00,826.711
2026-03-01 19:10:00,494.756
2026-03-01 19:20:00,496.31
2026-03-01 19:30:00,957.8
2026-03-01 19:40:00,845.78
2026-03-01 19:50:00,521.756
2026-03-01 20:00:00,447.83
2026-03-01 20:10:00,414.54
2026-03-01 20:20:00,366.41
2026-03-01 20:30:00,479.256
2026-03-01 20:40:00,299.889
2026-03-01 20:50:00,369.85
2026-03-01 21:00:00,851.63
2026-03-01 21:10:00,319.244
2026-03-01 21:20:00,321.612
2026-03-01 21:30:00,398.79
2026-03-01 21:40:00,458.8
2026-03-01 21:50:00,542.65
2026-03-01 22:00:00,376.61
2026-03-01 22:10:00,281.75
2026-03-01 22:20:00,241.922
2026-03-01 22:30:00,357.36
2026-03-01 22:40:00,409.68
2026-03-01 22:50:00,329.033
2026-03-01 23:00:00,273.12
2026-03-01 23:10:00,320.18
2026-03-01 23:20:00,237.467
2026-03-01 23:30:00,316.01
2026-03-01 23:40:00,245.69
2026-03-01 23:50:00,290.3
2026-03-02 00:00:00,306.01
2026-03-02 00:10:00,272.33
2026-03-02 00:20:00,257.41
2026-03-02 00:30:00,273.4
2026-03-02 00:40:00,259.34
2026-03-02 00:50:00,249.82
2026-03-02 01:00:00,298.81
2026-03-02 01:10:00,349.03
2026-03-02 01:20:00,250.05
2026-03-02 01:30:00,230.788
2026-03-02 01:40:00,247.32
2026-03-02 01:50:00,245.86
2026-03-02 02:00:00,246.61
2026-03-02 02:10:00,264.21
2026-03-02 02:20:00,233.12
2026-03-02 02:30:00,318.35
2026-03-02 02:40:00,234.26
2026-03-02 02:50:00,296.69
2026-03-02 03:00:00,643.2
2026-03-02 03:10:00,174.533
2026-03-02 03:20:00,256.32
2026-03-02 03:30:00,329.56
2026-03-02 03:40:00,327.19
2026-03-02 03:50:00,263.52
2026-03-02 04:00:00,257.314
2026-03-02 04:10:00,273.038
2026-03-02 04:20:00,221.06
2026-03-02 04:30:00,343.73
2026-03-02 04:40:00,253.81
2026-03-02 04:50:00,338.02
2026-03-02 05:00:00,206.2
2026-03-02 05:10:00,344.75
2026-03-02 05:20:00,204.3
2026-03-02 05:30:00,327.65
2026-03-02 05:40:00,266.53
2026-03-02 05:50:00,360.3
2026-03-02 06:00:00,441.94
2026-03-02 06:10:00,407.83
2026-03-02 06:20:00,367.522
2026-03-02 06:30:00,401.89
2026-03-02 06:40:00,269.11
2026-03-02 06:50:00,436.55
2026-03-02 07:00:00,391.133
2026-03-02 07:10:00,310.76
2026-03-02 07:20:00,224.778
2026-03-02 07:30:00,385.26
2026-03-02 07:40:00,216.92
2026-03-02 07:50:00,351.13
2026-03-02 08:00:00,289.17
2026-03-02 08:10:00,272.62
2026-03-02 08:20:00,269.93
2026-03-02 08:30:00,344.72
2026-03-02 08:40:00,406.17
2026-03-02 08:50:00,208.78
2026-03-02 09:00:00,617.588
2026-03-02 09:10:00,193.57
2026-03-02 09:20:00,275.456
2026-03-02 09:30:00,348.12
2026-03-02 09:40:00,341.1
2026-03-02 09:50:00,335.04
2026-03-02 10:00:00,279.6
2026-03-02 10:10:00,254.7
2026-03-02 10:20:00,318.588
2026-03-02 10:30:00,197.75
2026-03-02 10:40:00,336.18
2026-03-02 10:50:00,215.911
2026-03-02 11:00:00,301.45
2026-03-02 11:10:00,253.088
2026-03-02 11:20:00,277.14
2026-03-02 11:30:00,263.678
2026-03-02 11:40:00,232.19
2026-03-02 11:50:00,304.144
2026-03-02 12:00:00,201.3
2026-03-02 12:10:00,392.333
2026-03-02 12:20:00,184.5
2026-03-02 12:30:00,339.64
2026-03-02 12:40:00,220.922
2026-03-02 12:50:00,308.4
2026-03-02 13:00:00,1140.18
2026-03-02 13:10:00,561.244
2026-03-02 13:20:00,601.011
2026-03-02 13:30:00,272.61
2026-03-02 13:40:00,370.333
2026-03-02 13:50:00,295.838
2026-03-02 14:00:00,464.92
2026-03-02 14:10:00,342.26
2026-03-02 14:20:00,230.79
2026-03-02 14:30:00,321.15
2026-03-02 14:40:00,201.86
2026-03-02 14:50:00,391.58
2026-03-02 15:00:00,690.82
2026-03-02 15:10:00,180.75
2026-03-02 15:20:00,274.68
2026-03-02 15:30:00,386.812
2026-03-02 15:40:00,341.91
2026-03-02 15:50:00,1404.788
2026-03-02 16:00:00,232.2
2026-03-02 16:10:00,358.93
2026-03-02 16:20:00,473.34
2026-03-02 16:30:00,349.05
2026-03-02 16:40:00,308.91
2026-03-02 16:50:00,195.65
2026-03-02 17:00:00,437.53
2026-03-02 17:10:00,192.27
2026-03-02 17:20:00,357.867
2026-03-02 17:30:00,211.91
2026-03-02 17:40:00,491.42
2026-03-02 17:50:00,264.729
2026-03-02 18:00:00,306.33
2026-03-02 18:10:00,418.04
2026-03-02 18:20:00,274.39
2026-03-02 18:30:00,405.61
2026-03-02 18:40:00,257.7
2026-03-02 18:50:00,458.27
2026-03-02 19:00:00,519.14
2026-03-02 19:10:00,365.12
2026-03-02 19:20:00,464.762
2026-03-02 19:30:00,450.35
2026-03-02 19:40:00,444.62
2026-03-02 19:50:00,498.88
2026-03-02 20:00:00,397.644
2026-03-02 20:10:00,1129.38
2026-03-02 20:20:00,649.1
2026-03-02 20:30:00,380.85
2026-03-02 20:40:00,331.63
2026-03-02 20:50:00,398.39
2026-03-02 21:00:00,964.16
2026-03-02 21:10:00,444.63
2026-03-02 21:20:00,400.162
2026-03-02 21:30:00,551.675
2026-03-02 21:40:00,642.69
2026-03-02 21:50:00,333.22
2026-03-02 22:00:00,333.87
2026-03-02 22:10:00,209.64
2026-03-02 22:20:00,369.65
2026-03-02 22:30:00,488.312
2026-03-02 22:40:00,190.9
2026-03-02 22:50:00,325.17
2026-03-02 23:00:00,216.53
2026-03-02 23:10:00,263.46
2026-03-02 23:20:00,336.67
2026-03-02 23:30:00,212.15
2026-03-02 23:40:00,385.64
2026-03-02 23:50:00,193.98
2026-03-03 00:00:00,299.23
2026-03-03 00:10:00,241.21
2026-03-03 00:20:00,259.34
2026-03-03 00:30:00,287.12
2026-03-03 00:40:00,261.05
2026-03-03 00:50:00,326.29
2026-03-03 01:00:00,172.8
2026-03-03 01:10:00,315.27
2026-03-03 01:20:00,226.156
2026-03-03 01:30:00,316.75
2026-03-03 01:40:00,251.49
2026-03-03 01:50:00,283.66
2026-03-03 02:00:00,277.13
2026-03-03 02:10:00,300.01
2026-03-03 02:20:00,326.32
2026-03-03 02:30:00,172.456
2026-03-03 02:40:00,309.57
2026-03-03 02:50:00,200.05
2026-03-03 03:00:00,606.89
2026-03-03 03:10:00,175.65
2026-03-03 03:20:00,258.9
2026-03-03 03:30:00,332.4
2026-03-03 03:40:00,368.39
2026-03-03 03:50:00,400.143
2026-03-03 04:00:00,202.77
2026-03-03 04:10:00,300.56
2026-03-03 04:20:00,311.49
2026-03-03 04:30:00,215.58
2026-03-03 04:40:00,309.11
2026-03-03 04:50:00,173.4
2026-03-03 05:00:00,323.13
2026-03-03 05:10:00,203.18
2026-03-03 05:20:00,280.29
2026-03-03 05:30:00,279.67
2026-03-03 05:40:00,855.31
2026-03-03 05:50:00,497.36
2026-03-03 06:00:00,926.74
2026-03-03 06:10:00,310.611
2026-03-03 06:20:00,224.94
2026-03-03 06:30:00,469.88
2026-03-03 06:40:00,232.94
2026-03-03 06:50:00,277.54
2026-03-03 07:00:00,232.86
2026-03-03 07:10:00,245.47
2026-03-03 07:20:00,254.96
2026-03-03 07:30:00,477.72
2026-03-03 07:40:00,464.14
2026-03-03 07:50:00,419.17
2026-03-03 08:00:00,615.14
2026-03-03 08:10:00,325.24
2026-03-03 08:20:00,325.14
2026-03-03 08:30:00,759.92
2026-03-03 08:40:00,365.69
2026-03-03 08:50:00,268.67
2026-03-03 09:00:00,682.15
2026-03-03 09:10:00,162.69
2026-03-03 09:20:00,304.02
2026-03-03 09:30:00,377.72
2026-03-03 09:40:00,427.13
2026-03-03 09:50:00,672.19
2026-03-03 10:00:00,373.867
2026-03-03 10:10:00,623.65
2026-03-03 10:20:00,423.7
2026-03-03 10:30:00,215.29
2026-03-03 10:40:00,320.67
2026-03-03 10:50:00,232.08
2026-03-03 11:00:00,392.08
2026-03-03 11:10:00,278.2
2026-03-03 11:20:00,247.46
2026-03-03 11:30:00,408.87
2026-03-03 11:40:00,168.1
2026-03-03 11:50:00,375.6
2026-03-03 12:00:00,243.13
2026-03-03 12:10:00,254.111
2026-03-03 12:20:00,376.8
2026-03-03 12:30:00,408.14
2026-03-03 12:40:00,351.629
2026-03-03 12:50:00,392.79
2026-03-03 13:00:00,398.75
2026-03-03 13:10:00,342.812
2026-03-03 13:20:00,419.0
2026-03-03 13:30:00,386.01
2026-03-03 13:40:00,307.13
2026-03-03 13:50:00,307.1
2026-03-03 14:00:00,435.92
2026-03-03 14:10:00,257.51
2026-03-03 14:20:00,417.3
2026-03-03 14:30:00,225.58
2026-03-03 14:40:00,376.767
2026-03-03 14:50:00,207.575
2026-03-03 15:00:00,821.24
2026-03-03 15:10:00,166.71
2026-03-03 15:20:00,353.36
2026-03-03 15:30:00,477.59
2026-03-03 15:40:00,381.4
2026-03-03 15:50:00,369.88
2026-03-03 16:00:00,207.83
2026-03-03 16:10:00,249.689
2026-03-03 16:20:00,262.462
2026-03-03 16:30:00,200.17
2026-03-03 16:40:00,372.8
2026-03-03 16:50:00,217.97
2026-03-03 17:00:00,353.37
2026-03-03 17:10:00,195.79
2026-03-03 17:20:00,272.978
2026-03-03 17:30:00,225.44
2026-03-03 17:40:00,295.05
2026-03-03 17:50:00,269.1
2026-03-03 18:00:00,213.2
2026-03-03 18:10:00,396.656
2026-03-03 18:20:00,182.05
2026-03-03 18:30:00,302.57
2026-03-03 18:40:00,170.94
2026-03-03 18:50:00,304.28
2026-03-03 19:00:00,197.925
2026-03-03 19:10:00,451.525
2026-03-03 19:20:00,468.88
2026-03-03 19:30:00,909.289
2026-03-03 19:40:00,473.9
2026-03-03 19:50:00,402.28
2026-03-03 20:00:00,387.47
2026-03-03 20:10:00,446.01
2026-03-03 20:20:00,386.88
2026-03-03 20:30:00,468.438
2026-03-03 20:40:00,466.57
2026-03-03 20:50:00,472.01
2026-03-03 21:00:00,773.638
2026-03-03 21:10:00,305.557
2026-03-03 21:20:00,330.344
2026-03-03 21:30:00,404.578
2026-03-03 21:40:00,456.51
2026-03-03 21:50:00,351.95
2026-03-03 22:00:00,435.362
2026-03-03 22:10:00,346.31
2026-03-03 22:20:00,601.1
2026-03-03 22:30:00,179.62
2026-03-03 22:40:00,382.811
2026-03-03 22:50:00,219.7
2026-03-03 23:00:00,337.35
2026-03-03 23:10:00,257.96
2026-03-03 23:20:00,242.85
2026-03-03 23:30:00,284.5
2026-03-03 23:40:00,214.28
2026-03-03 23:50:00,371.678
2026-03-04 00:00:00,200.75
2026-03-04 00:10:00,332.34
2026-03-04 00:20:00,178.89
2026-03-04 00:30:00,316.85
2026-03-04 00:40:00,257.911
2026-03-04 00:50:00,293.9
2026-03-04 01:00:00,210.78
2026-03-04 01:10:00,333.54
2026-03-04 01:20:00,221.94
2026-03-04 01:30:00,284.09
2026-03-04 01:40:00,223.97
2026-03-04 01:50:00,264.36
2026-03-04 02:00:00,283.14
2026-03-04 02:10:00,247.25
2026-03-04 02:20:00,256.39
2026-03-04 02:30:00,247.89
2026-03-04 02:40:00,241.289
2026-03-04 02:50:00,251.26
2026-03-04 03:00:00,613.07
2026-03-04 03:10:00,171.78
2026-03-04 03:20:00,263.67
2026-03-04 03:30:00,332.06
2026-03-04 03:40:00,330.73
2026-03-04 03:50:00,300.744
2026-03-04 04:00:00,336.31
2026-03-04 04:10:00,295.96
2026-03-04 04:20:00,207.85
2026-03-04 04:30:00,309.289
2026-03-04 04:40:00,175.756
2026-03-04 04:50:00,376.17
2026-03-04 05:00:00,168.01
2026-03-04 05:10:00,308.38
2026-03-04 05:20:00,171.51
2026-03-04 05:30:00,290.73
2026-03-04 05:40:00,1116.311
2026-03-04 05:50:00,421.74
2026-03-04 06:00:00,457.84
2026-03-04 06:10:00,411.933
2026-03-04 06:20:00,250.02
2026-03-04 06:30:00,357.36
2026-03-04 06:40:00,367.64
2026-03-04 06:50:00,303.94
2026-03-04 07:00:00,280.9
2026-03-04 07:10:00,317.344
2026-03-04 07:20:00,293.21
2026-03-04 07:30:00,327.256
2026-03-04 07:40:00,291.8
2026-03-04 07:50:00,274.72
2026-03-04 08:00:00,313.87
2026-03-04 08:10:00,365.85
2026-03-04 08:20:00,502.2
2026-03-04 08:30:00,414.82
2026-03-04 08:40:00,303.8
2026-03-04 08:50:00,259.2
2026-03-04 09:00:00,705.9
2026-03-04 09:10:00,221.48
2026-03-04 09:20:00,264.29
2026-03-04 09:30:00,331.66
2026-03-04 09:40:00,330.83
2026-03-04 09:50:00,249.18
2026-03-04 10:00:00,358.811
2026-03-04 10:10:00,300.578
2026-03-04 10:20:00,180.71
2026-03-04 10:30:00,305.51
2026-03-04 10:40:00,197.5
2026-03-04 10:50:00,280.378
2026-03-04 11:00:00,180.06
2026-03-04 11:10:00,299.87
2026-03-04 11:20:00,186.12
2026-03-04 11:30:00,374.311
2026-03-04 11:40:00,227.5
2026-03-04 11:50:00,468.67
2026-03-04 12:00:00,231.75
2026-03-04 12:10:00,303.75
2026-03-04 12:20:00,181.67
2026-03-04 12:30:00,291.4
2026-03-04 12:40:00,278.9
2026-03-04 12:50:00,465.586
2026-03-04 13:00:00,519.46
2026-03-04 13:10:00,437.65
2026-03-04 13:20:00,347.256
2026-03-04 13:30:00,258.989
2026-03-04 13:40:00,386.68
2026-03-04 13:50:00,275.31
2026-03-04 14:00:00,320.3
2026-03-04 14:10:00,365.212
2026-03-04 14:20:00,388.74
2026-03-04 14:30:00,436.98
2026-03-04 14:40:00,511.44
2026-03-04 14:50:00,707.0
2026-03-04 15:00:00,702.871
2026-03-04 15:10:00,265.17
2026-03-04 15:20:00,501.6
2026-03-04 15:30:00,677.25
2026-03-04 15:40:00,569.89
2026-03-04 15:50:00,542.2
2026-03-04 16:00:00,224.344
2026-03-04 16:10:00,582.267
2026-03-04 16:20:00,228.78
2026-03-04 16:30:00,372.37
2026-03-04 16:40:00,188.011
2026-03-04 16:50:00,289.18
2026-03-04 17:00:00,220.511
2026-03-04 17:10:00,276.06
2026-03-04 17:20:00,225.26
2026-03-04 17:30:00,242.46
2026-03-04 17:40:00,252.344
2026-03-04 17:50:00,226.03
2026-03-04 18:00:00,254.16
2026-03-04 18:10:00,212.97
2026-03-04 18:20:00,701.63
2026-03-04 18:30:00,385.067
2026-03-04 18:40:00,334.54
2026-03-04 18:50:00,242.79
2026-03-04 19:00:00,364.35
2026-03-04 19:10:00,232.38
2026-03-04 19:20:00,371.7
2026-03-04 19:30:00,240.95
2026-03-04 19:40:00,381.36
2026-03-04 19:50:00,230.94
2026-03-04 20:00:00,362.756
2026-03-04 20:10:00,230.889
2026-03-04 20:20:00,369.45
2026-03-04 20:30:00,230.53
2026-03-04 20:40:00,353.7
2026-03-04 20:50:00,248.93
2026-03-04 21:00:00,743.09
2026-03-04 21:10:00,191.93
2026-03-04 21:20:00,310.78
2026-03-04 21:30:00,406.99
2026-03-04 21:40:00,377.58
2026-03-04 21:50:00,244.8
2026-03-04 22:00:00,323.98
2026-03-04 22:10:00,217.4
2026-03-04 22:20:00,335.75
2026-03-04 22:30:00,289.81
2026-03-04 22:40:00,270.088
2026-03-04 22:50:00,241.37
2026-03-04 23:00:00,441.58
2026-03-04 23:10:00,264.21
2026-03-04 23:20:00,211.675
2026-03-04 23:30:00,267.36
2026-03-04 23:40:00,215.16
2026-03-04 23:50:00,272.7
2026-03-05 00:00:00,211.71
2026-03-05 00:10:00,282.43
2026-03-05 00:20:00,248.92
2026-03-05 00:30:00,304.18
2026-03-05 00:40:00,180.789
2026-03-05 00:50:00,299.5
2026-03-05 01:00:00,177.66
2026-03-05 01:10:00,392.95
2026-03-05 01:20:00,180.875
2026-03-05 01:30:00,308.957
2026-03-05 01:40:00,179.97
2026-03-05 01:50:00,312.89
2026-03-05 02:00:00,176.97
2026-03-05 02:10:00,311.19
2026-03-05 02:20:00,179.078
2026-03-05 02:30:00,312.16
2026-03-05 02:40:00,175.46
2026-03-05 02:50:00,310.578
2026-03-05 03:00:00,653.19
2026-03-05 03:10:00,177.812
2026-03-05 03:20:00,242.22
2026-03-05 03:30:00,332.38
2026-03-05 03:40:00,310.722
2026-03-05 03:50:00,176.83
2026-03-05 04:00:00,328.756
2026-03-05 04:10:00,190.65
2026-03-05 04:20:00,302.86
2026-03-05 04:30:00,206.41
2026-03-05 04:40:00,282.15
2026-03-05 04:50:00,206.633
2026-03-05 05:00:00,265.59
2026-03-05 05:10:00,257.25
2026-03-05 05:20:00,298.54
2026-03-05 05:30:00,319.69
2026-03-05 05:40:00,1016.83
2026-03-05 05:50:00,215.7
2026-03-05 06:00:00,266.62
2026-03-05 06:10:00,409.133
2026-03-05 06:20:00,239.889
2026-03-05 06:30:00,209.31
2026-03-05 06:40:00,243.45
2026-03-05 06:50:00,208.06
2026-03-05 07:00:00,292.9
2026-03-05 07:10:00,212.178
2026-03-05 07:20:00,236.73
2026-03-05 07:30:00,264.411
2026-03-05 07:40:00,220.262
2026-03-05 07:50:00,244.42
2026-03-05 08:00:00,265.6
2026-03-05 08:10:00,315.79
2026-03-05 08:20:00,199.678
2026-03-05 08:30:00,542.56
2026-03-05 08:40:00,237.43
2026-03-05 08:50:00,253.17
2026-03-05 09:00:00,669.92
2026-03-05 09:10:00,160.68
2026-03-05 09:20:00,202.45
2026-03-05 09:30:00,321.878
2026-03-05 09:40:00,297.0
2026-03-05 09:50:00,277.078
2026-03-05 10:00:00,366.45
2026-03-05 10:10:00,175.82
2026-03-05 10:20:00,336.38
2026-03-05 10:30:00,178.7
2026-03-05 10:40:00,265.989
2026-03-05 10:50:00,195.79
2026-03-05 11:00:00,256.47
2026-03-05 11:10:00,203.99
2026-03-05 11:20:00,245.81
2026-03-05 11:30:00,263.64
2026-03-05 11:40:00,284.05
2026-03-05 11:50:00,492.88
2026-03-05 12:00:00,291.06
2026-03-05 12:10:00,309.77
2026-03-05 12:20:00,200.37
2026-03-05 12:30:00,296.09
2026-03-05 12:40:00,391.32
2026-03-05 12:50:00,466.44
2026-03-05 13:00:00,387.756
2026-03-05 13:10:00,488.17
2026-03-05 13:20:00,357.1
2026-03-05 13:30:00,331.63
2026-03-05 13:40:00,309.73
2026-03-05 13:50:00,331.17
2026-03-05 14:00:00,258.68
2026-03-05 14:10:00,335.57
2026-03-05 14:20:00,395.06
2026-03-05 14:30:00,434.65
2026-03-05 14:40:00,511.01
2026-03-05 14:50:00,494.333
2026-03-05 15:00:00,706.462
2026-03-05 15:10:00,462.58
2026-03-05 15:20:00,384.87
2026-03-05 15:30:00,524.86
2026-03-05 15:40:00,440.644
2026-03-05 15:50:00,462.3
2026-03-05 16:00:00,294.767
2026-03-05 16:10:00,241.38
2026-03-05 16:20:00,264.66
2026-03-05 16:30:00,254.24
2026-03-05 16:40:00,227.96
2026-03-05 16:50:00,259.91
2026-03-05 17:00:00,214.07
2026-03-05 17:10:00,254.02
2026-03-05 17:20:00,212.24
2026-03-05 17:30:00,244.933
2026-03-05 17:40:00,211.84
2026-03-05 17:50:00,256.57
2026-03-05 18:00:00,747.889
2026-03-05 18:10:00,262.24
2026-03-05 18:20:00,291.2
2026-03-05 18:30:00,319.333
2026-03-05 18:40:00,366.8
2026-03-05 18:50:00,713.711
2026-03-05 19:00:00,319.43
2026-03-05 19:10:00,447.1
2026-03-05 19:20:00,299.21
2026-03-05 19:30:00,434.689
2026-03-05 19:40:00,303.811
2026-03-05 19:50:00,451.689
2026-03-05 20:00:00,315.24
2026-03-05 20:10:00,434.17
2026-03-05 20:20:00,245.7
2026-03-05 20:30:00,483.24
2026-03-05 20:40:00,409.31
2026-03-05 20:50:00,360.7
2026-03-05 21:00:00,713.26
2026-03-05 21:10:00,235.07
2026-03-05 21:20:00,300.33
2026-03-05 21:30:00,389.412
2026-03-05 21:40:00,388.96
2026-03-05 21:50:00,266.41
2026-03-05 22:00:00,381.33
2026-03-05 22:10:00,272.43
2026-03-05 22:20:00,397.99
2026-03-05 22:30:00,257.522
2026-03-05 22:40:00,305.91
2026-03-05 22:50:00,211.0
2026-03-05 23:00:00,294.01
2026-03-05 23:10:00,391.656
2026-03-05 23:20:00,396.94
2026-03-05 23:30:00,313.67
2026-03-05 23:40:00,334.562
2026-03-05 23:50:00,207.978
2026-03-06 00:00:00,281.51
2026-03-06 00:10:00,191.667
2026-03-06 00:20:00,297.12
2026-03-06 00:30:00,187.4
2026-03-06 00:40:00,305.733
2026-03-06 00:50:00,173.233
2026-03-06 01:00:00,293.85
2026-03-06 01:10:00,170.47
2026-03-06 01:20:00,316.056
2026-03-06 01:30:00,191.3
2026-03-06 01:40:00,330.03
2026-03-06 01:50:00,205.17
2026-03-06 02:00:00,258.31
2026-03-06 02:10:00,222.667
2026-03-06 02:20:00,247.03
2026-03-06 02:30:00,248.525
2026-03-06 02:40:00,233.74
2026-03-06 02:50:00,217.271
2026-03-06 03:00:00,630.2
2026-03-06 03:10:00,171.21
2026-03-06 03:20:00,244.68
2026-03-06 03:30:00,330.556
2026-03-06 03:40:00,358.9
2026-03-06 03:50:00,187.66
2026-03-06 04:00:00,358.34
2026-03-06 04:10:00,171.85
2026-03-06 04:20:00,311.06
2026-03-06 04:30:00,171.711
2026-03-06 04:40:00,308.04
2026-03-06 04:50:00,171.644
2026-03-06 05:00:00,339.63
2026-03-06 05:10:00,229.46
2026-03-06 05:20:00,284.989
2026-03-06 05:30:00,244.311
2026-03-06 05:40:00,304.39
2026-03-06 05:50:00,616.31
2026-03-06 06:00:00,659.71
2026-03-06 06:10:00,242.212
2026-03-06 06:20:00,335.83
2026-03-06 06:30:00,176.19
2026-03-06 06:40:00,266.62
2026-03-06 06:50:00,185.838
2026-03-06 07:00:00,429.6
2026-03-06 07:10:00,191.79
2026-03-06 07:20:00,434.86
2026-03-06 07:30:00,163.21
2026-03-06 07:40:00,328.04
2026-03-06 07:50:00,293.23
2026-03-06 08:00:00,389.371
2026-03-06 08:10:00,635.633
2026-03-06 08:20:00,187.71
2026-03-06 08:30:00,469.17
2026-03-06 08:40:00,363.86
2026-03-06 08:50:00,441.17
2026-03-06 09:00:00,655.77
2026-03-06 09:10:00,262.97
2026-03-06 09:20:00,340.8
2026-03-06 09:30:00,321.03
2026-03-06 09:40:00,346.29
2026-03-06 09:50:00,365.2
2026-03-06 10:00:00,310.37
2026-03-06 10:10:00,238.24
2026-03-06 10:20:00,257.23
2026-03-06 10:30:00,226.08
2026-03-06 10:40:00,273.66
2026-03-06 10:50:00,212.4
2026-03-06 11:00:00,271.49
2026-03-06 11:10:00,212.55
2026-03-06 11:20:00,287.411
2026-03-06 11:30:00,213.68
2026-03-06 11:40:00,282.633
2026-03-06 11:50:00,183.05
2026-03-06 12:00:00,258.7
2026-03-06 12:10:00,202.556
2026-03-06 12:20:00,255.78
2026-03-06 12:30:00,224.37
2026-03-06 12:40:00,397.42
2026-03-06 12:50:00,475.74
2026-03-06 13:00:00,353.89
2026-03-06 13:10:00,399.61
2026-03-06 13:20:00,469.817
2026-03-06 13:30:00,1399.13
2026-03-06 13:40:00,848.39
2026-03-06 13:50:00,286.28
2026-03-06 14:00:00,321.68
2026-03-06 14:10:00,278.311
2026-03-06 14:20:00,367.68
2026-03-06 14:30:00,490.68
2026-03-06 14:40:00,481.722
2026-03-06 14:50:00,512.989
2026-03-06 15:00:00,617.91
2026-03-06 15:10:00,161.76
2026-03-06 15:20:00,218.544
2026-03-06 15:30:00,464.738
2026-03-06 15:40:00,318.9
2026-03-06 15:50:00,249.189
2026-03-06 16:00:00,324.212
2026-03-06 16:10:00,250.278
2026-03-06 16:20:00,287.0
2026-03-06 16:30:00,199.889
2026-03-06 16:40:00,386.25
2026-03-06 16:50:00,239.078
2026-03-06 17:00:00,302.32
2026-03-06 17:10:00,341.83
2026-03-06 17:20:00,295.344
2026-03-06 17:30:00,239.044
2026-03-06 17:40:00,277.88
2026-03-06 17:50:00,238.589
2026-03-06 18:00:00,344.31
2026-03-06 18:10:00,269.267
2026-03-06 18:20:00,284.08
2026-03-06 18:30:00,204.76
2026-03-06 18:40:00,304.17
2026-03-06 18:50:00,251.22
2026-03-06 19:00:00,315.056
2026-03-06 19:10:00,291.678
2026-03-06 19:20:00,966.13
2026-03-06 19:30:00,239.54
2026-03-06 19:40:00,418.56
2026-03-06 19:50:00,241.744
2026-03-06 20:00:00,378.744
2026-03-06 20:10:00,289.39
2026-03-06 20:20:00,345.022
2026-03-06 20:30:00,252.422
2026-03-06 20:40:00,275.48
2026-03-06 20:50:00,302.88
2026-03-06 21:00:00,601.314
2026-03-06 21:10:00,166.683
2026-03-06 21:20:00,247.744
2026-03-06 21:30:00,383.3
2026-03-06 21:40:00,325.15
2026-03-06 21:50:00,193.63
2026-03-06 22:00:00,331.17
2026-03-06 22:10:00,362.456
2026-03-06 22:20:00,536.244
2026-03-06 22:30:00,186.57
2026-03-06 22:40:00,293.3
2026-03-06 22:50:00,192.46
2026-03-06 23:00:00,417.544
2026-03-06 23:10:00,222.35
2026-03-06 23:20:00,315.433
2026-03-06 23:30:00,182.37
2026-03-06 23:40:00,301.98
2026-03-06 23:50:00,232.79
2026-03-07 00:00:00,336.433
2026-03-07 00:10:00,179.912
2026-03-07 00:20:00,303.74
2026-03-07 00:30:00,297.52
2026-03-07 00:40:00,573.79
2026-03-07 00:50:00,547.55
2026-03-07 01:00:00,400.5
2026-03-07 01:10:00,272.944
2026-03-07 01:20:00,261.76
2026-03-07 01:30:00,282.11
2026-03-07 01:40:00,283.722
2026-03-07 01:50:00,232.2
2026-03-07 02:00:00,205.856
2026-03-07 02:10:00,254.767
2026-03-07 02:20:00,203.389
2026-03-07 02:30:00,255.74
2026-03-07 02:40:00,184.8
2026-03-07 02:50:00,274.67
2026-03-07 03:00:00,696.089
2026-03-07 03:10:00,170.9
2026-03-07 03:20:00,227.467
2026-03-07 03:30:00,324.85
2026-03-07 03:40:00,285.788
2026-03-07 03:50:00,192.656
2026-03-07 04:00:00,292.73
2026-03-07 04:10:00,190.944
2026-03-07 04:20:00,292.48
2026-03-07 04:30:00,194.388
2026-03-07 04:40:00,292.46
2026-03-07 04:50:00,186.07
2026-03-07 05:00:00,276.04
2026-03-07 05:10:00,232.92
2026-03-07 05:20:00,288.789
2026-03-07 05:30:00,204.55
2026-03-07 05:40:00,278.829
2026-03-07 05:50:00,218.48
2026-03-07 06:00:00,249.05
2026-03-07 06:10:00,205.31
2026-03-07 06:20:00,244.862
2026-03-07 06:30:00,469.425
2026-03-07 06:40:00,229.611
2026-03-07 06:50:00,242.89
2026-03-07 07:00:00,299.24
2026-03-07 07:10:00,318.38
2026-03-07 07:20:00,280.68
2026-03-07 07:30:00,282.13
2026-03-07 07:40:00,164.056
2026-03-07 07:50:00,368.43
2026-03-07 08:00:00,165.58
2026-03-07 08:10:00,265.078
2026-03-07 08:20:00,211.86
2026-03-07 08:30:00,322.51
2026-03-07 08:40:00,244.5
2026-03-07 08:50:00,321.77
2026-03-07 09:00:00,597.54
2026-03-07 09:10:00,175.0
2026-03-07 09:20:00,388.2
2026-03-07 09:30:00,476.42
2026-03-07 09:40:00,321.41
2026-03-07 09:50:00,195.01
2026-03-07 10:00:00,393.0
2026-03-07 10:10:00,270.162
2026-03-07 10:20:00,276.92
2026-03-07 10:30:00,193.72
2026-03-07 10:40:00,364.91
2026-03-07 10:50:00,199.444
2026-03-07 11:00:00,378.18
2026-03-07 11:10:00,574.389
2026-03-07 11:20:00,524.8
2026-03-07 11:30:00,571.0
2026-03-07 11:40:00,488.9
2026-03-07 11:50:00,572.311
2026-03-07 12:00:00,339.61
2026-03-07 12:10:00,665.589
2026-03-07 12:20:00,288.43
2026-03-07 12:30:00,164.86
2026-03-07 12:40:00,288.9
2026-03-07 12:50:00,224.856
2026-03-07 13:00:00,416.722
2026-03-07 13:10:00,257.29
2026-03-07 13:20:00,354.756
2026-03-07 13:30:00,270.58
2026-03-07 13:40:00,375.3
2026-03-07 13:50:00,370.333
2026-03-07 14:00:00,277.52
2026-03-07 14:10:00,214.278
2026-03-07 14:20:00,242.22
2026-03-07 14:30:00,226.0
2026-03-07 14:40:00,280.44
2026-03-07 14:50:00,265.79
2026-03-07 15:00:00,680.55
2026-03-07 15:10:00,233.03
2026-03-07 15:20:00,299.8
2026-03-07 15:30:00,397.3
2026-03-07 15:40:00,380.1
2026-03-07 15:50:00,207.63
2026-03-07 16:00:00,342.71
2026-03-07 16:10:00,208.756
2026-03-07 16:20:00,343.15
2026-03-07 16:30:00,285.4
2026-03-07 16:40:00,347.07
2026-03-07 16:50:00,204.87
2026-03-07 17:00:00,317.367
2026-03-07 17:10:00,196.417
2026-03-07 17:20:00,535.262
2026-03-07 17:30:00,237.589
2026-03-07 17:40:00,346.522
2026-03-07 17:50:00,230.38
2026-03-07 18:00:00,386.12
2026-03-07 18:10:00,403.74
2026-03-07 18:20:00,452.38
2026-03-07 18:30:00,372.02
2026-03-07 18:40:00,424.733
2026-03-07 18:50:00,376.256
2026-03-07 19:00:00,333.14
2026-03-07 19:10:00,406.43
2026-03-07 19:20:00,296.35
2026-03-07 19:30:00,533.767
2026-03-07 19:40:00,416.96
2026-03-07 19:50:00,614.37
2026-03-07 20:00:00,809.7
2026-03-07 20:10:00,453.55
2026-03-07 20:20:00,221.47
2026-03-07 20:30:00,822.556
2026-03-07 20:40:00,386.73
2026-03-07 20:50:00,332.47
2026-03-07 21:00:00,687.36
2026-03-07 21:10:00,221.022
2026-03-07 21:20:00,292.044
2026-03-07 21:30:00,440.1
2026-03-07 21:40:00,572.32
2026-03-07 21:50:00,477.95
2026-03-07 22:00:00,321.66
2026-03-07 22:10:00,424.97
2026-03-07 22:20:00,660.01
2026-03-07 22:30:00,336.689
2026-03-07 22:40:00,236.438
2026-03-07 22:50:00,384.478
2026-03-07 23:00:00,223.46
2026-03-07 23:10:00,300.04
2026-03-07 23:20:00,239.73
2026-03-07 23:30:00,281.96
2026-03-07 23:40:00,314.112
2026-03-07 23:50:00,267.88
2026-03-08 00:00:00,250.488
2026-03-08 00:10:00,250.38
2026-03-08 00:20:00,283.11
2026-03-08 00:30:00,225.975
2026-03-08 00:40:00,296.2
2026-03-08 00:50:00,204.22
2026-03-08 01:00:00,326.69
2026-03-08 01:10:00,187.69
2026-03-08 01:20:00,365.333
2026-03-08 01:30:00,206.478
2026-03-08 01:40:00,297.33
2026-03-08 01:50:00,288.01
2026-03-08 02:00:00,246.862
2026-03-08 02:10:00,248.12
2026-03-08 02:20:00,297.167
2026-03-08 02:30:00,290.19
2026-03-08 02:40:00,225.789
2026-03-08 02:50:00,292.38
2026-03-08 03:00:00,676.2
2026-03-08 03:10:00,188.02
2026-03-08 03:20:00,253.84
2026-03-08 03:30:00,394.21
2026-03-08 03:40:00,326.96
2026-03-08 03:50:00,263.17
2026-03-08 04:00:00,322.92
2026-03-08 04:10:00,205.933
2026-03-08 04:20:00,307.37
2026-03-08 04:30:00,255.16
2026-03-08 04:40:00,307.78
2026-03-08 04:50:00,203.84
2026-03-08 05:00:00,293.5
2026-03-08 05:10:00,265.93
2026-03-08 05:20:00,284.256
2026-03-08 05:30:00,234.89
2026-03-08 05:40:00,261.1
2026-03-08 05:50:00,251.32
2026-03-08 06:00:00,242.67
2026-03-08 06:10:00,256.45
2026-03-08 06:20:00,223.66
2026-03-08 06:30:00,323.68
2026-03-08 06:40:00,365.94
2026-03-08 06:50:00,442.43
2026-03-08 07:00:00,300.09
2026-03-08 07:10:00,334.06
2026-03-08 07:20:00,229.73
2026-03-08 07:30:00,292.556
2026-03-08 07:40:00,180.09
2026-03-08 07:50:00,282.02
2026-03-08 08:00:00,213.53
2026-03-08 08:10:00,316.91
2026-03-08 08:20:00,268.556
2026-03-08 08:30:00,302.67
2026-03-08 08:40:00,239.34
2026-03-08 08:50:00,240.95
2026-03-08 09:00:00,647.69
2026-03-08 09:10:00,194.46
2026-03-08 09:20:00,253.4
2026-03-08 09:30:00,478.844
2026-03-08 09:40:00,568.72
2026-03-08 09:50:00,702.45
2026-03-08 10:00:00,444.89
2026-03-08 10:10:00,356.7
2026-03-08 10:20:00,682.58
2026-03-08 10:30:00,290.26
2026-03-08 10:40:00,696.978
2026-03-08 10:50:00,731.01
2026-03-08 11:00:00,338.675
2026-03-08 11:10:00,647.322
2026-03-08 11:20:00,730.86
2026-03-08 11:30:00,452.925
2026-03-08 11:40:00,426.58
2026-03-08 11:50:00,244.79
2026-03-08 12:00:00,454.09
2026-03-08 12:10:00,259.04
2026-03-08 12:20:00,449.83
2026-03-08 12:30:00,305.87
2026-03-08 12:40:00,756.18
2026-03-08 12:50:00,523.66
2026-03-08 13:00:00,329.311
2026-03-08 13:10:00,634.378
2026-03-08 13:20:00,402.9
2026-03-08 13:30:00,813.64
2026-03-08 13:40:00,511.35
2026-03-08 13:50:00,291.044
2026-03-08 14:00:00,264.55
2026-03-08 14:10:00,319.556
2026-03-08 14:20:00,438.66
2026-03-08 14:30:00,694.09
2026-03-08 14:40:00,820.8
2026-03-08 14:50:00,408.4
2026-03-08 15:00:00,1199.54
2026-03-08 15:10:00,367.762
2026-03-08 15:20:00,410.06
2026-03-08 15:30:00,615.43
2026-03-08 15:40:00,409.075
2026-03-08 15:50:00,451.58
2026-03-08 16:00:00,455.089
2026-03-08 16:10:00,322.31
2026-03-08 16:20:00,396.275
2026-03-08 16:30:00,243.538
2026-03-08 16:40:00,556.27
2026-03-08 16:50:00,588.656
2026-03-08 17:00:00,384.7
2026-03-08 17:10:00,319.13
2026-03-08 17:20:00,381.49
2026-03-08 17:30:00,288.62
2026-03-08 17:40:00,374.211
2026-03-08 17:50:00,308.42
2026-03-08 18:00:00,398.3
2026-03-08 18:10:00,361.14
2026-03-08 18:20:00,391.3
2026-03-08 18:30:00,393.77
2026-03-08 18:40:00,388.27
2026-03-08 18:50:00,522.6
2026-03-08 19:00:00,355.41
2026-03-08 19:10:00,465.189
2026-03-08 19:20:00,387.77
2026-03-08 19:30:00,540.2
2026-03-08 19:40:00,397.09
2026-03-08 19:50:00,566.74
2026-03-08 20:00:00,1134.91
2026-03-08 20:10:00,361.711
2026-03-08 20:20:00,360.75
2026-03-08 20:30:00,489.45
2026-03-08 20:40:00,529.24
2026-03-08 20:50:00,568.062
2026-03-08 21:00:00,838.94
2026-03-08 21:10:00,381.211
2026-03-08 21:20:00,386.62
2026-03-08 21:30:00,483.32
2026-03-08 21:40:00,482.74
2026-03-08 21:50:00,409.77
2026-03-08 22:00:00,432.66
2026-03-08 22:10:00,456.522
2026-03-08 22:20:00,294.48
2026-03-08 22:30:00,536.76
2026-03-08 22:40:00,293.06
2026-03-08 22:50:00,740.2
2026-03-08 23:00:00,237.722
2026-03-08 23:10:00,309.74
2026-03-08 23:20:00,214.5
2026-03-08 23:30:00,331.95
2026-03-08 23:40:00,212.21
2026-03-08 23:50:00,315.62
2026-03-09 00:00:00,214.289
2026-03-09 00:10:00,312.54
2026-03-09 00:20:00,222.63
2026-03-09 00:30:00,310.978
2026-03-09 00:40:00,223.48
2026-03-09 00:50:00,301.18
2026-03-09 01:00:00,212.312
2026-03-09 01:10:00,293.82
2026-03-09 01:20:00,224.16
2026-03-09 01:30:00,282.68
2026-03-09 01:40:00,272.544
2026-03-09 01:50:00,323.51
2026-03-09 02:00:00,235.98
2026-03-09 02:10:00,329.26
2026-03-09 02:20:00,235.34
2026-03-09 02:30:00,273.74
2026-03-09 02:40:00,272.03
2026-03-09 02:50:00,265.47
2026-03-09 03:00:00,615.76
2026-03-09 03:10:00,188.69
2026-03-09 03:20:00,253.31
2026-03-09 03:30:00,398.07
2026-03-09 03:40:00,341.76
2026-03-09 03:50:00,202.06
2026-03-09 04:00:00,327.43
2026-03-09 04:10:00,221.811
2026-03-09 04:20:00,297.2
2026-03-09 04:30:00,234.1
2026-03-09 04:40:00,329.4
2026-03-09 04:50:00,332.66
2026-03-09 05:00:00,260.51
2026-03-09 05:10:00,228.28
2026-03-09 05:20:00,260.7
2026-03-09 05:30:00,246.68
2026-03-09 05:40:00,295.93
2026-03-09 05:50:00,245.52
2026-03-09 06:00:00,351.078
2026-03-09 06:10:00,349.45
2026-03-09 06:20:00,298.54
2026-03-09 06:30:00,290.95
2026-03-09 06:40:00,245.0
2026-03-09 06:50:00,247.911
2026-03-09 07:00:00,307.922
2026-03-09 07:10:00,306.56
2026-03-09 07:20:00,289.73
2026-03-09 07:30:00,335.06
2026-03-09 07:40:00,293.86
2026-03-09 07:50:00,239.56
2026-03-09 08:00:00,329.64
2026-03-09 08:10:00,418.04
2026-03-09 08:20:00,245.12
2026-03-09 08:30:00,334.87
2026-03-09 08:40:00,594.744
2026-03-09 08:50:00,766.43
2026-03-09 09:00:00,575.47
2026-03-09 09:10:00,276.64
2026-03-09 09:20:00,245.95
2026-03-09 09:30:00,339.96
2026-03-09 09:40:00,391.21
2026-03-09 09:50:00,272.87
2026-03-09 10:00:00,326.73
2026-03-09 10:10:00,305.84
2026-03-09 10:20:00,261.1
2026-03-09 10:30:00,542.92
2026-03-09 10:40:00,182.267
2026-03-09 10:50:00,434.87
2026-03-09 11:00:00,250.17
2026-03-09 11:10:00,365.46
2026-03-09 11:20:00,471.612
2026-03-09 11:30:00,396.533
2026-03-09 11:40:00,295.72
2026-03-09 11:50:00,258.63
2026-03-09 12:00:00,458.75
2026-03-09 12:10:00,666.27
2026-03-09 12:20:00,393.833
2026-03-09 12:30:00,560.89
2026-03-09 12:40:00,1308.95
2026-03-09 12:50:00,275.42
2026-03-09 13:00:00,498.43
2026-03-09 13:10:00,258.422
2026-03-09 13:20:00,537.54
2026-03-09 13:30:00,247.9
2026-03-09 13:40:00,364.2
2026-03-09 13:50:00,359.36
2026-03-09 14:00:00,293.238
2026-03-09 14:10:00,258.4
2026-03-09 14:20:00,335.78
2026-03-09 14:30:00,273.0
2026-03-09 14:40:00,213.67
2026-03-09 14:50:00,305.311
2026-03-09 15:00:00,663.512
2026-03-09 15:10:00,246.488
2026-03-09 15:20:00,370.162
2026-03-09 15:30:00,293.13
2026-03-09 15:40:00,444.43
2026-03-09 15:50:00,306.233
2026-03-09 16:00:00,305.611
2026-03-09 16:10:00,333.71
2026-03-09 16:20:00,209.95
2026-03-09 16:30:00,385.844
2026-03-09 16:40:00,256.933
2026-03-09 16:50:00,379.13
2026-03-09 17:00:00,210.1
2026-03-09 17:10:00,331.88
2026-03-09 17:20:00,208.09
2026-03-09 17:30:00,314.4
2026-03-09 17:40:00,259.54
2026-03-09 17:50:00,314.96
2026-03-09 18:00:00,226.24
2026-03-09 18:10:00,351.433
2026-03-09 18:20:00,321.6
2026-03-09 18:30:00,430.089
2026-03-09 18:40:00,337.26
2026-03-09 18:50:00,987.93
2026-03-09 19:00:00,600.99
2026-03-09 19:10:00,371.875
2026-03-09 19:20:00,288.95
2026-03-09 19:30:00,433.644
2026-03-09 19:40:00,306.543
2026-03-09 19:50:00,399.26
2026-03-09 20:00:00,438.075
2026-03-09 20:10:00,336.67
2026-03-09 20:20:00,314.36
2026-03-09 20:30:00,343.84
2026-03-09 20:40:00,422.58
2026-03-09 20:50:00,313.05
2026-03-09 21:00:00,596.457
2026-03-09 21:10:00,444.71
2026-03-09 21:20:00,269.95
2026-03-09 21:30:00,419.04
2026-03-09 21:40:00,412.233
2026-03-09 21:50:00,410.4
2026-03-09 22:00:00,319.15
2026-03-09 22:10:00,436.85
2026-03-09 22:20:00,292.55
2026-03-09 22:30:00,389.05
2026-03-09 22:40:00,262.7
2026-03-09 22:50:00,526.59
2026-03-09 23:00:00,267.33
2026-03-09 23:10:00,297.62
2026-03-09 23:20:00,225.556
2026-03-09 23:30:00,296.33
2026-03-09 23:40:00,221.94
2026-03-09 23:50:00,345.94
2026-03-10 00:00:00,217.13
2026-03-10 00:10:00,330.69
2026-03-10 00:20:00,237.52
2026-03-10 00:30:00,279.64
2026-03-10 00:40:00,304.35
2026-03-10 00:50:00,257.378
2026-03-10 01:00:00,227.9
2026-03-10 01:10:00,263.49
2026-03-10 01:20:00,256.457
2026-03-10 01:30:00,250.93
2026-03-10 01:40:00,244.783
2026-03-10 01:50:00,250.53
2026-03-10 02:00:00,264.0
2026-03-10 02:10:00,230.26
2026-03-10 02:20:00,326.45
2026-03-10 02:30:00,281.289
2026-03-10 02:40:00,281.43
2026-03-10 02:50:00,219.38
2026-03-10 03:00:00,492.57
2026-03-10 03:10:00,332.99
2026-03-10 03:20:00,200.5
2026-03-10 03:30:00,352.875
2026-03-10 03:40:00,398.45
2026-03-10 03:50:00,250.91
2026-03-10 04:00:00,284.11
2026-03-10 04:10:00,267.14
2026-03-10 04:20:00,250.96
2026-03-10 04:30:00,268.57
2026-03-10 04:40:00,285.43
2026-03-10 04:50:00,315.5
2026-03-10 05:00:00,237.367
2026-03-10 05:10:00,267.12
2026-03-10 05:20:00,289.09
2026-03-10 05:30:00,266.95
2026-03-10 05:40:00,457.85
2026-03-10 05:50:00,281.378
2026-03-10 06:00:00,318.99
2026-03-10 06:10:00,405.59
2026-03-10 06:20:00,365.77
2026-03-10 06:30:00,275.28
2026-03-10 06:40:00,349.478
2026-03-10 06:50:00,320.867
2026-03-10 07:00:00,344.067
2026-03-10 07:10:00,272.2
2026-03-10 07:20:00,351.68
2026-03-10 07:30:00,201.04
2026-03-10 07:40:00,384.944
2026-03-10 07:50:00,343.033
2026-03-10 08:00:00,293.3
2026-03-10 08:10:00,224.15
2026-03-10 08:20:00,400.022
2026-03-10 08:30:00,221.04
2026-03-10 08:40:00,338.378
2026-03-10 08:50:00,226.06
2026-03-10 09:00:00,540.29
2026-03-10 09:10:00,387.16
2026-03-10 09:20:00,206.188
2026-03-10 09:30:00,345.48
2026-03-10 09:40:00,336.64
2026-03-10 09:50:00,198.225
2026-03-10 10:00:00,285.97
2026-03-10 10:10:00,230.333
2026-03-10 10:20:00,274.82
2026-03-10 10:30:00,226.16
2026-03-10 10:40:00,261.74
2026-03-10 10:50:00,239.78
2026-03-10 11:00:00,258.31
2026-03-10 11:10:00,243.5
2026-03-10 11:20:00,259.6
2026-03-10 11:30:00,226.98
2026-03-10 11:40:00,256.59
2026-03-10 11:50:00,226.66
2026-03-10 12:00:00,335.144
2026-03-10 12:10:00,233.75
2026-03-10 12:20:00,267.689
2026-03-10 12:30:00,285.29
2026-03-10 12:40:00,286.122
2026-03-10 12:50:00,209.57
2026-03-10 13:00:00,364.86
2026-03-10 13:10:00,966.322
2026-03-10 13:20:00,1116.91
2026-03-10 13:30:00,421.089
2026-03-10 13:40:00,477.622
2026-03-10 13:50:00,268.34
2026-03-10 14:00:00,454.811
2026-03-10 14:10:00,353.51
2026-03-10 14:20:00,329.611
2026-03-10 14:30:00,290.644
2026-03-10 14:40:00,328.178
2026-03-10 14:50:00,258.41
2026-03-10 15:00:00,363.25
2026-03-10 15:10:00,767.662
2026-03-10 15:20:00,439.82
2026-03-10 15:30:00,368.611
2026-03-10 15:40:00,342.46
2026-03-10 15:50:00,260.4
2026-03-10 16:00:00,320.35
2026-03-10 16:10:00,321.73
2026-03-10 16:20:00,349.967
2026-03-10 16:30:00,354.88
2026-03-10 16:40:00,502.689
2026-03-10 16:50:00,407.3
2026-03-10 17:00:00,311.8
2026-03-10 17:10:00,403.56
2026-03-10 17:20:00,346.25
2026-03-10 17:30:00,257.8
2026-03-10 17:40:00,348.22
2026-03-10 17:50:00,314.44
2026-03-10 18:00:00,422.967
2026-03-10 18:10:00,379.29
2026-03-10 18:20:00,433.31
2026-03-10 18:30:00,344.4
2026-03-10 18:40:00,443.28
2026-03-10 18:50:00,386.39
2026-03-10 19:00:00,310.856
2026-03-10 19:10:00,544.233
2026-03-10 19:20:00,435.18
2026-03-10 19:30:00,385.4
2026-03-10 19:40:00,515.778
2026-03-10 19:50:00,364.311
2026-03-10 20:00:00,273.52
2026-03-10 20:10:00,413.73
2026-03-10 20:20:00,285.56
2026-03-10 20:30:00,352.16
2026-03-10 20:40:00,306.03
2026-03-10 20:50:00,317.13
2026-03-10 21:00:00,331.85
2026-03-10 21:10:00,705.17
2026-03-10 21:20:00,254.92
2026-03-10 21:30:00,353.52
2026-03-10 21:40:00,430.933
2026-03-10 21:50:00,373.44
2026-03-10 22:00:00,318.97
2026-03-10 22:10:00,446.356
2026-03-10 22:20:00,591.29
2026-03-10 22:30:00,486.44
2026-03-10 22:40:00,337.54
2026-03-10 22:50:00,278.98
2026-03-10 23:00:00,267.64
2026-03-10 23:10:00,233.29
2026-03-10 23:20:00,273.278
2026-03-10 23:30:00,220.49
2026-03-10 23:40:00,312.7
2026-03-10 23:50:00,190.59
2026-03-11 00:00:00,295.58
2026-03-11 00:10:00,209.433
2026-03-11 00:20:00,296.57
2026-03-11 00:30:00,211.35
2026-03-11 00:40:00,259.6
2026-03-11 00:50:00,319.13
2026-03-11 01:00:00,252.744
2026-03-11 01:10:00,345.444
2026-03-11 01:20:00,225.822
2026-03-11 01:30:00,300.8
2026-03-11 01:40:00,192.54
2026-03-11 01:50:00,304.6
2026-03-11 02:00:00,258.6
2026-03-11 02:10:00,294.77
2026-03-11 02:20:00,273.44
2026-03-11 02:30:00,270.37
2026-03-11 02:40:00,254.29
2026-03-11 02:50:00,235.02
2026-03-11 03:00:00,283.25
2026-03-11 03:10:00,654.29
2026-03-11 03:20:00,193.08
2026-03-11 03:30:00,281.17
2026-03-11 03:40:00,351.288
2026-03-11 03:50:00,305.162
2026-03-11 04:00:00,257.82
2026-03-11 04:10:00,296.089
2026-03-11 04:20:00,255.22
2026-03-11 04:30:00,273.32
2026-03-11 04:40:00,270.12
2026-03-11 04:50:00,235.36
2026-03-11 05:00:00,272.35
2026-03-11 05:10:00,223.38
2026-03-11 05:20:00,296.92
2026-03-11 05:30:00,195.88
2026-03-11 05:40:00,440.97
2026-03-11 05:50:00,252.788
2026-03-11 06:00:00,442.16
2026-03-11 06:10:00,279.85
2026-03-11 06:20:00,300.47
2026-03-11 06:30:00,227.189
2026-03-11 06:40:00,270.25
2026-03-11 06:50:00,264.678
2026-03-11 07:00:00,340.17
2026-03-11 07:10:00,270.65
2026-03-11 07:20:00,323.36
2026-03-11 07:30:00,298.11
2026-03-11 07:40:00,312.044
2026-03-11 07:50:00,301.69
2026-03-11 08:00:00,180.33
2026-03-11 08:10:00,289.01
2026-03-11 08:20:00,196.65
2026-03-11 08:30:00,279.456
2026-03-11 08:40:00,234.467
2026-03-11 08:50:00,238.71
2026-03-11 09:00:00,239.26
2026-03-11 09:10:00,618.79
2026-03-11 09:20:00,183.82
2026-03-11 09:30:00,259.533
2026-03-11 09:40:00,337.48
2026-03-11 09:50:00,271.47
2026-03-11 10:00:00,243.01
2026-03-11 10:10:00,258.13
2026-03-11 10:20:00,245.15
2026-03-11 10:30:00,296.97
2026-03-11 10:40:00,261.66
2026-03-11 10:50:00,227.38
2026-03-11 11:00:00,279.34
2026-03-11 11:10:00,212.22
2026-03-11 11:20:00,282.6
2026-03-11 11:30:00,203.237
2026-03-11 11:40:00,290.19
2026-03-11 11:50:00,183.838
2026-03-11 12:00:00,308.122
2026-03-11 12:10:00,213.52
2026-03-11 12:20:00,535.088
2026-03-11 12:30:00,400.99
2026-03-11 12:40:00,388.167
2026-03-11 12:50:00,451.367
2026-03-11 13:00:00,434.09
2026-03-11 13:10:00,335.35
2026-03-11 13:20:00,338.77
2026-03-11 13:30:00,377.19
2026-03-11 13:40:00,329.29
2026-03-11 13:50:00,291.32
2026-03-11 14:00:00,354.39
2026-03-11 14:10:00,319.822
2026-03-11 14:20:00,350.34
2026-03-11 14:30:00,342.17
2026-03-11 14:40:00,599.25
2026-03-11 14:50:00,247.27
2026-03-11 15:00:00,353.067
2026-03-11 15:10:00,663.92
2026-03-11 15:20:00,193.59
2026-03-11 15:30:00,306.4
2026-03-11 15:40:00,359.84
2026-03-11 15:50:00,315.033
2026-03-11 16:00:00,243.0
2026-03-11 16:10:00,337.03
2026-03-11 16:20:00,289.42
2026-03-11 16:30:00,280.644
2026-03-11 16:40:00,258.42
2026-03-11 16:50:00,256.29
2026-03-11 17:00:00,282.81
2026-03-11 17:10:00,225.222
2026-03-11 17:20:00,324.438
2026-03-11 17:30:00,195.96
2026-03-11 17:40:00,318.54
2026-03-11 17:50:00,211.5
2026-03-11 18:00:00,312.93
2026-03-11 18:10:00,210.0
2026-03-11 18:20:00,284.22
2026-03-11 18:30:00,293.39
2026-03-11 18:40:00,824.32
2026-03-11 18:50:00,903.022
2026-03-11 19:00:00,1041.9
2026-03-11 19:10:00,495.84
2026-03-11 19:20:00,336.778
2026-03-11 19:30:00,369.86
2026-03-11 19:40:00,295.47
2026-03-11 19:50:00,410.71
2026-03-11 20:00:00,310.32
2026-03-11 20:10:00,328.91
2026-03-11 20:20:00,574.933
2026-03-11 20:30:00,668.45
2026-03-11 20:40:00,617.0
2026-03-11 20:50:00,234.91
2026-03-11 21:00:00,304.622
2026-03-11 21:10:00,673.62
2026-03-11 21:20:00,204.489
2026-03-11 21:30:00,324.88
2026-03-11 21:40:00,361.19
2026-03-11 21:50:00,301.322
2026-03-11 22:00:00,231.657
2026-03-11 22:10:00,291.022
2026-03-11 22:20:00,235.05
2026-03-11 22:30:00,265.8
2026-03-11 22:40:00,427.938
2026-03-11 22:50:00,353.05
2026-03-11 23:00:00,276.5
2026-03-11 23:10:00,238.99
2026-03-11 23:20:00,286.03
2026-03-11 23:30:00,224.55
2026-03-11 23:40:00,278.186
2026-03-11 23:50:00,192.278
2026-03-12 00:00:00,319.37
2026-03-12 00:10:00,193.14
2026-03-12 00:20:00,298.9
2026-03-12 00:30:00,226.3
2026-03-12 00:40:00,273.18
2026-03-12 00:50:00,242.19
2026-03-12 01:00:00,262.944
2026-03-12 01:10:00,291.05
2026-03-12 01:20:00,223.46
2026-03-12 01:30:00,335.67
2026-03-12 01:40:00,209.2
2026-03-12 01:50:00,315.1
2026-03-12 02:00:00,193.422
2026-03-12 02:10:00,288.362
2026-03-12 02:20:00,205.03
2026-03-12 02:30:00,285.05
2026-03-12 02:40:00,239.37
2026-03-12 02:50:00,255.97
2026-03-12 03:00:00,258.044
2026-03-12 03:10:00,594.18
2026-03-12 03:20:00,242.93
2026-03-12 03:30:00,282.64
2026-03-12 03:40:00,348.84
2026-03-12 03:50:00,266.5
2026-03-12 04:00:00,304.84
2026-03-12 04:10:00,270.69
2026-03-12 04:20:00,251.72
2026-03-12 04:30:00,251.87
2026-03-12 04:40:00,269.82
2026-03-12 04:50:00,334.82
2026-03-12 05:00:00,272.48
2026-03-12 05:10:00,231.29
2026-03-12 05:20:00,302.8
2026-03-12 05:30:00,253.61
2026-03-12 05:40:00,311.72
2026-03-12 05:50:00,188.57
2026-03-12 06:00:00,606.211
2026-03-12 06:10:00,206.1
2026-03-12 06:20:00,296.65
2026-03-12 06:30:00,198.43
2026-03-12 06:40:00,277.77
2026-03-12 06:50:00,216.08
2026-03-12 07:00:00,235.57
2026-03-12 07:10:00,240.51
2026-03-12 07:20:00,223.73
2026-03-12 07:30:00,415.156
2026-03-12 07:40:00,266.26
2026-03-12 07:50:00,435.34
2026-03-12 08:00:00,194.96
2026-03-12 08:10:00,421.29
2026-03-12 08:20:00,754.14
2026-03-12 08:30:00,1666.6
2026-03-12 08:40:00,215.03
2026-03-12 08:50:00,373.13
2026-03-12 09:00:00,351.075
2026-03-12 09:10:00,675.84
2026-03-12 09:20:00,216.26
2026-03-12 09:30:00,318.078
2026-03-12 09:40:00,354.362
2026-03-12 09:50:00,284.2
2026-03-12 10:00:00,505.84
2026-03-12 10:10:00,661.55
2026-03-12 10:20:00,622.11
2026-03-12 10:30:00,426.289
2026-03-12 10:40:00,406.57
2026-03-12 10:50:00,256.32
2026-03-12 11:00:00,506.75
2026-03-12 11:10:00,466.31
2026-03-12 11:20:00,501.05
2026-03-12 11:30:00,964.38
2026-03-12 11:40:00,467.875
2026-03-12 11:50:00,440.92
2026-03-12 12:00:00,185.56
2026-03-12 12:10:00,424.24
2026-03-12 12:20:00,316.3
2026-03-12 12:30:00,295.19
2026-03-12 12:40:00,499.36
2026-03-12 12:50:00,286.1
2026-03-12 13:00:00,334.91
2026-03-12 13:10:00,527.92
2026-03-12 13:20:00,490.222
2026-03-12 13:30:00,306.32
2026-03-12 13:40:00,351.1
2026-03-12 13:50:00,276.04
2026-03-12 14:00:00,619.52
2026-03-12 14:10:00,411.28
2026-03-12 14:20:00,382.71
2026-03-12 14:30:00,244.56
2026-03-12 14:40:00,393.4
2026-03-12 14:50:00,254.23
2026-03-12 15:00:00,404.99
2026-03-12 15:10:00,665.47
2026-03-12 15:20:00,278.92
2026-03-12 15:30:00,301.82
2026-03-12 15:40:00,499.88
2026-03-12 15:50:00,344.529
2026-03-12 16:00:00,333.03
2026-03-12 16:10:00,278.8
2026-03-12 16:20:00,278.71
2026-03-12 16:30:00,239.422
2026-03-12 16:40:00,311.79
2026-03-12 16:50:00,251.6
2026-03-12 17:00:00,317.32
2026-03-12 17:10:00,184.82
2026-03-12 17:20:00,338.489
2026-03-12 17:30:00,193.57
2026-03-12 17:40:00,316.322
2026-03-12 17:50:00,201.91
2026-03-12 18:00:00,780.01
2026-03-12 18:10:00,403.6
2026-03-12 18:20:00,815.175
2026-03-12 18:30:00,421.56
2026-03-12 18:40:00,823.01
2026-03-12 18:50:00,1219.79
2026-03-12 19:00:00,1580.44
2026-03-12 19:10:00,457.02
2026-03-12 19:20:00,563.544
2026-03-12 19:30:00,422.988
2026-03-12 19:40:00,274.28
2026-03-12 19:50:00,1482.96
2026-03-12 20:00:00,1468.83
2026-03-12 20:10:00,849.878
2026-03-12 20:20:00,551.089
2026-03-12 20:30:00,367.24
2026-03-12 20:40:00,346.66
2026-03-12 20:50:00,480.16
2026-03-12 21:00:00,499.4
2026-03-12 21:10:00,858.912
2026-03-12 21:20:00,280.5
2026-03-12 21:30:00,386.5
2026-03-12 21:40:00,430.725
2026-03-12 21:50:00,479.02
2026-03-12 22:00:00,377.57
2026-03-12 22:10:00,317.95
2026-03-12 22:20:00,526.42
2026-03-12 22:30:00,438.51
2026-03-12 22:40:00,418.57
2026-03-12 22:50:00,477.5
2026-03-12 23:00:00,365.84
2026-03-12 23:10:00,665.07
2026-03-12 23:20:00,428.83
2026-03-12 23:30:00,218.325
2026-03-12 23:40:00,317.67
2026-03-12 23:50:00,216.422
2026-03-13 00:00:00,311.022
2026-03-13 00:10:00,194.1
2026-03-13 00:20:00,422.744
2026-03-13 00:30:00,199.61
2026-03-13 00:40:00,339.022
2026-03-13 00:50:00,196.244
2026-03-13 01:00:00,327.75
2026-03-13 01:10:00,193.11
2026-03-13 01:20:00,342.625
2026-03-13 01:30:00,200.5
2026-03-13 01:40:00,331.43
2026-03-13 01:50:00,198.4
2026-03-13 02:00:00,312.656
2026-03-13 02:10:00,243.72
2026-03-13 02:20:00,307.933
2026-03-13 02:30:00,197.41
2026-03-13 02:40:00,314.67
2026-03-13 02:50:00,193.078
2026-03-13 03:00:00,328.85
2026-03-13 03:10:00,729.46
2026-03-13 03:20:00,191.825
2026-03-13 03:30:00,258.54
2026-03-13 03:40:00,462.344
2026-03-13 03:50:00,312.07
2026-03-13 04:00:00,208.467
2026-03-13 04:10:00,351.46
2026-03-13 04:20:00,198.41
2026-03-13 04:30:00,333.778
2026-03-13 04:40:00,208.64
2026-03-13 04:50:00,298.77
2026-03-13 05:00:00,205.59
2026-03-13 05:10:00,341.45
2026-03-13 05:20:00,280.489
2026-03-13 05:30:00,411.93
2026-03-13 05:40:00,889.57
2026-03-13 05:50:00,357.34
2026-03-13 06:00:00,435.044
2026-03-13 06:10:00,311.6
2026-03-13 06:20:00,452.744
2026-03-13 06:30:00,278.767
2026-03-13 06:40:00,450.46
2026-03-13 06:50:00,490.6
2026-03-13 07:00:00,1400.82
2026-03-13 07:10:00,701.11
2026-03-13 07:20:00,380.07
2026-03-13 07:30:00,227.9
2026-03-13 07:40:00,259.31
2026-03-13 07:50:00,228.38
2026-03-13 08:00:00,240.538
2026-03-13 08:10:00,228.489
2026-03-13 08:20:00,222.788
2026-03-13 08:30:00,248.433
2026-03-13 08:40:00,243.85
2026-03-13 08:50:00,241.87
2026-03-13 09:00:00,245.157
2026-03-13 09:10:00,692.7
2026-03-13 09:20:00,200.51
2026-03-13 09:30:00,258.622
2026-03-13 09:40:00,341.55
2026-03-13 09:50:00,322.456
2026-03-13 10:00:00,187.15
2026-03-13 10:10:00,344.389
2026-03-13 10:20:00,204.378
2026-03-13 10:30:00,323.789
2026-03-13 10:40:00,203.91
2026-03-13 10:50:00,290.63
2026-03-13 11:00:00,219.956
2026-03-13 11:10:00,277.87
2026-03-13 11:20:00,234.61
2026-03-13 11:30:00,256.978
2026-03-13 11:40:00,243.333
2026-03-13 11:50:00,254.222
2026-03-13 12:00:00,227.29
2026-03-13 12:10:00,263.22
2026-03-13 12:20:00,348.92
2026-03-13 12:30:00,308.34
2026-03-13 12:40:00,248.39
2026-03-13 12:50:00,246.38
2026-03-13 13:00:00,254.122
2026-03-13 13:10:00,968.978
2026-03-13 13:20:00,1305.55
2026-03-13 13:30:00,588.65
2026-03-13 13:40:00,362.0
2026-03-13 13:50:00,440.48
2026-03-13 14:00:00,349.667
2026-03-13 14:10:00,356.49
2026-03-13 14:20:00,307.97
2026-03-13 14:30:00,329.463
2026-03-13 14:40:00,320.8
2026-03-13 14:50:00,412.2
2026-03-13 15:00:00,609.511
2026-03-13 15:10:00,731.9
2026-03-13 15:20:00,205.83
2026-03-13 15:30:00,250.07
2026-03-13 15:40:00,350.767
2026-03-13 15:50:00,342.062
2026-03-13 16:00:00,223.68
2026-03-13 16:10:00,285.425
2026-03-13 16:20:00,247.66
2026-03-13 16:30:00,312.73
2026-03-13 16:40:00,318.9
2026-03-13 16:50:00,353.378
2026-03-13 17:00:00,279.09
2026-03-13 17:10:00,445.83
2026-03-13 17:20:00,659.33
2026-03-13 17:30:00,845.067
2026-03-13 17:40:00,727.05
2026-03-13 17:50:00,342.078
2026-03-13 18:00:00,233.533
2026-03-13 18:10:00,346.1
2026-03-13 18:20:00,326.633
2026-03-13 18:30:00,299.412
2026-03-13 18:40:00,452.511
2026-03-13 18:50:00,349.725
2026-03-13 19:00:00,378.222
2026-03-13 19:10:00,201.79
2026-03-13 19:20:00,344.06
2026-03-13 19:30:00,204.84
2026-03-13 19:40:00,332.25
2026-03-13 19:50:00,265.175
2026-03-13 20:00:00,311.19
2026-03-13 20:10:00,207.23
2026-03-13 20:20:00,308.38
2026-03-13 20:30:00,210.3
2026-03-13 20:40:00,302.13
2026-03-13 20:50:00,244.14
2026-03-13 21:00:00,413.77
2026-03-13 21:10:00,680.312
2026-03-13 21:20:00,253.09
2026-03-13 21:30:00,303.756
2026-03-13 21:40:00,950.814
2026-03-13 21:50:00,1019.87
2026-03-13 22:00:00,530.24
2026-03-13 22:10:00,578.15
2026-03-13 22:20:00,274.5
2026-03-13 22:30:00,330.25
2026-03-13 22:40:00,471.967
2026-03-13 22:50:00,287.95
2026-03-13 23:00:00,256.63
2026-03-13 23:10:00,222.767
2026-03-13 23:20:00,271.85
2026-03-13 23:30:00,236.95
2026-03-13 23:40:00,277.644
2026-03-13 23:50:00,214.843
2026-03-14 00:00:00,278.456
2026-03-14 00:10:00,271.044
2026-03-14 00:20:00,283.32
2026-03-14 00:30:00,227.82
2026-03-14 00:40:00,285.67
2026-03-14 00:50:00,225.98
2026-03-14 01:00:00,333.82
2026-03-14 01:10:00,221.84
2026-03-14 01:20:00,443.93
2026-03-14 01:30:00,403.92
2026-03-14 01:40:00,395.033
2026-03-14 01:50:00,223.244
2026-03-14 02:00:00,288.456
2026-03-14 02:10:00,219.98
2026-03-14 02:20:00,287.733
2026-03-14 02:30:00,231.212
2026-03-14 02:40:00,274.111
2026-03-14 02:50:00,206.6
2026-03-14 03:00:00,263.288
2026-03-14 03:10:00,721.562
2026-03-14 03:20:00,238.59
2026-03-14 03:30:00,264.829
2026-03-14 03:40:00,353.05
2026-03-14 03:50:00,301.612
2026-03-14 04:00:00,207.03
2026-03-14 04:10:00,325.32
2026-03-14 04:20:00,190.55
2026-03-14 04:30:00,325.811
2026-03-14 04:40:00,194.611
2026-03-14 04:50:00,313.63
2026-03-14 05:00:00,209.756
2026-03-14 05:10:00,280.0
2026-03-14 05:20:00,270.288
2026-03-14 05:30:00,267.925
2026-03-14 05:40:00,193.85
2026-03-14 05:50:00,319.46
2026-03-14 06:00:00,264.18
2026-03-14 06:10:00,242.99
2026-03-14 06:20:00,233.822
2026-03-14 06:30:00,255.878
2026-03-14 06:40:00,243.97
2026-03-14 06:50:00,385.856
2026-03-14 07:00:00,326.53
2026-03-14 07:10:00,289.622
2026-03-14 07:20:00,223.162
2026-03-14 07:30:00,383.83
2026-03-14 07:40:00,264.87
2026-03-14 07:50:00,314.6
2026-03-14 08:00:00,255.76
2026-03-14 08:10:00,217.833
2026-03-14 08:20:00,258.81
2026-03-14 08:30:00,332.2
2026-03-14 08:40:00,384.111
2026-03-14 08:50:00,249.48
2026-03-14 09:00:00,711.4
2026-03-14 09:10:00,1207.5
2026-03-14 09:20:00,333.61
2026-03-14 09:30:00,353.656
2026-03-14 09:40:00,343.856
2026-03-14 09:50:00,309.84
2026-03-14 10:00:00,201.22
2026-03-14 10:10:00,317.15
2026-03-14 10:20:00,234.28
2026-03-14 10:30:00,324.84
2026-03-14 10:40:00,290.53
2026-03-14 10:50:00,293.33
2026-03-14 11:00:00,216.98
2026-03-14 11:10:00,376.033
2026-03-14 11:20:00,348.725
2026-03-14 11:30:00,724.2
2026-03-14 11:40:00,517.057
2026-03-14 11:50:00,419.111
2026-03-14 12:00:00,292.4
2026-03-14 12:10:00,822.4
2026-03-14 12:20:00,1109.544
2026-03-14 12:30:00,472.157
2026-03-14 12:40:00,276.9
2026-03-14 12:50:00,321.767
2026-03-14 13:00:00,847.762
2026-03-14 13:10:00,781.81
