FechaMedicion,Potencia
2026-02-15 13:10:00,61.62
2026-02-15 13:20:00,65.475
2026-02-15 13:30:00,65.88
2026-02-15 13:40:00,66.3
2026-02-15 13:50:00,73.29
2026-02-15 14:00:00,78.25
2026-02-15 14:10:00,76.11
2026-02-15 14:20:00,80.08
2026-02-15 14:30:00,90.34
2026-02-15 14:40:00,108.13
2026-02-15 14:50:00,107.66
2026-02-15 15:00:00,107.89
2026-02-15 15:10:00,107.85
2026-02-15 15:20:00,105.01
2026-02-15 15:30:00,72.19
2026-02-15 15:40:00,71.27
2026-02-15 15:50:00,75.94
2026-02-15 16:00:00,104.06
2026-02-15 16:10:00,112.43
2026-02-15 16:20:00,115.39
2026-02-15 16:30:00,112.96
2026-02-15 16:40:00,113.53
2026-02-15 16:50:00,101.53
2026-02-15 17:00:00,96.08
2026-02-15 17:10:00,503.36
2026-02-15 17:20:00,944.28
2026-02-15 17:30:00,961.68
2026-02-15 17:40:00,974.46
2026-02-15 17:50:00,990.72
2026-02-15 18:00:00,986.06
2026-02-15 18:10:00,921.43
2026-02-15 18:20:00,900.45
2026-02-15 18:30:00,919.08
2026-02-15 18:40:00,531.32
2026-02-15 18:50:00,938.73
2026-02-15 19:00:00,888.1
2026-02-15 19:10:00,918.95
2026-02-15 19:20:00,887.586
2026-02-15 19:30:00,560.74
2026-02-15 19:40:00,541.5
2026-02-15 19:50:00,192.79
2026-02-15 20:00:00,172.58
2026-02-15 20:10:00,172.57
2026-02-15 20:20:00,169.94
2026-02-15 20:30:00,155.79
2026-02-15 20:40:00,138.32
2026-02-15 20:50:00,135.75
2026-02-15 21:00:00,132.64
2026-02-15 21:10:00,135.0
2026-02-15 21:20:00,133.59
2026-02-15 21:30:00,51.49
2026-02-15 21:40:00,37.82
2026-02-15 21:50:00,34.956
2026-02-15 22:00:00,35.36
2026-02-15 22:10:00,704.74
2026-02-15 22:20:00,788.23
2026-02-15 22:30:00,476.08
2026-02-15 22:40:00,32.07
2026-02-15 22:50:00,29.64
2026-02-15 23:00:00,30.89
2026-02-15 23:10:00,29.38
2026-02-15 23:20:00,29.35
2026-02-15 23:30:00,29.57
2026-02-15 23:40:00,33.3
2026-02-15 23:50:00,34.03
2026-02-16 00:00:00,30.9
2026-02-16 00:10:00,29.51
2026-02-16 00:20:00,29.44
2026-02-16 00:30:00,29.69
2026-02-16 00:40:00,29.65
2026-02-16 00:50:00,29.57
2026-02-16 01:00:00,29.44
2026-02-16 01:10:00,29.45
2026-02-16 01:20:00,29.47
2026-02-16 01:30:00,29.53
2026-02-16 01:40:00,29.73
2026-02-16 01:50:00,29.6
2026-02-16 02:00:00,29.54
2026-02-16 02:10:00,29.43
2026-02-16 02:20:00,29.42
2026-02-16 02:30:00,31.64
2026-02-16 02:40:00,29.56
2026-02-16 02:50:00,29.55
2026-02-16 03:00:00,29.53
2026-02-16 03:10:00,29.44
2026-02-16 03:20:00,29.5
2026-02-16 03:30:00,33.4
2026-02-16 03:40:00,35.06
2026-02-16 03:50:00,35.02
2026-02-16 04:00:00,34.82
2026-02-16 04:10:00,34.87
2026-02-16 04:20:00,34.86
2026-02-16 04:30:00,34.85
2026-02-16 04:40:00,34.99
2026-02-16 04:50:00,34.95
2026-02-16 05:00:00,34.89
2026-02-16 05:10:00,34.82
2026-02-16 05:20:00,34.74
2026-02-16 05:30:00,36.78
2026-02-16 05:40:00,37.83
2026-02-16 05:50:00,33.72
2026-02-16 06:00:00,31.63
2026-02-16 06:10:00,30.01
2026-02-16 06:20:00,31.25
2026-02-16 06:30:00,29.54
2026-02-16 06:40:00,29.58
2026-02-16 06:50:00,29.64
2026-02-16 07:00:00,29.5
2026-02-16 07:10:00,29.32
2026-02-16 07:20:00,34.28
2026-02-16 07:30:00,94.03
2026-02-16 07:40:00,128.11
2026-02-16 07:50:00,104.67
2026-02-16 08:00:00,150.98
2026-02-16 08:10:00,156.67
2026-02-16 08:20:00,225.76
2026-02-16 08:30:00,220.13
2026-02-16 08:40:00,210.54
2026-02-16 08:50:00,198.03
2026-02-16 09:00:00,216.45
2026-02-16 09:10:00,271.48
2026-02-16 09:20:00,167.11
2026-02-16 09:30:00,143.66
2026-02-16 09:40:00,129.2
2026-02-16 09:50:00,131.98
2026-02-16 10:00:00,118.43
2026-02-16 10:10:00,124.89
2026-02-16 10:20:00,80.0
2026-02-16 10:30:00,136.22
2026-02-16 10:40:00,145.8
2026-02-16 10:50:00,130.33
2026-02-16 11:00:00,104.3
2026-02-16 11:10:00,122.65
2026-02-16 11:20:00,129.61
2026-02-16 11:30:00,115.39
2026-02-16 11:40:00,143.63
2026-02-16 11:50:00,191.07
2026-02-16 12:00:00,176.77
2026-02-16 12:10:00,194.07
2026-02-16 12:20:00,187.62
2026-02-16 12:30:00,134.33
2026-02-16 12:40:00,117.23
2026-02-16 12:50:00,92.27
2026-02-16 13:00:00,83.37
2026-02-16 13:10:00,78.76
2026-02-16 13:20:00,72.21
2026-02-16 13:30:00,68.05
2026-02-16 13:40:00,65.59
2026-02-16 13:50:00,65.27
2026-02-16 14:00:00,94.43
2026-02-16 14:10:00,112.06
2026-02-16 14:20:00,146.21
2026-02-16 14:30:00,148.83
2026-02-16 14:40:00,151.12
2026-02-16 14:50:00,159.05
2026-02-16 15:00:00,148.58
2026-02-16 15:10:00,119.18
2026-02-16 15:20:00,100.767
2026-02-16 15:30:00,116.556
2026-02-16 15:40:00,108.53
2026-02-16 15:50:00,113.03
2026-02-16 16:00:00,101.65
2026-02-16 16:10:00,105.58
2026-02-16 16:20:00,92.48
2026-02-16 16:30:00,87.53
2026-02-16 16:40:00,92.12
2026-02-16 16:50:00,89.82
2026-02-16 17:00:00,88.88
2026-02-16 17:10:00,119.0
2026-02-16 17:20:00,151.79
2026-02-16 17:30:00,151.2
2026-02-16 17:40:00,150.58
2026-02-16 17:50:00,157.0
2026-02-16 18:00:00,179.65
2026-02-16 18:10:00,209.48
2026-02-16 18:20:00,206.63
2026-02-16 18:30:00,218.08
2026-02-16 18:40:00,223.62
2026-02-16 18:50:00,195.86
2026-02-16 19:00:00,143.52
2026-02-16 19:10:00,121.94
2026-02-16 19:20:00,214.98
2026-02-16 19:30:00,194.01
2026-02-16 19:40:00,160.76
2026-02-16 19:50:00,192.58
2026-02-16 20:00:00,212.98
2026-02-16 20:10:00,210.31
2026-02-16 20:20:00,210.514
2026-02-16 20:30:00,186.77
2026-02-16 20:40:00,179.5
2026-02-16 20:50:00,180.12
2026-02-16 21:00:00,177.58
2026-02-16 21:10:00,179.06
2026-02-16 21:20:00,634.54
2026-02-16 21:30:00,945.53
2026-02-16 21:40:00,866.6
2026-02-16 21:50:00,847.25
2026-02-16 22:00:00,875.589
2026-02-16 22:10:00,852.31
2026-02-16 22:20:00,868.94
2026-02-16 22:30:00,709.79
2026-02-16 22:40:00,51.33
2026-02-16 22:50:00,21.58
2026-02-16 23:00:00,21.13
2026-02-16 23:10:00,25.16
2026-02-16 23:20:00,19.94
2026-02-16 23:30:00,24.45
2026-02-16 23:40:00,23.47
2026-02-16 23:50:00,19.78
2026-02-17 00:00:00,19.76
2026-02-17 00:10:00,19.73
2026-02-17 00:20:00,19.78
2026-02-17 00:30:00,21.36
2026-02-17 00:40:00,19.84
2026-02-17 00:50:00,19.8
2026-02-17 01:00:00,19.756
2026-02-17 01:10:00,19.87
2026-02-17 01:20:00,19.77
2026-02-17 01:30:00,19.94
2026-02-17 01:40:00,19.8
2026-02-17 01:50:00,19.84
2026-02-17 02:00:00,19.68
2026-02-17 02:10:00,21.1
2026-02-17 02:20:00,19.75
2026-02-17 02:30:00,19.87
2026-02-17 02:40:00,19.88
2026-02-17 02:50:00,19.81
2026-02-17 03:00:00,19.7
2026-02-17 03:10:00,19.74
2026-02-17 03:20:00,19.76
2026-02-17 03:30:00,23.54
2026-02-17 03:40:00,27.3
2026-02-17 03:50:00,27.812
2026-02-17 04:00:00,25.25
2026-02-17 04:10:00,25.65
2026-02-17 04:20:00,25.27
2026-02-17 04:30:00,25.26
2026-02-17 04:40:00,25.21
2026-02-17 04:50:00,25.13
2026-02-17 05:00:00,27.19
2026-02-17 05:10:00,25.07
2026-02-17 05:20:00,25.14
2026-02-17 05:30:00,25.2
2026-02-17 05:40:00,23.96
2026-02-17 05:50:00,19.62
2026-02-17 06:00:00,19.65
2026-02-17 06:10:00,19.82
2026-02-17 06:20:00,19.75
2026-02-17 06:30:00,19.77
2026-02-17 06:40:00,19.91
2026-02-17 06:50:00,19.71
2026-02-17 07:00:00,19.78
2026-02-17 07:10:00,19.65
2026-02-17 07:20:00,22.8
2026-02-17 07:30:00,48.6
2026-02-17 07:40:00,55.1
2026-02-17 07:50:00,54.83
2026-02-17 08:00:00,49.61
2026-02-17 08:10:00,49.57
2026-02-17 08:20:00,58.66
2026-02-17 08:30:00,101.65
2026-02-17 08:40:00,80.26
2026-02-17 08:50:00,69.4
2026-02-17 09:00:00,104.23
2026-02-17 09:10:00,83.4
2026-02-17 09:20:00,82.88
2026-02-17 09:30:00,47.82
2026-02-17 09:40:00,80.32
2026-02-17 09:50:00,60.17
2026-02-17 10:00:00,24.21
2026-02-17 10:10:00,23.66
2026-02-17 10:20:00,22.77
2026-02-17 10:30:00,205.71
2026-02-17 10:40:00,20.96
2026-02-17 10:50:00,20.92
2026-02-17 11:00:00,20.6
2026-02-17 11:10:00,143.09
2026-02-17 11:20:00,20.08
2026-02-17 11:30:00,19.86
2026-02-17 11:40:00,19.85
2026-02-17 11:50:00,19.96
2026-02-17 12:00:00,19.96
2026-02-17 12:10:00,19.84
2026-02-17 12:20:00,19.55
2026-02-17 12:30:00,19.58
2026-02-17 12:40:00,19.62
2026-02-17 12:50:00,47.75
2026-02-17 13:00:00,19.9
2026-02-17 13:10:00,19.7
2026-02-17 13:20:00,19.74
2026-02-17 13:30:00,20.057
2026-02-17 13:40:00,19.83
2026-02-17 13:50:00,19.61
2026-02-17 14:00:00,19.78
2026-02-17 14:10:00,20.26
2026-02-17 14:20:00,19.87
2026-02-17 14:30:00,19.9
2026-02-17 14:40:00,94.95
2026-02-17 14:50:00,85.47
2026-02-17 15:00:00,86.2
2026-02-17 15:10:00,81.34
2026-02-17 15:20:00,79.41
2026-02-17 15:30:00,78.73
2026-02-17 15:40:00,80.79
2026-02-17 15:50:00,86.35
2026-02-17 16:00:00,123.94
2026-02-17 16:10:00,146.22
2026-02-17 16:20:00,427.362
2026-02-17 16:30:00,905.244
2026-02-17 16:40:00,912.556
2026-02-17 16:50:00,907.28
2026-02-17 17:00:00,889.45
2026-02-17 17:10:00,906.0
2026-02-17 17:20:00,873.06
2026-02-17 17:30:00,924.07
2026-02-17 17:40:00,943.61
2026-02-17 17:50:00,952.75
2026-02-17 18:00:00,759.01
2026-02-17 18:10:00,198.33
2026-02-17 18:20:00,199.08
2026-02-17 18:30:00,203.21
2026-02-17 18:40:00,207.28
2026-02-17 18:50:00,175.13
2026-02-17 19:00:00,161.425
2026-02-17 19:10:00,181.24
2026-02-17 19:20:00,167.522
2026-02-17 19:30:00,147.683
2026-02-17 19:40:00,144.5
2026-02-17 19:50:00,142.32
2026-02-17 20:00:00,131.562
2026-02-17 20:10:00,142.5
2026-02-17 20:20:00,145.67
2026-02-17 20:30:00,158.09
2026-02-17 20:40:00,141.74
2026-02-17 20:50:00,142.34
2026-02-17 21:00:00,134.01
2026-02-17 21:10:00,143.0
2026-02-17 21:20:00,126.68
2026-02-17 21:30:00,76.71
2026-02-17 21:40:00,755.15
2026-02-17 21:50:00,736.96
2026-02-17 22:00:00,36.61
2026-02-17 22:10:00,30.43
2026-02-17 22:20:00,26.69
2026-02-17 22:30:00,24.34
2026-02-17 22:40:00,20.362
2026-02-17 22:50:00,21.92
2026-02-17 23:00:00,21.48
2026-02-17 23:10:00,19.812
2026-02-17 23:20:00,19.875
2026-02-17 23:30:00,20.15
2026-02-17 23:40:00,19.8
2026-02-17 23:50:00,19.79
2026-02-18 00:00:00,19.84
2026-02-18 00:10:00,19.762
2026-02-18 00:20:00,19.76
2026-02-18 00:30:00,21.86
2026-02-18 00:40:00,19.86
2026-02-18 00:50:00,19.94
2026-02-18 01:00:00,20.45
2026-02-18 01:10:00,19.83
2026-02-18 01:20:00,19.73
2026-02-18 01:30:00,19.8
2026-02-18 01:40:00,19.85
2026-02-18 01:50:00,19.77
2026-02-18 02:00:00,19.81
2026-02-18 02:10:00,19.86
2026-02-18 02:20:00,19.9
2026-02-18 02:30:00,22.3
2026-02-18 02:40:00,23.83
2026-02-18 02:50:00,19.71
2026-02-18 03:00:00,19.87
2026-02-18 03:10:00,19.9
2026-02-18 03:20:00,19.79
2026-02-18 03:30:00,23.61
2026-02-18 03:40:00,25.29
2026-02-18 03:50:00,25.67
2026-02-18 04:00:00,25.72
2026-02-18 04:10:00,25.27
2026-02-18 04:20:00,25.37
2026-02-18 04:30:00,25.24
2026-02-18 04:40:00,25.15
2026-02-18 04:50:00,25.1
2026-02-18 05:00:00,25.17
2026-02-18 05:10:00,25.12
2026-02-18 05:20:00,25.35
2026-02-18 05:30:00,25.5
2026-02-18 05:40:00,49.96
2026-02-18 05:50:00,50.39
2026-02-18 06:00:00,19.64
2026-02-18 06:10:00,19.72
2026-02-18 06:20:00,57.98
2026-02-18 06:30:00,147.875
2026-02-18 06:40:00,163.92
2026-02-18 06:50:00,132.96
2026-02-18 07:00:00,109.09
2026-02-18 07:10:00,100.58
2026-02-18 07:20:00,94.87
2026-02-18 07:30:00,166.5
2026-02-18 07:40:00,871.74
2026-02-18 07:50:00,84.13
2026-02-18 08:00:00,109.2
2026-02-18 08:10:00,108.96
2026-02-18 08:20:00,112.48
2026-02-18 08:30:00,125.37
2026-02-18 08:40:00,164.88
2026-02-18 08:50:00,120.94
2026-02-18 09:00:00,110.43
2026-02-18 09:10:00,116.02
2026-02-18 09:20:00,111.51
2026-02-18 09:30:00,107.88
2026-02-18 09:40:00,107.83
2026-02-18 09:50:00,101.63
2026-02-18 10:00:00,107.3
2026-02-18 10:10:00,112.32
2026-02-18 10:20:00,108.48
2026-02-18 10:30:00,115.18
2026-02-18 10:40:00,109.16
2026-02-18 10:50:00,109.26
2026-02-18 11:00:00,122.81
2026-02-18 11:10:00,120.03
2026-02-18 11:20:00,120.12
2026-02-18 11:30:00,112.18
2026-02-18 11:40:00,113.26
2026-02-18 11:50:00,119.12
2026-02-18 12:00:00,113.31
2026-02-18 12:10:00,111.83
2026-02-18 12:20:00,111.63
2026-02-18 12:30:00,109.36
2026-02-18 12:40:00,110.21
2026-02-18 12:50:00,108.88
2026-02-18 13:00:00,107.89
2026-02-18 13:10:00,111.94
2026-02-18 13:20:00,104.21
2026-02-18 13:30:00,102.925
2026-02-18 13:40:00,101.64
2026-02-18 13:50:00,100.01
2026-02-18 14:00:00,106.79
2026-02-18 14:10:00,104.4
2026-02-18 14:20:00,110.02
2026-02-18 14:30:00,103.67
2026-02-18 14:40:00,107.2
2026-02-18 14:50:00,106.88
2026-02-18 15:00:00,142.66
2026-02-18 15:10:00,135.83
2026-02-18 15:20:00,137.94
2026-02-18 15:30:00,136.06
2026-02-18 15:40:00,138.76
2026-02-18 15:50:00,133.15
2026-02-18 16:00:00,117.56
2026-02-18 16:10:00,108.77
2026-02-18 16:20:00,111.63
2026-02-18 16:30:00,109.17
2026-02-18 16:40:00,151.61
2026-02-18 16:50:00,178.49
2026-02-18 17:00:00,213.13
2026-02-18 17:10:00,234.82
2026-02-18 17:20:00,233.79
2026-02-18 17:30:00,226.1
2026-02-18 17:40:00,174.92
2026-02-18 17:50:00,174.14
2026-02-18 18:00:00,191.59
2026-02-18 18:10:00,167.42
2026-02-18 18:20:00,141.08
2026-02-18 18:30:00,129.91
2026-02-18 18:40:00,40.57
2026-02-18 18:50:00,38.23
2026-02-18 19:00:00,35.36
2026-02-18 19:10:00,37.74
2026-02-18 19:20:00,37.7
2026-02-18 19:30:00,34.9
2026-02-18 19:40:00,35.02
2026-02-18 19:50:00,35.12
2026-02-18 20:00:00,36.53
2026-02-18 20:10:00,50.69
2026-02-18 20:20:00,76.12
2026-02-18 20:30:00,76.69
2026-02-18 20:40:00,62.62
2026-02-18 20:50:00,117.45
2026-02-18 21:00:00,151.59
2026-02-18 21:10:00,115.05
2026-02-18 21:20:00,147.52
2026-02-18 21:30:00,163.922
2026-02-18 21:40:00,202.15
2026-02-18 21:50:00,842.79
2026-02-18 22:00:00,870.03
2026-02-18 22:10:00,859.36
2026-02-18 22:20:00,234.57
2026-02-18 22:30:00,76.19
2026-02-18 22:40:00,68.22
2026-02-18 22:50:00,65.11
2026-02-18 23:00:00,71.55
2026-02-18 23:10:00,64.34
2026-02-18 23:20:00,41.23
2026-02-18 23:30:00,25.93
2026-02-18 23:40:00,25.87
2026-02-18 23:50:00,22.01
2026-02-19 00:00:00,21.28
2026-02-19 00:10:00,19.81
2026-02-19 00:20:00,19.74
2026-02-19 00:30:00,19.64
2026-02-19 00:40:00,19.65
2026-02-19 00:50:00,19.81
2026-02-19 01:00:00,21.81
2026-02-19 01:10:00,19.76
2026-02-19 01:20:00,19.68
2026-02-19 01:30:00,19.71
2026-02-19 01:40:00,23.73
2026-02-19 01:50:00,19.82
2026-02-19 02:00:00,20.17
2026-02-19 02:10:00,19.86
2026-02-19 02:20:00,22.95
2026-02-19 02:30:00,19.65
2026-02-19 02:40:00,19.68
2026-02-19 02:50:00,19.56
2026-02-19 03:00:00,19.68
2026-02-19 03:10:00,19.788
2026-02-19 03:20:00,19.81
2026-02-19 03:30:00,23.55
2026-02-19 03:40:00,25.22
2026-02-19 03:50:00,25.24
2026-02-19 04:00:00,25.21
2026-02-19 04:10:00,25.38
2026-02-19 04:20:00,25.15
2026-02-19 04:30:00,27.16
2026-02-19 04:40:00,25.98
2026-02-19 04:50:00,28.45
2026-02-19 05:00:00,25.23
2026-02-19 05:10:00,25.08
2026-02-19 05:20:00,25.14
2026-02-19 05:30:00,32.21
2026-02-19 05:40:00,54.21
2026-02-19 05:50:00,48.78
2026-02-19 06:00:00,21.7
2026-02-19 06:10:00,20.25
2026-02-19 06:20:00,23.14
2026-02-19 06:30:00,20.1
2026-02-19 06:40:00,19.75
2026-02-19 06:50:00,19.53
2026-02-19 07:00:00,19.58
2026-02-19 07:10:00,19.65
2026-02-19 07:20:00,31.2
2026-02-19 07:30:00,56.11
2026-02-19 07:40:00,57.04
2026-02-19 07:50:00,57.31
2026-02-19 08:00:00,462.24
2026-02-19 08:10:00,858.78
2026-02-19 08:20:00,818.66
2026-02-19 08:30:00,834.01
2026-02-19 08:40:00,826.97
2026-02-19 08:50:00,857.88
2026-02-19 09:00:00,833.8
2026-02-19 09:10:00,828.17
2026-02-19 09:20:00,858.02
2026-02-19 09:30:00,855.31
2026-02-19 09:40:00,849.18
2026-02-19 09:50:00,851.25
2026-02-19 10:00:00,853.73
2026-02-19 10:10:00,848.52
2026-02-19 10:20:00,861.55
2026-02-19 10:30:00,917.87
2026-02-19 10:40:00,926.74
2026-02-19 10:50:00,883.222
2026-02-19 11:00:00,869.99
2026-02-19 11:10:00,883.9
2026-02-19 11:20:00,900.56
2026-02-19 11:30:00,996.36
2026-02-19 11:40:00,897.78
2026-02-19 11:50:00,828.356
2026-02-19 12:00:00,760.94
2026-02-19 12:10:00,107.53
2026-02-19 12:20:00,104.18
2026-02-19 12:30:00,106.71
2026-02-19 12:40:00,109.9
2026-02-19 12:50:00,108.975
2026-02-19 13:00:00,116.73
2026-02-19 13:10:00,100.54
2026-02-19 13:20:00,99.32
2026-02-19 13:30:00,93.962
2026-02-19 13:40:00,95.4
2026-02-19 13:50:00,91.52
2026-02-19 14:00:00,98.85
2026-02-19 14:10:00,107.54
2026-02-19 14:20:00,107.33
2026-02-19 14:30:00,760.3
2026-02-19 14:40:00,849.46
2026-02-19 14:50:00,842.09
2026-02-19 15:00:00,827.53
2026-02-19 15:10:00,841.38
2026-02-19 15:20:00,834.37
2026-02-19 15:30:00,852.2
2026-02-19 15:40:00,877.5
2026-02-19 15:50:00,850.725
2026-02-19 16:00:00,846.12
2026-02-19 16:10:00,827.14
2026-02-19 16:20:00,847.93
2026-02-19 16:30:00,844.08
2026-02-19 16:40:00,864.144
2026-02-19 16:50:00,832.511
2026-02-19 17:00:00,850.812
2026-02-19 17:10:00,859.71
2026-02-19 17:20:00,874.12
2026-02-19 17:30:00,869.65
2026-02-19 17:40:00,841.95
2026-02-19 17:50:00,878.84
2026-02-19 18:00:00,537.212
2026-02-19 18:10:00,152.17
2026-02-19 18:20:00,157.425
2026-02-19 18:30:00,157.02
2026-02-19 18:40:00,145.38
2026-02-19 18:50:00,181.32
2026-02-19 19:00:00,184.78
2026-02-19 19:10:00,181.5
2026-02-19 19:20:00,178.78
2026-02-19 19:30:00,207.13
2026-02-19 19:40:00,244.34
2026-02-19 19:50:00,251.49
2026-02-19 20:00:00,196.8
2026-02-19 20:10:00,214.36
2026-02-19 20:20:00,182.29
2026-02-19 20:30:00,200.57
2026-02-19 20:40:00,202.49
2026-02-19 20:50:00,208.78
2026-02-19 21:00:00,211.9
2026-02-19 21:10:00,136.76
2026-02-19 21:20:00,158.55
2026-02-19 21:30:00,170.88
2026-02-19 21:40:00,894.86
2026-02-19 21:50:00,869.66
2026-02-19 22:00:00,577.3
2026-02-19 22:10:00,89.18
2026-02-19 22:20:00,41.64
2026-02-19 22:30:00,23.15
2026-02-19 22:40:00,20.375
2026-02-19 22:50:00,22.48
2026-02-19 23:00:00,20.27
2026-02-19 23:10:00,20.3
2026-02-19 23:20:00,20.24
2026-02-19 23:30:00,20.362
2026-02-19 23:40:00,20.51
2026-02-19 23:50:00,20.34
2026-02-20 00:00:00,20.41
2026-02-20 00:10:00,20.36
2026-02-20 00:20:00,20.4
2026-02-20 00:30:00,20.34
2026-02-20 00:40:00,20.54
2026-02-20 00:50:00,20.46
2026-02-20 01:00:00,20.33
2026-02-20 01:10:00,20.17
2026-02-20 01:20:00,20.26
2026-02-20 01:30:00,20.04
2026-02-20 01:40:00,20.12
2026-02-20 01:50:00,20.68
2026-02-20 02:00:00,20.41
2026-02-20 02:10:00,20.2
2026-02-20 02:20:00,20.22
2026-02-20 02:30:00,20.26
2026-02-20 02:40:00,20.22
2026-02-20 02:50:00,22.54
2026-02-20 03:00:00,20.47
2026-02-20 03:10:00,20.26
2026-02-20 03:20:00,20.21
2026-02-20 03:30:00,30.26
2026-02-20 03:40:00,25.77
2026-02-20 03:50:00,25.85
2026-02-20 04:00:00,25.83
2026-02-20 04:10:00,25.98
2026-02-20 04:20:00,25.81
2026-02-20 04:30:00,25.72
2026-02-20 04:40:00,25.72
2026-02-20 04:50:00,26.9
2026-02-20 05:00:00,27.93
2026-02-20 05:10:00,25.775
2026-02-20 05:20:00,25.84
2026-02-20 05:30:00,25.65
2026-02-20 05:40:00,52.79
2026-02-20 05:50:00,50.09
2026-02-20 06:00:00,27.31
2026-02-20 06:10:00,20.21
2026-02-20 06:20:00,22.15
2026-02-20 06:30:00,20.32
2026-02-20 06:40:00,20.04
2026-02-20 06:50:00,20.03
2026-02-20 07:00:00,20.11
2026-02-20 07:10:00,20.2
2026-02-20 07:20:00,20.03
2026-02-20 07:30:00,20.1
2026-02-20 07:40:00,19.96
2026-02-20 07:50:00,19.65
2026-02-20 08:00:00,19.73
2026-02-20 08:10:00,19.48
2026-02-20 08:20:00,50.19
2026-02-20 08:30:00,385.53
2026-02-20 08:40:00,787.96
2026-02-20 08:50:00,833.0
2026-02-20 09:00:00,840.77
2026-02-20 09:10:00,852.38
2026-02-20 09:20:00,840.52
2026-02-20 09:30:00,845.79
2026-02-20 09:40:00,829.75
2026-02-20 09:50:00,784.72
2026-02-20 10:00:00,784.71
2026-02-20 10:10:00,820.75
2026-02-20 10:20:00,839.53
2026-02-20 10:30:00,824.15
2026-02-20 10:40:00,823.99
2026-02-20 10:50:00,831.556
2026-02-20 11:00:00,840.46
2026-02-20 11:10:00,850.89
2026-02-20 11:20:00,860.07
2026-02-20 11:30:00,838.54
2026-02-20 11:40:00,825.49
2026-02-20 11:50:00,829.613
2026-02-20 12:00:00,857.44
2026-02-20 12:10:00,864.47
2026-02-20 12:20:00,839.72
2026-02-20 12:30:00,864.28
2026-02-20 12:40:00,833.45
2026-02-20 12:50:00,813.26
2026-02-20 13:00:00,683.38
2026-02-20 13:10:00,109.25
2026-02-20 13:20:00,123.77
2026-02-20 13:30:00,125.7
2026-02-20 13:40:00,93.9
2026-02-20 13:50:00,92.01
2026-02-20 14:00:00,112.97
2026-02-20 14:10:00,100.88
2026-02-20 14:20:00,120.65
2026-02-20 14:30:00,114.5
2026-02-20 14:40:00,111.15
2026-02-20 14:50:00,110.71
2026-02-20 15:00:00,115.862
2026-02-20 15:10:00,111.41
2026-02-20 15:20:00,110.59
2026-02-20 15:30:00,131.912
2026-02-20 15:40:00,196.65
2026-02-20 15:50:00,197.83
2026-02-20 16:00:00,200.34
2026-02-20 16:10:00,201.68
2026-02-20 16:20:00,161.61
2026-02-20 16:30:00,134.81
2026-02-20 16:40:00,136.81
2026-02-20 16:50:00,188.49
2026-02-20 17:00:00,217.48
2026-02-20 17:10:00,169.84
2026-02-20 17:20:00,131.54
2026-02-20 17:30:00,131.6
2026-02-20 17:40:00,154.72
2026-02-20 17:50:00,135.43
2026-02-20 18:00:00,156.34
2026-02-20 18:10:00,61.6
2026-02-20 18:20:00,26.37
2026-02-20 18:30:00,26.05
2026-02-20 18:40:00,25.87
2026-02-20 18:50:00,49.76
2026-02-20 19:00:00,75.69
2026-02-20 19:10:00,74.95
2026-02-20 19:20:00,74.47
2026-02-20 19:30:00,74.61
2026-02-20 19:40:00,60.45
2026-02-20 19:50:00,35.42
2026-02-20 20:00:00,34.03
2026-02-20 20:10:00,39.075
2026-02-20 20:20:00,34.04
2026-02-20 20:30:00,35.51
2026-02-20 20:40:00,40.82
2026-02-20 20:50:00,106.25
2026-02-20 21:00:00,108.15
2026-02-20 21:10:00,110.14
2026-02-20 21:20:00,109.5
2026-02-20 21:30:00,108.98
2026-02-20 21:40:00,88.56
2026-02-20 21:50:00,76.71
2026-02-20 22:00:00,72.37
2026-02-20 22:10:00,69.65
2026-02-20 22:20:00,56.69
2026-02-20 22:30:00,22.88
2026-02-20 22:40:00,20.93
2026-02-20 22:50:00,20.91
2026-02-20 23:00:00,20.95
2026-02-20 23:10:00,19.93
2026-02-20 23:20:00,20.06
2026-02-20 23:30:00,19.88
2026-02-20 23:40:00,19.82
2026-02-20 23:50:00,19.94
2026-02-21 00:00:00,19.8
2026-02-21 00:10:00,19.83
2026-02-21 00:20:00,19.94
2026-02-21 00:30:00,19.84
2026-02-21 00:40:00,20.138
2026-02-21 00:50:00,20.13
2026-02-21 01:00:00,21.81
2026-02-21 01:10:00,25.75
2026-02-21 01:20:00,19.69
2026-02-21 01:30:00,19.74
2026-02-21 01:40:00,19.88
2026-02-21 01:50:00,19.88
2026-02-21 02:00:00,19.83
2026-02-21 02:10:00,22.13
2026-02-21 02:20:00,20.06
2026-02-21 02:30:00,19.76
2026-02-21 02:40:00,19.74
2026-02-21 02:50:00,19.9
2026-02-21 03:00:00,22.01
2026-02-21 03:10:00,19.79
2026-02-21 03:20:00,19.87
2026-02-21 03:30:00,23.6
2026-02-21 03:40:00,25.69
2026-02-21 03:50:00,25.5
2026-02-21 04:00:00,25.36
2026-02-21 04:10:00,25.38
2026-02-21 04:20:00,25.27
2026-02-21 04:30:00,25.23
2026-02-21 04:40:00,25.08
2026-02-21 04:50:00,25.19
2026-02-21 05:00:00,25.26
2026-02-21 05:10:00,25.688
2026-02-21 05:20:00,25.52
2026-02-21 05:30:00,25.24
2026-02-21 05:40:00,24.16
2026-02-21 05:50:00,19.76
2026-02-21 06:00:00,19.71
2026-02-21 06:10:00,19.88
2026-02-21 06:20:00,19.98
2026-02-21 06:30:00,20.01
2026-02-21 06:40:00,20.1
2026-02-21 06:50:00,20.06
2026-02-21 07:00:00,19.675
2026-02-21 07:10:00,19.7
2026-02-21 07:20:00,20.12
2026-02-21 07:30:00,19.79
2026-02-21 07:40:00,19.68
2026-02-21 07:50:00,19.66
2026-02-21 08:00:00,19.64
2026-02-21 08:10:00,19.73
2026-02-21 08:20:00,19.63
2026-02-21 08:30:00,19.75
2026-02-21 08:40:00,19.94
2026-02-21 08:50:00,20.11
2026-02-21 09:00:00,19.72
2026-02-21 09:10:00,19.58
2026-02-21 09:20:00,19.6
2026-02-21 09:30:00,19.55
2026-02-21 09:40:00,19.6
2026-02-21 09:50:00,19.65
2026-02-21 10:00:00,19.94
2026-02-21 10:10:00,19.76
2026-02-21 10:20:00,20.02
2026-02-21 10:30:00,19.51
2026-02-21 10:40:00,19.538
2026-02-21 10:50:00,19.39
2026-02-21 11:00:00,19.62
2026-02-21 11:10:00,19.55
2026-02-21 11:20:00,19.65
2026-02-21 11:30:00,19.47
2026-02-21 11:40:00,19.65
2026-02-21 11:50:00,19.86
2026-02-21 12:00:00,19.62
2026-02-21 12:10:00,19.81
2026-02-21 12:20:00,19.67
2026-02-21 12:30:00,19.575
2026-02-21 12:40:00,19.47
2026-02-21 12:50:00,19.57
2026-02-21 13:00:00,19.94
2026-02-21 13:10:00,19.96
2026-02-21 13:20:00,20.33
2026-02-21 13:30:00,19.85
2026-02-21 13:40:00,19.68
2026-02-21 13:50:00,19.7
2026-02-21 14:00:00,19.77
2026-02-21 14:10:00,19.81
2026-02-21 14:20:00,19.69
2026-02-21 14:30:00,19.84
2026-02-21 14:40:00,19.99
2026-02-21 14:50:00,20.09
2026-02-21 15:00:00,19.756
2026-02-21 15:10:00,19.73
2026-02-21 15:20:00,19.86
2026-02-21 15:30:00,19.82
2026-02-21 15:40:00,19.69
2026-02-21 15:50:00,19.75
2026-02-21 16:00:00,19.72
2026-02-21 16:10:00,19.89
2026-02-21 16:20:00,20.088
2026-02-21 16:30:00,19.95
2026-02-21 16:40:00,20.11
2026-02-21 16:50:00,19.91
2026-02-21 17:00:00,19.79
2026-02-21 17:10:00,19.688
2026-02-21 17:20:00,19.68
2026-02-21 17:30:00,19.86
2026-02-21 17:40:00,20.38
2026-02-21 17:50:00,103.28
2026-02-21 18:00:00,168.811
2026-02-21 18:10:00,177.19
2026-02-21 18:20:00,168.31
2026-02-21 18:30:00,160.52
2026-02-21 18:40:00,170.27
2026-02-21 18:50:00,168.61
2026-02-21 19:00:00,188.29
2026-02-21 19:10:00,189.97
2026-02-21 19:20:00,187.09
2026-02-21 19:30:00,192.225
2026-02-21 19:40:00,183.71
2026-02-21 19:50:00,163.28
2026-02-21 20:00:00,179.47
2026-02-21 20:10:00,162.3
2026-02-21 20:20:00,141.44
2026-02-21 20:30:00,151.73
2026-02-21 20:40:00,159.35
2026-02-21 20:50:00,185.79
2026-02-21 21:00:00,163.578
2026-02-21 21:10:00,141.92
2026-02-21 21:20:00,200.81
2026-02-21 21:30:00,838.87
2026-02-21 21:40:00,829.9
2026-02-21 21:50:00,843.962
2026-02-21 22:00:00,848.73
2026-02-21 22:10:00,676.05
2026-02-21 22:20:00,70.46
2026-02-21 22:30:00,51.1
2026-02-21 22:40:00,27.66
2026-02-21 22:50:00,22.36
2026-02-21 23:00:00,20.28
2026-02-21 23:10:00,20.35
2026-02-21 23:20:00,20.72
2026-02-21 23:30:00,20.71
2026-02-21 23:40:00,20.67
2026-02-21 23:50:00,20.98
2026-02-22 00:00:00,20.4
2026-02-22 00:10:00,20.39
2026-02-22 00:20:00,20.5
2026-02-22 00:30:00,20.31
2026-02-22 00:40:00,20.09
2026-02-22 00:50:00,20.62
2026-02-22 01:00:00,21.79
2026-02-22 01:10:00,20.45
2026-02-22 01:20:00,20.19
2026-02-22 01:30:00,22.12
2026-02-22 01:40:00,19.84
2026-02-22 01:50:00,19.9
2026-02-22 02:00:00,19.87
2026-02-22 02:10:00,21.88
2026-02-22 02:20:00,21.81
2026-02-22 02:30:00,28.16
2026-02-22 02:40:00,24.17
2026-02-22 02:50:00,20.36
2026-02-22 03:00:00,19.88
2026-02-22 03:10:00,19.82
2026-02-22 03:20:00,19.79
2026-02-22 03:30:00,23.64
2026-02-22 03:40:00,25.29
2026-02-22 03:50:00,25.27
2026-02-22 04:00:00,25.44
2026-02-22 04:10:00,25.44
2026-02-22 04:20:00,25.58
2026-02-22 04:30:00,25.22
2026-02-22 04:40:00,25.26
2026-02-22 04:50:00,25.24
2026-02-22 05:00:00,25.19
2026-02-22 05:10:00,25.18
2026-02-22 05:20:00,25.28
2026-02-22 05:30:00,25.27
2026-02-22 05:40:00,24.4
2026-02-22 05:50:00,20.09
2026-02-22 06:00:00,19.82
2026-02-22 06:10:00,19.73
2026-02-22 06:20:00,26.62
2026-02-22 06:30:00,54.76
2026-02-22 06:40:00,61.59
2026-02-22 06:50:00,60.12
2026-02-22 07:00:00,44.85
2026-02-22 07:10:00,19.93
2026-02-22 07:20:00,19.9
2026-02-22 07:30:00,19.54
2026-02-22 07:40:00,19.54
2026-02-22 07:50:00,19.54
2026-02-22 08:00:00,19.33
2026-02-22 08:10:00,19.08
2026-02-22 08:20:00,19.24
2026-02-22 08:30:00,19.39
2026-02-22 08:40:00,19.72
2026-02-22 08:50:00,19.7
2026-02-22 09:00:00,19.275
2026-02-22 09:10:00,19.41
2026-02-22 09:20:00,19.5
2026-02-22 09:30:00,19.45
2026-02-22 09:40:00,19.59
2026-02-22 09:50:00,19.55
2026-02-22 10:00:00,19.67
2026-02-22 10:10:00,19.733
2026-02-22 10:20:00,19.756
2026-02-22 10:30:00,26.12
2026-02-22 10:40:00,83.2
2026-02-22 10:50:00,81.51
2026-02-22 11:00:00,79.82
2026-02-22 11:10:00,81.22
2026-02-22 11:20:00,84.71
2026-02-22 11:30:00,87.08
2026-02-22 11:40:00,119.13
2026-02-22 11:50:00,189.775
2026-02-22 12:00:00,210.31
2026-02-22 12:10:00,158.54
2026-02-22 12:20:00,143.62
2026-02-22 12:30:00,117.18
2026-02-22 12:40:00,137.38
2026-02-22 12:50:00,153.556
2026-02-22 13:00:00,99.375
2026-02-22 13:10:00,117.162
2026-02-22 13:20:00,148.257
2026-02-22 13:30:00,252.944
2026-02-22 13:40:00,182.89
2026-02-22 13:50:00,78.11
2026-02-22 14:00:00,85.29
2026-02-22 14:10:00,80.54
2026-02-22 14:20:00,81.81
2026-02-22 14:30:00,82.72
2026-02-22 14:40:00,81.31
2026-02-22 14:50:00,105.46
2026-02-22 15:00:00,136.47
2026-02-22 15:10:00,134.65
2026-02-22 15:20:00,134.38
2026-02-22 15:30:00,132.51
2026-02-22 15:40:00,136.62
2026-02-22 15:50:00,138.49
2026-02-22 16:00:00,144.29
2026-02-22 16:10:00,140.06
2026-02-22 16:20:00,143.61
2026-02-22 16:30:00,145.738
2026-02-22 16:40:00,138.362
2026-02-22 16:50:00,137.1
2026-02-22 17:00:00,139.26
2026-02-22 17:10:00,139.27
2026-02-22 17:20:00,135.63
2026-02-22 17:30:00,135.72
2026-02-22 17:40:00,144.18
2026-02-22 17:50:00,142.83
2026-02-22 18:00:00,144.59
2026-02-22 18:10:00,190.12
2026-02-22 18:20:00,190.7
2026-02-22 18:30:00,187.01
2026-02-22 18:40:00,187.06
2026-02-22 18:50:00,136.089
2026-02-22 19:00:00,140.278
2026-02-22 19:10:00,165.76
2026-02-22 19:20:00,167.32
2026-02-22 19:30:00,157.833
2026-02-22 19:40:00,173.722
2026-02-22 19:50:00,173.162
2026-02-22 20:00:00,170.25
2026-02-22 20:10:00,170.92
2026-02-22 20:20:00,164.0
2026-02-22 20:30:00,152.15
2026-02-22 20:40:00,138.0
2026-02-22 20:50:00,132.81
2026-02-22 21:00:00,163.91
2026-02-22 21:10:00,161.02
2026-02-22 21:20:00,156.88
2026-02-22 21:30:00,153.96
2026-02-22 21:40:00,909.1
2026-02-22 21:50:00,885.817
2026-02-22 22:00:00,876.15
2026-02-22 22:10:00,399.37
2026-02-22 22:20:00,80.09
2026-02-22 22:30:00,75.82
2026-02-22 22:40:00,74.77
2026-02-22 22:50:00,67.73
2026-02-22 23:00:00,40.83
2026-02-22 23:10:00,19.77
2026-02-22 23:20:00,19.79
2026-02-22 23:30:00,19.783
2026-02-22 23:40:00,19.87
2026-02-22 23:50:00,19.83
2026-02-23 00:00:00,21.75
2026-02-23 00:10:00,21.44
2026-02-23 00:20:00,19.82
2026-02-23 00:30:00,19.78
2026-02-23 00:40:00,19.75
2026-02-23 00:50:00,19.71
2026-02-23 01:00:00,19.66
2026-02-23 01:10:00,19.76
2026-02-23 01:20:00,19.75
2026-02-23 01:30:00,19.78
2026-02-23 01:40:00,19.68
2026-02-23 01:50:00,19.74
2026-02-23 02:00:00,19.71
2026-02-23 02:10:00,19.8
2026-02-23 02:20:00,19.82
2026-02-23 02:30:00,19.738
2026-02-23 02:40:00,19.75
2026-02-23 02:50:00,19.67
2026-02-23 03:00:00,19.54
2026-02-23 03:10:00,19.67
2026-02-23 03:20:00,19.79
2026-02-23 03:30:00,23.44
2026-02-23 03:40:00,25.3
2026-02-23 03:50:00,25.24
2026-02-23 04:00:00,25.24
2026-02-23 04:10:00,29.21
2026-02-23 04:20:00,25.27
2026-02-23 04:30:00,25.2
2026-02-23 04:40:00,25.156
2026-02-23 04:50:00,25.11
2026-02-23 05:00:00,25.05
2026-02-23 05:10:00,25.12
2026-02-23 05:20:00,25.07
2026-02-23 05:30:00,25.11
2026-02-23 05:40:00,23.98
2026-02-23 05:50:00,19.63
2026-02-23 06:00:00,29.38
2026-02-23 06:10:00,40.225
2026-02-23 06:20:00,22.87
2026-02-23 06:30:00,19.81
2026-02-23 06:40:00,19.83
2026-02-23 06:50:00,20.11
2026-02-23 07:00:00,19.75
2026-02-23 07:10:00,21.72
2026-02-23 07:20:00,23.04
2026-02-23 07:30:00,22.75
2026-02-23 07:40:00,49.68
2026-02-23 07:50:00,49.62
2026-02-23 08:00:00,49.78
2026-02-23 08:10:00,49.59
2026-02-23 08:20:00,135.66
2026-02-23 08:30:00,127.69
2026-02-23 08:40:00,109.52
2026-02-23 08:50:00,147.21
2026-02-23 09:00:00,152.21
2026-02-23 09:10:00,141.8
2026-02-23 09:20:00,137.76
2026-02-23 09:30:00,147.67
2026-02-23 09:40:00,132.94
2026-02-23 09:50:00,120.54
2026-02-23 10:00:00,115.82
2026-02-23 10:10:00,114.6
2026-02-23 10:20:00,109.1
2026-02-23 10:30:00,108.4
2026-02-23 10:40:00,109.05
2026-02-23 10:50:00,108.63
2026-02-23 11:00:00,130.8
2026-02-23 11:10:00,109.23
2026-02-23 11:20:00,112.24
2026-02-23 11:30:00,113.943
2026-02-23 11:40:00,106.462
2026-02-23 11:50:00,110.15
2026-02-23 12:00:00,107.46
2026-02-23 12:10:00,111.5
2026-02-23 12:20:00,111.09
2026-02-23 12:30:00,111.05
2026-02-23 12:40:00,113.66
2026-02-23 12:50:00,108.51
2026-02-23 13:00:00,96.15
2026-02-23 13:10:00,96.47
2026-02-23 13:20:00,99.371
2026-02-23 13:30:00,93.02
2026-02-23 13:40:00,94.85
2026-02-23 13:50:00,99.23
2026-02-23 14:00:00,110.64
2026-02-23 14:10:00,114.4
2026-02-23 14:20:00,107.478
2026-02-23 14:30:00,103.15
2026-02-23 14:40:00,108.57
2026-02-23 14:50:00,107.55
2026-02-23 15:00:00,108.63
2026-02-23 15:10:00,111.543
2026-02-23 15:20:00,105.9
2026-02-23 15:30:00,114.47
2026-02-23 15:40:00,112.66
2026-02-23 15:50:00,104.03
2026-02-23 16:00:00,114.35
2026-02-23 16:10:00,111.05
2026-02-23 16:20:00,111.21
2026-02-23 16:30:00,111.42
2026-02-23 16:40:00,137.44
2026-02-23 16:50:00,170.08
2026-02-23 17:00:00,174.59
2026-02-23 17:10:00,173.06
2026-02-23 17:20:00,173.91
2026-02-23 17:30:00,172.09
2026-02-23 17:40:00,170.44
2026-02-23 17:50:00,166.522
2026-02-23 18:00:00,192.36
2026-02-23 18:10:00,177.633
2026-02-23 18:20:00,179.53
2026-02-23 18:30:00,155.88
2026-02-23 18:40:00,191.02
2026-02-23 18:50:00,206.022
2026-02-23 19:00:00,204.41
2026-02-23 19:10:00,214.56
2026-02-23 19:20:00,217.36
2026-02-23 19:30:00,208.41
2026-02-23 19:40:00,190.35
2026-02-23 19:50:00,188.89
2026-02-23 20:00:00,182.875
2026-02-23 20:10:00,155.59
2026-02-23 20:20:00,134.62
2026-02-23 20:30:00,124.822
2026-02-23 20:40:00,132.96
2026-02-23 20:50:00,136.62
2026-02-23 21:00:00,146.4
2026-02-23 21:10:00,132.25
2026-02-23 21:20:00,129.46
2026-02-23 21:30:00,132.29
2026-02-23 21:40:00,108.178
2026-02-23 21:50:00,102.389
2026-02-23 22:00:00,61.58
2026-02-23 22:10:00,42.0
2026-02-23 22:20:00,35.46
2026-02-23 22:30:00,27.033
2026-02-23 22:40:00,23.73
2026-02-23 22:50:00,20.13
2026-02-23 23:00:00,20.15
2026-02-23 23:10:00,20.7
2026-02-23 23:20:00,22.089
2026-02-23 23:30:00,26.088
2026-02-23 23:40:00,25.53
2026-02-23 23:50:00,23.98
2026-02-24 00:00:00,22.025
2026-02-24 00:10:00,20.48
2026-02-24 00:20:00,22.2
2026-02-24 00:30:00,24.38
2026-02-24 00:40:00,20.767
2026-02-24 00:50:00,21.9
2026-02-24 01:00:00,20.33
2026-02-24 01:10:00,20.27
2026-02-24 01:20:00,20.34
2026-02-24 01:30:00,20.31
2026-02-24 01:40:00,24.87
2026-02-24 01:50:00,20.52
2026-02-24 02:00:00,20.2
2026-02-24 02:10:00,20.45
2026-02-24 02:20:00,20.112
2026-02-24 02:30:00,19.956
2026-02-24 02:40:00,19.678
2026-02-24 02:50:00,19.8
2026-02-24 03:00:00,19.73
2026-02-24 03:10:00,19.64
2026-02-24 03:20:00,19.78
2026-02-24 03:30:00,23.9
2026-02-24 03:40:00,25.67
2026-02-24 03:50:00,25.74
2026-02-24 04:00:00,25.17
2026-02-24 04:10:00,25.15
2026-02-24 04:20:00,25.36
2026-02-24 04:30:00,25.222
2026-02-24 04:40:00,25.13
2026-02-24 04:50:00,25.2
2026-02-24 05:00:00,25.2
2026-02-24 05:10:00,25.51
2026-02-24 05:20:00,25.41
2026-02-24 05:30:00,25.26
2026-02-24 05:40:00,35.27
2026-02-24 05:50:00,49.8
2026-02-24 06:00:00,45.43
2026-02-24 06:10:00,126.82
2026-02-24 06:20:00,122.96
2026-02-24 06:30:00,111.48
2026-02-24 06:40:00,103.32
2026-02-24 06:50:00,101.49
2026-02-24 07:00:00,100.61
2026-02-24 07:10:00,100.51
2026-02-24 07:20:00,101.16
2026-02-24 07:30:00,87.3
2026-02-24 07:40:00,60.64
2026-02-24 07:50:00,88.38
2026-02-24 08:00:00,85.71
2026-02-24 08:10:00,86.633
2026-02-24 08:20:00,79.0
2026-02-24 08:30:00,74.05
2026-02-24 08:40:00,105.02
2026-02-24 08:50:00,109.82
2026-02-24 09:00:00,141.288
2026-02-24 09:10:00,122.45
2026-02-24 09:20:00,130.31
2026-02-24 09:30:00,117.66
2026-02-24 09:40:00,111.6
2026-02-24 09:50:00,110.32
2026-02-24 10:00:00,119.08
2026-02-24 10:10:00,106.56
2026-02-24 10:20:00,106.97
2026-02-24 10:30:00,117.6
2026-02-24 10:40:00,117.56
2026-02-24 10:50:00,108.84
2026-02-24 11:00:00,120.71
2026-02-24 11:10:00,125.99
2026-02-24 11:20:00,112.47
2026-02-24 11:30:00,113.4
2026-02-24 11:40:00,107.08
2026-02-24 11:50:00,108.638
2026-02-24 12:00:00,411.23
2026-02-24 12:10:00,850.5
2026-02-24 12:20:00,855.0
2026-02-24 12:30:00,842.22
2026-02-24 12:40:00,856.18
2026-02-24 12:50:00,849.94
2026-02-24 13:00:00,534.889
2026-02-24 13:10:00,144.744
2026-02-24 13:20:00,144.09
2026-02-24 13:30:00,156.7
2026-02-24 13:40:00,181.86
2026-02-24 13:50:00,471.17
2026-02-24 14:00:00,902.422
2026-02-24 14:10:00,899.375
2026-02-24 14:20:00,889.71
2026-02-24 14:30:00,894.72
2026-02-24 14:40:00,886.82
2026-02-24 14:50:00,866.538
2026-02-24 15:00:00,850.76
2026-02-24 15:10:00,741.325
2026-02-24 15:20:00,107.88
2026-02-24 15:30:00,111.97
2026-02-24 15:40:00,108.656
2026-02-24 15:50:00,114.06
2026-02-24 16:00:00,114.11
2026-02-24 16:10:00,102.82
2026-02-24 16:20:00,104.56
2026-02-24 16:30:00,119.067
2026-02-24 16:40:00,116.656
2026-02-24 16:50:00,113.94
2026-02-24 17:00:00,115.98
2026-02-24 17:10:00,102.833
2026-02-24 17:20:00,99.52
2026-02-24 17:30:00,103.289
2026-02-24 17:40:00,120.43
2026-02-24 17:50:00,120.7
2026-02-24 18:00:00,109.367
2026-02-24 18:10:00,118.32
2026-02-24 18:20:00,145.9
2026-02-24 18:30:00,106.86
2026-02-24 18:40:00,136.36
2026-02-24 18:50:00,174.51
2026-02-24 19:00:00,157.81
2026-02-24 19:10:00,171.422
2026-02-24 19:20:00,163.66
2026-02-24 19:30:00,159.538
2026-02-24 19:40:00,154.85
2026-02-24 19:50:00,161.32
2026-02-24 20:00:00,164.11
2026-02-24 20:10:00,166.12
2026-02-24 20:20:00,172.28
2026-02-24 20:30:00,159.962
2026-02-24 20:40:00,151.61
2026-02-24 20:50:00,146.13
2026-02-24 21:00:00,139.8
2026-02-24 21:10:00,127.8
2026-02-24 21:20:00,116.23
2026-02-24 21:30:00,118.61
2026-02-24 21:40:00,122.32
2026-02-24 21:50:00,96.71
2026-02-24 22:00:00,71.02
2026-02-24 22:10:00,69.03
2026-02-24 22:20:00,70.39
2026-02-24 22:30:00,50.78
2026-02-24 22:40:00,21.26
2026-02-24 22:50:00,21.511
2026-02-24 23:00:00,23.42
2026-02-24 23:10:00,21.41
2026-02-24 23:20:00,26.07
2026-02-24 23:30:00,21.52
2026-02-24 23:40:00,19.93
2026-02-24 23:50:00,20.62
2026-02-25 00:00:00,21.33
2026-02-25 00:10:00,22.7
2026-02-25 00:20:00,20.47
2026-02-25 00:30:00,19.78
2026-02-25 00:40:00,20.18
2026-02-25 00:50:00,19.95
2026-02-25 01:00:00,19.85
2026-02-25 01:10:00,19.97
2026-02-25 01:20:00,19.925
2026-02-25 01:30:00,19.83
2026-02-25 01:40:00,19.81
2026-02-25 01:50:00,19.93
2026-02-25 02:00:00,20.09
2026-02-25 02:10:00,20.45
2026-02-25 02:20:00,20.03
2026-02-25 02:30:00,19.86
2026-02-25 02:40:00,19.77
2026-02-25 02:50:00,19.85
2026-02-25 03:00:00,19.95
2026-02-25 03:10:00,27.86
2026-02-25 03:20:00,19.94
2026-02-25 03:30:00,28.62
2026-02-25 03:40:00,27.5
2026-02-25 03:50:00,25.49
2026-02-25 04:00:00,25.37
2026-02-25 04:10:00,25.23
2026-02-25 04:20:00,25.71
2026-02-25 04:30:00,27.089
2026-02-25 04:40:00,25.32
2026-02-25 04:50:00,25.21
2026-02-25 05:00:00,25.02
2026-02-25 05:10:00,25.44
2026-02-25 05:20:00,25.17
2026-02-25 05:30:00,28.27
2026-02-25 05:40:00,64.15
2026-02-25 05:50:00,59.43
2026-02-25 06:00:00,135.84
2026-02-25 06:10:00,24.72
2026-02-25 06:20:00,23.45
2026-02-25 06:30:00,19.64
2026-02-25 06:40:00,20.13
2026-02-25 06:50:00,19.86
2026-02-25 07:00:00,26.89
2026-02-25 07:10:00,19.74
2026-02-25 07:20:00,19.689
2026-02-25 07:30:00,19.74
2026-02-25 07:40:00,48.612
2026-02-25 07:50:00,57.289
2026-02-25 08:00:00,59.23
2026-02-25 08:10:00,129.23
2026-02-25 08:20:00,423.31
2026-02-25 08:30:00,860.59
2026-02-25 08:40:00,867.54
2026-02-25 08:50:00,882.31
2026-02-25 09:00:00,901.44
2026-02-25 09:10:00,888.69
2026-02-25 09:20:00,849.98
2026-02-25 09:30:00,853.48
2026-02-25 09:40:00,878.68
2026-02-25 09:50:00,882.5
2026-02-25 10:00:00,878.77
2026-02-25 10:10:00,845.69
2026-02-25 10:20:00,858.66
2026-02-25 10:30:00,868.42
2026-02-25 10:40:00,865.99
2026-02-25 10:50:00,843.41
2026-02-25 11:00:00,862.0
2026-02-25 11:10:00,836.84
2026-02-25 11:20:00,821.05
2026-02-25 11:30:00,818.77
2026-02-25 11:40:00,825.99
2026-02-25 11:50:00,826.38
2026-02-25 12:00:00,858.544
2026-02-25 12:10:00,850.44
2026-02-25 12:20:00,824.57
2026-02-25 12:30:00,219.94
2026-02-25 12:40:00,132.59
2026-02-25 12:50:00,126.91
2026-02-25 13:00:00,136.59
2026-02-25 13:10:00,147.0
2026-02-25 13:20:00,146.66
2026-02-25 13:30:00,148.34
2026-02-25 13:40:00,146.89
2026-02-25 13:50:00,130.5
2026-02-25 14:00:00,111.2
2026-02-25 14:10:00,832.97
2026-02-25 14:20:00,859.82
2026-02-25 14:30:00,874.75
2026-02-25 14:40:00,847.4
2026-02-25 14:50:00,859.65
2026-02-25 15:00:00,907.12
2026-02-25 15:10:00,900.01
2026-02-25 15:20:00,899.71
2026-02-25 15:30:00,902.71
2026-02-25 15:40:00,617.95
2026-02-25 15:50:00,537.49
2026-02-25 16:00:00,518.62
2026-02-25 16:10:00,521.01
2026-02-25 16:20:00,726.16
2026-02-25 16:30:00,1176.44
2026-02-25 16:40:00,1192.35
2026-02-25 16:50:00,1195.56
2026-02-25 17:00:00,1206.33
2026-02-25 17:10:00,1201.43
2026-02-25 17:20:00,1200.38
2026-02-25 17:30:00,1195.05
2026-02-25 17:40:00,1142.04
2026-02-25 17:50:00,1147.59
2026-02-25 18:00:00,1135.42
2026-02-25 18:10:00,707.05
2026-02-25 18:20:00,523.14
2026-02-25 18:30:00,555.33
2026-02-25 18:40:00,583.41
2026-02-25 18:50:00,609.6
2026-02-25 19:00:00,611.25
2026-02-25 19:10:00,556.73
2026-02-25 19:20:00,219.14
2026-02-25 19:30:00,207.74
2026-02-25 19:40:00,198.86
2026-02-25 19:50:00,197.37
2026-02-25 20:00:00,770.25
2026-02-25 20:10:00,891.03
2026-02-25 20:20:00,909.87
2026-02-25 20:30:00,942.43
2026-02-25 20:40:00,956.46
2026-02-25 20:50:00,951.18
2026-02-25 21:00:00,948.88
2026-02-25 21:10:00,949.21
2026-02-25 21:20:00,995.5
2026-02-25 21:30:00,969.18
2026-02-25 21:40:00,244.68
2026-02-25 21:50:00,161.69
2026-02-25 22:00:00,155.02
2026-02-25 22:10:00,154.78
2026-02-25 22:20:00,151.14
2026-02-25 22:30:00,144.57
2026-02-25 22:40:00,95.46
2026-02-25 22:50:00,90.5
2026-02-25 23:00:00,78.66
2026-02-25 23:10:00,79.74
2026-02-25 23:20:00,77.0
2026-02-25 23:30:00,29.73
2026-02-25 23:40:00,31.51
2026-02-25 23:50:00,24.44
2026-02-26 00:00:00,21.2
2026-02-26 00:10:00,21.77
2026-02-26 00:20:00,19.72
2026-02-26 00:30:00,25.47
2026-02-26 00:40:00,19.73
2026-02-26 00:50:00,19.68
2026-02-26 01:00:00,19.68
2026-02-26 01:10:00,19.76
2026-02-26 01:20:00,21.73
2026-02-26 01:30:00,19.89
2026-02-26 01:40:00,19.85
2026-02-26 01:50:00,19.73
2026-02-26 02:00:00,19.78
2026-02-26 02:10:00,19.67
2026-02-26 02:20:00,19.71
2026-02-26 02:30:00,19.77
2026-02-26 02:40:00,19.73
2026-02-26 02:50:00,19.86
2026-02-26 03:00:00,19.82
2026-02-26 03:10:00,19.8
2026-02-26 03:20:00,19.82
2026-02-26 03:30:00,19.456
2026-02-26 03:40:00,19.62
2026-02-26 03:50:00,19.82
2026-02-26 04:00:00,25.44
2026-02-26 04:10:00,25.4
2026-02-26 04:20:00,25.31
2026-02-26 04:30:00,25.39
2026-02-26 04:40:00,25.3
2026-02-26 04:50:00,25.3
2026-02-26 05:00:00,25.23
2026-02-26 05:10:00,25.22
2026-02-26 05:20:00,25.13
2026-02-26 05:30:00,27.18
2026-02-26 05:40:00,68.0
2026-02-26 05:50:00,64.73
2026-02-26 06:00:00,60.74
2026-02-26 06:10:00,37.28
2026-02-26 06:20:00,37.3
2026-02-26 06:30:00,35.35
2026-02-26 06:40:00,35.16
2026-02-26 06:50:00,34.54
2026-02-26 07:00:00,34.33
2026-02-26 07:10:00,31.4
2026-02-26 07:20:00,23.96
2026-02-26 07:30:00,24.02
2026-02-26 07:40:00,23.62
2026-02-26 07:50:00,23.36
2026-02-26 08:00:00,28.14
2026-02-26 08:10:00,28.58
2026-02-26 08:20:00,19.43
2026-02-26 08:30:00,49.67
2026-02-26 08:40:00,49.48
2026-02-26 08:50:00,49.49
2026-02-26 09:00:00,100.778
2026-02-26 09:10:00,138.14
2026-02-26 09:20:00,104.12
2026-02-26 09:30:00,136.922
2026-02-26 09:40:00,139.278
2026-02-26 09:50:00,134.7
2026-02-26 10:00:00,132.089
2026-02-26 10:10:00,141.225
2026-02-26 10:20:00,154.09
2026-02-26 10:30:00,150.089
2026-02-26 10:40:00,123.04
2026-02-26 10:50:00,113.89
2026-02-26 11:00:00,105.08
2026-02-26 11:10:00,99.0
2026-02-26 11:20:00,98.68
2026-02-26 11:30:00,98.54
2026-02-26 11:40:00,98.74
2026-02-26 11:50:00,108.87
2026-02-26 12:00:00,422.978
2026-02-26 12:10:00,839.85
2026-02-26 12:20:00,845.29
2026-02-26 12:30:00,884.75
2026-02-26 12:40:00,868.75
2026-02-26 12:50:00,855.17
2026-02-26 13:00:00,253.88
2026-02-26 13:10:00,98.71
2026-02-26 13:20:00,97.289
2026-02-26 13:30:00,94.61
2026-02-26 13:40:00,115.28
2026-02-26 13:50:00,106.13
2026-02-26 14:00:00,109.47
2026-02-26 14:10:00,101.7
2026-02-26 14:20:00,101.67
2026-02-26 14:30:00,134.02
2026-02-26 14:40:00,131.18
2026-02-26 14:50:00,103.57
2026-02-26 15:00:00,106.867
2026-02-26 15:10:00,101.68
2026-02-26 15:20:00,104.962
2026-02-26 15:30:00,107.37
2026-02-26 15:40:00,102.99
2026-02-26 15:50:00,104.84
2026-02-26 16:00:00,104.09
2026-02-26 16:10:00,103.489
2026-02-26 16:20:00,173.84
2026-02-26 16:30:00,186.13
2026-02-26 16:40:00,183.77
2026-02-26 16:50:00,178.911
2026-02-26 17:00:00,194.0
2026-02-26 17:10:00,184.722
2026-02-26 17:20:00,172.27
2026-02-26 17:30:00,175.589
2026-02-26 17:40:00,167.56
2026-02-26 17:50:00,167.99
2026-02-26 18:00:00,165.46
2026-02-26 18:10:00,166.36
2026-02-26 18:20:00,158.012
2026-02-26 18:30:00,156.083
2026-02-26 18:40:00,130.9
2026-02-26 18:50:00,115.2
2026-02-26 19:00:00,191.77
2026-02-26 19:10:00,243.01
2026-02-26 19:20:00,251.0
2026-02-26 19:30:00,246.78
2026-02-26 19:40:00,245.6
2026-02-26 19:50:00,250.36
2026-02-26 20:00:00,250.34
2026-02-26 20:10:00,255.89
2026-02-26 20:20:00,247.92
2026-02-26 20:30:00,250.98
2026-02-26 20:40:00,218.63
2026-02-26 20:50:00,182.222
2026-02-26 21:00:00,191.39
2026-02-26 21:10:00,189.38
2026-02-26 21:20:00,186.51
2026-02-26 21:30:00,184.88
2026-02-26 21:40:00,189.19
2026-02-26 21:50:00,169.15
2026-02-26 22:00:00,98.614
2026-02-26 22:10:00,44.34
2026-02-26 22:20:00,39.422
2026-02-26 22:30:00,31.322
2026-02-26 22:40:00,30.65
2026-02-26 22:50:00,30.97
2026-02-26 23:00:00,24.58
2026-02-26 23:10:00,25.522
2026-02-26 23:20:00,21.978
2026-02-26 23:30:00,21.46
2026-02-26 23:40:00,20.122
2026-02-26 23:50:00,21.53
2026-02-27 00:00:00,21.63
2026-02-27 00:10:00,19.856
2026-02-27 00:20:00,19.88
2026-02-27 00:30:00,19.95
2026-02-27 00:40:00,20.03
2026-02-27 00:50:00,19.83
2026-02-27 01:00:00,19.88
2026-02-27 01:10:00,19.95
2026-02-27 01:20:00,19.87
2026-02-27 01:30:00,20.411
2026-02-27 01:40:00,19.85
2026-02-27 01:50:00,19.94
2026-02-27 02:00:00,19.8
2026-02-27 02:10:00,19.91
2026-02-27 02:20:00,19.72
2026-02-27 02:30:00,19.81
2026-02-27 02:40:00,22.078
2026-02-27 02:50:00,19.85
2026-02-27 03:00:00,20.46
2026-02-27 03:10:00,19.87
2026-02-27 03:20:00,19.86
2026-02-27 03:30:00,19.612
2026-02-27 03:40:00,19.76
2026-02-27 03:50:00,19.87
2026-02-27 04:00:00,25.64
2026-02-27 04:10:00,25.44
2026-02-27 04:20:00,25.33
2026-02-27 04:30:00,25.88
2026-02-27 04:40:00,27.64
2026-02-27 04:50:00,27.9
2026-02-27 05:00:00,25.18
2026-02-27 05:10:00,25.19
2026-02-27 05:20:00,25.22
2026-02-27 05:30:00,30.822
2026-02-27 05:40:00,57.24
2026-02-27 05:50:00,56.38
2026-02-27 06:00:00,41.533
2026-02-27 06:10:00,25.16
2026-02-27 06:20:00,22.35
2026-02-27 06:30:00,24.94
2026-02-27 06:40:00,35.01
2026-02-27 06:50:00,95.37
2026-02-27 07:00:00,76.92
2026-02-27 07:10:00,72.21
2026-02-27 07:20:00,70.37
2026-02-27 07:30:00,67.612
2026-02-27 07:40:00,67.24
2026-02-27 07:50:00,66.79
2026-02-27 08:00:00,93.262
2026-02-27 08:10:00,108.08
2026-02-27 08:20:00,106.93
2026-02-27 08:30:00,105.92
2026-02-27 08:40:00,134.68
2026-02-27 08:50:00,141.475
2026-02-27 09:00:00,133.4
2026-02-27 09:10:00,127.76
2026-02-27 09:20:00,114.11
2026-02-27 09:30:00,103.57
2026-02-27 09:40:00,106.49
2026-02-27 09:50:00,106.96
2026-02-27 10:00:00,111.89
2026-02-27 10:10:00,107.444
2026-02-27 10:20:00,114.311
2026-02-27 10:30:00,107.91
2026-02-27 10:40:00,104.538
2026-02-27 10:50:00,110.81
2026-02-27 11:00:00,107.038
2026-02-27 11:10:00,109.64
2026-02-27 11:20:00,109.7
2026-02-27 11:30:00,113.54
2026-02-27 11:40:00,119.39
2026-02-27 11:50:00,116.55
2026-02-27 12:00:00,114.49
2026-02-27 12:10:00,113.967
2026-02-27 12:20:00,107.95
2026-02-27 12:30:00,104.68
2026-02-27 12:40:00,105.42
2026-02-27 12:50:00,97.76
2026-02-27 13:00:00,99.867
2026-02-27 13:10:00,97.7
2026-02-27 13:20:00,98.0
2026-02-27 13:30:00,95.77
2026-02-27 13:40:00,97.38
2026-02-27 13:50:00,104.79
2026-02-27 14:00:00,108.21
2026-02-27 14:10:00,105.743
2026-02-27 14:20:00,108.01
2026-02-27 14:30:00,103.32
2026-02-27 14:40:00,122.138
2026-02-27 14:50:00,122.5
2026-02-27 15:00:00,110.82
2026-02-27 15:10:00,104.98
2026-02-27 15:20:00,103.088
2026-02-27 15:30:00,104.456
2026-02-27 15:40:00,103.078
2026-02-27 15:50:00,99.72
2026-02-27 16:00:00,127.367
2026-02-27 16:10:00,114.95
2026-02-27 16:20:00,122.99
2026-02-27 16:30:00,117.375
2026-02-27 16:40:00,118.05
2026-02-27 16:50:00,122.37
2026-02-27 17:00:00,122.7
2026-02-27 17:10:00,163.18
2026-02-27 17:20:00,199.96
2026-02-27 17:30:00,186.162
2026-02-27 17:40:00,185.456
2026-02-27 17:50:00,147.2
2026-02-27 18:00:00,105.05
2026-02-27 18:10:00,95.58
2026-02-27 18:20:00,84.57
2026-02-27 18:30:00,83.278
2026-02-27 18:40:00,77.58
2026-02-27 18:50:00,95.588
2026-02-27 19:00:00,167.6
2026-02-27 19:10:00,89.7
2026-02-27 19:20:00,107.1
2026-02-27 19:30:00,94.2
2026-02-27 19:40:00,121.91
2026-02-27 19:50:00,94.91
2026-02-27 20:00:00,110.867
2026-02-27 20:10:00,112.175
2026-02-27 20:20:00,71.08
2026-02-27 20:30:00,76.42
2026-02-27 20:40:00,67.967
2026-02-27 20:50:00,105.933
2026-02-27 21:00:00,67.8
2026-02-27 21:10:00,67.37
2026-02-27 21:20:00,67.371
2026-02-27 21:30:00,82.45
2026-02-27 21:40:00,89.538
2026-02-27 21:50:00,84.033
2026-02-27 22:00:00,82.04
2026-02-27 22:10:00,71.05
2026-02-27 22:20:00,68.81
2026-02-27 22:30:00,70.45
2026-02-27 22:40:00,70.23
2026-02-27 22:50:00,42.05
2026-02-27 23:00:00,20.012
2026-02-27 23:10:00,19.85
2026-02-27 23:20:00,19.79
2026-02-27 23:30:00,19.89
2026-02-27 23:40:00,20.45
2026-02-27 23:50:00,20.025
2026-02-28 00:00:00,20.3
2026-02-28 00:10:00,19.95
2026-02-28 00:20:00,19.956
2026-02-28 00:30:00,19.96
2026-02-28 00:40:00,19.9
2026-02-28 00:50:00,19.889
2026-02-28 01:00:00,19.8
2026-02-28 01:10:00,19.89
2026-02-28 01:20:00,20.0
2026-02-28 01:30:00,20.18
2026-02-28 01:40:00,19.88
2026-02-28 01:50:00,19.86
2026-02-28 02:00:00,19.92
2026-02-28 02:10:00,19.86
2026-02-28 02:20:00,19.94
2026-02-28 02:30:00,19.89
2026-02-28 02:40:00,19.89
2026-02-28 02:50:00,19.99
2026-02-28 03:00:00,20.22
2026-02-28 03:10:00,19.96
2026-02-28 03:20:00,19.86
2026-02-28 03:30:00,19.89
2026-02-28 03:40:00,19.94
2026-02-28 03:50:00,19.64
2026-02-28 04:00:00,25.21
2026-02-28 04:10:00,25.371
2026-02-28 04:20:00,25.489
2026-02-28 04:30:00,25.68
2026-02-28 04:40:00,27.6
2026-02-28 04:50:00,25.39
2026-02-28 05:00:00,25.2
2026-02-28 05:10:00,25.21
2026-02-28 05:20:00,25.3
2026-02-28 05:30:00,25.28
2026-02-28 05:40:00,27.34
2026-02-28 05:50:00,27.55
2026-02-28 06:00:00,25.844
2026-02-28 06:10:00,32.11
2026-02-28 06:20:00,52.76
2026-02-28 06:30:00,52.37
2026-02-28 06:40:00,52.21
2026-02-28 06:50:00,52.12
2026-02-28 07:00:00,52.23
2026-02-28 07:10:00,52.15
2026-02-28 07:20:00,52.35
2026-02-28 07:30:00,39.63
2026-02-28 07:40:00,19.9
2026-02-28 07:50:00,19.49
2026-02-28 08:00:00,19.31
2026-02-28 08:10:00,34.15
2026-02-28 08:20:00,98.73
2026-02-28 08:30:00,100.34
2026-02-28 08:40:00,138.88
2026-02-28 08:50:00,118.95
2026-02-28 09:00:00,138.08
2026-02-28 09:10:00,117.12
2026-02-28 09:20:00,153.54
2026-02-28 09:30:00,81.83
2026-02-28 09:40:00,81.93
2026-02-28 09:50:00,82.76
2026-02-28 10:00:00,82.46
2026-02-28 10:10:00,88.86
2026-02-28 10:20:00,83.96
2026-02-28 10:30:00,104.938
2026-02-28 10:40:00,92.12
2026-02-28 10:50:00,82.81
2026-02-28 11:00:00,78.238
2026-02-28 11:10:00,76.8
2026-02-28 11:20:00,80.89
2026-02-28 11:30:00,79.371
2026-02-28 11:40:00,81.14
2026-02-28 11:50:00,78.71
2026-02-28 12:00:00,83.4
2026-02-28 12:10:00,81.51
2026-02-28 12:20:00,80.614
2026-02-28 12:30:00,61.362
2026-02-28 12:40:00,58.533
2026-02-28 12:50:00,58.59
2026-02-28 13:00:00,56.49
2026-02-28 13:10:00,56.8
2026-02-28 13:20:00,56.7
2026-02-28 13:30:00,56.06
2026-02-28 13:40:00,55.34
2026-02-28 13:50:00,55.14
2026-02-28 14:00:00,55.31
2026-02-28 14:10:00,55.19
2026-02-28 14:20:00,55.5
2026-02-28 14:30:00,55.322
2026-02-28 14:40:00,55.562
2026-02-28 14:50:00,56.15
2026-02-28 15:00:00,78.05
2026-02-28 15:10:00,92.444
2026-02-28 15:20:00,91.99
2026-02-28 15:30:00,92.04
2026-02-28 15:40:00,92.538
2026-02-28 15:50:00,92.233
2026-02-28 16:00:00,87.76
2026-02-28 16:10:00,77.744
2026-02-28 16:20:00,78.66
2026-02-28 16:30:00,81.89
2026-02-28 16:40:00,76.512
2026-02-28 16:50:00,139.7
2026-02-28 17:00:00,148.0
2026-02-28 17:10:00,122.325
2026-02-28 17:20:00,104.65
2026-02-28 17:30:00,87.078
2026-02-28 17:40:00,85.988
2026-02-28 17:50:00,85.689
2026-02-28 18:00:00,87.8
2026-02-28 18:10:00,96.45
2026-02-28 18:20:00,127.28
2026-02-28 18:30:00,175.72
2026-02-28 18:40:00,172.91
2026-02-28 18:50:00,164.42
2026-02-28 19:00:00,156.26
2026-02-28 19:10:00,154.05
2026-02-28 19:20:00,138.45
2026-02-28 19:30:00,141.01
2026-02-28 19:40:00,146.5
2026-02-28 19:50:00,147.38
2026-02-28 20:00:00,142.0
2026-02-28 20:10:00,132.36
2026-02-28 20:20:00,125.378
2026-02-28 20:30:00,125.55
2026-02-28 20:40:00,131.31
2026-02-28 20:50:00,141.989
2026-02-28 21:00:00,143.9
2026-02-28 21:10:00,140.5
2026-02-28 21:20:00,123.988
2026-02-28 21:30:00,115.79
2026-02-28 21:40:00,114.967
2026-02-28 21:50:00,117.57
2026-02-28 22:00:00,114.89
2026-02-28 22:10:00,122.23
2026-02-28 22:20:00,109.62
2026-02-28 22:30:00,67.64
2026-02-28 22:40:00,47.78
2026-02-28 22:50:00,48.15
2026-02-28 23:00:00,42.333
2026-02-28 23:10:00,42.322
2026-02-28 23:20:00,42.45
2026-02-28 23:30:00,42.456
2026-02-28 23:40:00,42.362
2026-02-28 23:50:00,42.67
2026-03-01 00:00:00,42.67
2026-03-01 00:10:00,42.35
2026-03-01 00:20:00,42.28
2026-03-01 00:30:00,42.41
2026-03-01 00:40:00,42.322
2026-03-01 00:50:00,42.32
2026-03-01 01:00:00,42.38
2026-03-01 01:10:00,42.36
2026-03-01 01:20:00,42.633
2026-03-01 01:30:00,42.8
2026-03-01 01:40:00,42.462
2026-03-01 01:50:00,42.456
2026-03-01 02:00:00,42.34
2026-03-01 02:10:00,42.34
2026-03-01 02:20:00,42.33
2026-03-01 02:30:00,42.37
2026-03-01 02:40:00,42.35
2026-03-01 02:50:00,42.56
2026-03-01 03:00:00,42.74
2026-03-01 03:10:00,42.4
2026-03-01 03:20:00,44.81
2026-03-01 03:30:00,43.1
2026-03-01 03:40:00,42.24
2026-03-01 03:50:00,42.19
2026-03-01 04:00:00,48.01
2026-03-01 04:10:00,47.84
2026-03-01 04:20:00,48.175
2026-03-01 04:30:00,48.12
2026-03-01 04:40:00,47.82
2026-03-01 04:50:00,47.833
2026-03-01 05:00:00,47.79
2026-03-01 05:10:00,47.81
2026-03-01 05:20:00,47.85
2026-03-01 05:30:00,47.89
2026-03-01 05:40:00,47.79
2026-03-01 05:50:00,48.01
2026-03-01 06:00:00,50.15
2026-03-01 06:10:00,54.45
2026-03-01 06:20:00,42.34
2026-03-01 06:30:00,49.28
2026-03-01 06:40:00,80.72
2026-03-01 06:50:00,83.0
2026-03-01 07:00:00,61.02
2026-03-01 07:10:00,19.84
2026-03-01 07:20:00,20.033
2026-03-01 07:30:00,20.122
2026-03-01 07:40:00,19.871
2026-03-01 07:50:00,19.81
2026-03-01 08:00:00,19.844
2026-03-01 08:10:00,19.71
2026-03-01 08:20:00,20.14
2026-03-01 08:30:00,95.52
2026-03-01 08:40:00,74.62
2026-03-01 08:50:00,83.367
2026-03-01 09:00:00,115.19
2026-03-01 09:10:00,81.69
2026-03-01 09:20:00,134.77
2026-03-01 09:30:00,168.56
2026-03-01 09:40:00,203.889
2026-03-01 09:50:00,214.24
2026-03-01 10:00:00,189.44
2026-03-01 10:10:00,125.23
2026-03-01 10:20:00,105.15
2026-03-01 10:30:00,141.89
2026-03-01 10:40:00,162.91
2026-03-01 10:50:00,128.05
2026-03-01 11:00:00,137.53
2026-03-01 11:10:00,136.63
2026-03-01 11:20:00,178.856
2026-03-01 11:30:00,197.96
2026-03-01 11:40:00,135.4
2026-03-01 11:50:00,58.9
2026-03-01 12:00:00,58.475
2026-03-01 12:10:00,58.35
2026-03-01 12:20:00,59.65
2026-03-01 12:30:00,194.5
2026-03-01 12:40:00,195.3
2026-03-01 12:50:00,194.32
2026-03-01 13:00:00,180.15
2026-03-01 13:10:00,174.48
2026-03-01 13:20:00,207.84
2026-03-01 13:30:00,63.822
2026-03-01 13:40:00,96.11
2026-03-01 13:50:00,199.58
2026-03-01 14:00:00,183.2
2026-03-01 14:10:00,178.47
2026-03-01 14:20:00,175.27
2026-03-01 14:30:00,178.14
2026-03-01 14:40:00,189.51
2026-03-01 14:50:00,201.98
2026-03-01 15:00:00,226.31
2026-03-01 15:10:00,209.33
2026-03-01 15:20:00,198.65
2026-03-01 15:30:00,198.325
2026-03-01 15:40:00,200.63
2026-03-01 15:50:00,198.367
2026-03-01 16:00:00,198.133
2026-03-01 16:10:00,201.76
2026-03-01 16:20:00,196.74
2026-03-01 16:30:00,189.53
2026-03-01 16:40:00,197.66
2026-03-01 16:50:00,241.46
2026-03-01 17:00:00,276.38
2026-03-01 17:10:00,263.822
2026-03-01 17:20:00,252.28
2026-03-01 17:30:00,240.34
2026-03-01 17:40:00,178.9
2026-03-01 17:50:00,177.83
2026-03-01 18:00:00,183.74
2026-03-01 18:10:00,203.656
2026-03-01 18:20:00,201.09
2026-03-01 18:30:00,199.45
2026-03-01 18:40:00,225.19
2026-03-01 18:50:00,268.81
2026-03-01 19:00:00,246.633
2026-03-01 19:10:00,245.667
2026-03-01 19:20:00,305.47
2026-03-01 19:30:00,198.91
2026-03-01 19:40:00,190.2
2026-03-01 19:50:00,300.978
2026-03-01 20:00:00,277.75
2026-03-01 20:10:00,235.58
2026-03-01 20:20:00,233.38
2026-03-01 20:30:00,253.933
2026-03-01 20:40:00,262.111
2026-03-01 20:50:00,258.983
2026-03-01 21:00:00,253.03
2026-03-01 21:10:00,243.967
2026-03-01 21:20:00,247.7
2026-03-01 21:30:00,240.74
2026-03-01 21:40:00,181.34
2026-03-01 21:50:00,184.6
2026-03-01 22:00:00,184.79
2026-03-01 22:10:00,182.41
2026-03-01 22:20:00,180.011
2026-03-01 22:30:00,184.34
2026-03-01 22:40:00,171.23
2026-03-01 22:50:00,153.611
2026-03-01 23:00:00,140.93
2026-03-01 23:10:00,132.24
2026-03-01 23:20:00,131.667
2026-03-01 23:30:00,134.35
2026-03-01 23:40:00,133.07
2026-03-01 23:50:00,134.68
2026-03-02 00:00:00,132.77
2026-03-02 00:10:00,133.43
2026-03-02 00:20:00,134.93
2026-03-02 00:30:00,131.4
2026-03-02 00:40:00,129.92
2026-03-02 00:50:00,130.34
2026-03-02 01:00:00,129.6
2026-03-02 01:10:00,130.31
2026-03-02 01:20:00,188.17
2026-03-02 01:30:00,114.3
2026-03-02 01:40:00,56.94
2026-03-02 01:50:00,160.05
2026-03-02 02:00:00,142.17
2026-03-02 02:10:00,136.76
2026-03-02 02:20:00,134.71
2026-03-02 02:30:00,132.82
2026-03-02 02:40:00,131.65
2026-03-02 02:50:00,131.13
2026-03-02 03:00:00,131.4
2026-03-02 03:10:00,128.744
2026-03-02 03:20:00,128.85
2026-03-02 03:30:00,128.71
2026-03-02 03:40:00,129.36
2026-03-02 03:50:00,128.72
2026-03-02 04:00:00,134.986
2026-03-02 04:10:00,132.612
2026-03-02 04:20:00,132.75
2026-03-02 04:30:00,132.37
2026-03-02 04:40:00,133.12
2026-03-02 04:50:00,133.5
2026-03-02 05:00:00,134.322
2026-03-02 05:10:00,131.85
2026-03-02 05:20:00,132.38
2026-03-02 05:30:00,130.91
2026-03-02 05:40:00,160.06
2026-03-02 05:50:00,160.17
2026-03-02 06:00:00,244.99
2026-03-02 06:10:00,131.38
2026-03-02 06:20:00,130.144
2026-03-02 06:30:00,125.63
2026-03-02 06:40:00,140.59
2026-03-02 06:50:00,156.41
2026-03-02 07:00:00,154.067
2026-03-02 07:10:00,154.67
2026-03-02 07:20:00,182.789
2026-03-02 07:30:00,92.57
2026-03-02 07:40:00,56.52
2026-03-02 07:50:00,155.13
2026-03-02 08:00:00,137.79
2026-03-02 08:10:00,130.29
2026-03-02 08:20:00,128.7
2026-03-02 08:30:00,126.94
2026-03-02 08:40:00,210.59
2026-03-02 08:50:00,265.58
2026-03-02 09:00:00,237.3
2026-03-02 09:10:00,238.55
2026-03-02 09:20:00,232.9
2026-03-02 09:30:00,223.67
2026-03-02 09:40:00,225.262
2026-03-02 09:50:00,222.82
2026-03-02 10:00:00,225.089
2026-03-02 10:10:00,216.767
2026-03-02 10:20:00,224.662
2026-03-02 10:30:00,218.72
2026-03-02 10:40:00,213.99
2026-03-02 10:50:00,223.411
2026-03-02 11:00:00,225.33
2026-03-02 11:10:00,210.062
2026-03-02 11:20:00,217.31
2026-03-02 11:30:00,218.3
2026-03-02 11:40:00,218.27
2026-03-02 11:50:00,211.544
2026-03-02 12:00:00,214.75
2026-03-02 12:10:00,210.767
2026-03-02 12:20:00,220.4
2026-03-02 12:30:00,219.8
2026-03-02 12:40:00,218.233
2026-03-02 12:50:00,210.47
2026-03-02 13:00:00,200.8
2026-03-02 13:10:00,200.344
2026-03-02 13:20:00,261.389
2026-03-02 13:30:00,165.0
2026-03-02 13:40:00,136.2
2026-03-02 13:50:00,225.062
2026-03-02 14:00:00,212.74
2026-03-02 14:10:00,218.51
2026-03-02 14:20:00,218.95
2026-03-02 14:30:00,220.13
2026-03-02 14:40:00,217.76
2026-03-02 14:50:00,214.26
2026-03-02 15:00:00,214.66
2026-03-02 15:10:00,212.4
2026-03-02 15:20:00,214.82
2026-03-02 15:30:00,221.762
2026-03-02 15:40:00,221.9
2026-03-02 15:50:00,224.375
2026-03-02 16:00:00,228.583
2026-03-02 16:10:00,222.79
2026-03-02 16:20:00,226.05
2026-03-02 16:30:00,218.39
2026-03-02 16:40:00,232.32
2026-03-02 16:50:00,223.53
2026-03-02 17:00:00,214.1
2026-03-02 17:10:00,209.96
2026-03-02 17:20:00,212.322
2026-03-02 17:30:00,214.57
2026-03-02 17:40:00,223.69
2026-03-02 17:50:00,252.629
2026-03-02 18:00:00,287.28
2026-03-02 18:10:00,276.39
2026-03-02 18:20:00,347.2
2026-03-02 18:30:00,359.85
2026-03-02 18:40:00,349.39
2026-03-02 18:50:00,333.65
2026-03-02 19:00:00,338.38
2026-03-02 19:10:00,334.08
2026-03-02 19:20:00,382.462
2026-03-02 19:30:00,295.87
2026-03-02 19:40:00,264.64
2026-03-02 19:50:00,352.75
2026-03-02 20:00:00,324.844
2026-03-02 20:10:00,315.71
2026-03-02 20:20:00,296.08
2026-03-02 20:30:00,291.3
2026-03-02 20:40:00,288.99
2026-03-02 20:50:00,289.9
2026-03-02 21:00:00,286.43
2026-03-02 21:10:00,268.45
2026-03-02 21:20:00,259.562
2026-03-02 21:30:00,296.125
2026-03-02 21:40:00,247.03
2026-03-02 21:50:00,175.88
2026-03-02 22:00:00,158.18
2026-03-02 22:10:00,140.65
2026-03-02 22:20:00,134.438
2026-03-02 22:30:00,134.062
2026-03-02 22:40:00,134.3
2026-03-02 22:50:00,133.98
2026-03-02 23:00:00,128.18
2026-03-02 23:10:00,129.01
2026-03-02 23:20:00,127.52
2026-03-02 23:30:00,128.11
2026-03-02 23:40:00,127.81
2026-03-02 23:50:00,127.91
2026-03-03 00:00:00,127.63
2026-03-03 00:10:00,127.34
2026-03-03 00:20:00,127.58
2026-03-03 00:30:00,127.42
2026-03-03 00:40:00,128.5
2026-03-03 00:50:00,127.97
2026-03-03 01:00:00,128.32
2026-03-03 01:10:00,127.92
2026-03-03 01:20:00,186.844
2026-03-03 01:30:00,99.32
2026-03-03 01:40:00,61.05
2026-03-03 01:50:00,159.77
2026-03-03 02:00:00,141.21
2026-03-03 02:10:00,135.13
2026-03-03 02:20:00,132.75
2026-03-03 02:30:00,130.2
2026-03-03 02:40:00,130.64
2026-03-03 02:50:00,130.08
2026-03-03 03:00:00,130.97
2026-03-03 03:10:00,128.99
2026-03-03 03:20:00,127.77
2026-03-03 03:30:00,127.711
2026-03-03 03:40:00,129.65
2026-03-03 03:50:00,131.314
2026-03-03 04:00:00,132.02
2026-03-03 04:10:00,133.05
2026-03-03 04:20:00,132.58
2026-03-03 04:30:00,133.24
2026-03-03 04:40:00,133.7
2026-03-03 04:50:00,132.46
2026-03-03 05:00:00,132.23
2026-03-03 05:10:00,131.0
2026-03-03 05:20:00,130.45
2026-03-03 05:30:00,131.91
2026-03-03 05:40:00,160.23
2026-03-03 05:50:00,178.5
2026-03-03 06:00:00,161.04
2026-03-03 06:10:00,139.9
2026-03-03 06:20:00,129.59
2026-03-03 06:30:00,124.05
2026-03-03 06:40:00,125.29
2026-03-03 06:50:00,124.62
2026-03-03 07:00:00,124.98
2026-03-03 07:10:00,124.57
2026-03-03 07:20:00,184.69
2026-03-03 07:30:00,110.73
2026-03-03 07:40:00,68.88
2026-03-03 07:50:00,189.68
2026-03-03 08:00:00,188.71
2026-03-03 08:10:00,207.14
2026-03-03 08:20:00,269.21
2026-03-03 08:30:00,264.23
2026-03-03 08:40:00,267.56
2026-03-03 08:50:00,286.4
2026-03-03 09:00:00,236.07
2026-03-03 09:10:00,302.15
2026-03-03 09:20:00,606.17
2026-03-03 09:30:00,590.72
2026-03-03 09:40:00,588.83
2026-03-03 09:50:00,608.03
2026-03-03 10:00:00,670.522
2026-03-03 10:10:00,657.81
2026-03-03 10:20:00,640.79
2026-03-03 10:30:00,669.84
2026-03-03 10:40:00,586.7
2026-03-03 10:50:00,580.14
2026-03-03 11:00:00,599.21
2026-03-03 11:10:00,583.51
2026-03-03 11:20:00,567.62
2026-03-03 11:30:00,593.23
2026-03-03 11:40:00,496.1
2026-03-03 11:50:00,220.03
2026-03-03 12:00:00,224.96
2026-03-03 12:10:00,239.1
2026-03-03 12:20:00,223.77
2026-03-03 12:30:00,221.91
2026-03-03 12:40:00,219.214
2026-03-03 12:50:00,223.61
2026-03-03 13:00:00,219.33
2026-03-03 13:10:00,216.925
2026-03-03 13:20:00,280.25
2026-03-03 13:30:00,178.46
2026-03-03 13:40:00,126.21
2026-03-03 13:50:00,241.53
2026-03-03 14:00:00,227.3
2026-03-03 14:10:00,226.09
2026-03-03 14:20:00,227.55
2026-03-03 14:30:00,221.99
2026-03-03 14:40:00,219.389
2026-03-03 14:50:00,220.125
2026-03-03 15:00:00,213.86
2026-03-03 15:10:00,220.23
2026-03-03 15:20:00,219.21
2026-03-03 15:30:00,223.01
2026-03-03 15:40:00,225.511
2026-03-03 15:50:00,227.08
2026-03-03 16:00:00,222.44
2026-03-03 16:10:00,218.944
2026-03-03 16:20:00,218.712
2026-03-03 16:30:00,216.39
2026-03-03 16:40:00,227.74
2026-03-03 16:50:00,236.14
2026-03-03 17:00:00,228.87
2026-03-03 17:10:00,246.04
2026-03-03 17:20:00,230.033
2026-03-03 17:30:00,224.27
2026-03-03 17:40:00,227.11
2026-03-03 17:50:00,221.711
2026-03-03 18:00:00,214.45
2026-03-03 18:10:00,224.767
2026-03-03 18:20:00,263.24
2026-03-03 18:30:00,256.53
2026-03-03 18:40:00,251.07
2026-03-03 18:50:00,253.71
2026-03-03 19:00:00,253.288
2026-03-03 19:10:00,278.1
2026-03-03 19:20:00,360.66
2026-03-03 19:30:00,253.033
2026-03-03 19:40:00,187.36
2026-03-03 19:50:00,304.05
2026-03-03 20:00:00,304.4
2026-03-03 20:10:00,316.68
2026-03-03 20:20:00,313.98
2026-03-03 20:30:00,281.0
2026-03-03 20:40:00,299.26
2026-03-03 20:50:00,281.02
2026-03-03 21:00:00,273.012
2026-03-03 21:10:00,251.086
2026-03-03 21:20:00,269.989
2026-03-03 21:30:00,270.033
2026-03-03 21:40:00,262.73
2026-03-03 21:50:00,229.27
2026-03-03 22:00:00,212.612
2026-03-03 22:10:00,147.04
2026-03-03 22:20:00,136.43
2026-03-03 22:30:00,133.53
2026-03-03 22:40:00,135.089
2026-03-03 22:50:00,134.83
2026-03-03 23:00:00,126.75
2026-03-03 23:10:00,129.19
2026-03-03 23:20:00,127.86
2026-03-03 23:30:00,127.01
2026-03-03 23:40:00,126.98
2026-03-03 23:50:00,128.311
2026-03-04 00:00:00,127.05
2026-03-04 00:10:00,125.53
2026-03-04 00:20:00,126.83
2026-03-04 00:30:00,127.1
2026-03-04 00:40:00,126.078
2026-03-04 00:50:00,126.756
2026-03-04 01:00:00,125.32
2026-03-04 01:10:00,125.85
2026-03-04 01:20:00,185.32
2026-03-04 01:30:00,95.97
2026-03-04 01:40:00,38.94
2026-03-04 01:50:00,158.37
2026-03-04 02:00:00,139.69
2026-03-04 02:10:00,134.34
2026-03-04 02:20:00,131.0
2026-03-04 02:30:00,129.63
2026-03-04 02:40:00,127.889
2026-03-04 02:50:00,127.08
2026-03-04 03:00:00,127.32
2026-03-04 03:10:00,126.41
2026-03-04 03:20:00,126.88
2026-03-04 03:30:00,125.93
2026-03-04 03:40:00,126.6
2026-03-04 03:50:00,129.444
2026-03-04 04:00:00,131.43
2026-03-04 04:10:00,132.21
2026-03-04 04:20:00,131.35
2026-03-04 04:30:00,131.478
2026-03-04 04:40:00,130.367
2026-03-04 04:50:00,134.78
2026-03-04 05:00:00,129.51
2026-03-04 05:10:00,130.14
2026-03-04 05:20:00,128.69
2026-03-04 05:30:00,129.65
2026-03-04 05:40:00,167.767
2026-03-04 05:50:00,169.15
2026-03-04 06:00:00,152.67
2026-03-04 06:10:00,127.3
2026-03-04 06:20:00,124.64
2026-03-04 06:30:00,129.27
2026-03-04 06:40:00,129.1
2026-03-04 06:50:00,155.46
2026-03-04 07:00:00,168.64
2026-03-04 07:10:00,183.667
2026-03-04 07:20:00,243.2
2026-03-04 07:30:00,164.056
2026-03-04 07:40:00,100.69
2026-03-04 07:50:00,217.15
2026-03-04 08:00:00,199.47
2026-03-04 08:10:00,193.01
2026-03-04 08:20:00,190.2
2026-03-04 08:30:00,188.22
2026-03-04 08:40:00,154.95
2026-03-04 08:50:00,154.06
2026-03-04 09:00:00,152.12
2026-03-04 09:10:00,123.24
2026-03-04 09:20:00,125.0
2026-03-04 09:30:00,123.59
2026-03-04 09:40:00,123.83
2026-03-04 09:50:00,121.96
2026-03-04 10:00:00,122.944
2026-03-04 10:10:00,121.456
2026-03-04 10:20:00,121.9
2026-03-04 10:30:00,120.69
2026-03-04 10:40:00,121.57
2026-03-04 10:50:00,122.267
2026-03-04 11:00:00,121.28
2026-03-04 11:10:00,119.99
2026-03-04 11:20:00,119.81
2026-03-04 11:30:00,124.211
2026-03-04 11:40:00,124.99
2026-03-04 11:50:00,124.21
2026-03-04 12:00:00,122.7
2026-03-04 12:10:00,123.89
2026-03-04 12:20:00,124.97
2026-03-04 12:30:00,123.75
2026-03-04 12:40:00,125.267
2026-03-04 12:50:00,123.114
2026-03-04 13:00:00,124.18
2026-03-04 13:10:00,123.26
2026-03-04 13:20:00,178.833
2026-03-04 13:30:00,101.311
2026-03-04 13:40:00,38.62
2026-03-04 13:50:00,158.01
2026-03-04 14:00:00,138.64
2026-03-04 14:10:00,132.325
2026-03-04 14:20:00,129.98
2026-03-04 14:30:00,139.54
2026-03-04 14:40:00,138.62
2026-03-04 14:50:00,127.05
2026-03-04 15:00:00,125.357
2026-03-04 15:10:00,126.33
2026-03-04 15:20:00,126.522
2026-03-04 15:30:00,127.45
2026-03-04 15:40:00,148.23
2026-03-04 15:50:00,151.4
2026-03-04 16:00:00,139.7
2026-03-04 16:10:00,149.656
2026-03-04 16:20:00,140.23
2026-03-04 16:30:00,136.72
2026-03-04 16:40:00,134.178
2026-03-04 16:50:00,135.44
2026-03-04 17:00:00,132.778
2026-03-04 17:10:00,128.46
2026-03-04 17:20:00,128.14
2026-03-04 17:30:00,127.9
2026-03-04 17:40:00,129.511
2026-03-04 17:50:00,127.94
2026-03-04 18:00:00,128.12
2026-03-04 18:10:00,126.71
2026-03-04 18:20:00,150.09
2026-03-04 18:30:00,185.078
2026-03-04 18:40:00,191.89
2026-03-04 18:50:00,194.37
2026-03-04 19:00:00,195.35
2026-03-04 19:10:00,189.27
2026-03-04 19:20:00,212.55
2026-03-04 19:30:00,191.77
2026-03-04 19:40:00,140.56
2026-03-04 19:50:00,260.93
2026-03-04 20:00:00,240.078
2026-03-04 20:10:00,230.656
2026-03-04 20:20:00,231.38
2026-03-04 20:30:00,225.8
2026-03-04 20:40:00,227.056
2026-03-04 20:50:00,228.96
2026-03-04 21:00:00,224.66
2026-03-04 21:10:00,392.71
2026-03-04 21:20:00,193.03
2026-03-04 21:30:00,430.99
2026-03-04 21:40:00,357.96
2026-03-04 21:50:00,504.48
2026-03-04 22:00:00,200.44
2026-03-04 22:10:00,200.66
2026-03-04 22:20:00,204.125
2026-03-04 22:30:00,204.59
2026-03-04 22:40:00,203.1
2026-03-04 22:50:00,202.45
2026-03-04 23:00:00,203.51
2026-03-04 23:10:00,161.28
2026-03-04 23:20:00,158.738
2026-03-04 23:30:00,158.98
2026-03-04 23:40:00,148.7
2026-03-04 23:50:00,147.412
2026-03-05 00:00:00,148.88
2026-03-05 00:10:00,150.11
2026-03-05 00:20:00,147.33
2026-03-05 00:30:00,146.32
2026-03-05 00:40:00,147.178
2026-03-05 00:50:00,146.344
2026-03-05 01:00:00,145.38
2026-03-05 01:10:00,146.888
2026-03-05 01:20:00,207.162
2026-03-05 01:30:00,160.186
2026-03-05 01:40:00,59.81
2026-03-05 01:50:00,179.73
2026-03-05 02:00:00,160.77
2026-03-05 02:10:00,154.82
2026-03-05 02:20:00,151.067
2026-03-05 02:30:00,149.58
2026-03-05 02:40:00,148.68
2026-03-05 02:50:00,149.133
2026-03-05 03:00:00,148.95
2026-03-05 03:10:00,147.288
2026-03-05 03:20:00,146.67
2026-03-05 03:30:00,146.37
2026-03-05 03:40:00,146.922
2026-03-05 03:50:00,146.32
2026-03-05 04:00:00,152.867
2026-03-05 04:10:00,152.54
2026-03-05 04:20:00,152.39
2026-03-05 04:30:00,152.08
2026-03-05 04:40:00,151.46
2026-03-05 04:50:00,151.233
2026-03-05 05:00:00,149.9
2026-03-05 05:10:00,149.1
2026-03-05 05:20:00,149.34
2026-03-05 05:30:00,152.8
2026-03-05 05:40:00,182.43
2026-03-05 05:50:00,178.94
2026-03-05 06:00:00,172.77
2026-03-05 06:10:00,148.167
2026-03-05 06:20:00,145.1
2026-03-05 06:30:00,143.32
2026-03-05 06:40:00,141.85
2026-03-05 06:50:00,144.23
2026-03-05 07:00:00,145.21
2026-03-05 07:10:00,143.978
2026-03-05 07:20:00,206.85
2026-03-05 07:30:00,143.422
2026-03-05 07:40:00,63.55
2026-03-05 07:50:00,177.36
2026-03-05 08:00:00,157.32
2026-03-05 08:10:00,152.53
2026-03-05 08:20:00,149.444
2026-03-05 08:30:00,148.49
2026-03-05 08:40:00,150.58
2026-03-05 08:50:00,201.98
2026-03-05 09:00:00,180.59
2026-03-05 09:10:00,165.34
2026-03-05 09:20:00,169.175
2026-03-05 09:30:00,162.2
2026-03-05 09:40:00,155.46
2026-03-05 09:50:00,155.444
2026-03-05 10:00:00,151.5
2026-03-05 10:10:00,186.88
2026-03-05 10:20:00,168.78
2026-03-05 10:30:00,150.66
2026-03-05 10:40:00,148.378
2026-03-05 10:50:00,156.82
2026-03-05 11:00:00,181.59
2026-03-05 11:10:00,171.9
2026-03-05 11:20:00,261.55
2026-03-05 11:30:00,528.04
2026-03-05 11:40:00,525.09
2026-03-05 11:50:00,507.61
2026-03-05 12:00:00,499.07
2026-03-05 12:10:00,490.06
2026-03-05 12:20:00,498.63
2026-03-05 12:30:00,493.5
2026-03-05 12:40:00,485.22
2026-03-05 12:50:00,490.45
2026-03-05 13:00:00,492.678
2026-03-05 13:10:00,483.47
2026-03-05 13:20:00,469.411
2026-03-05 13:30:00,470.48
2026-03-05 13:40:00,470.45
2026-03-05 13:50:00,465.16
2026-03-05 14:00:00,468.22
2026-03-05 14:10:00,456.14
2026-03-05 14:20:00,443.81
2026-03-05 14:30:00,457.79
2026-03-05 14:40:00,478.12
2026-03-05 14:50:00,483.578
2026-03-05 15:00:00,679.812
2026-03-05 15:10:00,876.0
2026-03-05 15:20:00,852.89
2026-03-05 15:30:00,859.39
2026-03-05 15:40:00,851.956
2026-03-05 15:50:00,939.21
2026-03-05 16:00:00,935.956
2026-03-05 16:10:00,556.82
2026-03-05 16:20:00,550.67
2026-03-05 16:30:00,535.26
2026-03-05 16:40:00,564.38
2026-03-05 16:50:00,589.7
2026-03-05 17:00:00,581.29
2026-03-05 17:10:00,578.22
2026-03-05 17:20:00,573.55
2026-03-05 17:30:00,399.022
2026-03-05 17:40:00,134.9
2026-03-05 17:50:00,164.6
2026-03-05 18:00:00,194.378
2026-03-05 18:10:00,180.79
2026-03-05 18:20:00,184.178
2026-03-05 18:30:00,176.167
2026-03-05 18:40:00,200.325
2026-03-05 18:50:00,211.978
2026-03-05 19:00:00,197.55
2026-03-05 19:10:00,212.05
2026-03-05 19:20:00,215.04
2026-03-05 19:30:00,219.089
2026-03-05 19:40:00,212.922
2026-03-05 19:50:00,208.944
2026-03-05 20:00:00,175.87
2026-03-05 20:10:00,152.37
2026-03-05 20:20:00,144.88
2026-03-05 20:30:00,144.71
2026-03-05 20:40:00,139.27
2026-03-05 20:50:00,123.7
2026-03-05 21:00:00,589.11
2026-03-05 21:10:00,520.12
2026-03-05 21:20:00,232.07
2026-03-05 21:30:00,227.5
2026-03-05 21:40:00,223.8
2026-03-05 21:50:00,207.26
2026-03-05 22:00:00,208.92
2026-03-05 22:10:00,213.29
2026-03-05 22:20:00,210.68
2026-03-05 22:30:00,200.411
2026-03-05 22:40:00,156.09
2026-03-05 22:50:00,143.63
2026-03-05 23:00:00,137.93
2026-03-05 23:10:00,137.044
2026-03-05 23:20:00,137.85
2026-03-05 23:30:00,150.93
2026-03-05 23:40:00,133.65
2026-03-05 23:50:00,135.356
2026-03-06 00:00:00,129.42
2026-03-06 00:10:00,126.822
2026-03-06 00:20:00,126.2
2026-03-06 00:30:00,127.81
2026-03-06 00:40:00,126.778
2026-03-06 00:50:00,127.2
2026-03-06 01:00:00,127.43
2026-03-06 01:10:00,125.53
2026-03-06 01:20:00,207.111
2026-03-06 01:30:00,85.133
2026-03-06 01:40:00,70.05
2026-03-06 01:50:00,155.51
2026-03-06 02:00:00,141.63
2026-03-06 02:10:00,134.533
2026-03-06 02:20:00,131.18
2026-03-06 02:30:00,130.438
2026-03-06 02:40:00,128.37
2026-03-06 02:50:00,127.929
2026-03-06 03:00:00,127.49
2026-03-06 03:10:00,127.66
2026-03-06 03:20:00,127.54
2026-03-06 03:30:00,127.311
2026-03-06 03:40:00,127.67
2026-03-06 03:50:00,126.51
2026-03-06 04:00:00,132.35
2026-03-06 04:10:00,131.512
2026-03-06 04:20:00,131.48
2026-03-06 04:30:00,132.422
2026-03-06 04:40:00,132.08
2026-03-06 04:50:00,131.222
2026-03-06 05:00:00,130.17
2026-03-06 05:10:00,129.39
2026-03-06 05:20:00,129.289
2026-03-06 05:30:00,127.444
2026-03-06 05:40:00,154.12
2026-03-06 05:50:00,167.59
2026-03-06 06:00:00,155.02
2026-03-06 06:10:00,127.7
2026-03-06 06:20:00,138.6
2026-03-06 06:30:00,132.4
2026-03-06 06:40:00,136.34
2026-03-06 06:50:00,133.062
2026-03-06 07:00:00,133.278
2026-03-06 07:10:00,133.65
2026-03-06 07:20:00,212.59
2026-03-06 07:30:00,89.02
2026-03-06 07:40:00,69.2
2026-03-06 07:50:00,150.33
2026-03-06 08:00:00,138.386
2026-03-06 08:10:00,130.633
2026-03-06 08:20:00,167.81
2026-03-06 08:30:00,219.77
2026-03-06 08:40:00,202.58
2026-03-06 08:50:00,200.46
2026-03-06 09:00:00,201.69
2026-03-06 09:10:00,199.07
2026-03-06 09:20:00,203.2
2026-03-06 09:30:00,214.88
2026-03-06 09:40:00,212.47
2026-03-06 09:50:00,217.68
2026-03-06 10:00:00,219.21
2026-03-06 10:10:00,209.0
2026-03-06 10:20:00,211.32
2026-03-06 10:30:00,211.24
2026-03-06 10:40:00,213.41
2026-03-06 10:50:00,206.02
2026-03-06 11:00:00,207.14
2026-03-06 11:10:00,208.19
2026-03-06 11:20:00,207.833
2026-03-06 11:30:00,213.72
2026-03-06 11:40:00,213.0
2026-03-06 11:50:00,209.675
2026-03-06 12:00:00,206.538
2026-03-06 12:10:00,212.322
2026-03-06 12:20:00,205.14
2026-03-06 12:30:00,206.98
2026-03-06 12:40:00,222.79
2026-03-06 12:50:00,208.67
2026-03-06 13:00:00,210.67
2026-03-06 13:10:00,211.44
2026-03-06 13:20:00,307.4
2026-03-06 13:30:00,166.98
2026-03-06 13:40:00,145.4
2026-03-06 13:50:00,227.37
2026-03-06 14:00:00,220.41
2026-03-06 14:10:00,215.422
2026-03-06 14:20:00,219.67
2026-03-06 14:30:00,205.51
2026-03-06 14:40:00,209.011
2026-03-06 14:50:00,212.344
2026-03-06 15:00:00,232.18
2026-03-06 15:10:00,230.06
2026-03-06 15:20:00,225.9
2026-03-06 15:30:00,233.088
2026-03-06 15:40:00,231.29
2026-03-06 15:50:00,227.789
2026-03-06 16:00:00,233.262
2026-03-06 16:10:00,226.178
2026-03-06 16:20:00,223.99
2026-03-06 16:30:00,219.922
2026-03-06 16:40:00,229.462
2026-03-06 16:50:00,236.2
2026-03-06 17:00:00,221.27
2026-03-06 17:10:00,211.08
2026-03-06 17:20:00,207.478
2026-03-06 17:30:00,203.1
2026-03-06 17:40:00,188.73
2026-03-06 17:50:00,188.878
2026-03-06 18:00:00,185.33
2026-03-06 18:10:00,225.122
2026-03-06 18:20:00,189.5
2026-03-06 18:30:00,156.78
2026-03-06 18:40:00,160.03
2026-03-06 18:50:00,182.86
2026-03-06 19:00:00,201.711
2026-03-06 19:10:00,220.544
2026-03-06 19:20:00,309.1
2026-03-06 19:30:00,180.24
2026-03-06 19:40:00,170.42
2026-03-06 19:50:00,226.989
2026-03-06 20:00:00,213.311
2026-03-06 20:10:00,205.59
2026-03-06 20:20:00,207.267
2026-03-06 20:30:00,205.078
2026-03-06 20:40:00,233.6
2026-03-06 20:50:00,275.53
2026-03-06 21:00:00,272.143
2026-03-06 21:10:00,276.1
2026-03-06 21:20:00,235.644
2026-03-06 21:30:00,184.09
2026-03-06 21:40:00,183.6
2026-03-06 21:50:00,184.13
2026-03-06 22:00:00,183.81
2026-03-06 22:10:00,183.522
2026-03-06 22:20:00,204.222
2026-03-06 22:30:00,198.07
2026-03-06 22:40:00,173.53
2026-03-06 22:50:00,175.96
2026-03-06 23:00:00,172.911
2026-03-06 23:10:00,175.61
2026-03-06 23:20:00,145.111
2026-03-06 23:30:00,129.54
2026-03-06 23:40:00,133.73
2026-03-06 23:50:00,128.65
2026-03-07 00:00:00,129.678
2026-03-07 00:10:00,132.612
2026-03-07 00:20:00,126.09
2026-03-07 00:30:00,126.57
2026-03-07 00:40:00,128.94
2026-03-07 00:50:00,129.88
2026-03-07 01:00:00,126.19
2026-03-07 01:10:00,128.422
2026-03-07 01:20:00,210.42
2026-03-07 01:30:00,61.75
2026-03-07 01:40:00,74.867
2026-03-07 01:50:00,151.16
2026-03-07 02:00:00,135.633
2026-03-07 02:10:00,130.989
2026-03-07 02:20:00,127.856
2026-03-07 02:30:00,126.89
2026-03-07 02:40:00,125.06
2026-03-07 02:50:00,125.23
2026-03-07 03:00:00,124.889
2026-03-07 03:10:00,125.04
2026-03-07 03:20:00,125.9
2026-03-07 03:30:00,124.662
2026-03-07 03:40:00,124.462
2026-03-07 03:50:00,123.789
2026-03-07 04:00:00,129.24
2026-03-07 04:10:00,128.8
2026-03-07 04:20:00,128.9
2026-03-07 04:30:00,128.425
2026-03-07 04:40:00,129.12
2026-03-07 04:50:00,128.76
2026-03-07 05:00:00,130.86
2026-03-07 05:10:00,127.13
2026-03-07 05:20:00,128.111
2026-03-07 05:30:00,127.52
2026-03-07 05:40:00,128.629
2026-03-07 05:50:00,128.38
2026-03-07 06:00:00,127.78
2026-03-07 06:10:00,128.17
2026-03-07 06:20:00,125.55
2026-03-07 06:30:00,134.8
2026-03-07 06:40:00,132.778
2026-03-07 06:50:00,132.49
2026-03-07 07:00:00,134.62
2026-03-07 07:10:00,129.46
2026-03-07 07:20:00,198.01
2026-03-07 07:30:00,59.97
2026-03-07 07:40:00,54.978
2026-03-07 07:50:00,149.08
2026-03-07 08:00:00,134.66
2026-03-07 08:10:00,127.722
2026-03-07 08:20:00,125.79
2026-03-07 08:30:00,124.51
2026-03-07 08:40:00,122.911
2026-03-07 08:50:00,122.99
2026-03-07 09:00:00,123.44
2026-03-07 09:10:00,122.989
2026-03-07 09:20:00,121.91
2026-03-07 09:30:00,121.51
2026-03-07 09:40:00,121.54
2026-03-07 09:50:00,120.65
2026-03-07 10:00:00,132.61
2026-03-07 10:10:00,185.95
2026-03-07 10:20:00,184.42
2026-03-07 10:30:00,136.74
2026-03-07 10:40:00,121.03
2026-03-07 10:50:00,121.267
2026-03-07 11:00:00,120.26
2026-03-07 11:10:00,150.856
2026-03-07 11:20:00,196.11
2026-03-07 11:30:00,156.633
2026-03-07 11:40:00,154.49
2026-03-07 11:50:00,138.289
2026-03-07 12:00:00,167.42
2026-03-07 12:10:00,146.5
2026-03-07 12:20:00,157.73
2026-03-07 12:30:00,167.57
2026-03-07 12:40:00,119.822
2026-03-07 12:50:00,120.767
2026-03-07 13:00:00,121.5
2026-03-07 13:10:00,121.5
2026-03-07 13:20:00,188.689
2026-03-07 13:30:00,74.61
2026-03-07 13:40:00,76.9
2026-03-07 13:50:00,188.789
2026-03-07 14:00:00,203.74
2026-03-07 14:10:00,180.822
2026-03-07 14:20:00,170.18
2026-03-07 14:30:00,170.325
2026-03-07 14:40:00,168.02
2026-03-07 14:50:00,166.91
2026-03-07 15:00:00,188.575
2026-03-07 15:10:00,187.73
2026-03-07 15:20:00,178.833
2026-03-07 15:30:00,169.344
2026-03-07 15:40:00,170.8
2026-03-07 15:50:00,179.11
2026-03-07 16:00:00,175.36
2026-03-07 16:10:00,183.911
2026-03-07 16:20:00,181.988
2026-03-07 16:30:00,181.629
2026-03-07 16:40:00,175.45
2026-03-07 16:50:00,164.76
2026-03-07 17:00:00,163.389
2026-03-07 17:10:00,197.233
2026-03-07 17:20:00,192.75
2026-03-07 17:30:00,195.456
2026-03-07 17:40:00,195.778
2026-03-07 17:50:00,196.68
2026-03-07 18:00:00,203.33
2026-03-07 18:10:00,213.49
2026-03-07 18:20:00,215.8
2026-03-07 18:30:00,210.85
2026-03-07 18:40:00,220.089
2026-03-07 18:50:00,286.356
2026-03-07 19:00:00,282.14
2026-03-07 19:10:00,274.22
2026-03-07 19:20:00,346.09
2026-03-07 19:30:00,230.089
2026-03-07 19:40:00,233.57
2026-03-07 19:50:00,378.24
2026-03-07 20:00:00,362.5
2026-03-07 20:10:00,357.13
2026-03-07 20:20:00,350.48
2026-03-07 20:30:00,358.122
2026-03-07 20:40:00,329.63
2026-03-07 20:50:00,288.12
2026-03-07 21:00:00,283.88
2026-03-07 21:10:00,283.978
2026-03-07 21:20:00,282.122
2026-03-07 21:30:00,290.62
2026-03-07 21:40:00,334.32
2026-03-07 21:50:00,316.45
2026-03-07 22:00:00,293.09
2026-03-07 22:10:00,244.7
2026-03-07 22:20:00,164.29
2026-03-07 22:30:00,575.056
2026-03-07 22:40:00,538.612
2026-03-07 22:50:00,143.856
2026-03-07 23:00:00,130.71
2026-03-07 23:10:00,128.16
2026-03-07 23:20:00,125.13
2026-03-07 23:30:00,127.09
2026-03-07 23:40:00,128.238
2026-03-07 23:50:00,126.74
2026-03-08 00:00:00,124.2
2026-03-08 00:10:00,122.6
2026-03-08 00:20:00,124.05
2026-03-08 00:30:00,125.862
2026-03-08 00:40:00,122.44
2026-03-08 00:50:00,123.08
2026-03-08 01:00:00,123.4
2026-03-08 01:10:00,129.84
2026-03-08 01:20:00,199.444
2026-03-08 01:30:00,64.978
2026-03-08 01:40:00,69.42
2026-03-08 01:50:00,151.51
2026-03-08 02:00:00,134.625
2026-03-08 02:10:00,130.44
2026-03-08 02:20:00,127.544
2026-03-08 02:30:00,127.88
2026-03-08 02:40:00,126.233
2026-03-08 02:50:00,124.62
2026-03-08 03:00:00,125.65
2026-03-08 03:10:00,123.43
2026-03-08 03:20:00,123.37
2026-03-08 03:30:00,123.04
2026-03-08 03:40:00,122.55
2026-03-08 03:50:00,123.15
2026-03-08 04:00:00,128.55
2026-03-08 04:10:00,127.767
2026-03-08 04:20:00,128.67
2026-03-08 04:30:00,128.32
2026-03-08 04:40:00,127.26
2026-03-08 04:50:00,127.33
2026-03-08 05:00:00,126.34
2026-03-08 05:10:00,128.64
2026-03-08 05:20:00,132.078
2026-03-08 05:30:00,127.15
2026-03-08 05:40:00,128.02
2026-03-08 05:50:00,134.86
2026-03-08 06:00:00,145.84
2026-03-08 06:10:00,143.77
2026-03-08 06:20:00,135.68
2026-03-08 06:30:00,138.4
2026-03-08 06:40:00,138.03
2026-03-08 06:50:00,135.95
2026-03-08 07:00:00,138.51
2026-03-08 07:10:00,132.02
2026-03-08 07:20:00,202.66
2026-03-08 07:30:00,68.778
2026-03-08 07:40:00,69.1
2026-03-08 07:50:00,148.82
2026-03-08 08:00:00,132.99
2026-03-08 08:10:00,126.83
2026-03-08 08:20:00,124.722
2026-03-08 08:30:00,123.69
2026-03-08 08:40:00,137.28
2026-03-08 08:50:00,124.53
2026-03-08 09:00:00,123.01
2026-03-08 09:10:00,121.7
2026-03-08 09:20:00,120.81
2026-03-08 09:30:00,118.933
2026-03-08 09:40:00,133.82
2026-03-08 09:50:00,153.44
2026-03-08 10:00:00,167.84
2026-03-08 10:10:00,209.72
2026-03-08 10:20:00,200.82
2026-03-08 10:30:00,176.52
2026-03-08 10:40:00,137.922
2026-03-08 10:50:00,158.3
2026-03-08 11:00:00,158.138
2026-03-08 11:10:00,157.589
2026-03-08 11:20:00,147.73
2026-03-08 11:30:00,166.588
2026-03-08 11:40:00,211.16
2026-03-08 11:50:00,328.9
2026-03-08 12:00:00,273.69
2026-03-08 12:10:00,219.53
2026-03-08 12:20:00,216.13
2026-03-08 12:30:00,247.71
2026-03-08 12:40:00,259.66
2026-03-08 12:50:00,280.98
2026-03-08 13:00:00,275.489
2026-03-08 13:10:00,259.3
2026-03-08 13:20:00,293.2
2026-03-08 13:30:00,159.05
2026-03-08 13:40:00,152.762
2026-03-08 13:50:00,283.578
2026-03-08 14:00:00,408.27
2026-03-08 14:10:00,355.444
2026-03-08 14:20:00,188.65
2026-03-08 14:30:00,198.7
2026-03-08 14:40:00,198.34
2026-03-08 14:50:00,191.38
2026-03-08 15:00:00,171.39
2026-03-08 15:10:00,161.488
2026-03-08 15:20:00,161.66
2026-03-08 15:30:00,160.09
2026-03-08 15:40:00,160.862
2026-03-08 15:50:00,181.6
2026-03-08 16:00:00,189.222
2026-03-08 16:10:00,190.96
2026-03-08 16:20:00,188.425
2026-03-08 16:30:00,186.85
2026-03-08 16:40:00,188.35
2026-03-08 16:50:00,186.844
2026-03-08 17:00:00,191.971
2026-03-08 17:10:00,185.74
2026-03-08 17:20:00,187.1
2026-03-08 17:30:00,215.59
2026-03-08 17:40:00,222.389
2026-03-08 17:50:00,228.52
2026-03-08 18:00:00,217.8
2026-03-08 18:10:00,222.83
2026-03-08 18:20:00,221.48
2026-03-08 18:30:00,219.37
2026-03-08 18:40:00,231.87
2026-03-08 18:50:00,231.24
2026-03-08 19:00:00,252.5
2026-03-08 19:10:00,251.311
2026-03-08 19:20:00,342.7
2026-03-08 19:30:00,214.82
2026-03-08 19:40:00,204.02
2026-03-08 19:50:00,295.46
2026-03-08 20:00:00,312.2
2026-03-08 20:10:00,303.011
2026-03-08 20:20:00,287.19
2026-03-08 20:30:00,300.188
2026-03-08 20:40:00,323.36
2026-03-08 20:50:00,315.088
2026-03-08 21:00:00,272.99
2026-03-08 21:10:00,247.122
2026-03-08 21:20:00,245.39
2026-03-08 21:30:00,247.31
2026-03-08 21:40:00,242.57
2026-03-08 21:50:00,234.75
2026-03-08 22:00:00,240.88
2026-03-08 22:10:00,243.833
2026-03-08 22:20:00,181.28
2026-03-08 22:30:00,179.51
2026-03-08 22:40:00,175.56
2026-03-08 22:50:00,175.57
2026-03-08 23:00:00,168.8
2026-03-08 23:10:00,157.44
2026-03-08 23:20:00,123.989
2026-03-08 23:30:00,124.93
2026-03-08 23:40:00,123.93
2026-03-08 23:50:00,125.17
2026-03-09 00:00:00,123.622
2026-03-09 00:10:00,123.22
2026-03-09 00:20:00,123.91
2026-03-09 00:30:00,123.656
2026-03-09 00:40:00,125.04
2026-03-09 00:50:00,124.03
2026-03-09 01:00:00,123.225
2026-03-09 01:10:00,125.17
2026-03-09 01:20:00,193.74
2026-03-09 01:30:00,60.73
2026-03-09 01:40:00,70.833
2026-03-09 01:50:00,150.81
2026-03-09 02:00:00,136.47
2026-03-09 02:10:00,132.09
2026-03-09 02:20:00,129.19
2026-03-09 02:30:00,127.8
2026-03-09 02:40:00,126.7
2026-03-09 02:50:00,124.63
2026-03-09 03:00:00,126.71
2026-03-09 03:10:00,123.74
2026-03-09 03:20:00,124.9
2026-03-09 03:30:00,125.32
2026-03-09 03:40:00,124.71
2026-03-09 03:50:00,124.84
2026-03-09 04:00:00,130.09
2026-03-09 04:10:00,128.111
2026-03-09 04:20:00,128.85
2026-03-09 04:30:00,128.2
2026-03-09 04:40:00,129.19
2026-03-09 04:50:00,129.83
2026-03-09 05:00:00,126.6
2026-03-09 05:10:00,126.99
2026-03-09 05:20:00,125.87
2026-03-09 05:30:00,124.82
2026-03-09 05:40:00,151.44
2026-03-09 05:50:00,155.42
2026-03-09 06:00:00,150.767
2026-03-09 06:10:00,126.69
2026-03-09 06:20:00,123.13
2026-03-09 06:30:00,121.38
2026-03-09 06:40:00,121.52
2026-03-09 06:50:00,121.311
2026-03-09 07:00:00,135.611
2026-03-09 07:10:00,153.85
2026-03-09 07:20:00,224.08
2026-03-09 07:30:00,149.32
2026-03-09 07:40:00,138.21
2026-03-09 07:50:00,223.19
2026-03-09 08:00:00,345.68
2026-03-09 08:10:00,948.57
2026-03-09 08:20:00,951.28
2026-03-09 08:30:00,958.89
2026-03-09 08:40:00,949.678
2026-03-09 08:50:00,947.96
2026-03-09 09:00:00,976.76
2026-03-09 09:10:00,929.71
2026-03-09 09:20:00,952.38
2026-03-09 09:30:00,948.53
2026-03-09 09:40:00,933.09
2026-03-09 09:50:00,921.96
2026-03-09 10:00:00,930.22
2026-03-09 10:10:00,907.7
2026-03-09 10:20:00,914.68
2026-03-09 10:30:00,927.76
2026-03-09 10:40:00,886.867
2026-03-09 10:50:00,911.79
2026-03-09 11:00:00,892.41
2026-03-09 11:10:00,905.06
2026-03-09 11:20:00,921.35
2026-03-09 11:30:00,837.7
2026-03-09 11:40:00,211.94
2026-03-09 11:50:00,209.15
2026-03-09 12:00:00,205.44
2026-03-09 12:10:00,221.97
2026-03-09 12:20:00,211.322
2026-03-09 12:30:00,210.22
2026-03-09 12:40:00,203.71
2026-03-09 12:50:00,201.73
2026-03-09 13:00:00,204.0
2026-03-09 13:10:00,202.078
2026-03-09 13:20:00,266.42
2026-03-09 13:30:00,149.98
2026-03-09 13:40:00,145.233
2026-03-09 13:50:00,227.35
2026-03-09 14:00:00,213.55
2026-03-09 14:10:00,223.11
2026-03-09 14:20:00,218.49
2026-03-09 14:30:00,201.75
2026-03-09 14:40:00,214.73
2026-03-09 14:50:00,216.078
2026-03-09 15:00:00,217.65
2026-03-09 15:10:00,211.238
2026-03-09 15:20:00,218.825
2026-03-09 15:30:00,218.88
2026-03-09 15:40:00,212.64
2026-03-09 15:50:00,224.178
2026-03-09 16:00:00,226.944
2026-03-09 16:10:00,218.95
2026-03-09 16:20:00,214.1
2026-03-09 16:30:00,216.322
2026-03-09 16:40:00,213.667
2026-03-09 16:50:00,215.88
2026-03-09 17:00:00,213.089
2026-03-09 17:10:00,215.98
2026-03-09 17:20:00,217.05
2026-03-09 17:30:00,221.13
2026-03-09 17:40:00,216.09
2026-03-09 17:50:00,214.46
2026-03-09 18:00:00,213.83
2026-03-09 18:10:00,221.033
2026-03-09 18:20:00,230.556
2026-03-09 18:30:00,235.378
2026-03-09 18:40:00,240.13
2026-03-09 18:50:00,232.49
2026-03-09 19:00:00,218.96
2026-03-09 19:10:00,219.038
2026-03-09 19:20:00,283.52
2026-03-09 19:30:00,172.833
2026-03-09 19:40:00,160.571
2026-03-09 19:50:00,242.56
2026-03-09 20:00:00,205.05
2026-03-09 20:10:00,204.0
2026-03-09 20:20:00,204.59
2026-03-09 20:30:00,201.68
2026-03-09 20:40:00,197.44
2026-03-09 20:50:00,195.57
2026-03-09 21:00:00,199.886
2026-03-09 21:10:00,196.38
2026-03-09 21:20:00,198.17
2026-03-09 21:30:00,197.57
2026-03-09 21:40:00,197.067
2026-03-09 21:50:00,194.889
2026-03-09 22:00:00,199.83
2026-03-09 22:10:00,201.538
2026-03-09 22:20:00,196.24
2026-03-09 22:30:00,189.97
2026-03-09 22:40:00,172.578
2026-03-09 22:50:00,130.31
2026-03-09 23:00:00,122.23
2026-03-09 23:10:00,149.35
2026-03-09 23:20:00,143.289
2026-03-09 23:30:00,121.7
2026-03-09 23:40:00,120.35
2026-03-09 23:50:00,122.73
2026-03-10 00:00:00,123.29
2026-03-10 00:10:00,121.07
2026-03-10 00:20:00,120.6
2026-03-10 00:30:00,120.71
2026-03-10 00:40:00,119.74
2026-03-10 00:50:00,120.389
2026-03-10 01:00:00,119.45
2026-03-10 01:10:00,119.97
2026-03-10 01:20:00,188.929
2026-03-10 01:30:00,78.9
2026-03-10 01:40:00,73.933
2026-03-10 01:50:00,151.17
2026-03-10 02:00:00,133.89
2026-03-10 02:10:00,127.93
2026-03-10 02:20:00,126.55
2026-03-10 02:30:00,124.078
2026-03-10 02:40:00,125.33
2026-03-10 02:50:00,123.27
2026-03-10 03:00:00,122.43
2026-03-10 03:10:00,125.64
2026-03-10 03:20:00,123.22
2026-03-10 03:30:00,120.575
2026-03-10 03:40:00,121.55
2026-03-10 03:50:00,120.78
2026-03-10 04:00:00,125.35
2026-03-10 04:10:00,126.73
2026-03-10 04:20:00,127.09
2026-03-10 04:30:00,127.02
2026-03-10 04:40:00,127.04
2026-03-10 04:50:00,126.28
2026-03-10 05:00:00,125.1
2026-03-10 05:10:00,125.38
2026-03-10 05:20:00,124.86
2026-03-10 05:30:00,124.04
2026-03-10 05:40:00,163.07
2026-03-10 05:50:00,162.733
2026-03-10 06:00:00,149.95
2026-03-10 06:10:00,125.61
2026-03-10 06:20:00,166.59
2026-03-10 06:30:00,175.01
2026-03-10 06:40:00,171.956
2026-03-10 06:50:00,175.356
2026-03-10 07:00:00,170.6
2026-03-10 07:10:00,177.85
2026-03-10 07:20:00,247.56
2026-03-10 07:30:00,129.9
2026-03-10 07:40:00,124.122
2026-03-10 07:50:00,199.933
2026-03-10 08:00:00,182.911
2026-03-10 08:10:00,177.51
2026-03-10 08:20:00,176.656
2026-03-10 08:30:00,161.17
2026-03-10 08:40:00,175.078
2026-03-10 08:50:00,244.5
2026-03-10 09:00:00,233.38
2026-03-10 09:10:00,242.81
2026-03-10 09:20:00,233.75
2026-03-10 09:30:00,216.89
2026-03-10 09:40:00,204.98
2026-03-10 09:50:00,205.375
2026-03-10 10:00:00,205.74
2026-03-10 10:10:00,213.267
2026-03-10 10:20:00,217.44
2026-03-10 10:30:00,200.93
2026-03-10 10:40:00,464.59
2026-03-10 10:50:00,578.51
2026-03-10 11:00:00,580.01
2026-03-10 11:10:00,579.22
2026-03-10 11:20:00,581.89
2026-03-10 11:30:00,571.82
2026-03-10 11:40:00,569.6
2026-03-10 11:50:00,573.21
2026-03-10 12:00:00,582.067
2026-03-10 12:10:00,575.71
2026-03-10 12:20:00,584.944
2026-03-10 12:30:00,576.56
2026-03-10 12:40:00,584.144
2026-03-10 12:50:00,583.28
2026-03-10 13:00:00,353.72
2026-03-10 13:10:00,204.9
2026-03-10 13:20:00,266.55
2026-03-10 13:30:00,159.3
2026-03-10 13:40:00,142.2
2026-03-10 13:50:00,221.25
2026-03-10 14:00:00,234.278
2026-03-10 14:10:00,216.8
2026-03-10 14:20:00,214.967
2026-03-10 14:30:00,201.922
2026-03-10 14:40:00,195.1
2026-03-10 14:50:00,193.6
2026-03-10 15:00:00,206.94
2026-03-10 15:10:00,442.638
2026-03-10 15:20:00,594.42
2026-03-10 15:30:00,611.389
2026-03-10 15:40:00,596.1
2026-03-10 15:50:00,598.338
2026-03-10 16:00:00,617.69
2026-03-10 16:10:00,635.02
2026-03-10 16:20:00,636.344
2026-03-10 16:30:00,644.03
2026-03-10 16:40:00,645.011
2026-03-10 16:50:00,642.18
2026-03-10 17:00:00,648.82
2026-03-10 17:10:00,627.65
2026-03-10 17:20:00,618.41
2026-03-10 17:30:00,620.0
2026-03-10 17:40:00,636.5
2026-03-10 17:50:00,654.91
2026-03-10 18:00:00,633.289
2026-03-10 18:10:00,627.72
2026-03-10 18:20:00,630.62
2026-03-10 18:30:00,624.43
2026-03-10 18:40:00,516.25
2026-03-10 18:50:00,278.45
2026-03-10 19:00:00,274.756
2026-03-10 19:10:00,312.122
2026-03-10 19:20:00,364.54
2026-03-10 19:30:00,243.09
2026-03-10 19:40:00,189.722
2026-03-10 19:50:00,257.544
2026-03-10 20:00:00,230.53
2026-03-10 20:10:00,217.06
2026-03-10 20:20:00,202.69
2026-03-10 20:30:00,192.58
2026-03-10 20:40:00,193.67
2026-03-10 20:50:00,190.21
2026-03-10 21:00:00,190.12
2026-03-10 21:10:00,193.6
2026-03-10 21:20:00,195.09
2026-03-10 21:30:00,190.53
2026-03-10 21:40:00,193.411
2026-03-10 21:50:00,193.08
2026-03-10 22:00:00,186.81
2026-03-10 22:10:00,182.344
2026-03-10 22:20:00,585.98
2026-03-10 22:30:00,917.12
2026-03-10 22:40:00,929.39
2026-03-10 22:50:00,857.82
2026-03-10 23:00:00,120.85
2026-03-10 23:10:00,121.67
2026-03-10 23:20:00,121.744
2026-03-10 23:30:00,123.5
2026-03-10 23:40:00,122.66
2026-03-10 23:50:00,120.9
2026-03-11 00:00:00,120.48
2026-03-11 00:10:00,121.311
2026-03-11 00:20:00,120.5
2026-03-11 00:30:00,122.55
2026-03-11 00:40:00,120.933
2026-03-11 00:50:00,120.46
2026-03-11 01:00:00,121.733
2026-03-11 01:10:00,120.111
2026-03-11 01:20:00,189.0
2026-03-11 01:30:00,80.65
2026-03-11 01:40:00,68.91
2026-03-11 01:50:00,146.15
2026-03-11 02:00:00,133.67
2026-03-11 02:10:00,128.36
2026-03-11 02:20:00,125.63
2026-03-11 02:30:00,123.18
2026-03-11 02:40:00,123.91
2026-03-11 02:50:00,122.08
2026-03-11 03:00:00,121.83
2026-03-11 03:10:00,122.15
2026-03-11 03:20:00,121.63
2026-03-11 03:30:00,121.44
2026-03-11 03:40:00,120.362
2026-03-11 03:50:00,121.488
2026-03-11 04:00:00,125.33
2026-03-11 04:10:00,125.056
2026-03-11 04:20:00,127.31
2026-03-11 04:30:00,126.3
2026-03-11 04:40:00,125.58
2026-03-11 04:50:00,125.8
2026-03-11 05:00:00,124.05
2026-03-11 05:10:00,123.29
2026-03-11 05:20:00,124.7
2026-03-11 05:30:00,124.92
2026-03-11 05:40:00,149.52
2026-03-11 05:50:00,163.55
2026-03-11 06:00:00,151.4
2026-03-11 06:10:00,124.55
2026-03-11 06:20:00,124.37
2026-03-11 06:30:00,120.144
2026-03-11 06:40:00,119.32
2026-03-11 06:50:00,118.833
2026-03-11 07:00:00,130.35
2026-03-11 07:10:00,150.44
2026-03-11 07:20:00,220.5
2026-03-11 07:30:00,120.58
2026-03-11 07:40:00,66.967
2026-03-11 07:50:00,147.2
2026-03-11 08:00:00,129.72
2026-03-11 08:10:00,127.27
2026-03-11 08:20:00,122.87
2026-03-11 08:30:00,121.244
2026-03-11 08:40:00,120.044
2026-03-11 08:50:00,118.91
2026-03-11 09:00:00,119.43
2026-03-11 09:10:00,120.88
2026-03-11 09:20:00,119.72
2026-03-11 09:30:00,117.1
2026-03-11 09:40:00,117.62
2026-03-11 09:50:00,117.25
2026-03-11 10:00:00,117.23
2026-03-11 10:10:00,117.3
2026-03-11 10:20:00,119.52
2026-03-11 10:30:00,117.81
2026-03-11 10:40:00,119.53
2026-03-11 10:50:00,117.97
2026-03-11 11:00:00,117.07
2026-03-11 11:10:00,118.38
2026-03-11 11:20:00,120.133
2026-03-11 11:30:00,118.462
2026-03-11 11:40:00,118.92
2026-03-11 11:50:00,118.788
2026-03-11 12:00:00,118.189
2026-03-11 12:10:00,118.18
2026-03-11 12:20:00,119.962
2026-03-11 12:30:00,119.05
2026-03-11 12:40:00,119.733
2026-03-11 12:50:00,119.833
2026-03-11 13:00:00,118.87
2026-03-11 13:10:00,118.6
2026-03-11 13:20:00,185.47
2026-03-11 13:30:00,93.39
2026-03-11 13:40:00,67.56
2026-03-11 13:50:00,177.97
2026-03-11 14:00:00,165.46
2026-03-11 14:10:00,159.989
2026-03-11 14:20:00,157.62
2026-03-11 14:30:00,156.6
2026-03-11 14:40:00,192.72
2026-03-11 14:50:00,183.06
2026-03-11 15:00:00,209.111
2026-03-11 15:10:00,214.47
2026-03-11 15:20:00,212.74
2026-03-11 15:30:00,209.938
2026-03-11 15:40:00,205.47
2026-03-11 15:50:00,203.589
2026-03-11 16:00:00,201.0
2026-03-11 16:10:00,198.28
2026-03-11 16:20:00,166.76
2026-03-11 16:30:00,159.944
2026-03-11 16:40:00,158.41
2026-03-11 16:50:00,157.24
2026-03-11 17:00:00,155.78
2026-03-11 17:10:00,154.078
2026-03-11 17:20:00,154.962
2026-03-11 17:30:00,156.08
2026-03-11 17:40:00,157.1
2026-03-11 17:50:00,149.433
2026-03-11 18:00:00,121.01
2026-03-11 18:10:00,119.2
2026-03-11 18:20:00,121.25
2026-03-11 18:30:00,126.04
2026-03-11 18:40:00,166.99
2026-03-11 18:50:00,200.789
2026-03-11 19:00:00,203.07
2026-03-11 19:10:00,203.74
2026-03-11 19:20:00,271.367
2026-03-11 19:30:00,155.52
2026-03-11 19:40:00,128.13
2026-03-11 19:50:00,275.42
2026-03-11 20:00:00,294.14
2026-03-11 20:10:00,299.13
2026-03-11 20:20:00,276.233
2026-03-11 20:30:00,230.79
2026-03-11 20:40:00,230.211
2026-03-11 20:50:00,228.91
2026-03-11 21:00:00,209.933
2026-03-11 21:10:00,191.73
2026-03-11 21:20:00,193.444
2026-03-11 21:30:00,195.79
2026-03-11 21:40:00,190.58
2026-03-11 21:50:00,192.833
2026-03-11 22:00:00,193.086
2026-03-11 22:10:00,197.044
2026-03-11 22:20:00,196.58
2026-03-11 22:30:00,196.16
2026-03-11 22:40:00,183.962
2026-03-11 22:50:00,155.32
2026-03-11 23:00:00,134.67
2026-03-11 23:10:00,126.18
2026-03-11 23:20:00,124.3
2026-03-11 23:30:00,130.98
2026-03-11 23:40:00,127.357
2026-03-11 23:50:00,127.2
2026-03-12 00:00:00,123.64
2026-03-12 00:10:00,122.76
2026-03-12 00:20:00,122.69
2026-03-12 00:30:00,122.73
2026-03-12 00:40:00,126.45
2026-03-12 00:50:00,124.72
2026-03-12 01:00:00,121.722
2026-03-12 01:10:00,121.775
2026-03-12 01:20:00,201.51
2026-03-12 01:30:00,79.79
2026-03-12 01:40:00,70.09
2026-03-12 01:50:00,149.122
2026-03-12 02:00:00,134.033
2026-03-12 02:10:00,129.15
2026-03-12 02:20:00,127.22
2026-03-12 02:30:00,127.17
2026-03-12 02:40:00,123.2
2026-03-12 02:50:00,123.41
2026-03-12 03:00:00,122.011
2026-03-12 03:10:00,123.28
2026-03-12 03:20:00,123.75
2026-03-12 03:30:00,121.95
2026-03-12 03:40:00,121.07
2026-03-12 03:50:00,128.49
2026-03-12 04:00:00,125.55
2026-03-12 04:10:00,124.26
2026-03-12 04:20:00,124.22
2026-03-12 04:30:00,124.6
2026-03-12 04:40:00,124.84
2026-03-12 04:50:00,126.05
2026-03-12 05:00:00,123.0
2026-03-12 05:10:00,121.97
2026-03-12 05:20:00,183.0
2026-03-12 05:30:00,182.23
2026-03-12 05:40:00,200.41
2026-03-12 05:50:00,201.06
2026-03-12 06:00:00,165.789
2026-03-12 06:10:00,143.33
2026-03-12 06:20:00,126.35
2026-03-12 06:30:00,117.09
2026-03-12 06:40:00,118.22
2026-03-12 06:50:00,117.97
2026-03-12 07:00:00,117.72
2026-03-12 07:10:00,119.72
2026-03-12 07:20:00,191.13
2026-03-12 07:30:00,100.989
2026-03-12 07:40:00,71.56
2026-03-12 07:50:00,150.76
2026-03-12 08:00:00,131.59
2026-03-12 08:10:00,126.35
2026-03-12 08:20:00,125.12
2026-03-12 08:30:00,123.367
2026-03-12 08:40:00,120.55
2026-03-12 08:50:00,121.05
2026-03-12 09:00:00,120.138
2026-03-12 09:10:00,120.57
2026-03-12 09:20:00,208.34
2026-03-12 09:30:00,513.311
2026-03-12 09:40:00,509.312
2026-03-12 09:50:00,515.64
2026-03-12 10:00:00,500.58
2026-03-12 10:10:00,503.64
2026-03-12 10:20:00,512.09
2026-03-12 10:30:00,492.411
2026-03-12 10:40:00,538.53
2026-03-12 10:50:00,853.78
2026-03-12 11:00:00,866.26
2026-03-12 11:10:00,864.39
2026-03-12 11:20:00,882.75
2026-03-12 11:30:00,906.61
2026-03-12 11:40:00,869.45
2026-03-12 11:50:00,862.21
2026-03-12 12:00:00,845.82
2026-03-12 12:10:00,854.32
2026-03-12 12:20:00,843.09
2026-03-12 12:30:00,537.12
2026-03-12 12:40:00,501.16
2026-03-12 12:50:00,484.8
2026-03-12 13:00:00,493.07
2026-03-12 13:10:00,487.96
2026-03-12 13:20:00,489.689
2026-03-12 13:30:00,519.13
2026-03-12 13:40:00,537.28
2026-03-12 13:50:00,532.5
2026-03-12 14:00:00,539.43
2026-03-12 14:10:00,546.29
2026-03-12 14:20:00,531.49
2026-03-12 14:30:00,514.37
2026-03-12 14:40:00,532.84
2026-03-12 14:50:00,508.5
2026-03-12 15:00:00,857.73
2026-03-12 15:10:00,898.54
2026-03-12 15:20:00,888.3
2026-03-12 15:30:00,895.6
2026-03-12 15:40:00,899.42
2026-03-12 15:50:00,894.914
2026-03-12 16:00:00,880.95
2026-03-12 16:10:00,892.9
2026-03-12 16:20:00,890.91
2026-03-12 16:30:00,581.033
2026-03-12 16:40:00,548.99
2026-03-12 16:50:00,542.42
2026-03-12 17:00:00,526.1
2026-03-12 17:10:00,527.41
2026-03-12 17:20:00,527.678
2026-03-12 17:30:00,524.76
2026-03-12 17:40:00,530.878
2026-03-12 17:50:00,528.63
2026-03-12 18:00:00,566.47
2026-03-12 18:10:00,565.25
2026-03-12 18:20:00,508.638
2026-03-12 18:30:00,587.94
2026-03-12 18:40:00,671.48
2026-03-12 18:50:00,604.94
2026-03-12 19:00:00,551.29
2026-03-12 19:10:00,299.98
2026-03-12 19:20:00,258.344
2026-03-12 19:30:00,185.025
2026-03-12 19:40:00,176.03
2026-03-12 19:50:00,175.48
2026-03-12 20:00:00,170.84
2026-03-12 20:10:00,170.344
2026-03-12 20:20:00,171.122
2026-03-12 20:30:00,172.87
2026-03-12 20:40:00,162.56
2026-03-12 20:50:00,162.32
2026-03-12 21:00:00,171.28
2026-03-12 21:10:00,164.3
2026-03-12 21:20:00,164.8
2026-03-12 21:30:00,166.16
2026-03-12 21:40:00,153.762
2026-03-12 21:50:00,153.29
2026-03-12 22:00:00,154.65
2026-03-12 22:10:00,163.02
2026-03-12 22:20:00,155.55
2026-03-12 22:30:00,141.17
2026-03-12 22:40:00,111.77
2026-03-12 22:50:00,123.83
2026-03-12 23:00:00,127.44
2026-03-12 23:10:00,67.17
2026-03-12 23:20:00,27.12
2026-03-12 23:30:00,37.212
2026-03-12 23:40:00,21.84
2026-03-12 23:50:00,25.367
2026-03-13 00:00:00,19.844
2026-03-13 00:10:00,19.743
2026-03-13 00:20:00,20.733
2026-03-13 00:30:00,23.05
2026-03-13 00:40:00,21.389
2026-03-13 00:50:00,19.722
2026-03-13 01:00:00,19.95
2026-03-13 01:10:00,19.67
2026-03-13 01:20:00,19.65
2026-03-13 01:30:00,19.788
2026-03-13 01:40:00,19.74
2026-03-13 01:50:00,19.95
2026-03-13 02:00:00,20.289
2026-03-13 02:10:00,19.8
2026-03-13 02:20:00,19.811
2026-03-13 02:30:00,19.89
2026-03-13 02:40:00,19.7
2026-03-13 02:50:00,19.578
2026-03-13 03:00:00,20.625
2026-03-13 03:10:00,22.85
2026-03-13 03:20:00,19.912
2026-03-13 03:30:00,32.21
2026-03-13 03:40:00,53.289
2026-03-13 03:50:00,20.26
2026-03-13 04:00:00,25.422
2026-03-13 04:10:00,25.2
2026-03-13 04:20:00,25.07
2026-03-13 04:30:00,25.322
2026-03-13 04:40:00,25.28
2026-03-13 04:50:00,25.2
2026-03-13 05:00:00,25.65
2026-03-13 05:10:00,25.27
2026-03-13 05:20:00,25.1
2026-03-13 05:30:00,42.79
2026-03-13 05:40:00,82.23
2026-03-13 05:50:00,83.79
2026-03-13 06:00:00,64.711
2026-03-13 06:10:00,78.689
2026-03-13 06:20:00,157.933
2026-03-13 06:30:00,160.156
2026-03-13 06:40:00,162.02
2026-03-13 06:50:00,154.25
2026-03-13 07:00:00,148.76
2026-03-13 07:10:00,135.07
2026-03-13 07:20:00,106.78
2026-03-13 07:30:00,68.59
2026-03-13 07:40:00,56.17
2026-03-13 07:50:00,55.89
2026-03-13 08:00:00,56.212
2026-03-13 08:10:00,56.889
2026-03-13 08:20:00,55.638
2026-03-13 08:30:00,55.978
2026-03-13 08:40:00,55.97
2026-03-13 08:50:00,55.56
2026-03-13 09:00:00,55.343
2026-03-13 09:10:00,55.75
2026-03-13 09:20:00,94.53
2026-03-13 09:30:00,133.711
2026-03-13 09:40:00,133.262
2026-03-13 09:50:00,131.722
2026-03-13 10:00:00,111.25
2026-03-13 10:10:00,106.611
2026-03-13 10:20:00,105.444
2026-03-13 10:30:00,109.211
2026-03-13 10:40:00,105.37
2026-03-13 10:50:00,101.01
2026-03-13 11:00:00,100.622
2026-03-13 11:10:00,107.22
2026-03-13 11:20:00,111.57
2026-03-13 11:30:00,110.344
2026-03-13 11:40:00,121.011
2026-03-13 11:50:00,113.856
2026-03-13 12:00:00,106.43
2026-03-13 12:10:00,103.09
2026-03-13 12:20:00,104.09
2026-03-13 12:30:00,115.73
2026-03-13 12:40:00,105.49
2026-03-13 12:50:00,108.32
2026-03-13 13:00:00,101.178
2026-03-13 13:10:00,83.967
2026-03-13 13:20:00,78.862
2026-03-13 13:30:00,83.77
2026-03-13 13:40:00,81.71
2026-03-13 13:50:00,89.4
2026-03-13 14:00:00,112.489
2026-03-13 14:10:00,110.17
2026-03-13 14:20:00,108.47
2026-03-13 14:30:00,109.45
2026-03-13 14:40:00,104.756
2026-03-13 14:50:00,104.978
2026-03-13 15:00:00,129.722
2026-03-13 15:10:00,124.789
2026-03-13 15:20:00,124.55
2026-03-13 15:30:00,130.09
2026-03-13 15:40:00,132.678
2026-03-13 15:50:00,127.925
2026-03-13 16:00:00,95.85
2026-03-13 16:10:00,101.862
2026-03-13 16:20:00,107.87
2026-03-13 16:30:00,126.17
2026-03-13 16:40:00,141.51
2026-03-13 16:50:00,129.933
2026-03-13 17:00:00,117.89
2026-03-13 17:10:00,121.07
2026-03-13 17:20:00,113.98
2026-03-13 17:30:00,118.578
2026-03-13 17:40:00,128.34
2026-03-13 17:50:00,110.9
2026-03-13 18:00:00,105.133
2026-03-13 18:10:00,89.157
2026-03-13 18:20:00,77.078
2026-03-13 18:30:00,92.575
2026-03-13 18:40:00,110.6
2026-03-13 18:50:00,105.475
2026-03-13 19:00:00,69.633
2026-03-13 19:10:00,36.06
2026-03-13 19:20:00,38.35
2026-03-13 19:30:00,35.36
2026-03-13 19:40:00,37.238
2026-03-13 19:50:00,43.525
2026-03-13 20:00:00,35.01
2026-03-13 20:10:00,37.78
2026-03-13 20:20:00,39.79
2026-03-13 20:30:00,38.73
2026-03-13 20:40:00,36.27
2026-03-13 20:50:00,76.81
2026-03-13 21:00:00,92.46
2026-03-13 21:10:00,81.825
2026-03-13 21:20:00,116.07
2026-03-13 21:30:00,124.8
2026-03-13 21:40:00,130.5
2026-03-13 21:50:00,131.18
2026-03-13 22:00:00,126.61
2026-03-13 22:10:00,122.45
2026-03-13 22:20:00,104.09
2026-03-13 22:30:00,96.61
2026-03-13 22:40:00,87.589
2026-03-13 22:50:00,51.475
2026-03-13 23:00:00,20.08
2026-03-13 23:10:00,22.833
2026-03-13 23:20:00,19.825
2026-03-13 23:30:00,19.825
2026-03-13 23:40:00,19.922
2026-03-13 23:50:00,22.0
2026-03-14 00:00:00,21.6
2026-03-14 00:10:00,19.933
2026-03-14 00:20:00,20.26
2026-03-14 00:30:00,20.15
2026-03-14 00:40:00,19.96
2026-03-14 00:50:00,19.75
2026-03-14 01:00:00,19.86
2026-03-14 01:10:00,26.06
2026-03-14 01:20:00,22.1
2026-03-14 01:30:00,20.03
2026-03-14 01:40:00,19.844
2026-03-14 01:50:00,20.2
2026-03-14 02:00:00,19.889
2026-03-14 02:10:00,19.78
2026-03-14 02:20:00,19.789
2026-03-14 02:30:00,19.862
2026-03-14 02:40:00,20.222
2026-03-14 02:50:00,20.09
2026-03-14 03:00:00,22.362
2026-03-14 03:10:00,21.888
2026-03-14 03:20:00,20.15
2026-03-14 03:30:00,19.886
2026-03-14 03:40:00,19.78
2026-03-14 03:50:00,23.125
2026-03-14 04:00:00,27.45
2026-03-14 04:10:00,25.45
2026-03-14 04:20:00,25.49
2026-03-14 04:30:00,25.411
2026-03-14 04:40:00,25.267
2026-03-14 04:50:00,25.48
2026-03-14 05:00:00,25.5
2026-03-14 05:10:00,27.8
2026-03-14 05:20:00,25.138
2026-03-14 05:30:00,25.212
2026-03-14 05:40:00,25.25
2026-03-14 05:50:00,46.41
2026-03-14 06:00:00,34.87
2026-03-14 06:10:00,26.19
2026-03-14 06:20:00,21.656
2026-03-14 06:30:00,20.189
2026-03-14 06:40:00,19.95
2026-03-14 06:50:00,19.856
2026-03-14 07:00:00,19.87
2026-03-14 07:10:00,20.0
2026-03-14 07:20:00,19.75
2026-03-14 07:30:00,19.85
2026-03-14 07:40:00,30.07
2026-03-14 07:50:00,26.11
2026-03-14 08:00:00,19.86
2026-03-14 08:10:00,21.422
2026-03-14 08:20:00,31.29
2026-03-14 08:30:00,29.278
2026-03-14 08:40:00,26.9
2026-03-14 08:50:00,25.51
2026-03-14 09:00:00,24.167
2026-03-14 09:10:00,23.556
2026-03-14 09:20:00,22.71
2026-03-14 09:30:00,23.067
2026-03-14 09:40:00,22.644
2026-03-14 09:50:00,21.76
2026-03-14 10:00:00,20.36
2026-03-14 10:10:00,20.31
2026-03-14 10:20:00,21.22
2026-03-14 10:30:00,20.99
2026-03-14 10:40:00,20.48
2026-03-14 10:50:00,20.2
2026-03-14 11:00:00,20.72
2026-03-14 11:10:00,20.617
2026-03-14 11:20:00,20.3
2026-03-14 11:30:00,20.012
2026-03-14 11:40:00,20.186
2026-03-14 11:50:00,20.2
2026-03-14 12:00:00,20.078
2026-03-14 12:10:00,19.62
2026-03-14 12:20:00,19.789
2026-03-14 12:30:00,20.1
2026-03-14 12:40:00,20.157
2026-03-14 12:50:00,19.878
2026-03-14 13:00:00,20.2
2026-03-14 13:10:00,19.89
2026-03-14 13:20:00,19.9
2026-03-14 13:30:00,19.788
2026-03-14 13:40:00,19.88
2026-03-14 13:50:00,20.233
2026-03-14 14:00:00,21.157
2026-03-14 14:10:00,21.5
