0,1,2,3,4,5
0.06753837215205584,0.12126784636472866,0.08086779446854359,0.15205018135460324,0.13617671779193016,0.2509857454717758
0.12126784636472866,0.08086779446854359,0.15205018135460324,0.13617671779193016,0.2509857454717758,0.03974570869317509
0.08086779446854359,0.15205018135460324,0.13617671779193016,0.2509857454717758,0.03974570869317509,0.19923058264749516
0.15205018135460324,0.13617671779193016,0.2509857454717758,0.03974570869317509,0.19923058264749516,0.13282602932134455
0.13617671779193016,0.2509857454717758,0.03974570869317509,0.19923058264749516,0.13282602932134455,0.20418328378751896
0.2509857454717758,0.03974570869317509,0.19923058264749516,0.13282602932134455,0.20418328378751896,0.13217168611833457
0.03974570869317509,0.19923058264749516,0.13282602932134455,0.20418328378751896,0.13217168611833457,0.08256006137287975
0.19923058264749516,0.13282602932134455,0.20418328378751896,0.13217168611833457,0.08256006137287975,0.1462287832036869
0.13282602932134455,0.20418328378751896,0.13217168611833457,0.08256006137287975,0.1462287832036869,0.15133942925478208
0.20418328378751896,0.13217168611833457,0.08256006137287975,0.1462287832036869,0.15133942925478208,0.13864178658257978
0.13217168611833457,0.08256006137287975,0.1462287832036869,0.15133942925478208,0.13864178658257978,0.14973741658534384
0.08256006137287975,0.1462287832036869,0.15133942925478208,0.13864178658257978,0.14973741658534384,0.10745894842534565
0.1462287832036869,0.15133942925478208,0.13864178658257978,0.14973741658534384,0.10745894842534565,0.05752015207838579
0.15133942925478208,0.13864178658257978,0.14973741658534384,0.10745894842534565,0.05752015207838579,0.13705669658218492
0.13864178658257978,0.14973741658534384,0.10745894842534565,0.05752015207838579,0.13705669658218492,0.11316188789295849
0.14973741658534384,0.10745894842534565,0.05752015207838579,0.13705669658218492,0.11316188789295849,0.11269933493910661
0.10745894842534565,0.05752015207838579,0.13705669658218492,0.11316188789295849,0.11269933493910661,0.055619172255848205
0.05752015207838579,0.13705669658218492,0.11316188789295849,0.11269933493910661,0.055619172255848205,0.12584260789611737
0.13705669658218492,0.11316188789295849,0.11269933493910661,0.055619172255848205,0.12584260789611737,0.1894210754920266
0.11316188789295849,0.11269933493910661,0.055619172255848205,0.12584260789611737,0.1894210754920266,0.10533233301556323
0.11269933493910661,0.055619172255848205,0.12584260789611737,0.1894210754920266,0.10533233301556323,0.14688876729637798
0.055619172255848205,0.12584260789611737,0.1894210754920266,0.10533233301556323,0.14688876729637798,0.08634509834891159
0.12584260789611737,0.1894210754920266,0.10533233301556323,0.14688876729637798,0.08634509834891159,0.1489251284712625
0.1894210754920266,0.10533233301556323,0.14688876729637798,0.08634509834891159,0.1489251284712625,0.09618280995278575
0.10533233301556323,0.14688876729637798,0.08634509834891159,0.1489251284712625,0.09618280995278575,0.18107819965364938
0.14688876729637798,0.08634509834891159,0.1489251284712625,0.09618280995278575,0.18107819965364938,0.09284904415124355
0.08634509834891159,0.1489251284712625,0.09618280995278575,0.18107819965364938,0.09284904415124355,0.15443007271106798
0.1489251284712625,0.09618280995278575,0.18107819965364938,0.09284904415124355,0.15443007271106798,0.13126350287967417
0.09618280995278575,0.18107819965364938,0.09284904415124355,0.15443007271106798,0.13126350287967417,0.16312888868832393
0.18107819965364938,0.09284904415124355,0.15443007271106798,0.13126350287967417,0.16312888868832393,0.2261263446470777
0.09284904415124355,0.15443007271106798,0.13126350287967417,0.16312888868832393,0.2261263446470777,0.639231259554257
0.15443007271106798,0.13126350287967417,0.16312888868832393,0.2261263446470777,0.639231259554257,0.14728927046373755
0.13126350287967417,0.16312888868832393,0.2261263446470777,0.639231259554257,0.14728927046373755,0.21366561934148257
0.16312888868832393,0.2261263446470777,0.639231259554257,0.14728927046373755,0.21366561934148257,0.20896111734742803
0.2261263446470777,0.639231259554257,0.14728927046373755,0.21366561934148257,0.20896111734742803,0.10534361479492546
0.639231259554257,0.14728927046373755,0.21366561934148257,0.20896111734742803,0.10534361479492546,0.10915685621936291
0.14728927046373755,0.21366561934148257,0.20896111734742803,0.10534361479492546,0.10915685621936291,0.28826074448462013
0.21366561934148257,0.20896111734742803,0.10534361479492546,0.10915685621936291,0.28826074448462013,0.046542980758925295
0.20896111734742803,0.10534361479492546,0.10915685621936291,0.28826074448462013,0.046542980758925295,0.2557974243697716
0.10534361479492546,0.10915685621936291,0.28826074448462013,0.046542980758925295,0.2557974243697716,0.19198768029693644
0.10915685621936291,0.28826074448462013,0.046542980758925295,0.2557974243697716,0.19198768029693644,0.10162062760538591
0.28826074448462013,0.046542980758925295,0.2557974243697716,0.19198768029693644,0.10162062760538591,0.05903867958054343
0.046542980758925295,0.2557974243697716,0.19198768029693644,0.10162062760538591,0.05903867958054343,0.0923752094180294
0.2557974243697716,0.19198768029693644,0.10162062760538591,0.05903867958054343,0.0923752094180294,0.20081003175820888
0.19198768029693644,0.10162062760538591,0.05903867958054343,0.0923752094180294,0.20081003175820888,0.07832375322235824
0.10162062760538591,0.05903867958054343,0.0923752094180294,0.20081003175820888,0.07832375322235824,0.05365050175713713
0.05903867958054343,0.0923752094180294,0.20081003175820888,0.07832375322235824,0.05365050175713713,0.0720736474556767
0.0923752094180294,0.20081003175820888,0.07832375322235824,0.05365050175713713,0.0720736474556767,0.03059618563039763
0.20081003175820888,0.07832375322235824,0.05365050175713713,0.0720736474556767,0.03059618563039763,0.06603225460719665
0.07832375322235824,0.05365050175713713,0.0720736474556767,0.03059618563039763,0.06603225460719665,0.04800397118633551
0.05365050175713713,0.0720736474556767,0.03059618563039763,0.06603225460719665,0.04800397118633551,0.07580791642457847
0.0720736474556767,0.03059618563039763,0.06603225460719665,0.04800397118633551,0.07580791642457847,0.06334719111898329
0.03059618563039763,0.06603225460719665,0.04800397118633551,0.07580791642457847,0.06334719111898329,0.029761333957591788
0.06603225460719665,0.04800397118633551,0.07580791642457847,0.06334719111898329,0.029761333957591788,0.07053932546241194
0.04800397118633551,0.07580791642457847,0.06334719111898329,0.029761333957591788,0.07053932546241194,0.04886702730754695
0.07580791642457847,0.06334719111898329,0.029761333957591788,0.07053932546241194,0.04886702730754695,0.07606739734991004
0.06334719111898329,0.029761333957591788,0.07053932546241194,0.04886702730754695,0.07606739734991004,0.009566948899180383
0.029761333957591788,0.07053932546241194,0.04886702730754695,0.07606739734991004,0.009566948899180383,0.09495873689198259
0.07053932546241194,0.04886702730754695,0.07606739734991004,0.009566948899180383,0.09495873689198259,0.0286286433096228
0.04886702730754695,0.07606739734991004,0.009566948899180383,0.09495873689198259,0.0286286433096228,0.051050051614140585
0.07606739734991004,0.009566948899180383,0.09495873689198259,0.0286286433096228,0.051050051614140585,0.0444276471285051
0.009566948899180383,0.09495873689198259,0.0286286433096228,0.051050051614140585,0.0444276471285051,0.0170016414988972
0.09495873689198259,0.0286286433096228,0.051050051614140585,0.0444276471285051,0.0170016414988972,0.08909221162361727
0.0286286433096228,0.051050051614140585,0.0444276471285051,0.0170016414988972,0.08909221162361727,0.03402020566683778
0.051050051614140585,0.0444276471285051,0.0170016414988972,0.08909221162361727,0.03402020566683778,0.0659645639310232
0.0444276471285051,0.0170016414988972,0.08909221162361727,0.03402020566683778,0.0659645639310232,0.008089035802726808
0.0170016414988972,0.08909221162361727,0.03402020566683778,0.0659645639310232,0.008089035802726808,0.06695171962521929
0.08909221162361727,0.03402020566683778,0.0659645639310232,0.008089035802726808,0.06695171962521929,0.054412021864088396
0.03402020566683778,0.0659645639310232,0.008089035802726808,0.06695171962521929,0.054412021864088396,0.05542738200669009
0.0659645639310232,0.008089035802726808,0.06695171962521929,0.054412021864088396,0.05542738200669009,0.06216260428594798
0.008089035802726808,0.06695171962521929,0.054412021864088396,0.05542738200669009,0.06216260428594798,0.03950315043688691
0.06695171962521929,0.054412021864088396,0.05542738200669009,0.06216260428594798,0.03950315043688691,0.06842963272167286
0.054412021864088396,0.05542738200669009,0.06216260428594798,0.03950315043688691,0.06842963272167286,0.19423275439002238
0.05542738200669009,0.06216260428594798,0.03950315043688691,0.06842963272167286,0.19423275439002238,0.026624999294888783
0.06216260428594798,0.03950315043688691,0.06842963272167286,0.19423275439002238,0.026624999294888783,0.1016431911641104
0.03950315043688691,0.06842963272167286,0.19423275439002238,0.026624999294888783,0.1016431911641104,0.0957315387782961
0.06842963272167286,0.19423275439002238,0.026624999294888783,0.1016431911641104,0.0957315387782961,0.05723246670464865
0.19423275439002238,0.026624999294888783,0.1016431911641104,0.0957315387782961,0.05723246670464865,0.041663611184756054
0.026624999294888783,0.1016431911641104,0.0957315387782961,0.05723246670464865,0.041663611184756054,0.05816321350203355
0.1016431911641104,0.0957315387782961,0.05723246670464865,0.041663611184756054,0.05816321350203355,0.030799257658917962
0.0957315387782961,0.05723246670464865,0.041663611184756054,0.05816321350203355,0.030799257658917962,0.04927317136458762
0.05723246670464865,0.041663611184756054,0.05816321350203355,0.030799257658917962,0.04927317136458762,0.05107261517286506
0.041663611184756054,0.05816321350203355,0.030799257658917962,0.04927317136458762,0.05107261517286506,0.03920982417346863
0.05816321350203355,0.030799257658917962,0.04927317136458762,0.05107261517286506,0.03920982417346863,0.07697558058857042
0.030799257658917962,0.04927317136458762,0.05107261517286506,0.03920982417346863,0.07697558058857042,0.0327340828195423
0.04927317136458762,0.05107261517286506,0.03920982417346863,0.07697558058857042,0.0327340828195423,0.08596151785059539
0.05107261517286506,0.03920982417346863,0.07697558058857042,0.0327340828195423,0.08596151785059539,0.015100661676359602
0.03920982417346863,0.07697558058857042,0.0327340828195423,0.08596151785059539,0.015100661676359602,0.06602661371751553
0.07697558058857042,0.0327340828195423,0.08596151785059539,0.015100661676359602,0.06602661371751553,0.06303694218652166
0.0327340828195423,0.08596151785059539,0.015100661676359602,0.06602661371751553,0.06303694218652166,0.06399589343231214
0.08596151785059539,0.015100661676359602,0.06602661371751553,0.06303694218652166,0.06399589343231214,0.01868262662387112
0.015100661676359602,0.06602661371751553,0.06303694218652166,0.06399589343231214,0.01868262662387112,0.08456821809935865
0.06602661371751553,0.06303694218652166,0.06399589343231214,0.01868262662387112,0.08456821809935865,0.04749629111503466
0.06303694218652166,0.06399589343231214,0.01868262662387112,0.08456821809935865,0.04749629111503466,0.04564607929962713
0.06399589343231214,0.01868262662387112,0.08456821809935865,0.04749629111503466,0.04564607929962713,0.06536662962482442
0.01868262662387112,0.08456821809935865,0.04749629111503466,0.04564607929962713,0.06536662962482442,0.02715524292491411
0.08456821809935865,0.04749629111503466,0.04564607929962713,0.06536662962482442,0.02715524292491411,0.05375767866107843
0.04749629111503466,0.04564607929962713,0.06536662962482442,0.02715524292491411,0.05375767866107843,0.011270497582878765
0.04564607929962713,0.06536662962482442,0.02715524292491411,0.05375767866107843,0.011270497582878765,0.09522949959667638
0.06536662962482442,0.02715524292491411,0.05375767866107843,0.011270497582878765,0.09522949959667638,0.028813664491163536
0.02715524292491411,0.05375767866107843,0.011270497582878765,0.09522949959667638,0.028813664491163536,0.06012624311106347
0.05375767866107843,0.011270497582878765,0.09522949959667638,0.028813664491163536,0.06012624311106347,0.08025857838298255
0.011270497582878765,0.09522949959667638,0.028813664491163536,0.06012624311106347,0.08025857838298255,0.16358015986281357
0.09522949959667638,0.028813664491163536,0.06012624311106347,0.08025857838298255,0.16358015986281357,0.038166259582461344
0.028813664491163536,0.06012624311106347,0.08025857838298255,0.16358015986281357,0.038166259582461344,0.06160415620751704
0.06012624311106347,0.08025857838298255,0.16358015986281357,0.038166259582461344,0.06160415620751704,0.05533712777179218
0.08025857838298255,0.16358015986281357,0.038166259582461344,0.06160415620751704,0.05533712777179218,0.01781957050265968
0.16358015986281357,0.038166259582461344,0.06160415620751704,0.05533712777179218,0.01781957050265968,0.12472571173925552
0.038166259582461344,0.06160415620751704,0.05533712777179218,0.01781957050265968,0.12472571173925552,0.42493950145816994
0.06160415620751704,0.05533712777179218,0.01781957050265968,0.12472571173925552,0.42493950145816994,0.1700841056651455
0.05533712777179218,0.01781957050265968,0.12472571173925552,0.42493950145816994,0.1700841056651455,0.737535044027144
0.01781957050265968,0.12472571173925552,0.42493950145816994,0.1700841056651455,0.737535044027144,0.15028458288441254
0.12472571173925552,0.42493950145816994,0.1700841056651455,0.737535044027144,0.15028458288441254,0.2881479266909977
0.42493950145816994,0.1700841056651455,0.737535044027144,0.15028458288441254,0.2881479266909977,0.2834039384691754
0.1700841056651455,0.737535044027144,0.15028458288441254,0.2881479266909977,0.2834039384691754,0.12925534615319528
0.737535044027144,0.15028458288441254,0.2881479266909977,0.2834039384691754,0.12925534615319528,0.08454565454063415
0.15028458288441254,0.2881479266909977,0.2834039384691754,0.12925534615319528,0.08454565454063415,0.06172261489082059
0.2881479266909977,0.2834039384691754,0.12925534615319528,0.08454565454063415,0.06172261489082059,0.02459991989936652
0.2834039384691754,0.12925534615319528,0.08454565454063415,0.06172261489082059,0.02459991989936652,0.1249304760346802
0.12925534615319528,0.08454565454063415,0.06172261489082059,0.02459991989936652,0.1249304760346802,0.12474263440829887
0.08454565454063415,0.06172261489082059,0.02459991989936652,0.1249304760346802,0.12474263440829887,0.1863637132848593
0.06172261489082059,0.02459991989936652,0.1249304760346802,0.12474263440829887,0.1863637132848593,0.26628947917665574
0.02459991989936652,0.1249304760346802,0.12474263440829887,0.1863637132848593,0.26628947917665574,0.11001427145089322
0.1249304760346802,0.12474263440829887,0.1863637132848593,0.26628947917665574,0.11001427145089322,0.219351636140052
0.12474263440829887,0.1863637132848593,0.26628947917665574,0.11001427145089322,0.219351636140052,0.18499861798202813
0.1863637132848593,0.26628947917665574,0.11001427145089322,0.219351636140052,0.18499861798202813,0.15261991121239643
0.26628947917665574,0.11001427145089322,0.219351636140052,0.18499861798202813,0.15261991121239643,0.2775543358698534
0.11001427145089322,0.219351636140052,0.18499861798202813,0.15261991121239643,0.2775543358698534,0.05814629083299017
0.219351636140052,0.18499861798202813,0.15261991121239643,0.2775543358698534,0.05814629083299017,0.11677769817855671
0.18499861798202813,0.15261991121239643,0.2775543358698534,0.05814629083299017,0.11677769817855671,0.0631046328626951
0.15261991121239643,0.2775543358698534,0.05814629083299017,0.11677769817855671,0.0631046328626951,0.11617412298267682
0.2775543358698534,0.05814629083299017,0.11677769817855671,0.0631046328626951,0.11617412298267682,0.09192393824353975
0.05814629083299017,0.11677769817855671,0.0631046328626951,0.11617412298267682,0.09192393824353975,0.19944493645537775
0.11677769817855671,0.0631046328626951,0.11617412298267682,0.09192393824353975,0.19944493645537775,0.3829712822306335
0.0631046328626951,0.11617412298267682,0.09192393824353975,0.19944493645537775,0.3829712822306335,0.07101316019562605
0.11617412298267682,0.09192393824353975,0.19944493645537775,0.3829712822306335,0.07101316019562605,0.0890188800577627
0.09192393824353975,0.19944493645537775,0.3829712822306335,0.07101316019562605,0.0890188800577627,0.17454040851323072
0.19944493645537775,0.3829712822306335,0.07101316019562605,0.0890188800577627,0.17454040851323072,0.186910879583928
0.3829712822306335,0.07101316019562605,0.0890188800577627,0.17454040851323072,0.186910879583928,0.1216683495320882
0.07101316019562605,0.0890188800577627,0.17454040851323072,0.186910879583928,0.1216683495320882,0.1111086040490306
0.0890188800577627,0.17454040851323072,0.186910879583928,0.1216683495320882,0.1111086040490306,0.035622218336276004
0.17454040851323072,0.186910879583928,0.1216683495320882,0.1111086040490306,0.035622218336276004,0.05588993496054197
0.186910879583928,0.1216683495320882,0.1111086040490306,0.035622218336276004,0.05588993496054197,0.037607811504030406
0.1216683495320882,0.1111086040490306,0.035622218336276004,0.05588993496054197,0.037607811504030406,0.07452743446696414
0.1111086040490306,0.035622218336276004,0.05588993496054197,0.037607811504030406,0.07452743446696414,0.25358619561477236
0.035622218336276004,0.05588993496054197,0.037607811504030406,0.07452743446696414,0.25358619561477236,0.04191181033072537
0.05588993496054197,0.037607811504030406,0.07452743446696414,0.25358619561477236,0.04191181033072537,0.160355263232117
0.037607811504030406,0.07452743446696414,0.25358619561477236,0.04191181033072537,0.160355263232117,0.09883233583600805
0.07452743446696414,0.25358619561477236,0.04191181033072537,0.160355263232117,0.09883233583600805,0.0961151192766123
0.25358619561477236,0.04191181033072537,0.160355263232117,0.09883233583600805,0.0961151192766123,0.09797661287138207
0.04191181033072537,0.160355263232117,0.09883233583600805,0.0961151192766123,0.09797661287138207,0.06040264670543837
0.160355263232117,0.09883233583600805,0.0961151192766123,0.09797661287138207,0.06040264670543837,0.10555232771312692
0.09883233583600805,0.0961151192766123,0.09797661287138207,0.06040264670543837,0.10555232771312692,0.13778437135104948
0.0961151192766123,0.09797661287138207,0.06040264670543837,0.10555232771312692,0.13778437135104948,0.10720510838969523
0.09797661287138207,0.06040264670543837,0.10555232771312692,0.13778437135104948,0.10720510838969523,0.13724848683134305
0.06040264670543837,0.10555232771312692,0.13778437135104948,0.10720510838969523,0.13724848683134305,0.08752404429226579
0.10555232771312692,0.13778437135104948,0.10720510838969523,0.13724848683134305,0.08752404429226579,0.08578665027048066
0.13778437135104948,0.10720510838969523,0.13724848683134305,0.08752404429226579,0.08578665027048066,0.11422237515300913
0.10720510838969523,0.13724848683134305,0.08752404429226579,0.08578665027048066,0.11422237515300913,0.14198119327380315
0.13724848683134305,0.08752404429226579,0.08578665027048066,0.11422237515300913,0.14198119327380315,0.128679975405721
0.08752404429226579,0.08578665027048066,0.11422237515300913,0.14198119327380315,0.128679975405721,0.13737258640432767
0.08578665027048066,0.11422237515300913,0.14198119327380315,0.128679975405721,0.13737258640432767,0.17993309904838192
0.11422237515300913,0.14198119327380315,0.128679975405721,0.13737258640432767,0.17993309904838192,0.20175770122463715
0.14198119327380315,0.128679975405721,0.13737258640432767,0.17993309904838192,0.20175770122463715,0.15200505423715427
0.128679975405721,0.13737258640432767,0.17993309904838192,0.20175770122463715,0.15200505423715427,0.1687133694726332
0.13737258640432767,0.17993309904838192,0.20175770122463715,0.15200505423715427,0.1687133694726332,0.17305685452709602
0.17993309904838192,0.20175770122463715,0.15200505423715427,0.1687133694726332,0.17305685452709602,0.21675118599705542
0.20175770122463715,0.15200505423715427,0.1687133694726332,0.17305685452709602,0.21675118599705542,0.170247691465898
0.15200505423715427,0.1687133694726332,0.17305685452709602,0.21675118599705542,0.170247691465898,0.22814578315291886
0.1687133694726332,0.17305685452709602,0.21675118599705542,0.170247691465898,0.22814578315291886,0.40731172120466835
0.17305685452709602,0.21675118599705542,0.170247691465898,0.22814578315291886,0.40731172120466835,0.2287888445765666
0.21675118599705542,0.170247691465898,0.22814578315291886,0.40731172120466835,0.2287888445765666,0.09487976443644691
0.170247691465898,0.22814578315291886,0.40731172120466835,0.2287888445765666,0.09487976443644691,0.25253134924440285
0.22814578315291886,0.40731172120466835,0.2287888445765666,0.09487976443644691,0.25253134924440285,0.4895389700863621
0.40731172120466835,0.2287888445765666,0.09487976443644691,0.25253134924440285,0.4895389700863621,0.17391991064830745
0.2287888445765666,0.09487976443644691,0.25253134924440285,0.4895389700863621,0.17391991064830745,0.08396464290347876
0.09487976443644691,0.25253134924440285,0.4895389700863621,0.17391991064830745,0.08396464290347876,0.26125216469141516
0.25253134924440285,0.4895389700863621,0.17391991064830745,0.08396464290347876,0.26125216469141516,0.045409161933020074
0.4895389700863621,0.17391991064830745,0.08396464290347876,0.26125216469141516,0.045409161933020074,0.11451570141642739
0.17391991064830745,0.08396464290347876,0.26125216469141516,0.045409161933020074,0.11451570141642739,0.10022168696446805
0.08396464290347876,0.26125216469141516,0.045409161933020074,0.11451570141642739,0.10022168696446805,0.23836707525510922
0.26125216469141516,0.045409161933020074,0.11451570141642739,0.10022168696446805,0.23836707525510922,0.049814696773975195
0.045409161933020074,0.11451570141642739,0.10022168696446805,0.23836707525510922,0.049814696773975195,0.26511617412298266
0.11451570141642739,0.10022168696446805,0.23836707525510922,0.049814696773975195,0.26511617412298266,0.2072406459946863
0.10022168696446805,0.23836707525510922,0.049814696773975195,0.26511617412298266,0.2072406459946863,0.10758022755348973
0.23836707525510922,0.049814696773975195,0.26511617412298266,0.2072406459946863,0.10758022755348973,0.024154289614558004
0.049814696773975195,0.26511617412298266,0.2072406459946863,0.10758022755348973,0.024154289614558004,0.1330471521968445
0.26511617412298266,0.2072406459946863,0.10758022755348973,0.024154289614558004,0.1330471521968445,0.22304077799150485
0.2072406459946863,0.10758022755348973,0.024154289614558004,0.1330471521968445,0.22304077799150485,0.0879132656802631
0.10758022755348973,0.024154289614558004,0.1330471521968445,0.22304077799150485,0.0879132656802631,0.01777444338521071
0.024154289614558004,0.1330471521968445,0.22304077799150485,0.0879132656802631,0.01777444338521071,0.08597279962995766
0.1330471521968445,0.22304077799150485,0.0879132656802631,0.01777444338521071,0.08597279962995766,0.005183977616949744
0.22304077799150485,0.0879132656802631,0.01777444338521071,0.08597279962995766,0.005183977616949744,0.13590031419755524
0.0879132656802631,0.01777444338521071,0.08597279962995766,0.005183977616949744,0.13590031419755524,0.004642452207562171
0.01777444338521071,0.08597279962995766,0.005183977616949744,0.13590031419755524,0.004642452207562171,0.07435820777653052
0.08597279962995766,0.005183977616949744,0.13590031419755524,0.004642452207562171,0.07435820777653052,0.022416895592772896
0.005183977616949744,0.13590031419755524,0.004642452207562171,0.07435820777653052,0.022416895592772896,0.06779785307738737
0.13590031419755524,0.004642452207562171,0.07435820777653052,0.022416895592772896,0.06779785307738737,0.056972985779317115
0.004642452207562171,0.07435820777653052,0.022416895592772896,0.06779785307738737,0.056972985779317115,0.061068271687810594
0.07435820777653052,0.022416895592772896,0.06779785307738737,0.056972985779317115,0.061068271687810594,0.03508069292688843
0.022416895592772896,0.06779785307738737,0.056972985779317115,0.061068271687810594,0.03508069292688843,0.051145946738719625
0.06779785307738737,0.056972985779317115,0.061068271687810594,0.03508069292688843,0.051145946738719625,0.043361518978773335
0.056972985779317115,0.061068271687810594,0.03508069292688843,0.051145946738719625,0.043361518978773335,0.0441230390857246
0.061068271687810594,0.03508069292688843,0.051145946738719625,0.043361518978773335,0.0441230390857246,0.05758445822075058
0.03508069292688843,0.051145946738719625,0.043361518978773335,0.0441230390857246,0.05758445822075058,0.015685621936291784
0.051145946738719625,0.043361518978773335,0.0441230390857246,0.05758445822075058,0.015685621936291784,0.06481946332575575
0.043361518978773335,0.0441230390857246,0.05758445822075058,0.015685621936291784,0.06481946332575575,0.012782256017419065
0.0441230390857246,0.05758445822075058,0.015685621936291784,0.06481946332575575,0.012782256017419065,0.07140238158362336
0.05758445822075058,0.015685621936291784,0.06481946332575575,0.012782256017419065,0.07140238158362336,0.0066506089340410725
0.015685621936291784,0.06481946332575575,0.012782256017419065,0.07140238158362336,0.0066506089340410725,0.09278699436475121
0.06481946332575575,0.012782256017419065,0.07140238158362336,0.0066506089340410725,0.09278699436475121,0.02292457566407373
0.012782256017419065,0.07140238158362336,0.0066506089340410725,0.09278699436475121,0.02292457566407373,0.05376896044044066
0.07140238158362336,0.0066506089340410725,0.09278699436475121,0.02292457566407373,0.05376896044044066,0.02914647698234965
0.0066506089340410725,0.09278699436475121,0.02292457566407373,0.05376896044044066,0.02914647698234965,0.06608866350400787
0.09278699436475121,0.02292457566407373,0.05376896044044066,0.02914647698234965,0.06608866350400787,0.041133367554730724
0.02292457566407373,0.05376896044044066,0.02914647698234965,0.06608866350400787,0.041133367554730724,0.05702375378644718
0.05376896044044066,0.02914647698234965,0.06608866350400787,0.041133367554730724,0.05702375378644718,0.22235258945040812
0.02914647698234965,0.06608866350400787,0.041133367554730724,0.05702375378644718,0.22235258945040812,0.00299531242067499
0.06608866350400787,0.041133367554730724,0.05702375378644718,0.22235258945040812,0.00299531242067499,0.057666815210094945
0.041133367554730724,0.05702375378644718,0.22235258945040812,0.00299531242067499,0.057666815210094945,0.09341877400903671
0.05702375378644718,0.22235258945040812,0.00299531242067499,0.057666815210094945,0.09341877400903671,0.09294493927582258
0.22235258945040812,0.00299531242067499,0.057666815210094945,0.09341877400903671,0.09294493927582258,0.03766873311258651
0.00299531242067499,0.057666815210094945,0.09341877400903671,0.09294493927582258,0.03766873311258651,0.057215544035605304
0.057666815210094945,0.09341877400903671,0.09294493927582258,0.03766873311258651,0.057215544035605304,0.03565888411920328
0.09341877400903671,0.09294493927582258,0.03766873311258651,0.057215544035605304,0.03565888411920328,0.07320746628158192
0.09294493927582258,0.03766873311258651,0.057215544035605304,0.03565888411920328,0.07320746628158192,0.039412896201988984
0.03766873311258651,0.057215544035605304,0.03565888411920328,0.07320746628158192,0.039412896201988984,0.06666403425148215
0.057215544035605304,0.03565888411920328,0.07320746628158192,0.039412896201988984,0.06666403425148215,0.04979777410493183
0.03565888411920328,0.07320746628158192,0.039412896201988984,0.06666403425148215,0.04979777410493183,0.030483367836775212
0.07320746628158192,0.039412896201988984,0.06666403425148215,0.04979777410493183,0.030483367836775212,0.05558532691776148
0.039412896201988984,0.06666403425148215,0.04979777410493183,0.030483367836775212,0.05558532691776148,0.021401535450171198
0.06666403425148215,0.04979777410493183,0.030483367836775212,0.05558532691776148,0.021401535450171198,0.0634374453538812
0.04979777410493183,0.030483367836775212,0.05558532691776148,0.021401535450171198,0.0634374453538812,0.015252965697749844
0.030483367836775212,0.05558532691776148,0.021401535450171198,0.0634374453538812,0.015252965697749844,0.06303694218652166
0.05558532691776148,0.021401535450171198,0.0634374453538812,0.015252965697749844,0.06303694218652166,0.004760910890865706
0.021401535450171198,0.0634374453538812,0.015252965697749844,0.06303694218652166,0.004760910890865706,0.058298594854380444
0.0634374453538812,0.015252965697749844,0.06303694218652166,0.004760910890865706,0.058298594854380444,0.017481117121792455
0.015252965697749844,0.06303694218652166,0.004760910890865706,0.058298594854380444,0.017481117121792455,0.11632078611438595
0.06303694218652166,0.004760910890865706,0.058298594854380444,0.017481117121792455,0.11632078611438595,0.011625873632789356
0.004760910890865706,0.058298594854380444,0.017481117121792455,0.11632078611438595,0.011625873632789356,0.05012494570643681
0.058298594854380444,0.017481117121792455,0.11632078611438595,0.011625873632789356,0.05012494570643681,0.028689564918178888
0.017481117121792455,0.11632078611438595,0.011625873632789356,0.05012494570643681,0.028689564918178888,0.03528940584508989
0.11632078611438595,0.011625873632789356,0.05012494570643681,0.028689564918178888,0.03528940584508989,0.034059691894605615
0.011625873632789356,0.05012494570643681,0.028689564918178888,0.03528940584508989,0.034059691894605615,0.02695217089639378
0.05012494570643681,0.028689564918178888,0.03528940584508989,0.034059691894605615,0.02695217089639378,0.5740507792889095
0.028689564918178888,0.03528940584508989,0.034059691894605615,0.02695217089639378,0.5740507792889095,0.0568319635372891
0.03528940584508989,0.034059691894605615,0.02695217089639378,0.5740507792889095,0.0568319635372891,0.050954156489561524
0.034059691894605615,0.02695217089639378,0.5740507792889095,0.0568319635372891,0.050954156489561524,0.03735961235806111
0.02695217089639378,0.5740507792889095,0.0568319635372891,0.050954156489561524,0.03735961235806111,0.219582912616978
0.5740507792889095,0.0568319635372891,0.050954156489561524,0.03735961235806111,0.219582912616978,0.44912199552113363
0.0568319635372891,0.050954156489561524,0.03735961235806111,0.219582912616978,0.44912199552113363,0.26700023127647693
0.050954156489561524,0.03735961235806111,0.219582912616978,0.44912199552113363,0.26700023127647693,0.6452106026162446
0.03735961235806111,0.219582912616978,0.44912199552113363,0.26700023127647693,0.6452106026162446,0.5198023432255735
0.219582912616978,0.44912199552113363,0.26700023127647693,0.6452106026162446,0.5198023432255735,0.25276262572132874
0.44912199552113363,0.26700023127647693,0.6452106026162446,0.5198023432255735,0.25276262572132874,0.19691217698855462
0.26700023127647693,0.6452106026162446,0.5198023432255735,0.25276262572132874,0.19691217698855462,0.31345295780050436
0.6452106026162446,0.5198023432255735,0.25276262572132874,0.19691217698855462,0.31345295780050436,0.07835195767076382
0.5198023432255735,0.25276262572132874,0.19691217698855462,0.31345295780050436,0.07835195767076382,0.09502642756815603
0.25276262572132874,0.19691217698855462,0.31345295780050436,0.07835195767076382,0.09502642756815603,0.07758479667413146
0.19691217698855462,0.31345295780050436,0.07835195767076382,0.09502642756815603,0.07758479667413146,0.07398026816789542
0.31345295780050436,0.07835195767076382,0.09502642756815603,0.07758479667413146,0.07398026816789542,0.03490018445709257
0.07835195767076382,0.09502642756815603,0.07758479667413146,0.07398026816789542,0.03490018445709257,0.0431866513986586
0.09502642756815603,0.07758479667413146,0.07398026816789542,0.03490018445709257,0.0431866513986586,0.11979557415795619
0.07758479667413146,0.07398026816789542,0.03490018445709257,0.0431866513986586,0.11979557415795619,0.08287595119502249
0.07398026816789542,0.03490018445709257,0.0431866513986586,0.11979557415795619,0.08287595119502249,0.054914061045708146
0.03490018445709257,0.0431866513986586,0.11979557415795619,0.08287595119502249,0.054914061045708146,0.13858537768576862
0.0431866513986586,0.11979557415795619,0.08287595119502249,0.054914061045708146,0.13858537768576862,0.13588903241819297
0.11979557415795619,0.08287595119502249,0.054914061045708146,0.13858537768576862,0.13588903241819297,0.06702505119107385
0.08287595119502249,0.054914061045708146,0.13858537768576862,0.13588903241819297,0.06702505119107385,0.026698330860743347
0.054914061045708146,0.13858537768576862,0.13588903241819297,0.06702505119107385,0.026698330860743347,0.08230058044754818
0.13858537768576862,0.13588903241819297,0.06702505119107385,0.026698330860743347,0.08230058044754818,0.1079102195998353
0.13588903241819297,0.06702505119107385,0.026698330860743347,0.08230058044754818,0.1079102195998353,0.1420996519571067
0.06702505119107385,0.026698330860743347,0.08230058044754818,0.1079102195998353,0.1420996519571067,0.13225629946355139
0.026698330860743347,0.08230058044754818,0.1079102195998353,0.1420996519571067,0.13225629946355139,0.22914422062647719
0.08230058044754818,0.1079102195998353,0.1420996519571067,0.13225629946355139,0.22914422062647719,0.11312804255487176
0.1079102195998353,0.1420996519571067,0.13225629946355139,0.22914422062647719,0.11312804255487176,0.07692481258144035
0.1420996519571067,0.13225629946355139,0.22914422062647719,0.11312804255487176,0.07692481258144035,0.07976218009104395
0.13225629946355139,0.22914422062647719,0.11312804255487176,0.07692481258144035,0.07976218009104395,0.006966498756183822
0.22914422062647719,0.11312804255487176,0.07692481258144035,0.07976218009104395,0.006966498756183822,0.07672738144260112
0.11312804255487176,0.07692481258144035,0.07976218009104395,0.006966498756183822,0.07672738144260112,0.002947928947353576
0.07692481258144035,0.07976218009104395,0.006966498756183822,0.07672738144260112,0.002947928947353576,0.10080269860162344
0.07976218009104395,0.006966498756183822,0.07672738144260112,0.002947928947353576,0.10080269860162344,0.00091946501802264
0.006966498756183822,0.07672738144260112,0.002947928947353576,0.10080269860162344,0.00091946501802264,0.06889218567552474
0.07672738144260112,0.002947928947353576,0.10080269860162344,0.00091946501802264,0.06889218567552474,0.05599711186448326
0.002947928947353576,0.10080269860162344,0.00091946501802264,0.06889218567552474,0.05599711186448326,0.10146268269431455
0.10080269860162344,0.00091946501802264,0.06889218567552474,0.05599711186448326,0.10146268269431455,0.06482510421543687
0.00091946501802264,0.06889218567552474,0.05599711186448326,0.10146268269431455,0.06482510421543687,0.04496917253789268
0.06889218567552474,0.05599711186448326,0.10146268269431455,0.06482510421543687,0.04496917253789268,0.05568122204234051
0.05599711186448326,0.10146268269431455,0.06482510421543687,0.04496917253789268,0.05568122204234051,0.21044467133356273
0.10146268269431455,0.06482510421543687,0.04496917253789268,0.05568122204234051,0.21044467133356273,0.0737207872425639
0.06482510421543687,0.04496917253789268,0.05568122204234051,0.21044467133356273,0.0737207872425639,0.12233397451446043
0.04496917253789268,0.05568122204234051,0.21044467133356273,0.0737207872425639,0.12233397451446043,0.13452393711536184
0.05568122204234051,0.21044467133356273,0.0737207872425639,0.12233397451446043,0.13452393711536184,0.09926273571867754
0.21044467133356273,0.0737207872425639,0.12233397451446043,0.13452393711536184,0.09926273571867754,0.008365439397101703
0.0737207872425639,0.12233397451446043,0.13452393711536184,0.09926273571867754,0.008365439397101703,0.18466580549084202
0.12233397451446043,0.13452393711536184,0.09926273571867754,0.008365439397101703,0.18466580549084202,0.30724233826159064
0.13452393711536184,0.09926273571867754,0.008365439397101703,0.18466580549084202,0.30724233826159064,0.07616780518623399
0.09926273571867754,0.008365439397101703,0.18466580549084202,0.30724233826159064,0.07616780518623399,0.019000772801886313
0.008365439397101703,0.18466580549084202,0.30724233826159064,0.07616780518623399,0.019000772801886313,0.0853066105586173
0.18466580549084202,0.30724233826159064,0.07616780518623399,0.019000772801886313,0.0853066105586173,0.055630454035210435
0.30724233826159064,0.07616780518623399,0.019000772801886313,0.0853066105586173,0.055630454035210435,0.11789459433541859
0.07616780518623399,0.019000772801886313,0.0853066105586173,0.055630454035210435,0.11789459433541859,0.0720115976691844
0.019000772801886313,0.0853066105586173,0.055630454035210435,0.11789459433541859,0.0720115976691844,0.1144931378577029
0.0853066105586173,0.055630454035210435,0.11789459433541859,0.0720115976691844,0.1144931378577029,0.1575726123524202
0.055630454035210435,0.11789459433541859,0.0720115976691844,0.1144931378577029,0.1575726123524202,0.20581914179504388
0.11789459433541859,0.0720115976691844,0.1144931378577029,0.1575726123524202,0.20581914179504388,0.09393773585969978
0.0720115976691844,0.1144931378577029,0.1575726123524202,0.20581914179504388,0.09393773585969978,0.14511752793650615
0.1144931378577029,0.1575726123524202,0.20581914179504388,0.09393773585969978,0.14511752793650615,0.13694951967824365
0.1575726123524202,0.20581914179504388,0.09393773585969978,0.14511752793650615,0.13694951967824365,0.20178590567304275
0.20581914179504388,0.09393773585969978,0.14511752793650615,0.13694951967824365,0.20178590567304275,0.14421498558752688
0.09393773585969978,0.14511752793650615,0.13694951967824365,0.20178590567304275,0.14421498558752688,0.19483632958590227
0.14511752793650615,0.13694951967824365,0.20178590567304275,0.14421498558752688,0.19483632958590227,0.07130648645904433
0.13694951967824365,0.20178590567304275,0.14421498558752688,0.19483632958590227,0.07130648645904433,0.19324447051789007
0.20178590567304275,0.14421498558752688,0.19483632958590227,0.07130648645904433,0.19324447051789007,0.548006791631176
0.14421498558752688,0.19483632958590227,0.07130648645904433,0.19324447051789007,0.548006791631176,0.579636388251155
0.19483632958590227,0.07130648645904433,0.19324447051789007,0.548006791631176,0.579636388251155,0.10786678474929066
0.07130648645904433,0.19324447051789007,0.548006791631176,0.579636388251155,0.10786678474929066,0.1480079198091123
0.19324447051789007,0.548006791631176,0.579636388251155,0.10786678474929066,0.1480079198091123,0.056961703999954885
0.548006791631176,0.579636388251155,0.10786678474929066,0.1480079198091123,0.056961703999954885,0.19416055100210405
0.579636388251155,0.10786678474929066,0.1480079198091123,0.056961703999954885,0.19416055100210405,0.13287679732847466
0.10786678474929066,0.1480079198091123,0.056961703999954885,0.19416055100210405,0.13287679732847466,0.21743373364847102
0.1480079198091123,0.056961703999954885,0.19416055100210405,0.13287679732847466,0.21743373364847102,0.0411784946721797
0.056961703999954885,0.19416055100210405,0.13287679732847466,0.21743373364847102,0.0411784946721797,0.1206529893894865
0.19416055100210405,0.13287679732847466,0.21743373364847102,0.0411784946721797,0.1206529893894865,0.15411474697789335
0.13287679732847466,0.21743373364847102,0.0411784946721797,0.1206529893894865,0.15411474697789335,0.36348764927204325
0.21743373364847102,0.0411784946721797,0.1206529893894865,0.15411474697789335,0.36348764927204325,0.07304952137051056
0.0411784946721797,0.1206529893894865,0.15411474697789335,0.36348764927204325,0.07304952137051056,0.09698381628750487
0.1206529893894865,0.15411474697789335,0.36348764927204325,0.07304952137051056,0.09698381628750487,0.2436356662172758
0.15411474697789335,0.36348764927204325,0.07304952137051056,0.09698381628750487,0.2436356662172758,0.27427133807544124
0.36348764927204325,0.07304952137051056,0.09698381628750487,0.2436356662172758,0.27427133807544124,0.010616154379868788
0.07304952137051056,0.09698381628750487,0.2436356662172758,0.27427133807544124,0.010616154379868788,0.0952351404863575
0.09698381628750487,0.2436356662172758,0.27427133807544124,0.010616154379868788,0.0952351404863575,0.04055799680725644
0.2436356662172758,0.27427133807544124,0.010616154379868788,0.0952351404863575,0.04055799680725644,0.07260953197538314
0.27427133807544124,0.010616154379868788,0.0952351404863575,0.04055799680725644,0.07260953197538314,0.01369608014576059
0.010616154379868788,0.0952351404863575,0.04055799680725644,0.07260953197538314,0.01369608014576059,0.056064802540656704
0.0952351404863575,0.04055799680725644,0.07260953197538314,0.01369608014576059,0.056064802540656704,0.010678204166361123
0.04055799680725644,0.07260953197538314,0.01369608014576059,0.056064802540656704,0.010678204166361123,0.09318749753211075
0.07260953197538314,0.01369608014576059,0.056064802540656704,0.010678204166361123,0.09318749753211075,0.017072152619911206
0.01369608014576059,0.056064802540656704,0.010678204166361123,0.09318749753211075,0.017072152619911206,0.06564021277435877
0.056064802540656704,0.010678204166361123,0.09318749753211075,0.017072152619911206,0.06564021277435877,0.027741895451750653
0.010678204166361123,0.09318749753211075,0.017072152619911206,0.06564021277435877,0.027741895451750653,0.09856890628789973
0.09318749753211075,0.017072152619911206,0.06564021277435877,0.027741895451750653,0.09856890628789973,0.02753882342323031
0.017072152619911206,0.06564021277435877,0.027741895451750653,0.09856890628789973,0.02753882342323031,0.06969319201024386
0.06564021277435877,0.027741895451750653,0.09856890628789973,0.02753882342323031,0.06969319201024386,0.0558391669534119
0.027741895451750653,0.09856890628789973,0.02753882342323031,0.06969319201024386,0.0558391669534119,0.06823220158283363
0.09856890628789973,0.02753882342323031,0.06969319201024386,0.0558391669534119,0.06823220158283363,0.04389740349847978
0.02753882342323031,0.06969319201024386,0.0558391669534119,0.06823220158283363,0.04389740349847978,0.06546252474940348
0.06969319201024386,0.0558391669534119,0.06823220158283363,0.04389740349847978,0.06546252474940348,0.015354501712010018
0.0558391669534119,0.06823220158283363,0.04389740349847978,0.06546252474940348,0.015354501712010018,0.07219210613898025
0.06823220158283363,0.04389740349847978,0.06546252474940348,0.015354501712010018,0.07219210613898025,0.008201853596349212
0.04389740349847978,0.06546252474940348,0.015354501712010018,0.07219210613898025,0.008201853596349212,0.08069856777810996
0.06546252474940348,0.015354501712010018,0.07219210613898025,0.008201853596349212,0.08069856777810996,0.006063956407204544
0.015354501712010018,0.07219210613898025,0.008201853596349212,0.08069856777810996,0.006063956407204544,0.07234441016037049
0.07219210613898025,0.008201853596349212,0.08069856777810996,0.006063956407204544,0.07234441016037049,0.004732706442460097
0.008201853596349212,0.08069856777810996,0.006063956407204544,0.07234441016037049,0.004732706442460097,0.07237825549845722
0.08069856777810996,0.006063956407204544,0.07234441016037049,0.004732706442460097,0.07237825549845722,0.013165836515735264
0.006063956407204544,0.07234441016037049,0.004732706442460097,0.07237825549845722,0.013165836515735264,0.06368564449985051
0.07234441016037049,0.004732706442460097,0.07237825549845722,0.013165836515735264,0.06368564449985051,0.013622748579906026
0.004732706442460097,0.07237825549845722,0.013165836515735264,0.06368564449985051,0.013622748579906026,0.06536098873514332
0.07237825549845722,0.013165836515735264,0.06368564449985051,0.013622748579906026,0.06536098873514332,0.03046644516773185
0.013165836515735264,0.06368564449985051,0.013622748579906026,0.06536098873514332,0.03046644516773185,0.1899118328942841
0.06368564449985051,0.013622748579906026,0.06536098873514332,0.03046644516773185,0.1899118328942841,0.033467398478087954
0.013622748579906026,0.06536098873514332,0.03046644516773185,0.1899118328942841,0.033467398478087954,0.058936015388347064
0.06536098873514332,0.03046644516773185,0.1899118328942841,0.033467398478087954,0.058936015388347064,0.09092550076998145
0.03046644516773185,0.1899118328942841,0.033467398478087954,0.058936015388347064,0.09092550076998145,0.08479385368660344
0.1899118328942841,0.033467398478087954,0.058936015388347064,0.09092550076998145,0.08479385368660344,0.014717081178043403
0.033467398478087954,0.058936015388347064,0.09092550076998145,0.08479385368660344,0.014717081178043403,0.09509411824432949
0.058936015388347064,0.09092550076998145,0.08479385368660344,0.014717081178043403,0.09509411824432949,0.004969623809067168
0.09092550076998145,0.08479385368660344,0.014717081178043403,0.09509411824432949,0.004969623809067168,0.0837390073162339
0.08479385368660344,0.014717081178043403,0.09509411824432949,0.004969623809067168,0.0837390073162339,0.00499782825747276
0.014717081178043403,0.09509411824432949,0.004969623809067168,0.0837390073162339,0.00499782825747276,0.08191699994923198
0.09509411824432949,0.004969623809067168,0.0837390073162339,0.00499782825747276,0.08191699994923198,0.0034127382570779126
0.004969623809067168,0.0837390073162339,0.00499782825747276,0.08191699994923198,0.0034127382570779126,0.06999215916334324
0.0837390073162339,0.00499782825747276,0.08191699994923198,0.0034127382570779126,0.06999215916334324,0.004760910890865706
0.00499782825747276,0.08191699994923198,0.0034127382570779126,0.06999215916334324,0.004760910890865706,0.07105828731307501
0.08191699994923198,0.0034127382570779126,0.06999215916334324,0.004760910890865706,0.07105828731307501,0.034871980008686965
0.0034127382570779126,0.06999215916334324,0.004760910890865706,0.07105828731307501,0.034871980008686965,0.16244634103690836
0.06999215916334324,0.004760910890865706,0.07105828731307501,0.034871980008686965,0.16244634103690836,0.008963373703300477
0.004760910890865706,0.07105828731307501,0.034871980008686965,0.16244634103690836,0.008963373703300477,0.22819655116004897
0.07105828731307501,0.034871980008686965,0.16244634103690836,0.008963373703300477,0.22819655116004897,0.10334109895812767
0.034871980008686965,0.16244634103690836,0.008963373703300477,0.22819655116004897,0.10334109895812767,0.08384054333049408
0.16244634103690836,0.008963373703300477,0.22819655116004897,0.10334109895812767,0.08384054333049408,0.04348561855175798
0.008963373703300477,0.22819655116004897,0.10334109895812767,0.08384054333049408,0.04348561855175798,0.2075452540374668
0.22819655116004897,0.10334109895812767,0.08384054333049408,0.04348561855175798,0.2075452540374668,0.10179549518550064
0.10334109895812767,0.08384054333049408,0.04348561855175798,0.2075452540374668,0.10179549518550064,0.10402364660954327
0.08384054333049408,0.04348561855175798,0.2075452540374668,0.10179549518550064,0.10402364660954327,0.04537531659493335
0.04348561855175798,0.2075452540374668,0.10179549518550064,0.10402364660954327,0.04537531659493335,0.10259650152021976
0.2075452540374668,0.10179549518550064,0.10402364660954327,0.04537531659493335,0.10259650152021976,0.04703373816118278
0.10179549518550064,0.10402364660954327,0.04537531659493335,0.10259650152021976,0.04703373816118278,0.09972528867252944
0.10402364660954327,0.04537531659493335,0.10259650152021976,0.04703373816118278,0.09972528867252944,0.03534017385221998
0.04537531659493335,0.10259650152021976,0.04703373816118278,0.09972528867252944,0.03534017385221998,0.1391889528816485
0.10259650152021976,0.04703373816118278,0.09972528867252944,0.03534017385221998,0.1391889528816485,0.03522735605859756
0.04703373816118278,0.09972528867252944,0.03534017385221998,0.1391889528816485,0.03522735605859756,0.15004766551780546
0.09972528867252944,0.03534017385221998,0.1391889528816485,0.03522735605859756,0.15004766551780546,0.09170958443565719
0.03534017385221998,0.1391889528816485,0.03522735605859756,0.15004766551780546,0.09170958443565719,0.08443847763669286
0.1391889528816485,0.03522735605859756,0.15004766551780546,0.09170958443565719,0.08443847763669286,0.05566429937329716
0.03522735605859756,0.15004766551780546,0.09170958443565719,0.08443847763669286,0.05566429937329716,0.22777912532364605
0.15004766551780546,0.09170958443565719,0.08443847763669286,0.05566429937329716,0.22777912532364605,0.0004512711744896469
0.09170958443565719,0.08443847763669286,0.05566429937329716,0.22777912532364605,0.0004512711744896469,0.08146572877474237
0.08443847763669286,0.05566429937329716,0.22777912532364605,0.0004512711744896469,0.08146572877474237,0.4782966769518889
0.05566429937329716,0.22777912532364605,0.0004512711744896469,0.08146572877474237,0.4782966769518889,0.2848762106759478
0.22777912532364605,0.0004512711744896469,0.08146572877474237,0.4782966769518889,0.2848762106759478,0.04945367983438347
0.0004512711744896469,0.08146572877474237,0.4782966769518889,0.2848762106759478,0.04945367983438347,0.07907399154994726
0.08146572877474237,0.4782966769518889,0.2848762106759478,0.04945367983438347,0.07907399154994726,0.0
0.4782966769518889,0.2848762106759478,0.04945367983438347,0.07907399154994726,0.0,0.1629540211082092
0.2848762106759478,0.04945367983438347,0.07907399154994726,0.0,0.1629540211082092,0.002730190605662327
0.04945367983438347,0.07907399154994726,0.0,0.1629540211082092,0.002730190605662327,0.08055190464640084
0.07907399154994726,0.0,0.1629540211082092,0.002730190605662327,0.08055190464640084,0.03344483491936348
0.0,0.1629540211082092,0.002730190605662327,0.08055190464640084,0.03344483491936348,0.13650388939343513
0.1629540211082092,0.002730190605662327,0.08055190464640084,0.03344483491936348,0.13650388939343513,0.05322179414137197
0.002730190605662327,0.08055190464640084,0.03344483491936348,0.13650388939343513,0.05322179414137197,0.22808373336642654
0.08055190464640084,0.03344483491936348,0.13650388939343513,0.05322179414137197,0.22808373336642654,0.1880164939614276
0.03344483491936348,0.13650388939343513,0.05322179414137197,0.22808373336642654,0.1880164939614276,0.18144485748292222
0.13650388939343513,0.05322179414137197,0.22808373336642654,0.1880164939614276,0.18144485748292222,0.0950095048991127
0.05322179414137197,0.22808373336642654,0.1880164939614276,0.18144485748292222,0.0950095048991127,0.0801062743615923
0.22808373336642654,0.1880164939614276,0.18144485748292222,0.0950095048991127,0.0801062743615923,0.07491101496528033
0.1880164939614276,0.18144485748292222,0.0950095048991127,0.0801062743615923,0.07491101496528033,0.10981684031205402
0.18144485748292222,0.0950095048991127,0.0801062743615923,0.07491101496528033,0.10981684031205402,0.13804385227638102
0.0950095048991127,0.0801062743615923,0.07491101496528033,0.10981684031205402,0.13804385227638102,0.10232573881552598
0.0801062743615923,0.07491101496528033,0.10981684031205402,0.13804385227638102,0.10232573881552598,0.10986196742950298
0.07491101496528033,0.10981684031205402,0.13804385227638102,0.10232573881552598,0.10986196742950298,0.10458209468797418
0.10981684031205402,0.13804385227638102,0.10232573881552598,0.10986196742950298,0.10458209468797418,0.08139803809856891
0.13804385227638102,0.10232573881552598,0.10986196742950298,0.10458209468797418,0.08139803809856891,0.1390761350880261
0.10232573881552598,0.10986196742950298,0.10458209468797418,0.08139803809856891,0.1390761350880261,0.1327809022038956
0.10986196742950298,0.10458209468797418,0.08139803809856891,0.1390761350880261,0.1327809022038956,0.11048810618410736
0.10458209468797418,0.08139803809856891,0.1390761350880261,0.1327809022038956,0.11048810618410736,0.10050937233820519
0.08139803809856891,0.1390761350880261,0.1327809022038956,0.11048810618410736,0.10050937233820519,0.12486673398128353
0.1390761350880261,0.1327809022038956,0.11048810618410736,0.10050937233820519,0.12486673398128353,0.11515876284007512
0.1327809022038956,0.11048810618410736,0.10050937233820519,0.12486673398128353,0.11515876284007512,0.2638300512756872
0.11048810618410736,0.10050937233820519,0.12486673398128353,0.11515876284007512,0.2638300512756872,0.07243466439526844
0.10050937233820519,0.12486673398128353,0.11515876284007512,0.2638300512756872,0.07243466439526844,0.1201791546562724
0.12486673398128353,0.11515876284007512,0.2638300512756872,0.07243466439526844,0.1201791546562724,0.044839432075226913
0.11515876284007512,0.2638300512756872,0.07243466439526844,0.1201791546562724,0.044839432075226913,0.20755653581682904
0.2638300512756872,0.07243466439526844,0.1201791546562724,0.044839432075226913,0.20755653581682904,0.11754485917518911
0.07243466439526844,0.1201791546562724,0.044839432075226913,0.20755653581682904,0.11754485917518911,0.5627633590369874
0.1201791546562724,0.044839432075226913,0.20755653581682904,0.11754485917518911,0.5627633590369874,0.3821251487784654
0.044839432075226913,0.20755653581682904,0.11754485917518911,0.5627633590369874,0.3821251487784654,0.32422705709144445
0.20755653581682904,0.11754485917518911,0.5627633590369874,0.3821251487784654,0.32422705709144445,0.33320171257410724
0.11754485917518911,0.5627633590369874,0.3821251487784654,0.32422705709144445,0.33320171257410724,0.16882618726625565
0.5627633590369874,0.3821251487784654,0.32422705709144445,0.33320171257410724,0.16882618726625565,0.22596839973600635
0.3821251487784654,0.32422705709144445,0.33320171257410724,0.16882618726625565,0.22596839973600635,0.0760053475634177
0.32422705709144445,0.33320171257410724,0.16882618726625565,0.22596839973600635,0.0760053475634177,0.1409263469034336
0.33320171257410724,0.16882618726625565,0.22596839973600635,0.0760053475634177,0.1409263469034336,0.07321310717126306
0.16882618726625565,0.22596839973600635,0.0760053475634177,0.1409263469034336,0.07321310717126306,0.011749973205774006
0.22596839973600635,0.0760053475634177,0.1409263469034336,0.07321310717126306,0.011749973205774006,0.07400847261630104
0.0760053475634177,0.1409263469034336,0.07321310717126306,0.011749973205774006,0.07400847261630104,0.011484851390761342
0.1409263469034336,0.07321310717126306,0.011749973205774006,0.07400847261630104,0.011484851390761342,0.15881924897194785
0.07321310717126306,0.011749973205774006,0.07400847261630104,0.011484851390761342,0.15881924897194785,0.06888090389616251
0.011749973205774006,0.07400847261630104,0.011484851390761342,0.15881924897194785,0.06888090389616251,0.07269414532059996
0.07400847261630104,0.011484851390761342,0.15881924897194785,0.06888090389616251,0.07269414532059996,0.0035424787197436787
0.011484851390761342,0.15881924897194785,0.06888090389616251,0.07269414532059996,0.0035424787197436787,0.3889562661823023
0.15881924897194785,0.06888090389616251,0.07269414532059996,0.0035424787197436787,0.3889562661823023,0.09595717436554094
0.06888090389616251,0.07269414532059996,0.0035424787197436787,0.3889562661823023,0.09595717436554094,0.17096972534508142
0.07269414532059996,0.0035424787197436787,0.3889562661823023,0.09595717436554094,0.17096972534508142,0.036902700293890346
0.0035424787197436787,0.3889562661823023,0.09595717436554094,0.17096972534508142,0.036902700293890346,0.1242575178957225
0.3889562661823023,0.09595717436554094,0.17096972534508142,0.036902700293890346,0.1242575178957225,0.010542822814014224
0.09595717436554094,0.17096972534508142,0.036902700293890346,0.1242575178957225,0.010542822814014224,0.07987499788466638
0.17096972534508142,0.036902700293890346,0.1242575178957225,0.010542822814014224,0.07987499788466638,0.013949920181411007
0.036902700293890346,0.1242575178957225,0.010542822814014224,0.07987499788466638,0.013949920181411007,0.08203545863253553
0.1242575178957225,0.010542822814014224,0.07987499788466638,0.013949920181411007,0.08203545863253553,0.012748410679332342
0.010542822814014224,0.07987499788466638,0.013949920181411007,0.08203545863253553,0.012748410679332342,0.08107650738674504
0.07987499788466638,0.013949920181411007,0.08203545863253553,0.012748410679332342,0.08107650738674504,0.011259215803516536
0.013949920181411007,0.08203545863253553,0.012748410679332342,0.08107650738674504,0.011259215803516536,0.07937859959272775
0.08203545863253553,0.012748410679332342,0.08107650738674504,0.011259215803516536,0.07937859959272775,0.04290460691460257
0.012748410679332342,0.08107650738674504,0.011259215803516536,0.07937859959272775,0.04290460691460257,0.12365958358952372
0.08107650738674504,0.011259215803516536,0.07937859959272775,0.04290460691460257,0.12365958358952372,0.04815063431804464
0.011259215803516536,0.07937859959272775,0.04290460691460257,0.12365958358952372,0.04815063431804464,0.20242896709669048
0.07937859959272775,0.04290460691460257,0.12365958358952372,0.04815063431804464,0.20242896709669048,0.10194215831720978
0.04290460691460257,0.12365958358952372,0.04815063431804464,0.20242896709669048,0.10194215831720978,0.2522831500984335
0.12365958358952372,0.04815063431804464,0.20242896709669048,0.10194215831720978,0.2522831500984335,0.08785798496138812
0.04815063431804464,0.20242896709669048,0.10194215831720978,0.2522831500984335,0.08785798496138812,0.3469372789476356
0.20242896709669048,0.10194215831720978,0.2522831500984335,0.08785798496138812,0.3469372789476356,0.2960000451271175
0.10194215831720978,0.2522831500984335,0.08785798496138812,0.3469372789476356,0.2960000451271175,0.14874462000146663
0.2522831500984335,0.08785798496138812,0.3469372789476356,0.2960000451271175,0.14874462000146663,0.01970926854583505
0.08785798496138812,0.3469372789476356,0.2960000451271175,0.14874462000146663,0.01970926854583505,0.2663628107425103
0.3469372789476356,0.2960000451271175,0.14874462000146663,0.01970926854583505,0.2663628107425103,0.017165227299649706
0.2960000451271175,0.14874462000146663,0.01970926854583505,0.2663628107425103,0.017165227299649706,0.07637200539269053
0.14874462000146663,0.01970926854583505,0.2663628107425103,0.017165227299649706,0.07637200539269053,0.07989192055370974
0.01970926854583505,0.2663628107425103,0.017165227299649706,0.07637200539269053,0.07989192055370974,0.06796143887813987
0.2663628107425103,0.017165227299649706,0.07637200539269053,0.07989192055370974,0.06796143887813987,0.023342001500476654
0.017165227299649706,0.07637200539269053,0.07989192055370974,0.06796143887813987,0.023342001500476654,0.18207099623752657
0.07637200539269053,0.07989192055370974,0.06796143887813987,0.023342001500476654,0.18207099623752657,0.024069676269341193
0.07989192055370974,0.06796143887813987,0.023342001500476654,0.18207099623752657,0.024069676269341193,0.06747068147588238
0.06796143887813987,0.023342001500476654,0.18207099623752657,0.024069676269341193,0.06747068147588238,0.08578100938079954
0.023342001500476654,0.18207099623752657,0.024069676269341193,0.06747068147588238,0.08578100938079954,0.07271670887932447
0.18207099623752657,0.024069676269341193,0.06747068147588238,0.08578100938079954,0.07271670887932447,0.029073145416495087
0.024069676269341193,0.06747068147588238,0.08578100938079954,0.07271670887932447,0.029073145416495087,0.07396898638853319
0.06747068147588238,0.08578100938079954,0.07271670887932447,0.029073145416495087,0.07396898638853319,0.02211792843967351
0.08578100938079954,0.07271670887932447,0.029073145416495087,0.07396898638853319,0.02211792843967351,0.07119930955510302
0.07271670887932447,0.029073145416495087,0.07396898638853319,0.02211792843967351,0.07119930955510302,0.049402911827253385
0.029073145416495087,0.07396898638853319,0.02211792843967351,0.07119930955510302,0.049402911827253385,0.07263209553410764
0.07396898638853319,0.02211792843967351,0.07119930955510302,0.049402911827253385,0.07263209553410764,0.019607732531574874
0.02211792843967351,0.07119930955510302,0.049402911827253385,0.07263209553410764,0.019607732531574874,0.06775836684961953
0.07119930955510302,0.049402911827253385,0.07263209553410764,0.019607732531574874,0.06775836684961953,0.018079051427991228
0.049402911827253385,0.07263209553410764,0.019607732531574874,0.06775836684961953,0.018079051427991228,0.10332981717876544
0.07263209553410764,0.019607732531574874,0.06775836684961953,0.018079051427991228,0.10332981717876544,0.03823959114831591
0.019607732531574874,0.06775836684961953,0.018079051427991228,0.10332981717876544,0.03823959114831591,0.0751197278834818
0.06775836684961953,0.018079051427991228,0.10332981717876544,0.03823959114831591,0.0751197278834818,0.0065772773681865085
0.018079051427991228,0.10332981717876544,0.03823959114831591,0.0751197278834818,0.0065772773681865085,0.06573328745409725
0.10332981717876544,0.03823959114831591,0.0751197278834818,0.0065772773681865085,0.06573328745409725,0.004366048613187277
0.03823959114831591,0.0751197278834818,0.0065772773681865085,0.06573328745409725,0.004366048613187277,0.06303694218652166
0.0751197278834818,0.0065772773681865085,0.06573328745409725,0.004366048613187277,0.06303694218652166,0.006893167190329258
0.0065772773681865085,0.06573328745409725,0.004366048613187277,0.06303694218652166,0.006893167190329258,0.07528895457391538
0.06573328745409725,0.004366048613187277,0.06303694218652166,0.006893167190329258,0.07528895457391538,0.03316843132498858
0.004366048613187277,0.06303694218652166,0.006893167190329258,0.07528895457391538,0.03316843132498858,0.22078442211905663
0.06303694218652166,0.006893167190329258,0.07528895457391538,0.03316843132498858,0.22078442211905663,0.004331075097164324
0.006893167190329258,0.07528895457391538,0.03316843132498858,0.22078442211905663,0.004331075097164324,0.05934215944538772
0.07528895457391538,0.03316843132498858,0.22078442211905663,0.004331075097164324,0.05934215944538772,0.09375722738990393
0.03316843132498858,0.22078442211905663,0.004331075097164324,0.05934215944538772,0.09375722738990393,0.10392775148496422
0.22078442211905663,0.004331075097164324,0.05934215944538772,0.09375722738990393,0.10392775148496422,0.024526588333511956
0.004331075097164324,0.05934215944538772,0.09375722738990393,0.10392775148496422,0.024526588333511956,0.07523818656678531
0.05934215944538772,0.09375722738990393,0.10392775148496422,0.024526588333511956,0.07523818656678531,0.007197775233109761
0.09375722738990393,0.10392775148496422,0.024526588333511956,0.07523818656678531,0.007197775233109761,0.07717301172740965
0.10392775148496422,0.024526588333511956,0.07523818656678531,0.007197775233109761,0.07717301172740965,0.006035751958798935
0.024526588333511956,0.07523818656678531,0.007197775233109761,0.07717301172740965,0.006035751958798935,0.10452004490148187
0.07523818656678531,0.007197775233109761,0.07717301172740965,0.006035751958798935,0.10452004490148187,0.005680375908888346
0.007197775233109761,0.07717301172740965,0.006035751958798935,0.10452004490148187,0.005680375908888346,0.07235005105005161
0.07717301172740965,0.006035751958798935,0.10452004490148187,0.005680375908888346,0.07235005105005161,0.03568990901244945
0.006035751958798935,0.10452004490148187,0.005680375908888346,0.07235005105005161,0.03568990901244945,0.07209057012472007
0.10452004490148187,0.005680375908888346,0.07235005105005161,0.03568990901244945,0.07209057012472007,0.0051783367272686285
0.005680375908888346,0.07235005105005161,0.03568990901244945,0.07209057012472007,0.0051783367272686285,0.5299446628722282
0.07235005105005161,0.03568990901244945,0.07209057012472007,0.0051783367272686285,0.5299446628722282,0.06338103645707002
0.03568990901244945,0.07209057012472007,0.0051783367272686285,0.5299446628722282,0.06338103645707002,0.14602571117516655
0.07209057012472007,0.0051783367272686285,0.5299446628722282,0.06338103645707002,0.14602571117516655,0.07368694190447717
0.0051783367272686285,0.5299446628722282,0.06338103645707002,0.14602571117516655,0.07368694190447717,0.0727336315483678
0.5299446628722282,0.06338103645707002,0.14602571117516655,0.07368694190447717,0.0727336315483678,0.003345047580904464
0.06338103645707002,0.14602571117516655,0.07368694190447717,0.0727336315483678,0.003345047580904464,0.07032497165452936
0.14602571117516655,0.07368694190447717,0.0727336315483678,0.003345047580904464,0.07032497165452936,0.030567981181992023
0.07368694190447717,0.0727336315483678,0.003345047580904464,0.07032497165452936,0.030567981181992023,0.12972353999672828
0.0727336315483678,0.003345047580904464,0.07032497165452936,0.030567981181992023,0.12972353999672828,0.024103521607427916
0.003345047580904464,0.07032497165452936,0.030567981181992023,0.12972353999672828,0.024103521607427916,0.07228800126355928
0.07032497165452936,0.030567981181992023,0.12972353999672828,0.024103521607427916,0.07228800126355928,0.12863484828827204
0.030567981181992023,0.12972353999672828,0.024103521607427916,0.07228800126355928,0.12863484828827204,0.07149827670820241
0.12972353999672828,0.024103521607427916,0.07228800126355928,0.12863484828827204,0.07149827670820241,0.07835759856044497
0.024103521607427916,0.07228800126355928,0.12863484828827204,0.07149827670820241,0.07835759856044497,0.036299125098010455
0.07228800126355928,0.12863484828827204,0.07149827670820241,0.07835759856044497,0.036299125098010455,0.09272494457825887
0.12863484828827204,0.07149827670820241,0.07835759856044497,0.036299125098010455,0.09272494457825887,0.035904262820332024
0.07149827670820241,0.07835759856044497,0.036299125098010455,0.09272494457825887,0.035904262820332024,0.14586776626409517
0.07835759856044497,0.036299125098010455,0.09272494457825887,0.035904262820332024,0.14586776626409517,0.06886962211680024
0.036299125098010455,0.09272494457825887,0.035904262820332024,0.14586776626409517,0.06886962211680024,0.0870953366765006
0.09272494457825887,0.035904262820332024,0.14586776626409517,0.06886962211680024,0.0870953366765006,0.26695510415902796
0.035904262820332024,0.14586776626409517,0.06886962211680024,0.0870953366765006,0.26695510415902796,0.07038702144102166
0.14586776626409517,0.06886962211680024,0.0870953366765006,0.26695510415902796,0.07038702144102166,0.08675124240595228
0.06886962211680024,0.0870953366765006,0.26695510415902796,0.07038702144102166,0.08675124240595228,0.09614332372501791
0.0870953366765006,0.26695510415902796,0.07038702144102166,0.08675124240595228,0.09614332372501791,0.06567123766760495
0.26695510415902796,0.07038702144102166,0.08675124240595228,0.09614332372501791,0.06567123766760495,0.048156275207725766
0.07038702144102166,0.08675124240595228,0.09614332372501791,0.06567123766760495,0.048156275207725766,0.10095500262301368
0.08675124240595228,0.09614332372501791,0.06567123766760495,0.048156275207725766,0.10095500262301368,0.040005189618506624
0.09614332372501791,0.06567123766760495,0.048156275207725766,0.10095500262301368,0.040005189618506624,0.29804204719168303
0.06567123766760495,0.048156275207725766,0.10095500262301368,0.040005189618506624,0.29804204719168303,0.002961467082588266
0.048156275207725766,0.10095500262301368,0.040005189618506624,0.29804204719168303,0.002961467082588266,0.07120495044478416
0.10095500262301368,0.040005189618506624,0.29804204719168303,0.002961467082588266,0.07120495044478416,0.03314079096555109
0.040005189618506624,0.29804204719168303,0.002961467082588266,0.07120495044478416,0.03314079096555109,0.32768492246597136
0.29804204719168303,0.002961467082588266,0.07120495044478416,0.03314079096555109,0.32768492246597136,0.029789538405997396
0.002961467082588266,0.07120495044478416,0.03314079096555109,0.32768492246597136,0.029789538405997396,0.06936602040873885
0.07120495044478416,0.03314079096555109,0.32768492246597136,0.029789538405997396,0.06936602040873885,0.004851165125763632
0.03314079096555109,0.32768492246597136,0.029789538405997396,0.06936602040873885,0.004851165125763632,0.06941678841586896
0.32768492246597136,0.029789538405997396,0.06936602040873885,0.004851165125763632,0.06941678841586896,0.012351292045781453
0.029789538405997396,0.06936602040873885,0.004851165125763632,0.06941678841586896,0.012351292045781453,0.06326821866344762
0.06936602040873885,0.004851165125763632,0.06941678841586896,0.012351292045781453,0.06326821866344762,0.04180463342678407
0.004851165125763632,0.06941678841586896,0.012351292045781453,0.06326821866344762,0.04180463342678407,0.08805992881197224
0.06941678841586896,0.012351292045781453,0.06326821866344762,0.04180463342678407,0.08805992881197224,0.04259435798214094
0.012351292045781453,0.06326821866344762,0.04180463342678407,0.08805992881197224,0.04259435798214094,0.07337669297201554
0.06326821866344762,0.04180463342678407,0.08805992881197224,0.04259435798214094,0.07337669297201554,0.38989265386936833
0.04180463342678407,0.08805992881197224,0.04259435798214094,0.07337669297201554,0.38989265386936833,0.560783406758914
0.08805992881197224,0.04259435798214094,0.07337669297201554,0.38989265386936833,0.560783406758914,0.1008478257190724
0.04259435798214094,0.07337669297201554,0.38989265386936833,0.560783406758914,0.1008478257190724,0.1045031222324385
0.07337669297201554,0.38989265386936833,0.560783406758914,0.1008478257190724,0.1045031222324385,0.3795630566853004
0.38989265386936833,0.560783406758914,0.1008478257190724,0.1045031222324385,0.3795630566853004,0.37170642553743577
0.560783406758914,0.1008478257190724,0.1045031222324385,0.3795630566853004,0.37170642553743577,0.03689705940420923
0.1008478257190724,0.1045031222324385,0.3795630566853004,0.37170642553743577,0.03689705940420923,0.139166389322924
0.1045031222324385,0.3795630566853004,0.37170642553743577,0.03689705940420923,0.139166389322924,0.17884440733992565
0.3795630566853004,0.37170642553743577,0.03689705940420923,0.139166389322924,0.17884440733992565,0.14539957242056217
0.37170642553743577,0.03689705940420923,0.139166389322924,0.17884440733992565,0.14539957242056217,0.19718858058292954
0.03689705940420923,0.139166389322924,0.17884440733992565,0.14539957242056217,0.19718858058292954,0.493752714678159
0.139166389322924,0.17884440733992565,0.14539957242056217,0.19718858058292954,0.493752714678159,0.3261788049211122
0.17884440733992565,0.14539957242056217,0.19718858058292954,0.493752714678159,0.3261788049211122,0.2464673928371983
0.14539957242056217,0.19718858058292954,0.493752714678159,0.3261788049211122,0.2464673928371983,0.032497165452935226
0.19718858058292954,0.493752714678159,0.3261788049211122,0.2464673928371983,0.032497165452935226,0.058197058840120275
0.493752714678159,0.3261788049211122,0.2464673928371983,0.032497165452935226,0.058197058840120275,0.09105524123264723
0.3261788049211122,0.2464673928371983,0.032497165452935226,0.058197058840120275,0.09105524123264723,0.09078447852795343
0.2464673928371983,0.032497165452935226,0.058197058840120275,0.09105524123264723,0.09078447852795343,0.0035340173852219897
0.032497165452935226,0.058197058840120275,0.09105524123264723,0.09078447852795343,0.0035340173852219897,0.0917659933324684
0.058197058840120275,0.09105524123264723,0.09078447852795343,0.0035340173852219897,0.0917659933324684,0.003181461780151958
0.09105524123264723,0.09078447852795343,0.0035340173852219897,0.0917659933324684,0.003181461780151958,0.08106522560738279
0.09078447852795343,0.0035340173852219897,0.0917659933324684,0.003181461780151958,0.08106522560738279,0.003373252029310057
0.0035340173852219897,0.0917659933324684,0.003181461780151958,0.08106522560738279,0.003373252029310057,0.08243596179989507
0.0917659933324684,0.003181461780151958,0.08106522560738279,0.003373252029310057,0.08243596179989507,0.004478866406809681
0.003181461780151958,0.08106522560738279,0.003373252029310057,0.08243596179989507,0.004478866406809681,0.08117353068926031
0.08106522560738279,0.003373252029310057,0.08243596179989507,0.004478866406809681,0.08117353068926031,0.002741472385024558
0.003373252029310057,0.08243596179989507,0.004478866406809681,0.08117353068926031,0.002741472385024558,0.06933781596033327
0.08243596179989507,0.004478866406809681,0.08117353068926031,0.002741472385024558,0.06933781596033327,0.004264512598927104
0.004478866406809681,0.08117353068926031,0.002741472385024558,0.06933781596033327,0.004264512598927104,0.07481399166276505
0.08117353068926031,0.002741472385024558,0.06933781596033327,0.004264512598927104,0.07481399166276505,0.005059878043965094
0.002741472385024558,0.06933781596033327,0.004264512598927104,0.07481399166276505,0.005059878043965094,0.12082221607992012
0.06933781596033327,0.004264512598927104,0.07481399166276505,0.005059878043965094,0.12082221607992012,0.011219729575748679
0.004264512598927104,0.07481399166276505,0.005059878043965094,0.12082221607992012,0.011219729575748679,0.05315297528726231
0.07481399166276505,0.005059878043965094,0.12082221607992012,0.011219729575748679,0.05315297528726231,0.019760036552965134
0.005059878043965094,0.12082221607992012,0.011219729575748679,0.05315297528726231,0.019760036552965134,0.1608104830293834
0.12082221607992012,0.011219729575748679,0.05315297528726231,0.019760036552965134,0.1608104830293834,0.20941802941159876
0.011219729575748679,0.05315297528726231,0.019760036552965134,0.1608104830293834,0.20941802941159876,0.3731448524061215
0.05315297528726231,0.019760036552965134,0.1608104830293834,0.20941802941159876,0.3731448524061215,0.14971485302661938
0.019760036552965134,0.1608104830293834,0.20941802941159876,0.3731448524061215,0.14971485302661938,0.09037833447091273
0.1608104830293834,0.20941802941159876,0.3731448524061215,0.14971485302661938,0.09037833447091273,0.23236516863439702
0.20941802941159876,0.3731448524061215,0.14971485302661938,0.09037833447091273,0.23236516863439702,0.28524850939490176
0.3731448524061215,0.14971485302661938,0.09037833447091273,0.23236516863439702,0.28524850939490176,0.10167139561251601
0.14971485302661938,0.09037833447091273,0.23236516863439702,0.28524850939490176,0.10167139561251601,0.39930617056922213
0.09037833447091273,0.23236516863439702,0.28524850939490176,0.10167139561251601,0.39930617056922213,0.23653942699842617
0.23236516863439702,0.28524850939490176,0.10167139561251601,0.39930617056922213,0.23653942699842617,0.42149291786300536
0.28524850939490176,0.10167139561251601,0.39930617056922213,0.23653942699842617,0.42149291786300536,0.11123834451169638
0.10167139561251601,0.39930617056922213,0.23653942699842617,0.42149291786300536,0.11123834451169638,0.3873937397406319
0.39930617056922213,0.23653942699842617,0.42149291786300536,0.11123834451169638,0.3873937397406319,0.08448924564382293
0.23653942699842617,0.42149291786300536,0.11123834451169638,0.3873937397406319,0.08448924564382293,0.3098202248458627
0.42149291786300536,0.11123834451169638,0.3873937397406319,0.08448924564382293,0.3098202248458627,0.2565250991386362
0.11123834451169638,0.3873937397406319,0.08448924564382293,0.3098202248458627,0.2565250991386362,0.2220705449663521
0.3873937397406319,0.08448924564382293,0.3098202248458627,0.2565250991386362,0.2220705449663521,0.17128561516722415
0.08448924564382293,0.3098202248458627,0.2565250991386362,0.2220705449663521,0.17128561516722415,0.3001235354840165
0.3098202248458627,0.2565250991386362,0.2220705449663521,0.17128561516722415,0.3001235354840165,0.10657332874540973
0.2565250991386362,0.2220705449663521,0.17128561516722415,0.3001235354840165,0.10657332874540973,0.08754773602892649
0.2220705449663521,0.17128561516722415,0.3001235354840165,0.10657332874540973,0.08754773602892649,0.05590121673990423
0.17128561516722415,0.3001235354840165,0.10657332874540973,0.08754773602892649,0.05590121673990423,0.07080444727742459
0.3001235354840165,0.10657332874540973,0.08754773602892649,0.05590121673990423,0.07080444727742459,0.015400757007395202
0.10657332874540973,0.08754773602892649,0.05590121673990423,0.07080444727742459,0.015400757007395202,0.07835308584870004
0.08754773602892649,0.05590121673990423,0.07080444727742459,0.015400757007395202,0.07835308584870004,0.038262154707040384
0.05590121673990423,0.07080444727742459,0.015400757007395202,0.07835308584870004,0.038262154707040384,0.06523124827247753
0.07080444727742459,0.015400757007395202,0.07835308584870004,0.038262154707040384,0.06523124827247753,0.041956937448174324
0.015400757007395202,0.07835308584870004,0.038262154707040384,0.06523124827247753,0.041956937448174324,0.06500561268523272
0.07835308584870004,0.038262154707040384,0.06523124827247753,0.041956937448174324,0.06500561268523272,0.0341149726134806
0.038262154707040384,0.06523124827247753,0.041956937448174324,0.06500561268523272,0.0341149726134806,0.06375897606570506
0.06523124827247753,0.041956937448174324,0.06500561268523272,0.0341149726134806,0.06375897606570506,0.028667001359454408
0.041956937448174324,0.06500561268523272,0.0341149726134806,0.06375897606570506,0.028667001359454408,0.0937741500589473
0.06500561268523272,0.0341149726134806,0.06375897606570506,0.028667001359454408,0.0937741500589473,0.026534745059990858
0.0341149726134806,0.06375897606570506,0.028667001359454408,0.0937741500589473,0.026534745059990858,0.05836628553055386
0.06375897606570506,0.028667001359454408,0.0937741500589473,0.026534745059990858,0.05836628553055386,0.02567168893877942
0.028667001359454408,0.0937741500589473,0.026534745059990858,0.05836628553055386,0.02567168893877942,0.05807860015681672
0.0937741500589473,0.026534745059990858,0.05836628553055386,0.02567168893877942,0.05807860015681672,0.02573937961495287
0.026534745059990858,0.05836628553055386,0.02567168893877942,0.05807860015681672,0.02573937961495287,0.06885834033743801
0.05836628553055386,0.02567168893877942,0.05807860015681672,0.02573937961495287,0.06885834033743801,0.016601138331537653
0.02567168893877942,0.05807860015681672,0.02573937961495287,0.06885834033743801,0.016601138331537653,0.06789938909164754
0.05807860015681672,0.02573937961495287,0.06885834033743801,0.016601138331537653,0.06789938909164754,0.01616678982609137
0.02573937961495287,0.06885834033743801,0.016601138331537653,0.06789938909164754,0.01616678982609137,0.09415773055726351
0.06885834033743801,0.016601138331537653,0.06789938909164754,0.01616678982609137,0.09415773055726351,0.033963796770026575
0.016601138331537653,0.06789938909164754,0.01616678982609137,0.09415773055726351,0.033963796770026575,0.07312285293636513
0.06789938909164754,0.01616678982609137,0.09415773055726351,0.033963796770026575,0.07312285293636513,0.007699814414729495
0.01616678982609137,0.09415773055726351,0.033963796770026575,0.07312285293636513,0.007699814414729495,0.07398026816789542
0.09415773055726351,0.033963796770026575,0.07312285293636513,0.007699814414729495,0.07398026816789542,0.007338797475137774
0.033963796770026575,0.07312285293636513,0.007699814414729495,0.07398026816789542,0.007338797475137774,0.06751580859333134
0.07312285293636513,0.007699814414729495,0.07398026816789542,0.007338797475137774,0.06751580859333134,0.08959989169491811
0.007699814414729495,0.07398026816789542,0.007338797475137774,0.06751580859333134,0.08959989169491811,0.2147035430428087
0.07398026816789542,0.007338797475137774,0.06751580859333134,0.08959989169491811,0.2147035430428087,0.008997219041387202
0.007338797475137774,0.06751580859333134,0.08959989169491811,0.2147035430428087,0.008997219041387202,0.05839448997895947
0.06751580859333134,0.08959989169491811,0.2147035430428087,0.008997219041387202,0.05839448997895947,0.09514488625145959
0.08959989169491811,0.2147035430428087,0.008997219041387202,0.05839448997895947,0.09514488625145959,0.07725198418294534
0.2147035430428087,0.008997219041387202,0.05839448997895947,0.09514488625145959,0.07725198418294534,0.024910168831828155
0.008997219041387202,0.05839448997895947,0.09514488625145959,0.07725198418294534,0.024910168831828155,0.0827687742910812
0.05839448997895947,0.09514488625145959,0.07725198418294534,0.024910168831828155,0.0827687742910812,0.007237261460877601
0.09514488625145959,0.07725198418294534,0.024910168831828155,0.0827687742910812,0.007237261460877601,0.08246416624830068
0.07725198418294534,0.024910168831828155,0.0827687742910812,0.007237261460877601,0.08246416624830068,0.03594374904809987
0.024910168831828155,0.0827687742910812,0.007237261460877601,0.08246416624830068,0.03594374904809987,0.08365439397101712
0.0827687742910812,0.007237261460877601,0.08246416624830068,0.03594374904809987,0.08365439397101712,0.008297748720928269
0.007237261460877601,0.08246416624830068,0.03594374904809987,0.08365439397101712,0.008297748720928269,0.0922116236172769
0.08246416624830068,0.03594374904809987,0.08365439397101712,0.008297748720928269,0.0922116236172769,0.006164364243528488
0.03594374904809987,0.08365439397101712,0.008297748720928269,0.0922116236172769,0.006164364243528488,0.07048855745528183
0.08365439397101712,0.008297748720928269,0.0922116236172769,0.006164364243528488,0.07048855745528183,0.03461813997303655
0.008297748720928269,0.0922116236172769,0.006164364243528488,0.07048855745528183,0.03461813997303655,0.10274880554161
0.0922116236172769,0.006164364243528488,0.07048855745528183,0.03461813997303655,0.10274880554161,0.007011625873632793
0.006164364243528488,0.07048855745528183,0.03461813997303655,0.10274880554161,0.007011625873632793,0.16454475199828517
0.07048855745528183,0.03461813997303655,0.10274880554161,0.007011625873632793,0.16454475199828517,0.043677408800916084
0.03461813997303655,0.10274880554161,0.007011625873632793,0.16454475199828517,0.043677408800916084,0.06961421955470819
0.10274880554161,0.007011625873632793,0.16454475199828517,0.043677408800916084,0.06961421955470819,0.0019517478296676998
0.007011625873632793,0.16454475199828517,0.043677408800916084,0.06961421955470819,0.0019517478296676998,0.07760736023285592
0.16454475199828517,0.043677408800916084,0.06961421955470819,0.0019517478296676998,0.07760736023285592,0.03034798648442833
0.043677408800916084,0.06961421955470819,0.0019517478296676998,0.07760736023285592,0.03034798648442833,0.0983714751490605
0.06961421955470819,0.0019517478296676998,0.07760736023285592,0.03034798648442833,0.0983714751490605,0.0014045815305990111
0.0019517478296676998,0.07760736023285592,0.03034798648442833,0.0983714751490605,0.0014045815305990111,0.05976522617147176
0.07760736023285592,0.03034798648442833,0.0983714751490605,0.0014045815305990111,0.05976522617147176,0.0026624999294888783
0.03034798648442833,0.0983714751490605,0.0014045815305990111,0.05976522617147176,0.0026624999294888783,0.088657863118171
0.0983714751490605,0.0014045815305990111,0.05976522617147176,0.0026624999294888783,0.088657863118171,0.2647664389627532
0.0014045815305990111,0.05976522617147176,0.0026624999294888783,0.088657863118171,0.2647664389627532,0.33902311072502356
0.05976522617147176,0.0026624999294888783,0.088657863118171,0.2647664389627532,0.33902311072502356,0.057480665850617944
0.0026624999294888783,0.088657863118171,0.2647664389627532,0.33902311072502356,0.057480665850617944,0.10933736468915876
0.088657863118171,0.2647664389627532,0.33902311072502356,0.057480665850617944,0.10933736468915876,0.011936122565250989
0.2647664389627532,0.33902311072502356,0.057480665850617944,0.10933736468915876,0.011936122565250989,0.061841073574124106
0.33902311072502356,0.057480665850617944,0.10933736468915876,0.011936122565250989,0.061841073574124106,0.05613813410651127
0.057480665850617944,0.10933736468915876,0.011936122565250989,0.061841073574124106,0.05613813410651127,0.23669737190949755
0.10933736468915876,0.011936122565250989,0.061841073574124106,0.05613813410651127,0.23669737190949755,0.0424194904020262
0.011936122565250989,0.061841073574124106,0.05613813410651127,0.23669737190949755,0.0424194904020262,0.05675299108175342
0.061841073574124106,0.05613813410651127,0.23669737190949755,0.0424194904020262,0.05675299108175342,0.1694466851311789
0.05613813410651127,0.23669737190949755,0.0424194904020262,0.05675299108175342,0.1694466851311789,0.1386756319206665
0.23669737190949755,0.0424194904020262,0.05675299108175342,0.1694466851311789,0.1386756319206665,0.022038955984137815
0.0424194904020262,0.05675299108175342,0.1694466851311789,0.1386756319206665,0.022038955984137815,0.08325953169333869
0.05675299108175342,0.1694466851311789,0.1386756319206665,0.022038955984137815,0.08325953169333869,0.02963159349492602
0.1694466851311789,0.1386756319206665,0.022038955984137815,0.08325953169333869,0.02963159349492602,0.1589715529933381
0.1386756319206665,0.022038955984137815,0.08325953169333869,0.02963159349492602,0.1589715529933381,0.08650304325998298
0.022038955984137815,0.08325953169333869,0.02963159349492602,0.1589715529933381,0.08650304325998298,0.19749318862571005
0.08325953169333869,0.02963159349492602,0.1589715529933381,0.08650304325998298,0.19749318862571005,0.3006317796442855
0.02963159349492602,0.1589715529933381,0.08650304325998298,0.19749318862571005,0.3006317796442855,0.15062303626527976
0.1589715529933381,0.08650304325998298,0.19749318862571005,0.3006317796442855,0.15062303626527976,0.042126164138607945
0.08650304325998298,0.19749318862571005,0.3006317796442855,0.15062303626527976,0.042126164138607945,0.07214133813185016
0.19749318862571005,0.3006317796442855,0.15062303626527976,0.042126164138607945,0.07214133813185016,0.014824258081984691
0.3006317796442855,0.15062303626527976,0.042126164138607945,0.07214133813185016,0.014824258081984691,0.06623532663571699
0.15062303626527976,0.042126164138607945,0.07214133813185016,0.014824258081984691,0.06623532663571699,0.02735267406375334
0.042126164138607945,0.07214133813185016,0.014824258081984691,0.06623532663571699,0.02735267406375334,0.12211397981689673
0.07214133813185016,0.014824258081984691,0.06623532663571699,0.02735267406375334,0.12211397981689673,0.19872290257619432
0.014824258081984691,0.06623532663571699,0.02735267406375334,0.12211397981689673,0.19872290257619432,0.12367086536888598
0.06623532663571699,0.02735267406375334,0.12211397981689673,0.19872290257619432,0.12367086536888598,0.12594978480005864
0.02735267406375334,0.12211397981689673,0.19872290257619432,0.12367086536888598,0.12594978480005864,0.1358608279697874
0.12211397981689673,0.19872290257619432,0.12367086536888598,0.12594978480005864,0.1358608279697874,0.09930786283612653
0.19872290257619432,0.12367086536888598,0.12594978480005864,0.1358608279697874,0.09930786283612653,0.13208143188343666
0.12367086536888598,0.12594978480005864,0.1358608279697874,0.09930786283612653,0.13208143188343666,0.6400435476683383
0.12594978480005864,0.1358608279697874,0.09930786283612653,0.13208143188343666,0.6400435476683383,0.125075446899485
0.1358608279697874,0.09930786283612653,0.13208143188343666,0.6400435476683383,0.125075446899485,0.3656255464611879
0.09930786283612653,0.13208143188343666,0.6400435476683383,0.125075446899485,0.3656255464611879,0.12621603479300755
0.13208143188343666,0.6400435476683383,0.125075446899485,0.3656255464611879,0.12621603479300755,0.0965833131201453
0.6400435476683383,0.125075446899485,0.3656255464611879,0.12621603479300755,0.0965833131201453,0.14248887334510402
0.125075446899485,0.3656255464611879,0.12621603479300755,0.0965833131201453,0.14248887334510402,0.0844779638644607
0.3656255464611879,0.12621603479300755,0.0965833131201453,0.14248887334510402,0.0844779638644607,0.1668913621056313
0.12621603479300755,0.0965833131201453,0.14248887334510402,0.0844779638644607,0.1668913621056313,0.10194779920689093
0.0965833131201453,0.14248887334510402,0.0844779638644607,0.1668913621056313,0.10194779920689093,0.07747197888050902
0.14248887334510402,0.0844779638644607,0.1668913621056313,0.10194779920689093,0.07747197888050902,0.16607907399154995
0.0844779638644607,0.1668913621056313,0.10194779920689093,0.07747197888050902,0.16607907399154995,0.22908499128482543
0.1668913621056313,0.10194779920689093,0.07747197888050902,0.16607907399154995,0.22908499128482543,0.06189748247093533
0.10194779920689093,0.07747197888050902,0.16607907399154995,0.22908499128482543,0.06189748247093533,0.1496753667988515
0.07747197888050902,0.16607907399154995,0.22908499128482543,0.06189748247093533,0.1496753667988515,0.20143729869074953
0.16607907399154995,0.22908499128482543,0.06189748247093533,0.1496753667988515,0.20143729869074953,0.10315494959865071
0.22908499128482543,0.06189748247093533,0.1496753667988515,0.20143729869074953,0.10315494959865071,0.18807290285823883
0.06189748247093533,0.1496753667988515,0.20143729869074953,0.10315494959865071,0.18807290285823883,0.01461554516378323
0.1496753667988515,0.20143729869074953,0.10315494959865071,0.18807290285823883,0.01461554516378323,0.14724414334628858
0.20143729869074953,0.10315494959865071,0.18807290285823883,0.01461554516378323,0.14724414334628858,0.01987285434658754
0.10315494959865071,0.18807290285823883,0.01461554516378323,0.14724414334628858,0.01987285434658754,0.10268111486543656
0.18807290285823883,0.01461554516378323,0.14724414334628858,0.01987285434658754,0.10268111486543656,0.10482465294426237
0.01461554516378323,0.14724414334628858,0.01987285434658754,0.10268111486543656,0.10482465294426237,0.2769620424533357
0.14724414334628858,0.01987285434658754,0.10268111486543656,0.10482465294426237,0.2769620424533357,0.14088121978598464
0.01987285434658754,0.10268111486543656,0.10482465294426237,0.2769620424533357,0.14088121978598464,0.2845321164053995
0.10268111486543656,0.10482465294426237,0.2769620424533357,0.14088121978598464,0.2845321164053995,0.27627949480192016
0.10482465294426237,0.2769620424533357,0.14088121978598464,0.2845321164053995,0.27627949480192016,0.23913423625174163
0.2769620424533357,0.14088121978598464,0.2845321164053995,0.27627949480192016,0.23913423625174163,0.20338227745279985
0.14088121978598464,0.2845321164053995,0.27627949480192016,0.23913423625174163,0.20338227745279985,0.23125955425689737
0.2845321164053995,0.27627949480192016,0.23913423625174163,0.20338227745279985,0.23125955425689737,0.08935733343862995
0.27627949480192016,0.23913423625174163,0.20338227745279985,0.23125955425689737,0.08935733343862995,0.0703136898751671
0.23913423625174163,0.20338227745279985,0.23125955425689737,0.08935733343862995,0.0703136898751671,0.07024035830931254
0.20338227745279985,0.23125955425689737,0.08935733343862995,0.0703136898751671,0.07024035830931254,0.022986625450566064
0.23125955425689737,0.08935733343862995,0.0703136898751671,0.07024035830931254,0.022986625450566064,0.06560918788111261
0.08935733343862995,0.0703136898751671,0.07024035830931254,0.022986625450566064,0.06560918788111261,0.0651691984859852
0.0703136898751671,0.07024035830931254,0.022986625450566064,0.06560918788111261,0.0651691984859852,0.11247934024154288
0.07024035830931254,0.022986625450566064,0.06560918788111261,0.0651691984859852,0.11247934024154288,0.04428944533131765
0.022986625450566064,0.06560918788111261,0.0651691984859852,0.11247934024154288,0.04428944533131765,0.06991318670780755
0.06560918788111261,0.0651691984859852,0.11247934024154288,0.04428944533131765,0.06991318670780755,0.12922150081510855
0.0651691984859852,0.11247934024154288,0.04428944533131765,0.06991318670780755,0.12922150081510855,0.09684279404547685
0.11247934024154288,0.04428944533131765,0.06991318670780755,0.12922150081510855,0.09684279404547685,0.06748760414492573
0.04428944533131765,0.06991318670780755,0.12922150081510855,0.09684279404547685,0.06748760414492573,0.020307202852033822
0.06991318670780755,0.12922150081510855,0.09684279404547685,0.06748760414492573,0.020307202852033822,0.08168854391714661
0.12922150081510855,0.09684279404547685,0.06748760414492573,0.020307202852033822,0.08168854391714661,0.03527812406572764
0.09684279404547685,0.06748760414492573,0.020307202852033822,0.08168854391714661,0.03527812406572764,0.11181371525917067
0.06748760414492573,0.020307202852033822,0.08168854391714661,0.03527812406572764,0.11181371525917067,0.038758552998979005
0.020307202852033822,0.08168854391714661,0.03527812406572764,0.11181371525917067,0.038758552998979005,0.14225759686817804
0.08168854391714661,0.03527812406572764,0.11181371525917067,0.038758552998979005,0.14225759686817804,0.22277001528681104
0.03527812406572764,0.11181371525917067,0.038758552998979005,0.14225759686817804,0.22277001528681104,0.010915121532968176
0.11181371525917067,0.038758552998979005,0.14225759686817804,0.22277001528681104,0.010915121532968176,0.07684471194796844
0.038758552998979005,0.14225759686817804,0.22277001528681104,0.010915121532968176,0.07684471194796844,0.10095500262301368
0.14225759686817804,0.22277001528681104,0.010915121532968176,0.07684471194796844,0.10095500262301368,0.12751795213141018
0.22277001528681104,0.010915121532968176,0.07684471194796844,0.10095500262301368,0.12751795213141018,0.06172261489082059
0.010915121532968176,0.07684471194796844,0.10095500262301368,0.12751795213141018,0.06172261489082059,0.08047857308054628
0.07684471194796844,0.10095500262301368,0.12751795213141018,0.06172261489082059,0.08047857308054628,0.09020910778047915
0.10095500262301368,0.12751795213141018,0.06172261489082059,0.08047857308054628,0.09020910778047915,0.08312415034099178
0.12751795213141018,0.06172261489082059,0.08047857308054628,0.09020910778047915,0.08312415034099178,0.06942242930555007
0.06172261489082059,0.08047857308054628,0.09020910778047915,0.08312415034099178,0.06942242930555007,0.03410481901205459
0.08047857308054628,0.09020910778047915,0.08312415034099178,0.06942242930555007,0.03410481901205459,0.08196212706668096
0.09020910778047915,0.08312415034099178,0.06942242930555007,0.03410481901205459,0.08196212706668096,0.026579872177439828
0.08312415034099178,0.06942242930555007,0.03410481901205459,0.08196212706668096,0.026579872177439828,0.09393773585969978
0.06942242930555007,0.03410481901205459,0.08196212706668096,0.026579872177439828,0.09393773585969978,0.016420629861741785
0.03410481901205459,0.08196212706668096,0.026579872177439828,0.09393773585969978,0.016420629861741785,0.08952656012906354
0.08196212706668096,0.026579872177439828,0.09393773585969978,0.016420629861741785,0.08952656012906354,0.04248718107819965
0.026579872177439828,0.09393773585969978,0.016420629861741785,0.08952656012906354,0.04248718107819965,0.08598408140931989
0.09393773585969978,0.016420629861741785,0.08952656012906354,0.04248718107819965,0.08598408140931989,0.015202197690619758
0.016420629861741785,0.08952656012906354,0.04248718107819965,0.08598408140931989,0.015202197690619758,0.07926578179910534
0.08952656012906354,0.04248718107819965,0.08598408140931989,0.015202197690619758,0.07926578179910534,0.04570248819643835
0.04248718107819965,0.08598408140931989,0.015202197690619758,0.07926578179910534,0.04570248819643835,0.09386440429384521
0.08598408140931989,0.015202197690619758,0.07926578179910534,0.04570248819643835,0.09386440429384521,0.030003892213879974
0.015202197690619758,0.07926578179910534,0.04570248819643835,0.09386440429384521,0.030003892213879974,0.0596072812604004
0.07926578179910534,0.04570248819643835,0.09386440429384521,0.030003892213879974,0.0596072812604004,0.037111413212091805
0.04570248819643835,0.09386440429384521,0.030003892213879974,0.0596072812604004,0.037111413212091805,0.08083394913045687
0.09386440429384521,0.030003892213879974,0.0596072812604004,0.037111413212091805,0.08083394913045687,0.04042261545490955
0.030003892213879974,0.0596072812604004,0.037111413212091805,0.08083394913045687,0.04042261545490955,0.04295537492173266
0.0596072812604004,0.037111413212091805,0.08083394913045687,0.04042261545490955,0.04295537492173266,0.04093029552621039
0.037111413212091805,0.08083394913045687,0.04042261545490955,0.04295537492173266,0.04093029552621039,0.04180463342678407
0.08083394913045687,0.04042261545490955,0.04295537492173266,0.04093029552621039,0.04180463342678407,0.05088646581338809
0.04042261545490955,0.04295537492173266,0.04093029552621039,0.04180463342678407,0.05088646581338809,0.03403148744620001
0.04295537492173266,0.04093029552621039,0.04180463342678407,0.05088646581338809,0.03403148744620001,0.07737608375593
0.04093029552621039,0.04180463342678407,0.05088646581338809,0.03403148744620001,0.07737608375593,0.03276792815762902
0.04180463342678407,0.05088646581338809,0.03403148744620001,0.07737608375593,0.03276792815762902,0.04996135990568432
0.05088646581338809,0.03403148744620001,0.07737608375593,0.03276792815762902,0.04996135990568432,0.05265206428357881
0.03403148744620001,0.07737608375593,0.03276792815762902,0.04996135990568432,0.05265206428357881,0.24623047547059126
0.07737608375593,0.03276792815762902,0.04996135990568432,0.05265206428357881,0.24623047547059126,0.008472616301043007
0.03276792815762902,0.04996135990568432,0.05265206428357881,0.24623047547059126,0.008472616301043007,0.06149133841389463
0.04996135990568432,0.05265206428357881,0.24623047547059126,0.008472616301043007,0.06149133841389463,0.09444541593100064
0.05265206428357881,0.24623047547059126,0.008472616301043007,0.06149133841389463,0.09444541593100064,0.09342441489871783
0.24623047547059126,0.008472616301043007,0.06149133841389463,0.09444541593100064,0.09342441489871783,0.008246980713798183
0.008472616301043007,0.06149133841389463,0.09444541593100064,0.09342441489871783,0.008246980713798183,0.08720815447012305
0.06149133841389463,0.09444541593100064,0.09342441489871783,0.008246980713798183,0.08720815447012305,0.025429130682491235
0.09444541593100064,0.09342441489871783,0.008246980713798183,0.08720815447012305,0.025429130682491235,0.08840966397220171
0.09342441489871783,0.008246980713798183,0.08720815447012305,0.025429130682491235,0.08840966397220171,0.031273092392132086
0.008246980713798183,0.08720815447012305,0.025429130682491235,0.08840966397220171,0.031273092392132086,0.051354659656921084
0.08720815447012305,0.025429130682491235,0.08840966397220171,0.031273092392132086,0.051354659656921084,0.038030878230114445
0.025429130682491235,0.08840966397220171,0.031273092392132086,0.051354659656921084,0.038030878230114445,0.04223898193223035
0.08840966397220171,0.031273092392132086,0.051354659656921084,0.038030878230114445,0.04223898193223035,0.03878224473563971
0.031273092392132086,0.051354659656921084,0.038030878230114445,0.04223898193223035,0.03878224473563971,0.03182589958088189
0.051354659656921084,0.038030878230114445,0.04223898193223035,0.03878224473563971,0.03182589958088189,0.04883318196946022
0.038030878230114445,0.04223898193223035,0.03878224473563971,0.03182589958088189,0.04883318196946022,0.02364096865357604
0.04223898193223035,0.03878224473563971,0.03182589958088189,0.04883318196946022,0.02364096865357604,0.05830987663374268
0.03878224473563971,0.03182589958088189,0.04883318196946022,0.02364096865357604,0.05830987663374268,0.059234982541446435
0.03182589958088189,0.04883318196946022,0.02364096865357604,0.05830987663374268,0.059234982541446435,0.12755179746949688
0.04883318196946022,0.02364096865357604,0.05830987663374268,0.059234982541446435,0.12755179746949688,0.11793972145286753
0.02364096865357604,0.05830987663374268,0.059234982541446435,0.12755179746949688,0.11793972145286753,0.13199117764853874
0.05830987663374268,0.059234982541446435,0.12755179746949688,0.11793972145286753,0.13199117764853874,0.04223898193223035
0.059234982541446435,0.12755179746949688,0.11793972145286753,0.13199117764853874,0.04223898193223035,0.06946755642299902
0.12755179746949688,0.11793972145286753,0.13199117764853874,0.04223898193223035,0.06946755642299902,0.0030054660221010073
0.11793972145286753,0.13199117764853874,0.04223898193223035,0.06946755642299902,0.0030054660221010073,0.08187187283178302
0.13199117764853874,0.04223898193223035,0.06946755642299902,0.0030054660221010073,0.08187187283178302,0.0281423986191102
0.04223898193223035,0.06946755642299902,0.0030054660221010073,0.08187187283178302,0.0281423986191102,0.09955606198209582
0.06946755642299902,0.0030054660221010073,0.08187187283178302,0.0281423986191102,0.09955606198209582,0.012945841818171556
0.0030054660221010073,0.08187187283178302,0.0281423986191102,0.09955606198209582,0.012945841818171556,0.06879629055094569
0.08187187283178302,0.0281423986191102,0.09955606198209582,0.012945841818171556,0.06879629055094569,0.005093723382051818
0.0281423986191102,0.09955606198209582,0.012945841818171556,0.06879629055094569,0.005093723382051818,0.07737044286624888
0.09955606198209582,0.012945841818171556,0.06879629055094569,0.005093723382051818,0.07737044286624888,0.004794756228952431
0.012945841818171556,0.06879629055094569,0.005093723382051818,0.07737044286624888,0.004794756228952431,0.07769761446775386
0.06879629055094569,0.005093723382051818,0.07737044286624888,0.004794756228952431,0.07769761446775386,0.004185540143391409
0.005093723382051818,0.07737044286624888,0.004794756228952431,0.07769761446775386,0.004185540143391409,0.0875014807335413
0.07737044286624888,0.004794756228952431,0.07769761446775386,0.004185540143391409,0.0875014807335413,0.21133593190317979
0.004794756228952431,0.07769761446775386,0.004185540143391409,0.0875014807335413,0.21133593190317979,0.0038640094315675437
0.07769761446775386,0.004185540143391409,0.0875014807335413,0.21133593190317979,0.0038640094315675437,0.05850166688290076
0.004185540143391409,0.0875014807335413,0.21133593190317979,0.0038640094315675437,0.05850166688290076,0.09282083970283794
0.0875014807335413,0.21133593190317979,0.0038640094315675437,0.05850166688290076,0.09282083970283794,0.10844046322986062
0.21133593190317979,0.0038640094315675437,0.05850166688290076,0.09282083970283794,0.10844046322986062,0.002414300783519577
0.0038640094315675437,0.05850166688290076,0.09282083970283794,0.10844046322986062,0.002414300783519577,0.08107650738674504
0.05850166688290076,0.09282083970283794,0.10844046322986062,0.002414300783519577,0.08107650738674504,0.011744332316092891
0.09282083970283794,0.10844046322986062,0.002414300783519577,0.08107650738674504,0.011744332316092891,0.06450921439329411
0.10844046322986062,0.002414300783519577,0.08107650738674504,0.011744332316092891,0.06450921439329411,0.029456725914811285
0.002414300783519577,0.08107650738674504,0.011744332316092891,0.06450921439329411,0.029456725914811285,0.05755230514956818
0.08107650738674504,0.011744332316092891,0.06450921439329411,0.029456725914811285,0.05755230514956818,0.037139617660497413
0.011744332316092891,0.06450921439329411,0.029456725914811285,0.05755230514956818,0.037139617660497413,0.03034798648442833
0.06450921439329411,0.029456725914811285,0.05755230514956818,0.037139617660497413,0.03034798648442833,0.06559790610175038
0.029456725914811285,0.05755230514956818,0.037139617660497413,0.03034798648442833,0.06559790610175038,0.021937419969877643
0.05755230514956818,0.037139617660497413,0.03034798648442833,0.06559790610175038,0.021937419969877643,0.06256310745330755
0.037139617660497413,0.03034798648442833,0.06559790610175038,0.021937419969877643,0.06256310745330755,0.01453093181856642
0.03034798648442833,0.06559790610175038,0.021937419969877643,0.06256310745330755,0.01453093181856642,0.06972703734833059
0.06559790610175038,0.021937419969877643,0.06256310745330755,0.01453093181856642,0.06972703734833059,0.005736784805699548
0.021937419969877643,0.06256310745330755,0.01453093181856642,0.06972703734833059,0.005736784805699548,0.08018524681712799
0.06256310745330755,0.01453093181856642,0.06972703734833059,0.005736784805699548,0.08018524681712799,0.001985593167754424
0.01453093181856642,0.06972703734833059,0.005736784805699548,0.08018524681712799,0.001985593167754424,0.0785369788523046
0.06972703734833059,0.005736784805699548,0.08018524681712799,0.001985593167754424,0.0785369788523046,0.0046819384353300264
0.005736784805699548,0.08018524681712799,0.001985593167754424,0.0785369788523046,0.0046819384353300264,0.07134597268681217
0.08018524681712799,0.001985593167754424,0.0785369788523046,0.0046819384353300264,0.07134597268681217,0.012945841818171556
0.001985593167754424,0.0785369788523046,0.0046819384353300264,0.07134597268681217,0.012945841818171556,0.09333980155350101
0.0785369788523046,0.0046819384353300264,0.07134597268681217,0.012945841818171556,0.09333980155350101,0.012793537796781312
0.0046819384353300264,0.07134597268681217,0.012945841818171556,0.09333980155350101,0.012793537796781312,0.05397203246896101
0.07134597268681217,0.012945841818171556,0.09333980155350101,0.012793537796781312,0.05397203246896101,0.023979422034443268
0.012945841818171556,0.09333980155350101,0.012793537796781312,0.05397203246896101,0.023979422034443268,0.0777596642542462
0.09333980155350101,0.012793537796781312,0.05397203246896101,0.023979422034443268,0.0777596642542462,0.032000767160996625
0.012793537796781312,0.05397203246896101,0.023979422034443268,0.0777596642542462,0.032000767160996625,0.04614247759156575
0.05397203246896101,0.023979422034443268,0.0777596642542462,0.032000767160996625,0.04614247759156575,0.031504368869058025
0.023979422034443268,0.0777596642542462,0.032000767160996625,0.04614247759156575,0.031504368869058025,0.03855548097045866
0.0777596642542462,0.032000767160996625,0.04614247759156575,0.031504368869058025,0.03855548097045866,0.04025338876447593
0.032000767160996625,0.04614247759156575,0.031504368869058025,0.03855548097045866,0.04025338876447593,0.059838557737326326
0.04614247759156575,0.031504368869058025,0.03855548097045866,0.04025338876447593,0.059838557737326326,0.21312296575415876
0.031504368869058025,0.03855548097045866,0.04025338876447593,0.059838557737326326,0.21312296575415876,0.005815757261235243
0.03855548097045866,0.04025338876447593,0.059838557737326326,0.21312296575415876,0.005815757261235243,0.06008675688329562
0.04025338876447593,0.059838557737326326,0.21312296575415876,0.005815757261235243,0.06008675688329562,0.09379671361767176
0.059838557737326326,0.21312296575415876,0.005815757261235243,0.06008675688329562,0.09379671361767176,0.09319313842179187
0.21312296575415876,0.005815757261235243,0.06008675688329562,0.09379671361767176,0.09319313842179187,0.004941419360661559
0.005815757261235243,0.06008675688329562,0.09379671361767176,0.09319313842179187,0.004941419360661559,0.08494051681831258
0.06008675688329562,0.09379671361767176,0.09319313842179187,0.004941419360661559,0.08494051681831258,0.02303739345769615
0.09379671361767176,0.09319313842179187,0.004941419360661559,0.08494051681831258,0.02303739345769615,0.05931508317491834
0.09319313842179187,0.004941419360661559,0.08494051681831258,0.02303739345769615,0.05931508317491834,0.03703356893449234
0.004941419360661559,0.08494051681831258,0.02303739345769615,0.05931508317491834,0.03703356893449234,0.044777382288734575
0.08494051681831258,0.02303739345769615,0.05931508317491834,0.03703356893449234,0.044777382288734575,0.03761345239371154
0.02303739345769615,0.05931508317491834,0.03703356893449234,0.044777382288734575,0.03761345239371154,0.06877936788190234
0.05931508317491834,0.03703356893449234,0.044777382288734575,0.03761345239371154,0.06877936788190234,0.03464352397660159
0.03703356893449234,0.044777382288734575,0.03761345239371154,0.06877936788190234,0.03464352397660159,0.03116027459850968
0.044777382288734575,0.03761345239371154,0.06877936788190234,0.03464352397660159,0.03116027459850968,0.08525640664045532
0.03761345239371154,0.06877936788190234,0.03464352397660159,0.03116027459850968,0.08525640664045532,0.026297827693383805
0.06877936788190234,0.03464352397660159,0.03116027459850968,0.08525640664045532,0.026297827693383805,0.18366172712760256
0.03464352397660159,0.03116027459850968,0.08525640664045532,0.026297827693383805,0.18366172712760256,0.07000738956548225
0.03116027459850968,0.08525640664045532,0.026297827693383805,0.18366172712760256,0.07000738956548225,0.13785770291690405
0.08525640664045532,0.026297827693383805,0.18366172712760256,0.07000738956548225,0.13785770291690405,0.06708710097756619
0.026297827693383805,0.18366172712760256,0.07000738956548225,0.13785770291690405,0.06708710097756619,0.29259294775972067
0.18366172712760256,0.07000738956548225,0.13785770291690405,0.06708710097756619,0.29259294775972067,0.3349334657062112
0.07000738956548225,0.13785770291690405,0.06708710097756619,0.29259294775972067,0.3349334657062112,0.1859011603310074
0.13785770291690405,0.06708710097756619,0.29259294775972067,0.3349334657062112,0.1859011603310074,0.07920937290229416
0.06708710097756619,0.29259294775972067,0.3349334657062112,0.1859011603310074,0.07920937290229416,0.2275760532951257
0.29259294775972067,0.3349334657062112,0.1859011603310074,0.07920937290229416,0.2275760532951257,0.2598588649401784
0.3349334657062112,0.1859011603310074,0.07920937290229416,0.2275760532951257,0.2598588649401784,0.21252164691415132
0.1859011603310074,0.07920937290229416,0.2275760532951257,0.2598588649401784,0.21252164691415132,0.2630628902790548
0.07920937290229416,0.2275760532951257,0.2598588649401784,0.21252164691415132,0.2630628902790548,0.13348037252435455
0.2275760532951257,0.2598588649401784,0.21252164691415132,0.2630628902790548,0.13348037252435455,0.1990162288396126
0.2598588649401784,0.21252164691415132,0.2630628902790548,0.13348037252435455,0.1990162288396126,0.23538868550347763
0.21252164691415132,0.2630628902790548,0.13348037252435455,0.1990162288396126,0.23538868550347763,0.1326680844102732
0.2630628902790548,0.13348037252435455,0.1990162288396126,0.23538868550347763,0.1326680844102732,0.1088522481765824
0.13348037252435455,0.1990162288396126,0.23538868550347763,0.1326680844102732,0.1088522481765824,0.12578055810962507
0.1990162288396126,0.23538868550347763,0.1326680844102732,0.1088522481765824,0.12578055810962507,0.1207883707418334
0.23538868550347763,0.1326680844102732,0.1088522481765824,0.12578055810962507,0.1207883707418334,0.2599609650434066
0.1326680844102732,0.1088522481765824,0.12578055810962507,0.1207883707418334,0.2599609650434066,0.055963266526396535
0.1088522481765824,0.12578055810962507,0.1207883707418334,0.2599609650434066,0.055963266526396535,0.09490796888485252
0.12578055810962507,0.1207883707418334,0.2599609650434066,0.055963266526396535,0.09490796888485252,0.18626781816028024
0.1207883707418334,0.2599609650434066,0.055963266526396535,0.09490796888485252,0.18626781816028024,0.1015207838580301
0.2599609650434066,0.055963266526396535,0.09490796888485252,0.18626781816028024,0.1015207838580301,0.050191508204674044
0.055963266526396535,0.09490796888485252,0.18626781816028024,0.1015207838580301,0.050191508204674044,0.23879014198119328
0.09490796888485252,0.18626781816028024,0.1015207838580301,0.050191508204674044,0.23879014198119328,0.02729062427726101
0.18626781816028024,0.1015207838580301,0.050191508204674044,0.23879014198119328,0.02729062427726101,0.0980104582094688
0.1015207838580301,0.050191508204674044,0.23879014198119328,0.02729062427726101,0.0980104582094688,0.035887340151288666
0.050191508204674044,0.23879014198119328,0.02729062427726101,0.0980104582094688,0.035887340151288666,0.06601533193815327
0.23879014198119328,0.02729062427726101,0.0980104582094688,0.035887340151288666,0.06601533193815327,0.04081183684290686
0.02729062427726101,0.0980104582094688,0.035887340151288666,0.06601533193815327,0.04081183684290686,0.06482510421543687
0.0980104582094688,0.035887340151288666,0.06601533193815327,0.04081183684290686,0.06482510421543687,0.044907122751400345
0.035887340151288666,0.06601533193815327,0.04081183684290686,0.06482510421543687,0.044907122751400345,0.05686016798569471
0.06601533193815327,0.04081183684290686,0.06482510421543687,0.044907122751400345,0.05686016798569471,0.0455558250647292
0.04081183684290686,0.06482510421543687,0.044907122751400345,0.05686016798569471,0.0455558250647292,0.045008658765660514
0.06482510421543687,0.044907122751400345,0.05686016798569471,0.0455558250647292,0.045008658765660514,0.04329382830259989
0.044907122751400345,0.05686016798569471,0.0455558250647292,0.045008658765660514,0.04329382830259989,0.04516660367673189
0.05686016798569471,0.0455558250647292,0.045008658765660514,0.04329382830259989,0.04516660367673189,0.042306672608403796
0.0455558250647292,0.045008658765660514,0.04329382830259989,0.04516660367673189,0.042306672608403796,0.04374509947708953
0.045008658765660514,0.04329382830259989,0.04516660367673189,0.042306672608403796,0.04374509947708953,0.05106697428318394
0.04329382830259989,0.04516660367673189,0.042306672608403796,0.04374509947708953,0.05106697428318394,0.032192557410154726
0.04516660367673189,0.042306672608403796,0.04374509947708953,0.05106697428318394,0.032192557410154726,0.04749629111503466
0.042306672608403796,0.04374509947708953,0.05106697428318394,0.032192557410154726,0.04749629111503466,0.03299356374487385
0.04374509947708953,0.05106697428318394,0.032192557410154726,0.04749629111503466,0.03299356374487385,0.04803781652442223
0.05106697428318394,0.032192557410154726,0.04749629111503466,0.03299356374487385,0.04803781652442223,0.06179594645667515
0.032192557410154726,0.04749629111503466,0.03299356374487385,0.04803781652442223,0.06179594645667515,0.055252514426575354
0.04749629111503466,0.03299356374487385,0.04803781652442223,0.06179594645667515,0.055252514426575354,0.05528635976466208
0.03299356374487385,0.04803781652442223,0.06179594645667515,0.055252514426575354,0.05528635976466208,0.05698990844836046
0.04803781652442223,0.06179594645667515,0.055252514426575354,0.05528635976466208,0.05698990844836046,0.025321953778549944
0.06179594645667515,0.055252514426575354,0.05528635976466208,0.05698990844836046,0.025321953778549944,0.055703785601065
0.055252514426575354,0.05528635976466208,0.05698990844836046,0.025321953778549944,0.055703785601065,0.018208791890656995
0.05528635976466208,0.05698990844836046,0.025321953778549944,0.055703785601065,0.018208791890656995,0.05682632264760799
0.05698990844836046,0.025321953778549944,0.055703785601065,0.018208791890656995,0.05682632264760799,0.017142663740925213
0.025321953778549944,0.055703785601065,0.018208791890656995,0.05682632264760799,0.017142663740925213,0.09007936731781337
0.055703785601065,0.018208791890656995,0.05682632264760799,0.017142663740925213,0.09007936731781337,0.24762377522182796
0.018208791890656995,0.05682632264760799,0.017142663740925213,0.09007936731781337,0.24762377522182796,0.009414644877790123
0.05682632264760799,0.017142663740925213,0.09007936731781337,0.24762377522182796,0.009414644877790123,0.06189184158125418
0.017142663740925213,0.09007936731781337,0.24762377522182796,0.009414644877790123,0.06189184158125418,0.09310852507657508
0.09007936731781337,0.24762377522182796,0.009414644877790123,0.06189184158125418,0.09310852507657508,0.05825910862661257
0.24762377522182796,0.009414644877790123,0.06189184158125418,0.09310852507657508,0.05825910862661257,0.024605560789047652
0.009414644877790123,0.06189184158125418,0.09310852507657508,0.05825910862661257,0.024605560789047652,0.0743525668868494
0.06189184158125418,0.09310852507657508,0.05825910862661257,0.024605560789047652,0.0743525668868494,0.007699814414729495
0.09310852507657508,0.05825910862661257,0.024605560789047652,0.0743525668868494,0.007699814414729495,0.11166705212746153
0.05825910862661257,0.024605560789047652,0.0743525668868494,0.007699814414729495,0.11166705212746153,0.007818273098033013
0.024605560789047652,0.0743525668868494,0.007699814414729495,0.11166705212746153,0.007818273098033013,0.07739300642497333
0.0743525668868494,0.007699814414729495,0.11166705212746153,0.007818273098033013,0.07739300642497333,0.005764989254105157
0.007699814414729495,0.11166705212746153,0.007818273098033013,0.07739300642497333,0.005764989254105157,0.10281649621778347
0.11166705212746153,0.007818273098033013,0.07739300642497333,0.005764989254105157,0.10281649621778347,0.008060831354321198
0.007818273098033013,0.07739300642497333,0.005764989254105157,0.10281649621778347,0.008060831354321198,0.10381493369134182
0.07739300642497333,0.005764989254105157,0.10281649621778347,0.008060831354321198,0.10381493369134182,0.006424973346796249
0.005764989254105157,0.10281649621778347,0.008060831354321198,0.10381493369134182,0.006424973346796249,0.1384443554437406
0.10281649621778347,0.008060831354321198,0.10381493369134182,0.006424973346796249,0.1384443554437406,0.01800571986213665
0.008060831354321198,0.10381493369134182,0.006424973346796249,0.1384443554437406,0.01800571986213665,0.096476136216204
0.10381493369134182,0.006424973346796249,0.1384443554437406,0.01800571986213665,0.096476136216204,0.04207539613147786
0.006424973346796249,0.1384443554437406,0.01800571986213665,0.096476136216204,0.04207539613147786,0.053678706205542735
0.1384443554437406,0.01800571986213665,0.096476136216204,0.04207539613147786,0.053678706205542735,0.01938773783401118
0.01800571986213665,0.096476136216204,0.04207539613147786,0.053678706205542735,0.01938773783401118,0.11270497582878772
0.096476136216204,0.04207539613147786,0.053678706205542735,0.01938773783401118,0.11270497582878772,0.15826644178319804
0.04207539613147786,0.053678706205542735,0.01938773783401118,0.11270497582878772,0.15826644178319804,0.1080004738347332
0.053678706205542735,0.01938773783401118,0.11270497582878772,0.15826644178319804,0.1080004738347332,0.048483446809230744
0.01938773783401118,0.11270497582878772,0.15826644178319804,0.1080004738347332,0.048483446809230744,0.18865955538507534
0.11270497582878772,0.15826644178319804,0.1080004738347332,0.048483446809230744,0.18865955538507534,0.08528461108886093
0.15826644178319804,0.1080004738347332,0.048483446809230744,0.18865955538507534,0.08528461108886093,0.10427184575551257
0.1080004738347332,0.048483446809230744,0.18865955538507534,0.08528461108886093,0.10427184575551257,0.05675299108175342
0.048483446809230744,0.18865955538507534,0.08528461108886093,0.10427184575551257,0.05675299108175342,0.09887351433068022
0.18865955538507534,0.08528461108886093,0.10427184575551257,0.05675299108175342,0.09887351433068022,0.02840752043412286
0.08528461108886093,0.10427184575551257,0.05675299108175342,0.09887351433068022,0.02840752043412286,0.03703244075655613
0.10427184575551257,0.05675299108175342,0.09887351433068022,0.02840752043412286,0.03703244075655613,0.06437947393062833
0.05675299108175342,0.09887351433068022,0.02840752043412286,0.03703244075655613,0.06437947393062833,0.03634425221545943
0.09887351433068022,0.02840752043412286,0.03703244075655613,0.06437947393062833,0.03634425221545943,0.07853246614055967
0.02840752043412286,0.03703244075655613,0.06437947393062833,0.03634425221545943,0.07853246614055967,0.1925884350479758
0.03703244075655613,0.06437947393062833,0.03634425221545943,0.07853246614055967,0.1925884350479758,0.0052516682931231925
0.06437947393062833,0.03634425221545943,0.07853246614055967,0.1925884350479758,0.0052516682931231925,0.0589755016161149
0.03634425221545943,0.07853246614055967,0.1925884350479758,0.0052516682931231925,0.0589755016161149,0.09256699966718752
0.07853246614055967,0.1925884350479758,0.0052516682931231925,0.0589755016161149,0.09256699966718752,0.05638069236279945
0.1925884350479758,0.0052516682931231925,0.0589755016161149,0.09256699966718752,0.05638069236279945,0.0135324943450081
0.0052516682931231925,0.0589755016161149,0.09256699966718752,0.05638069236279945,0.0135324943450081,0.09997912870817986
0.0589755016161149,0.09256699966718752,0.05638069236279945,0.0135324943450081,0.09997912870817986,0.522945446955894
0.09256699966718752,0.05638069236279945,0.0135324943450081,0.09997912870817986,0.522945446955894,0.07634380094428492
0.05638069236279945,0.0135324943450081,0.09997912870817986,0.522945446955894,0.07634380094428492,0.03750627548977025
0.0135324943450081,0.09997912870817986,0.522945446955894,0.07634380094428492,0.03750627548977025,0.06942694201729495
0.09997912870817986,0.522945446955894,0.07634380094428492,0.03750627548977025,0.06942694201729495,0.0028994172960959325
0.522945446955894,0.07634380094428492,0.03750627548977025,0.06942694201729495,0.0028994172960959325,0.1071204950444784
0.07634380094428492,0.03750627548977025,0.06942694201729495,0.0028994172960959325,0.1071204950444784,0.04639067673753505
0.03750627548977025,0.06942694201729495,0.0028994172960959325,0.1071204950444784,0.04639067673753505,0.3726540950038641
0.06942694201729495,0.0028994172960959325,0.1071204950444784,0.04639067673753505,0.3726540950038641,0.43217112202936653
0.0028994172960959325,0.1071204950444784,0.04639067673753505,0.3726540950038641,0.43217112202936653,0.28704795320317916
0.1071204950444784,0.04639067673753505,0.3726540950038641,0.43217112202936653,0.28704795320317916,0.18390879809563565
0.04639067673753505,0.3726540950038641,0.43217112202936653,0.28704795320317916,0.18390879809563565,0.24049369066489165
0.3726540950038641,0.43217112202936653,0.28704795320317916,0.18390879809563565,0.24049369066489165,0.07797401806212877
0.43217112202936653,0.28704795320317916,0.18390879809563565,0.24049369066489165,0.07797401806212877,0.3255244617181021
0.28704795320317916,0.18390879809563565,0.24049369066489165,0.07797401806212877,0.3255244617181021,0.30969612527287804
0.18390879809563565,0.24049369066489165,0.07797401806212877,0.3255244617181021,0.30969612527287804,0.09051935671294074
0.24049369066489165,0.07797401806212877,0.3255244617181021,0.30969612527287804,0.09051935671294074,0.16584610524771967
0.07797401806212877,0.3255244617181021,0.30969612527287804,0.09051935671294074,0.16584610524771967,0.37455620300433784
0.3255244617181021,0.30969612527287804,0.09051935671294074,0.16584610524771967,0.37455620300433784,0.10797508983116819
0.30969612527287804,0.09051935671294074,0.16584610524771967,0.37455620300433784,0.10797508983116819,0.07506275489770248
0.09051935671294074,0.16584610524771967,0.37455620300433784,0.10797508983116819,0.07506275489770248,0.08564506393948454
0.16584610524771967,0.37455620300433784,0.10797508983116819,0.07506275489770248,0.08564506393948454,0.0669799240736249
0.37455620300433784,0.10797508983116819,0.07506275489770248,0.08564506393948454,0.0669799240736249,0.17785725164572957
0.10797508983116819,0.07506275489770248,0.08564506393948454,0.0669799240736249,0.17785725164572957,0.07830118966363375
0.07506275489770248,0.08564506393948454,0.0669799240736249,0.17785725164572957,0.07830118966363375,0.10805688273154442
0.08564506393948454,0.0669799240736249,0.17785725164572957,0.07830118966363375,0.10805688273154442,0.07540741325721893
0.0669799240736249,0.17785725164572957,0.07830118966363375,0.10805688273154442,0.07540741325721893,0.11405314846257551
0.17785725164572957,0.07830118966363375,0.10805688273154442,0.07540741325721893,0.11405314846257551,0.0394749459884813
0.07830118966363375,0.10805688273154442,0.07540741325721893,0.11405314846257551,0.0394749459884813,0.16795184936568197
0.10805688273154442,0.07540741325721893,0.11405314846257551,0.0394749459884813,0.16795184936568197,0.29229962149630245
0.07540741325721893,0.11405314846257551,0.0394749459884813,0.16795184936568197,0.29229962149630245,0.09652126333365299
0.11405314846257551,0.0394749459884813,0.16795184936568197,0.29229962149630245,0.09652126333365299,0.15639930729874715
0.0394749459884813,0.16795184936568197,0.29229962149630245,0.09652126333365299,0.15639930729874715,0.13138196156297774
0.16795184936568197,0.29229962149630245,0.09652126333365299,0.15639930729874715,0.13138196156297774,0.1865893488721041
0.29229962149630245,0.09652126333365299,0.15639930729874715,0.13138196156297774,0.1865893488721041,0.03879239833706573
0.09652126333365299,0.15639930729874715,0.13138196156297774,0.1865893488721041,0.03879239833706573,0.11828945661309702
0.15639930729874715,0.13138196156297774,0.1865893488721041,0.03879239833706573,0.11828945661309702,0.05503816061869278
0.13138196156297774,0.1865893488721041,0.03879239833706573,0.11828945661309702,0.05503816061869278,0.09012449443526233
0.1865893488721041,0.03879239833706573,0.11828945661309702,0.05503816061869278,0.09012449443526233,0.07907286337201103
0.03879239833706573,0.11828945661309702,0.05503816061869278,0.09012449443526233,0.07907286337201103,0.10807380540058777
0.11828945661309702,0.05503816061869278,0.09012449443526233,0.07907286337201103,0.10807380540058777,0.10719946750001412
0.05503816061869278,0.09012449443526233,0.07907286337201103,0.10807380540058777,0.10719946750001412,0.09207060137524889
0.09012449443526233,0.07907286337201103,0.10807380540058777,0.10719946750001412,0.09207060137524889,0.08957168724651253
0.07907286337201103,0.10807380540058777,0.10719946750001412,0.09207060137524889,0.08957168724651253,0.05542738200669009
0.10807380540058777,0.10719946750001412,0.09207060137524889,0.08957168724651253,0.05542738200669009,0.09575974322670171
0.10719946750001412,0.09207060137524889,0.08957168724651253,0.05542738200669009,0.09575974322670171,0.11285163896049685
0.09207060137524889,0.08957168724651253,0.05542738200669009,0.09575974322670171,0.11285163896049685,0.11494440903219255
0.08957168724651253,0.05542738200669009,0.09575974322670171,0.11285163896049685,0.11494440903219255,0.11077015066816338
0.05542738200669009,0.09575974322670171,0.11285163896049685,0.11494440903219255,0.11077015066816338,0.18858622381922077
0.09575974322670171,0.11285163896049685,0.11494440903219255,0.11077015066816338,0.18858622381922077,0.04077799150482014
0.11285163896049685,0.11494440903219255,0.11077015066816338,0.18858622381922077,0.04077799150482014,0.1102793932659059
0.11494440903219255,0.11077015066816338,0.18858622381922077,0.04077799150482014,0.1102793932659059,0.0441794479825358
0.11077015066816338,0.18858622381922077,0.04077799150482014,0.1102793932659059,0.0441794479825358,0.12074380771335254
0.18858622381922077,0.04077799150482014,0.1102793932659059,0.0441794479825358,0.12074380771335254,0.35715969922776225
0.04077799150482014,0.1102793932659059,0.0441794479825358,0.12074380771335254,0.35715969922776225,0.33514781951409384
0.1102793932659059,0.0441794479825358,0.12074380771335254,0.35715969922776225,0.33514781951409384,0.1062630798129481
0.0441794479825358,0.12074380771335254,0.35715969922776225,0.33514781951409384,0.1062630798129481,0.21779869921083955
0.12074380771335254,0.35715969922776225,0.33514781951409384,0.1062630798129481,0.21779869921083955,0.5850894363058942
0.35715969922776225,0.33514781951409384,0.1062630798129481,0.21779869921083955,0.5850894363058942,0.19595209756482793
0.33514781951409384,0.1062630798129481,0.21779869921083955,0.5850894363058942,0.19595209756482793,0.13392036191948195
0.1062630798129481,0.21779869921083955,0.5850894363058942,0.19595209756482793,0.13392036191948195,0.2253535427607642
0.21779869921083955,0.5850894363058942,0.19595209756482793,0.13392036191948195,0.2253535427607642,0.1956373359206214
0.5850894363058942,0.19595209756482793,0.13392036191948195,0.2253535427607642,0.1956373359206214,0.09802738087851215
0.19595209756482793,0.13392036191948195,0.2253535427607642,0.1956373359206214,0.09802738087851215,0.116930002199947
0.13392036191948195,0.2253535427607642,0.1956373359206214,0.09802738087851215,0.116930002199947,0.11886482736057129
0.2253535427607642,0.1956373359206214,0.09802738087851215,0.116930002199947,0.11886482736057129,0.2578845535517862
0.1956373359206214,0.09802738087851215,0.116930002199947,0.11886482736057129,0.2578845535517862,0.051450554781500145
0.09802738087851215,0.116930002199947,0.11886482736057129,0.2578845535517862,0.051450554781500145,0.13456342334312968
0.116930002199947,0.11886482736057129,0.2578845535517862,0.051450554781500145,0.13456342334312968,0.13342960451722446
0.11886482736057129,0.2578845535517862,0.051450554781500145,0.13456342334312968,0.13342960451722446,0.16817071588530944
0.2578845535517862,0.051450554781500145,0.13456342334312968,0.13342960451722446,0.16817071588530944,0.1294995966763878
0.051450554781500145,0.13456342334312968,0.13342960451722446,0.16817071588530944,0.1294995966763878,0.3058208340619483
0.13456342334312968,0.13342960451722446,0.16817071588530944,0.1294995966763878,0.3058208340619483,0.22007367001923547
0.13342960451722446,0.16817071588530944,0.1294995966763878,0.3058208340619483,0.22007367001923547,0.09607563304884446
0.16817071588530944,0.1294995966763878,0.3058208340619483,0.22007367001923547,0.09607563304884446,0.04310203805344179
0.1294995966763878,0.3058208340619483,0.22007367001923547,0.09607563304884446,0.04310203805344179,0.06146877485517014
0.3058208340619483,0.22007367001923547,0.09607563304884446,0.04310203805344179,0.06146877485517014,0.017278045093272108
0.22007367001923547,0.09607563304884446,0.04310203805344179,0.06146877485517014,0.017278045093272108,0.10032886386840933
0.09607563304884446,0.04310203805344179,0.06146877485517014,0.017278045093272108,0.10032886386840933,0.02726806071853653
0.04310203805344179,0.06146877485517014,0.017278045093272108,0.10032886386840933,0.02726806071853653,0.05142799122277565
0.06146877485517014,0.017278045093272108,0.10032886386840933,0.02726806071853653,0.05142799122277565,0.05928010965889539
0.017278045093272108,0.10032886386840933,0.02726806071853653,0.05142799122277565,0.05928010965889539,0.019867213456906424
0.10032886386840933,0.02726806071853653,0.05142799122277565,0.05928010965889539,0.019867213456906424,0.06861014119146872
0.02726806071853653,0.05142799122277565,0.05928010965889539,0.019867213456906424,0.06861014119146872,0.027820867907286332
0.05142799122277565,0.05928010965889539,0.019867213456906424,0.06861014119146872,0.027820867907286332,0.04284255712811024
0.05928010965889539,0.019867213456906424,0.06861014119146872,0.027820867907286332,0.04284255712811024,0.0501757137135669
0.019867213456906424,0.06861014119146872,0.027820867907286332,0.04284255712811024,0.0501757137135669,0.015540651071487001
0.06861014119146872,0.027820867907286332,0.04284255712811024,0.0501757137135669,0.015540651071487001,0.0674481179171579
0.027820867907286332,0.04284255712811024,0.0501757137135669,0.015540651071487001,0.0674481179171579,0.025254263102376513
0.04284255712811024,0.0501757137135669,0.015540651071487001,0.0674481179171579,0.025254263102376513,0.04283127534874801
0.0501757137135669,0.015540651071487001,0.0674481179171579,0.025254263102376513,0.04283127534874801,0.052042848198017785
0.015540651071487001,0.0674481179171579,0.025254263102376513,0.04283127534874801,0.052042848198017785,0.056262233679495934
0.0674481179171579,0.025254263102376513,0.04283127534874801,0.052042848198017785,0.056262233679495934,0.05713093069038847
0.025254263102376513,0.04283127534874801,0.052042848198017785,0.056262233679495934,0.05713093069038847,0.02688448022022033
0.04283127534874801,0.052042848198017785,0.056262233679495934,0.05713093069038847,0.02688448022022033,0.04146618004591684
0.052042848198017785,0.056262233679495934,0.05713093069038847,0.02688448022022033,0.04146618004591684,0.10791586048951642
0.056262233679495934,0.05713093069038847,0.02688448022022033,0.04146618004591684,0.10791586048951642,0.016358580075249467
0.05713093069038847,0.02688448022022033,0.04146618004591684,0.10791586048951642,0.016358580075249467,0.06022213823564252
0.02688448022022033,0.04146618004591684,0.10791586048951642,0.016358580075249467,0.06022213823564252,0.01818622833193252
0.04146618004591684,0.10791586048951642,0.016358580075249467,0.06022213823564252,0.01818622833193252,0.048782413962330136
0.10791586048951642,0.016358580075249467,0.06022213823564252,0.01818622833193252,0.048782413962330136,0.10038527276522052
0.016358580075249467,0.06022213823564252,0.01818622833193252,0.048782413962330136,0.10038527276522052,0.22058135009053628
0.06022213823564252,0.01818622833193252,0.048782413962330136,0.10038527276522052,0.22058135009053628,0.00785775932580087
0.01818622833193252,0.048782413962330136,0.10038527276522052,0.22058135009053628,0.00785775932580087,0.062055427382006687
0.048782413962330136,0.10038527276522052,0.22058135009053628,0.00785775932580087,0.062055427382006687,0.0943833661445083
0.10038527276522052,0.22058135009053628,0.00785775932580087,0.062055427382006687,0.0943833661445083,0.02514708619843521
0.22058135009053628,0.00785775932580087,0.062055427382006687,0.0943833661445083,0.02514708619843521,0.07994832945052095
0.00785775932580087,0.062055427382006687,0.0943833661445083,0.02514708619843521,0.07994832945052095,0.04265640776863327
0.062055427382006687,0.0943833661445083,0.02514708619843521,0.07994832945052095,0.04265640776863327,0.06067340941013217
0.0943833661445083,0.02514708619843521,0.07994832945052095,0.04265640776863327,0.06067340941013217,0.033112022428177366
0.02514708619843521,0.07994832945052095,0.04265640776863327,0.06067340941013217,0.033112022428177366,0.031927435595142065
0.07994832945052095,0.04265640776863327,0.06067340941013217,0.033112022428177366,0.031927435595142065,0.053310356109365575
0.04265640776863327,0.06067340941013217,0.033112022428177366,0.031927435595142065,0.053310356109365575,0.04426970221743373
0.06067340941013217,0.033112022428177366,0.031927435595142065,0.053310356109365575,0.04426970221743373,0.05652171460482747
0.033112022428177366,0.031927435595142065,0.053310356109365575,0.04426970221743373,0.05652171460482747,0.024391206981165075
0.031927435595142065,0.053310356109365575,0.04426970221743373,0.05652171460482747,0.024391206981165075,0.03956520022337923
0.053310356109365575,0.04426970221743373,0.05652171460482747,0.024391206981165075,0.03956520022337923,0.04943675716534011
0.04426970221743373,0.05652171460482747,0.024391206981165075,0.03956520022337923,0.04943675716534011,0.016042690253106718
0.05652171460482747,0.024391206981165075,0.03956520022337923,0.04943675716534011,0.016042690253106718,0.05461509389260874
0.024391206981165075,0.03956520022337923,0.04943675716534011,0.016042690253106718,0.05461509389260874,0.09273058546794
0.03956520022337923,0.04943675716534011,0.016042690253106718,0.05461509389260874,0.09273058546794,0.15427946095658207
0.04943675716534011,0.016042690253106718,0.05461509389260874,0.09273058546794,0.15427946095658207,0.03911956993857071
0.016042690253106718,0.05461509389260874,0.09273058546794,0.15427946095658207,0.03911956993857071,0.01991798146403651
0.05461509389260874,0.09273058546794,0.15427946095658207,0.03911956993857071,0.01991798146403651,0.112202936647168
0.09273058546794,0.15427946095658207,0.03911956993857071,0.01991798146403651,0.112202936647168,0.04780654004749629
0.15427946095658207,0.03911956993857071,0.01991798146403651,0.112202936647168,0.04780654004749629,0.06630301731189045
0.03911956993857071,0.01991798146403651,0.112202936647168,0.04780654004749629,0.06630301731189045,0.12117759212983072
0.01991798146403651,0.112202936647168,0.04780654004749629,0.06630301731189045,0.12117759212983072,0.14385396864793515
0.112202936647168,0.04780654004749629,0.06630301731189045,0.12117759212983072,0.14385396864793515,0.14584520270537069
0.04780654004749629,0.06630301731189045,0.12117759212983072,0.14385396864793515,0.14584520270537069,0.07194390699301095
0.06630301731189045,0.12117759212983072,0.14385396864793515,0.14584520270537069,0.07194390699301095,0.5010576668152101
0.12117759212983072,0.14385396864793515,0.14584520270537069,0.07194390699301095,0.5010576668152101,0.3316843132498858
0.14385396864793515,0.14584520270537069,0.07194390699301095,0.5010576668152101,0.3316843132498858,0.18893031808976912
0.14584520270537069,0.07194390699301095,0.5010576668152101,0.3316843132498858,0.18893031808976912,0.12151604551069796
0.07194390699301095,0.5010576668152101,0.3316843132498858,0.18893031808976912,0.12151604551069796,0.05651043282546524
0.5010576668152101,0.3316843132498858,0.18893031808976912,0.12151604551069796,0.05651043282546524,0.08610818098230452
0.3316843132498858,0.18893031808976912,0.12151604551069796,0.05651043282546524,0.08610818098230452,0.14800002256355874
0.18893031808976912,0.12151604551069796,0.05651043282546524,0.08610818098230452,0.14800002256355874,0.23066161995069864
0.12151604551069796,0.05651043282546524,0.08610818098230452,0.14800002256355874,0.23066161995069864,0.03262690591560101
0.05651043282546524,0.08610818098230452,0.14800002256355874,0.23066161995069864,0.03262690591560101,0.1445816434167997
0.08610818098230452,0.14800002256355874,0.23066161995069864,0.03262690591560101,0.1445816434167997,0.09257828144654975
0.14800002256355874,0.23066161995069864,0.03262690591560101,0.1445816434167997,0.09257828144654975,0.09191265646417753
0.23066161995069864,0.03262690591560101,0.1445816434167997,0.09257828144654975,0.09191265646417753,0.013036096053069482
0.03262690591560101,0.1445816434167997,0.09257828144654975,0.09191265646417753,0.013036096053069482,0.08325953169333869
0.1445816434167997,0.09257828144654975,0.09191265646417753,0.013036096053069482,0.08325953169333869,0.033348939794784434
0.09257828144654975,0.09191265646417753,0.013036096053069482,0.08325953169333869,0.033348939794784434,0.15840746402522607
0.09191265646417753,0.013036096053069482,0.08325953169333869,0.033348939794784434,0.15840746402522607,0.045916842004320925
0.013036096053069482,0.08325953169333869,0.033348939794784434,0.15840746402522607,0.045916842004320925,0.0747135838264411
0.08325953169333869,0.033348939794784434,0.15840746402522607,0.045916842004320925,0.0747135838264411,0.06163800154560376
0.033348939794784434,0.15840746402522607,0.045916842004320925,0.0747135838264411,0.06163800154560376,0.04807730275219007
0.15840746402522607,0.045916842004320925,0.0747135838264411,0.06163800154560376,0.04807730275219007,0.21397586827394416
0.045916842004320925,0.0747135838264411,0.06163800154560376,0.04807730275219007,0.21397586827394416,0.16268889929319655
0.0747135838264411,0.06163800154560376,0.04807730275219007,0.21397586827394416,0.16268889929319655,0.10053532043073833
0.06163800154560376,0.04807730275219007,0.21397586827394416,0.16268889929319655,0.10053532043073833,0.13821759167855954
0.04807730275219007,0.21397586827394416,0.16268889929319655,0.10053532043073833,0.13821759167855954,0.0673409410132166
0.21397586827394416,0.16268889929319655,0.10053532043073833,0.13821759167855954,0.0673409410132166,0.08296620542992039
0.16268889929319655,0.10053532043073833,0.13821759167855954,0.0673409410132166,0.08296620542992039,0.02139025367080895
0.10053532043073833,0.13821759167855954,0.0673409410132166,0.08296620542992039,0.02139025367080895,0.06779785307738737
0.13821759167855954,0.0673409410132166,0.08296620542992039,0.02139025367080895,0.06779785307738737,0.11298137942316264
0.0673409410132166,0.08296620542992039,0.02139025367080895,0.06779785307738737,0.11298137942316264,0.5675299108175342
0.08296620542992039,0.02139025367080895,0.06779785307738737,0.11298137942316264,0.5675299108175342,0.22204234051794652
0.02139025367080895,0.06779785307738737,0.11298137942316264,0.5675299108175342,0.22204234051794652,0.06377138602300356
0.06779785307738737,0.11298137942316264,0.5675299108175342,0.22204234051794652,0.06377138602300356,0.12393598718389863
0.11298137942316264,0.5675299108175342,0.22204234051794652,0.06377138602300356,0.12393598718389863,0.3523446357959577
0.5675299108175342,0.22204234051794652,0.06377138602300356,0.12393598718389863,0.3523446357959577,0.2599604009544385
0.22204234051794652,0.06377138602300356,0.12393598718389863,0.3523446357959577,0.2599604009544385,0.05401151869672885
0.06377138602300356,0.12393598718389863,0.3523446357959577,0.2599604009544385,0.05401151869672885,0.19466146200578754
0.12393598718389863,0.3523446357959577,0.2599604009544385,0.05401151869672885,0.19466146200578754,0.06273797503342225
0.3523446357959577,0.2599604009544385,0.05401151869672885,0.19466146200578754,0.06273797503342225,0.08328209525206315
0.2599604009544385,0.05401151869672885,0.19466146200578754,0.06273797503342225,0.08328209525206315,0.11740947782284221
0.05401151869672885,0.19466146200578754,0.06273797503342225,0.08328209525206315,0.11740947782284221,0.13907049419834497
0.19466146200578754,0.06273797503342225,0.08328209525206315,0.11740947782284221,0.13907049419834497,0.06308771019365172
0.06273797503342225,0.08328209525206315,0.11740947782284221,0.13907049419834497,0.06308771019365172,0.047174760403210794
0.08328209525206315,0.11740947782284221,0.13907049419834497,0.06308771019365172,0.047174760403210794,0.31848463139606376
0.11740947782284221,0.13907049419834497,0.06308771019365172,0.047174760403210794,0.31848463139606376,0.08441817043384083
0.13907049419834497,0.06308771019365172,0.047174760403210794,0.31848463139606376,0.08441817043384083,0.17162970943777253
0.06308771019365172,0.047174760403210794,0.31848463139606376,0.08441817043384083,0.17162970943777253,0.21001596371779757
0.047174760403210794,0.31848463139606376,0.08441817043384083,0.17162970943777253,0.21001596371779757,0.11955865679134912
0.31848463139606376,0.08441817043384083,0.17162970943777253,0.21001596371779757,0.11955865679134912,0.10058270390405975
0.08441817043384083,0.17162970943777253,0.21001596371779757,0.11955865679134912,0.10058270390405975,0.1356633968309482
0.17162970943777253,0.21001596371779757,0.11955865679134912,0.10058270390405975,0.1356633968309482,0.1288999701032847
0.21001596371779757,0.11955865679134912,0.10058270390405975,0.1356633968309482,0.1288999701032847,0.028661360469773293
0.11955865679134912,0.10058270390405975,0.1356633968309482,0.1288999701032847,0.028661360469773293,0.06396204809422541
0.10058270390405975,0.1356633968309482,0.1288999701032847,0.028661360469773293,0.06396204809422541,0.04742295954918009
0.1356633968309482,0.1288999701032847,0.028661360469773293,0.06396204809422541,0.04742295954918009,0.0728408084523091
0.1288999701032847,0.028661360469773293,0.06396204809422541,0.04742295954918009,0.0728408084523091,0.09651562244397188
0.028661360469773293,0.06396204809422541,0.04742295954918009,0.0728408084523091,0.09651562244397188,0.08287595119502249
0.06396204809422541,0.04742295954918009,0.0728408084523091,0.09651562244397188,0.08287595119502249,0.10424364130710696
0.04742295954918009,0.0728408084523091,0.09651562244397188,0.08287595119502249,0.10424364130710696,0.263023404051287
0.0728408084523091,0.09651562244397188,0.08287595119502249,0.10424364130710696,0.263023404051287,0.4857088059928812
0.09651562244397188,0.08287595119502249,0.10424364130710696,0.263023404051287,0.4857088059928812,0.10456686428583516
0.08287595119502249,0.10424364130710696,0.263023404051287,0.4857088059928812,0.10456686428583516,0.1608161239190645
0.10424364130710696,0.263023404051287,0.4857088059928812,0.10456686428583516,0.1608161239190645,0.08918641448129197
0.263023404051287,0.4857088059928812,0.10456686428583516,0.1608161239190645,0.08918641448129197,0.17063691285389532
0.4857088059928812,0.10456686428583516,0.1608161239190645,0.08918641448129197,0.17063691285389532,0.15920282947026407
0.10456686428583516,0.1608161239190645,0.08918641448129197,0.17063691285389532,0.15920282947026407,0.12301088127619488
0.1608161239190645,0.08918641448129197,0.17063691285389532,0.15920282947026407,0.12301088127619488,0.47757407898373727
0.08918641448129197,0.17063691285389532,0.15920282947026407,0.12301088127619488,0.47757407898373727,0.08739994471928113
0.17063691285389532,0.15920282947026407,0.12301088127619488,0.47757407898373727,0.08739994471928113,0.3150888158080292
0.15920282947026407,0.12301088127619488,0.47757407898373727,0.08739994471928113,0.3150888158080292,0.10904967931542163
0.12301088127619488,0.47757407898373727,0.08739994471928113,0.3150888158080292,0.10904967931542163,0.14169914878974713
0.47757407898373727,0.08739994471928113,0.3150888158080292,0.10904967931542163,0.14169914878974713,0.13374549433936722
0.08739994471928113,0.3150888158080292,0.10904967931542163,0.14169914878974713,0.13374549433936722,0.1462851921004981
0.3150888158080292,0.10904967931542163,0.14169914878974713,0.13374549433936722,0.1462851921004981,0.18469118949440708
0.10904967931542163,0.14169914878974713,0.13374549433936722,0.1462851921004981,0.18469118949440708,0.06389435741805197
0.14169914878974713,0.13374549433936722,0.1462851921004981,0.18469118949440708,0.06389435741805197,0.1931102173434794
0.13374549433936722,0.1462851921004981,0.18469118949440708,0.06389435741805197,0.1931102173434794,0.09030161837124952
0.1462851921004981,0.18469118949440708,0.06389435741805197,0.1931102173434794,0.09030161837124952,0.21605171567659653
0.18469118949440708,0.06389435741805197,0.1931102173434794,0.09030161837124952,0.21605171567659653,0.12724718942671637
0.06389435741805197,0.1931102173434794,0.09030161837124952,0.21605171567659653,0.12724718942671637,0.38328153116309505
0.1931102173434794,0.09030161837124952,0.21605171567659653,0.12724718942671637,0.38328153116309505,0.0717408349644906
0.09030161837124952,0.21605171567659653,0.12724718942671637,0.38328153116309505,0.0717408349644906,0.09874941475769558
0.21605171567659653,0.12724718942671637,0.38328153116309505,0.0717408349644906,0.09874941475769558,0.1317034922748016
0.12724718942671637,0.38328153116309505,0.0717408349644906,0.09874941475769558,0.1317034922748016,0.12782650879696744
0.38328153116309505,0.0717408349644906,0.09874941475769558,0.1317034922748016,0.12782650879696744,0.1252881084404632
0.0717408349644906,0.09874941475769558,0.1317034922748016,0.12782650879696744,0.1252881084404632,0.1753809010757177
0.09874941475769558,0.1317034922748016,0.12782650879696744,0.1252881084404632,0.1753809010757177,0.38521071543403834
0.1317034922748016,0.12782650879696744,0.1252881084404632,0.1753809010757177,0.38521071543403834,0.0374667892620024
0.12782650879696744,0.1252881084404632,0.1753809010757177,0.38521071543403834,0.0374667892620024,0.055359691330516644
0.1252881084404632,0.1753809010757177,0.38521071543403834,0.0374667892620024,0.055359691330516644,0.057181698697518574
0.1753809010757177,0.38521071543403834,0.0374667892620024,0.055359691330516644,0.057181698697518574,0.035486836983929106
0.38521071543403834,0.0374667892620024,0.055359691330516644,0.057181698697518574,0.035486836983929106,0.08025293749330144
0.0374667892620024,0.055359691330516644,0.057181698697518574,0.035486836983929106,0.08025293749330144,0.019652859649023847
0.055359691330516644,0.057181698697518574,0.035486836983929106,0.08025293749330144,0.019652859649023847,0.09233910772407022
0.057181698697518574,0.035486836983929106,0.08025293749330144,0.019652859649023847,0.09233910772407022,0.0076874044574310185
0.035486836983929106,0.08025293749330144,0.019652859649023847,0.09233910772407022,0.0076874044574310185,0.0841225878145501
0.08025293749330144,0.019652859649023847,0.09233910772407022,0.0076874044574310185,0.0841225878145501,0.023138929471956324
0.019652859649023847,0.09233910772407022,0.0076874044574310185,0.0841225878145501,0.023138929471956324,0.11905210489798453
0.09233910772407022,0.0076874044574310185,0.0841225878145501,0.023138929471956324,0.11905210489798453,0.0424984628575619
0.0076874044574310185,0.0841225878145501,0.023138929471956324,0.11905210489798453,0.0424984628575619,0.05063826666741879
0.0841225878145501,0.023138929471956324,0.11905210489798453,0.0424984628575619,0.05063826666741879,0.05123620097361755
0.023138929471956324,0.11905210489798453,0.0424984628575619,0.05063826666741879,0.05123620097361755,0.050395708411130606
0.11905210489798453,0.0424984628575619,0.05063826666741879,0.05123620097361755,0.050395708411130606,0.05786424634893415
0.0424984628575619,0.05063826666741879,0.05123620097361755,0.050395708411130606,0.05786424634893415,0.024633765237453243
0.05063826666741879,0.05123620097361755,0.050395708411130606,0.05786424634893415,0.024633765237453243,0.10171652272996497
0.05123620097361755,0.050395708411130606,0.05786424634893415,0.024633765237453243,0.10171652272996497,0.014310937121002728
0.050395708411130606,0.05786424634893415,0.024633765237453243,0.10171652272996497,0.014310937121002728,0.07927142268878647
0.05786424634893415,0.024633765237453243,0.10171652272996497,0.014310937121002728,0.07927142268878647,0.008122881140813533
0.024633765237453243,0.10171652272996497,0.014310937121002728,0.07927142268878647,0.008122881140813533,0.09040089802963723
0.10171652272996497,0.014310937121002728,0.07927142268878647,0.008122881140813533,0.09040089802963723,0.00599062484134998
0.014310937121002728,0.07927142268878647,0.008122881140813533,0.09040089802963723,0.00599062484134998,0.08316927745844074
0.07927142268878647,0.008122881140813533,0.09040089802963723,0.00599062484134998,0.08316927745844074,0.05305369562887458
0.008122881140813533,0.09040089802963723,0.00599062484134998,0.08316927745844074,0.05305369562887458,0.07251420093977222
0.09040089802963723,0.00599062484134998,0.08316927745844074,0.05305369562887458,0.07251420093977222,0.015779260704998382
0.00599062484134998,0.08316927745844074,0.05305369562887458,0.07251420093977222,0.015779260704998382,0.08364311219165485
0.08316927745844074,0.05305369562887458,0.07251420093977222,0.015779260704998382,0.08364311219165485,0.23674249902694652
0.05305369562887458,0.07251420093977222,0.015779260704998382,0.08364311219165485,0.23674249902694652,0.00487372868448811
0.07251420093977222,0.015779260704998382,0.08364311219165485,0.23674249902694652,0.00487372868448811,0.09638024109162498
0.015779260704998382,0.08364311219165485,0.23674249902694652,0.00487372868448811,0.09638024109162498,0.09519565425858965
0.08364311219165485,0.23674249902694652,0.00487372868448811,0.09638024109162498,0.09519565425858965,0.09209316493397338
0.23674249902694652,0.00487372868448811,0.09638024109162498,0.09519565425858965,0.09209316493397338,0.031831540470563024
0.00487372868448811,0.09638024109162498,0.09519565425858965,0.09209316493397338,0.031831540470563024,0.06714915076405852
0.09638024109162498,0.09519565425858965,0.09209316493397338,0.031831540470563024,0.06714915076405852,0.05160285880289039
0.09519565425858965,0.09209316493397338,0.031831540470563024,0.06714915076405852,0.05160285880289039,0.041629765846669345
0.09209316493397338,0.031831540470563024,0.06714915076405852,0.05160285880289039,0.041629765846669345,0.05348578777844841
0.031831540470563024,0.06714915076405852,0.05160285880289039,0.041629765846669345,0.05348578777844841,0.0234096921766501
0.06714915076405852,0.05160285880289039,0.041629765846669345,0.05348578777844841,0.0234096921766501,0.07252491863016634
0.05160285880289039,0.041629765846669345,0.05348578777844841,0.0234096921766501,0.07252491863016634,0.014796053633579083
0.041629765846669345,0.05348578777844841,0.0234096921766501,0.07252491863016634,0.014796053633579083,0.11054451508091855
0.05348578777844841,0.0234096921766501,0.07252491863016634,0.014796053633579083,0.11054451508091855,0.007293670357688819
0.0234096921766501,0.07252491863016634,0.014796053633579083,0.11054451508091855,0.007293670357688819,0.08142624254697452
0.07252491863016634,0.014796053633579083,0.11054451508091855,0.007293670357688819,0.08142624254697452,0.0648363859947991
0.014796053633579083,0.11054451508091855,0.007293670357688819,0.08142624254697452,0.0648363859947991,0.10145704180463344
0.11054451508091855,0.007293670357688819,0.08142624254697452,0.0648363859947991,0.10145704180463344,0.04379022659453849
0.007293670357688819,0.08142624254697452,0.0648363859947991,0.10145704180463344,0.04379022659453849,0.1411914687184463
0.08142624254697452,0.0648363859947991,0.10145704180463344,0.04379022659453849,0.1411914687184463,0.06272669325406002
0.0648363859947991,0.10145704180463344,0.04379022659453849,0.1411914687184463,0.06272669325406002,0.14845129373804838
0.10145704180463344,0.04379022659453849,0.1411914687184463,0.06272669325406002,0.14845129373804838,0.032000767160996625
0.04379022659453849,0.1411914687184463,0.06272669325406002,0.14845129373804838,0.032000767160996625,0.11432955205695043
0.1411914687184463,0.06272669325406002,0.14845129373804838,0.032000767160996625,0.11432955205695043,0.0987268511989711
0.06272669325406002,0.14845129373804838,0.032000767160996625,0.11432955205695043,0.0987268511989711,0.1293061141603254
0.14845129373804838,0.032000767160996625,0.11432955205695043,0.0987268511989711,0.1293061141603254,0.02456607456127981
0.032000767160996625,0.11432955205695043,0.0987268511989711,0.1293061141603254,0.02456607456127981,0.05323307592073422
0.11432955205695043,0.0987268511989711,0.1293061141603254,0.02456607456127981,0.05323307592073422,0.027899840362822028
0.0987268511989711,0.1293061141603254,0.02456607456127981,0.05323307592073422,0.027899840362822028,0.47936844599130174
0.1293061141603254,0.02456607456127981,0.05323307592073422,0.027899840362822028,0.47936844599130174,0.055873012291498624
0.02456607456127981,0.05323307592073422,0.027899840362822028,0.47936844599130174,0.055873012291498624,0.03831799951488349
0.05323307592073422,0.027899840362822028,0.47936844599130174,0.055873012291498624,0.03831799951488349,0.13420691911528287
0.027899840362822028,0.47936844599130174,0.055873012291498624,0.03831799951488349,0.13420691911528287,0.0459253033388426
0.47936844599130174,0.055873012291498624,0.03831799951488349,0.13420691911528287,0.0459253033388426,0.04525685791162982
0.055873012291498624,0.03831799951488349,0.13420691911528287,0.0459253033388426,0.04525685791162982,0.025840915629213042
0.03831799951488349,0.13420691911528287,0.0459253033388426,0.04525685791162982,0.025840915629213042,0.2593128268190459
0.13420691911528287,0.0459253033388426,0.04525685791162982,0.025840915629213042,0.2593128268190459,0.15009843352493554
0.0459253033388426,0.04525685791162982,0.025840915629213042,0.2593128268190459,0.15009843352493554,0.47934588243257725
0.04525685791162982,0.025840915629213042,0.2593128268190459,0.15009843352493554,0.47934588243257725,0.09823609379671361
0.025840915629213042,0.2593128268190459,0.15009843352493554,0.47934588243257725,0.09823609379671361,0.09002295842100215
0.2593128268190459,0.15009843352493554,0.47934588243257725,0.09823609379671361,0.09002295842100215,0.009098755055647374
0.15009843352493554,0.47934588243257725,0.09823609379671361,0.09002295842100215,0.009098755055647374,0.06878500877158346
0.47934588243257725,0.09823609379671361,0.09002295842100215,0.009098755055647374,0.06878500877158346,0.03069772164465779
0.09823609379671361,0.09002295842100215,0.009098755055647374,0.06878500877158346,0.03069772164465779,0.08043344596309729
0.09002295842100215,0.009098755055647374,0.06878500877158346,0.03069772164465779,0.08043344596309729,0.06267028435724883
0.009098755055647374,0.06878500877158346,0.03069772164465779,0.08043344596309729,0.06267028435724883,0.12264422344692207
0.06878500877158346,0.03069772164465779,0.08043344596309729,0.06267028435724883,0.12264422344692207,0.04319793317802083
0.03069772164465779,0.08043344596309729,0.06267028435724883,0.12264422344692207,0.04319793317802083,0.02758395054067928
0.08043344596309729,0.06267028435724883,0.12264422344692207,0.04319793317802083,0.02758395054067928,0.06103442634972387
0.06267028435724883,0.12264422344692207,0.04319793317802083,0.02758395054067928,0.06103442634972387,0.02788855858345978
0.12264422344692207,0.04319793317802083,0.02758395054067928,0.06103442634972387,0.02788855858345978,0.07349515165531909
0.04319793317802083,0.02758395054067928,0.06103442634972387,0.02788855858345978,0.07349515165531909,0.03595503082746211
0.02758395054067928,0.06103442634972387,0.02788855858345978,0.07349515165531909,0.03595503082746211,0.09213829205142234
0.06103442634972387,0.02788855858345978,0.07349515165531909,0.03595503082746211,0.09213829205142234,0.024402488760527304
0.02788855858345978,0.07349515165531909,0.03595503082746211,0.09213829205142234,0.024402488760527304,0.11229883177174703
0.07349515165531909,0.03595503082746211,0.09213829205142234,0.024402488760527304,0.11229883177174703,0.04630606339231824
0.03595503082746211,0.09213829205142234,0.024402488760527304,0.11229883177174703,0.04630606339231824,0.08794711101834983
0.09213829205142234,0.024402488760527304,0.11229883177174703,0.04630606339231824,0.08794711101834983,0.09217777827919021
0.024402488760527304,0.11229883177174703,0.04630606339231824,0.08794711101834983,0.09217777827919021,0.08314107301003514
0.11229883177174703,0.04630606339231824,0.08794711101834983,0.09217777827919021,0.08314107301003514,0.086860675665766
0.04630606339231824,0.08794711101834983,0.09217777827919021,0.08314107301003514,0.086860675665766,0.4777557156314694
0.08794711101834983,0.09217777827919021,0.08314107301003514,0.086860675665766,0.4777557156314694,0.41089368615217997
0.09217777827919021,0.08314107301003514,0.086860675665766,0.4777557156314694,0.41089368615217997,0.1739689863885332
0.08314107301003514,0.086860675665766,0.4777557156314694,0.41089368615217997,0.1739689863885332,0.26948786362585103
0.086860675665766,0.4777557156314694,0.41089368615217997,0.1739689863885332,0.26948786362585103,0.3288187412918766
0.4777557156314694,0.41089368615217997,0.1739689863885332,0.26948786362585103,0.3288187412918766,0.09297201554629195
0.41089368615217997,0.1739689863885332,0.26948786362585103,0.3288187412918766,0.09297201554629195,0.09105975394439211
0.1739689863885332,0.26948786362585103,0.3288187412918766,0.09297201554629195,0.09105975394439211,0.06965934667215713
0.26948786362585103,0.3288187412918766,0.09297201554629195,0.09105975394439211,0.06965934667215713,0.08051241841863299
0.3288187412918766,0.09297201554629195,0.09105975394439211,0.06965934667215713,0.08051241841863299,0.06721120055055083
0.09297201554629195,0.09105975394439211,0.06965934667215713,0.08051241841863299,0.06721120055055083,0.025625433643394233
0.09105975394439211,0.06965934667215713,0.08051241841863299,0.06721120055055083,0.025625433643394233,0.23846861126936938
0.06965934667215713,0.08051241841863299,0.06721120055055083,0.025625433643394233,0.23846861126936938,0.004485635474427025
0.08051241841863299,0.06721120055055083,0.025625433643394233,0.23846861126936938,0.004485635474427025,0.06195389136774651
0.06721120055055083,0.025625433643394233,0.23846861126936938,0.004485635474427025,0.06195389136774651,0.094648487959521
0.025625433643394233,0.23846861126936938,0.004485635474427025,0.06195389136774651,0.094648487959521,0.395298318450786
0.23846861126936938,0.004485635474427025,0.06195389136774651,0.094648487959521,0.395298318450786,0.21851114357756501
0.004485635474427025,0.06195389136774651,0.094648487959521,0.395298318450786,0.21851114357756501,0.023629686874213792
0.06195389136774651,0.094648487959521,0.395298318450786,0.21851114357756501,0.023629686874213792,0.29233346683438916
0.094648487959521,0.395298318450786,0.21851114357756501,0.023629686874213792,0.29233346683438916,0.13929612978558978
0.395298318450786,0.21851114357756501,0.023629686874213792,0.29233346683438916,0.13929612978558978,0.16323832194813767
0.21851114357756501,0.023629686874213792,0.29233346683438916,0.13929612978558978,0.16323832194813767,0.04531270271947292
0.023629686874213792,0.29233346683438916,0.13929612978558978,0.16323832194813767,0.04531270271947292,0.14728362957405644
0.29233346683438916,0.13929612978558978,0.16323832194813767,0.04531270271947292,0.14728362957405644,0.11554798422807244
0.13929612978558978,0.16323832194813767,0.04531270271947292,0.14728362957405644,0.11554798422807244,0.12030494649616139
0.16323832194813767,0.04531270271947292,0.14728362957405644,0.11554798422807244,0.12030494649616139,0.03880368011642796
0.04531270271947292,0.14728362957405644,0.11554798422807244,0.12030494649616139,0.03880368011642796,0.10509992836070105
0.14728362957405644,0.11554798422807244,0.12030494649616139,0.03880368011642796,0.10509992836070105,0.05081313424753351
0.11554798422807244,0.12030494649616139,0.03880368011642796,0.10509992836070105,0.05081313424753351,0.02748805541610022
0.12030494649616139,0.03880368011642796,0.10509992836070105,0.05081313424753351,0.02748805541610022,0.09921422406741992
0.03880368011642796,0.10509992836070105,0.05081313424753351,0.02748805541610022,0.09921422406741992,0.06313847820078183
0.10509992836070105,0.05081313424753351,0.02748805541610022,0.09921422406741992,0.06313847820078183,0.17074408975783661
0.05081313424753351,0.02748805541610022,0.09921422406741992,0.06313847820078183,0.17074408975783661,0.0841225878145501
0.02748805541610022,0.09921422406741992,0.06313847820078183,0.17074408975783661,0.0841225878145501,0.15616803082182124
0.09921422406741992,0.06313847820078183,0.17074408975783661,0.0841225878145501,0.15616803082182124,0.48235247663261444
0.06313847820078183,0.17074408975783661,0.0841225878145501,0.15616803082182124,0.48235247663261444,0.3523299694827868
0.17074408975783661,0.0841225878145501,0.15616803082182124,0.48235247663261444,0.3523299694827868,0.08592090344489133
0.0841225878145501,0.15616803082182124,0.48235247663261444,0.3523299694827868,0.08592090344489133,0.1499743339519509
0.15616803082182124,0.48235247663261444,0.3523299694827868,0.08592090344489133,0.1499743339519509,0.08366285530553878
0.48235247663261444,0.3523299694827868,0.08592090344489133,0.1499743339519509,0.08366285530553878,0.2392075678175962
0.3523299694827868,0.08592090344489133,0.1499743339519509,0.08366285530553878,0.2392075678175962,0.3617220508018525
0.08592090344489133,0.1499743339519509,0.08366285530553878,0.2392075678175962,0.3617220508018525,0.2674853477890533
0.1499743339519509,0.08366285530553878,0.2392075678175962,0.3617220508018525,0.2674853477890533,0.1279466597471753
0.08366285530553878,0.2392075678175962,0.3617220508018525,0.2674853477890533,0.1279466597471753,0.17639062032863823
0.2392075678175962,0.3617220508018525,0.2674853477890533,0.1279466597471753,0.17639062032863823,0.2930036045285063
0.3617220508018525,0.2674853477890533,0.1279466597471753,0.17639062032863823,0.2930036045285063,0.25526153985006517
0.2674853477890533,0.1279466597471753,0.17639062032863823,0.2930036045285063,0.25526153985006517,0.05841705353768396
0.1279466597471753,0.17639062032863823,0.2930036045285063,0.25526153985006517,0.05841705353768396,0.5790147622082955
0.17639062032863823,0.2930036045285063,0.25526153985006517,0.05841705353768396,0.5790147622082955,0.14507240081905717
0.2930036045285063,0.25526153985006517,0.05841705353768396,0.5790147622082955,0.14507240081905717,0.16794620847600084
0.25526153985006517,0.05841705353768396,0.5790147622082955,0.14507240081905717,0.16794620847600084,0.1364587622759862
0.05841705353768396,0.5790147622082955,0.14507240081905717,0.16794620847600084,0.1364587622759862,0.1256564585366404
0.5790147622082955,0.14507240081905717,0.16794620847600084,0.1364587622759862,0.1256564585366404,0.03398071943906993
0.14507240081905717,0.16794620847600084,0.1364587622759862,0.1256564585366404,0.03398071943906993,0.363944561336214
0.16794620847600084,0.1364587622759862,0.1256564585366404,0.03398071943906993,0.363944561336214,0.04249282196788077
0.1364587622759862,0.1256564585366404,0.03398071943906993,0.363944561336214,0.04249282196788077,0.11713871511814845
0.1256564585366404,0.03398071943906993,0.363944561336214,0.04249282196788077,0.11713871511814845,0.09337928778126887
0.03398071943906993,0.363944561336214,0.04249282196788077,0.11713871511814845,0.09337928778126887,0.07764120557094265
0.363944561336214,0.04249282196788077,0.11713871511814845,0.09337928778126887,0.07764120557094265,0.01401196996790334
0.04249282196788077,0.11713871511814845,0.09337928778126887,0.07764120557094265,0.01401196996790334,0.06869475453668551
0.11713871511814845,0.09337928778126887,0.07764120557094265,0.01401196996790334,0.06869475453668551,0.01358326235213817
0.09337928778126887,0.07764120557094265,0.01401196996790334,0.06869475453668551,0.01358326235213817,0.06430614236477378
0.07764120557094265,0.01401196996790334,0.06869475453668551,0.01358326235213817,0.06430614236477378,0.013188400074459742
0.01401196996790334,0.06869475453668551,0.01358326235213817,0.06430614236477378,0.013188400074459742,0.06733530012353549
0.06869475453668551,0.01358326235213817,0.06430614236477378,0.013188400074459742,0.06733530012353549,0.013442240110110158
0.01358326235213817,0.06430614236477378,0.013188400074459742,0.06733530012353549,0.013442240110110158,0.09194086091258313
0.06430614236477378,0.013188400074459742,0.06733530012353549,0.013442240110110158,0.09194086091258313,0.014649390501869955
0.013188400074459742,0.06733530012353549,0.013442240110110158,0.09194086091258313,0.014649390501869955,0.09550590319105129
0.06733530012353549,0.013442240110110158,0.09194086091258313,0.014649390501869955,0.09550590319105129,0.013402753882342319
0.013442240110110158,0.09194086091258313,0.014649390501869955,0.09550590319105129,0.013402753882342319,0.06611686795241345
0.09194086091258313,0.014649390501869955,0.09550590319105129,0.013402753882342319,0.06611686795241345,0.04322049673674532
0.014649390501869955,0.09550590319105129,0.013402753882342319,0.06611686795241345,0.04322049673674532,0.09417465322630685
0.09550590319105129,0.013402753882342319,0.06611686795241345,0.04322049673674532,0.09417465322630685,0.015213479469982005
0.013402753882342319,0.06611686795241345,0.04322049673674532,0.09417465322630685,0.015213479469982005,0.06920130643005015
0.06611686795241345,0.04322049673674532,0.09417465322630685,0.015213479469982005,0.06920130643005015,0.006915730749053736
0.04322049673674532,0.09417465322630685,0.015213479469982005,0.06920130643005015,0.006915730749053736,0.07781043226137627
0.09417465322630685,0.015213479469982005,0.06920130643005015,0.006915730749053736,0.07781043226137627,0.0074572561584413085
0.015213479469982005,0.06920130643005015,0.006915730749053736,0.07781043226137627,0.0074572561584413085,0.07244030528494955
0.06920130643005015,0.006915730749053736,0.07781043226137627,0.0074572561584413085,0.07244030528494955,0.0077787868702651735
0.006915730749053736,0.07781043226137627,0.0074572561584413085,0.07244030528494955,0.0077787868702651735,0.12068683472757323
0.07781043226137627,0.0074572561584413085,0.07244030528494955,0.0077787868702651735,0.12068683472757323,0.005911652385814285
0.0074572561584413085,0.07244030528494955,0.0077787868702651735,0.12068683472757323,0.005911652385814285,0.09434952080642159
0.07244030528494955,0.0077787868702651735,0.12068683472757323,0.005911652385814285,0.09434952080642159,0.0066054818165921176
0.0077787868702651735,0.12068683472757323,0.005911652385814285,0.09434952080642159,0.0066054818165921176,0.22280386062489774
0.12068683472757323,0.005911652385814285,0.09434952080642159,0.0066054818165921176,0.22280386062489774,0.007451615268760194
0.005911652385814285,0.09434952080642159,0.0066054818165921176,0.22280386062489774,0.007451615268760194,0.05992317108254315
0.09434952080642159,0.0066054818165921176,0.22280386062489774,0.007451615268760194,0.05992317108254315,0.10947274604150567
0.0066054818165921176,0.22280386062489774,0.007451615268760194,0.05992317108254315,0.10947274604150567,0.07414385396864794
0.22280386062489774,0.007451615268760194,0.05992317108254315,0.10947274604150567,0.07414385396864794,0.014350423348770567
0.007451615268760194,0.05992317108254315,0.10947274604150567,0.07414385396864794,0.014350423348770567,0.08368259841942273
0.05992317108254315,0.10947274604150567,0.07414385396864794,0.014350423348770567,0.08368259841942273,0.008331594059014994
0.10947274604150567,0.07414385396864794,0.014350423348770567,0.08368259841942273,0.008331594059014994,0.08564562802845264
0.07414385396864794,0.014350423348770567,0.08368259841942273,0.008331594059014994,0.08564562802845264,0.007869605194131215
0.014350423348770567,0.08368259841942273,0.008331594059014994,0.08564562802845264,0.007869605194131215,0.07434128510748717
0.08368259841942273,0.008331594059014994,0.08564562802845264,0.007869605194131215,0.07434128510748717,0.0045183526345775205
0.008331594059014994,0.08564562802845264,0.007869605194131215,0.07434128510748717,0.0045183526345775205,0.07636636450300942
0.08564562802845264,0.007869605194131215,0.07434128510748717,0.0045183526345775205,0.07636636450300942,0.073585405890217
0.007869605194131215,0.07434128510748717,0.0045183526345775205,0.07636636450300942,0.073585405890217,0.079248859130062
0.07434128510748717,0.0045183526345775205,0.07636636450300942,0.073585405890217,0.079248859130062,0.04289896602492146
0.0045183526345775205,0.07636636450300942,0.073585405890217,0.079248859130062,0.04289896602492146,0.29065812259909635
0.07636636450300942,0.073585405890217,0.079248859130062,0.04289896602492146,0.29065812259909635,0.15855412715693518
0.073585405890217,0.079248859130062,0.04289896602492146,0.29065812259909635,0.15855412715693518,0.22524072496714181
0.079248859130062,0.04289896602492146,0.29065812259909635,0.15855412715693518,0.22524072496714181,0.03989237182488422
0.04289896602492146,0.29065812259909635,0.15855412715693518,0.22524072496714181,0.03989237182488422,0.07188749809619974
0.29065812259909635,0.15855412715693518,0.22524072496714181,0.03989237182488422,0.07188749809619974,0.0032491524563254067
0.15855412715693518,0.22524072496714181,0.03989237182488422,0.07188749809619974,0.0032491524563254067,0.07029676720612375
0.22524072496714181,0.03989237182488422,0.07188749809619974,0.0032491524563254067,0.07029676720612375,0.0015399628829458924
0.03989237182488422,0.07188749809619974,0.0032491524563254067,0.07029676720612375,0.0015399628829458924,0.10153601426016912
0.07188749809619974,0.0032491524563254067,0.07029676720612375,0.0015399628829458924,0.10153601426016912,0.07892168752855702
0.0032491524563254067,0.07029676720612375,0.0015399628829458924,0.10153601426016912,0.07892168752855702,0.7619623527022683
0.07029676720612375,0.0015399628829458924,0.10153601426016912,0.07892168752855702,0.7619623527022683,0.2255453330099223
0.0015399628829458924,0.10153601426016912,0.07892168752855702,0.7619623527022683,0.2255453330099223,0.09204690963858819
0.10153601426016912,0.07892168752855702,0.7619623527022683,0.2255453330099223,0.09204690963858819,0.03785431838309538
0.07892168752855702,0.7619623527022683,0.2255453330099223,0.09204690963858819,0.03785431838309538,0.24416026895762
0.7619623527022683,0.2255453330099223,0.09204690963858819,0.03785431838309538,0.24416026895762,0.17826903659245136
0.2255453330099223,0.09204690963858819,0.03785431838309538,0.24416026895762,0.17826903659245136,0.1027713691003345
0.09204690963858819,0.03785431838309538,0.24416026895762,0.17826903659245136,0.1027713691003345,0.03788421509840532
0.03785431838309538,0.24416026895762,0.17826903659245136,0.1027713691003345,0.03788421509840532,0.1088184028384957
0.24416026895762,0.17826903659245136,0.1027713691003345,0.03788421509840532,0.1088184028384957,0.06566559677792383
0.17826903659245136,0.1027713691003345,0.03788421509840532,0.1088184028384957,0.06566559677792383,0.4970131489138468
0.1027713691003345,0.03788421509840532,0.1088184028384957,0.06566559677792383,0.4970131489138468,0.3184338633889337
0.03788421509840532,0.1088184028384957,0.06566559677792383,0.4970131489138468,0.3184338633889337,0.13851768700959516
0.1088184028384957,0.06566559677792383,0.4970131489138468,0.3184338633889337,0.13851768700959516,0.12724154853703526
0.06566559677792383,0.4970131489138468,0.3184338633889337,0.13851768700959516,0.12724154853703526,0.10588514020431301
0.4970131489138468,0.3184338633889337,0.13851768700959516,0.12724154853703526,0.10588514020431301,0.1050277249727827
0.3184338633889337,0.13851768700959516,0.12724154853703526,0.10588514020431301,0.1050277249727827,0.144502670961264
0.13851768700959516,0.12724154853703526,0.10588514020431301,0.1050277249727827,0.144502670961264,0.018603654168335423
0.12724154853703526,0.10588514020431301,0.1050277249727827,0.144502670961264,0.018603654168335423,0.08998347219323431
0.10588514020431301,0.1050277249727827,0.144502670961264,0.018603654168335423,0.08998347219323431,0.05527507798529985
0.1050277249727827,0.144502670961264,0.018603654168335423,0.08998347219323431,0.05527507798529985,0.04727629641747096
0.144502670961264,0.018603654168335423,0.08998347219323431,0.05527507798529985,0.04727629641747096,0.11749973205774016
0.018603654168335423,0.08998347219323431,0.05527507798529985,0.04727629641747096,0.11749973205774016,0.0691008985937262
0.08998347219323431,0.05527507798529985,0.04727629641747096,0.11749973205774016,0.0691008985937262,0.1421899061920046
0.05527507798529985,0.04727629641747096,0.11749973205774016,0.0691008985937262,0.1421899061920046,0.0870107233312838
0.04727629641747096,0.11749973205774016,0.0691008985937262,0.1421899061920046,0.0870107233312838,0.06829425136932597
0.11749973205774016,0.0691008985937262,0.1421899061920046,0.0870107233312838,0.06829425136932597,0.018671344844508872
0.0691008985937262,0.1421899061920046,0.0870107233312838,0.06829425136932597,0.018671344844508872,0.10855328102348302
0.1421899061920046,0.0870107233312838,0.06829425136932597,0.018671344844508872,0.10855328102348302,0.1184936568195536
0.0870107233312838,0.06829425136932597,0.018671344844508872,0.10855328102348302,0.1184936568195536,0.09221726450695805
0.06829425136932597,0.018671344844508872,0.10855328102348302,0.1184936568195536,0.09221726450695805,0.06955216976821585
0.018671344844508872,0.10855328102348302,0.1184936568195536,0.09221726450695805,0.06955216976821585,0.5956723094366444
0.10855328102348302,0.1184936568195536,0.09221726450695805,0.06955216976821585,0.5956723094366444,0.6009126959504053
0.1184936568195536,0.09221726450695805,0.06955216976821585,0.5956723094366444,0.6009126959504053,0.0870050824416027
0.09221726450695805,0.06955216976821585,0.5956723094366444,0.6009126959504053,0.0870050824416027,0.17199636726704537
0.06955216976821585,0.5956723094366444,0.6009126959504053,0.0870050824416027,0.17199636726704537,0.10344827586206896
0.5956723094366444,0.6009126959504053,0.0870050824416027,0.17199636726704537,0.10344827586206896,0.4012364830181016
0.6009126959504053,0.0870050824416027,0.17199636726704537,0.10344827586206896,0.4012364830181016,0.15607213569724218
0.0870050824416027,0.17199636726704537,0.10344827586206896,0.4012364830181016,0.15607213569724218,0.12343394800227891
0.17199636726704537,0.10344827586206896,0.4012364830181016,0.15607213569724218,0.12343394800227891,0.054124336490351255
0.10344827586206896,0.4012364830181016,0.15607213569724218,0.12343394800227891,0.054124336490351255,0.21817269019669785
0.4012364830181016,0.15607213569724218,0.12343394800227891,0.054124336490351255,0.21817269019669785,0.14838924395155603
0.15607213569724218,0.12343394800227891,0.054124336490351255,0.21817269019669785,0.14838924395155603,0.0965494677820586
0.12343394800227891,0.054124336490351255,0.21817269019669785,0.14838924395155603,0.0965494677820586,0.21273487254409768
0.054124336490351255,0.21817269019669785,0.14838924395155603,0.0965494677820586,0.21273487254409768,0.13750796775667457
0.21817269019669785,0.14838924395155603,0.0965494677820586,0.21273487254409768,0.13750796775667457,0.042780507341617924
0.14838924395155603,0.0965494677820586,0.21273487254409768,0.13750796775667457,0.042780507341617924,0.2784004693220215
0.0965494677820586,0.21273487254409768,0.13750796775667457,0.042780507341617924,0.2784004693220215,0.011998172351743323
0.21273487254409768,0.13750796775667457,0.042780507341617924,0.2784004693220215,0.011998172351743323,0.07992576589179645
0.13750796775667457,0.042780507341617924,0.2784004693220215,0.011998172351743323,0.07992576589179645,0.11962070657784146
0.042780507341617924,0.2784004693220215,0.011998172351743323,0.07992576589179645,0.11962070657784146,0.12035966312606824
0.2784004693220215,0.011998172351743323,0.07992576589179645,0.11962070657784146,0.12035966312606824,0.012071503917597887
0.011998172351743323,0.07992576589179645,0.11962070657784146,0.12035966312606824,0.012071503917597887,0.10155293692921247
0.07992576589179645,0.11962070657784146,0.12035966312606824,0.012071503917597887,0.10155293692921247,0.05930267321761988
0.11962070657784146,0.12035966312606824,0.012071503917597887,0.10155293692921247,0.05930267321761988,0.0758417617626652
0.12035966312606824,0.012071503917597887,0.10155293692921247,0.05930267321761988,0.0758417617626652,0.04818447965613136
0.012071503917597887,0.10155293692921247,0.05930267321761988,0.0758417617626652,0.04818447965613136,0.040298515881924894
0.10155293692921247,0.05930267321761988,0.0758417617626652,0.04818447965613136,0.040298515881924894,0.054406380974407274
0.05930267321761988,0.0758417617626652,0.04818447965613136,0.040298515881924894,0.054406380974407274,0.020826164702696902
0.0758417617626652,0.04818447965613136,0.040298515881924894,0.054406380974407274,0.020826164702696902,0.06462767307659764
0.04818447965613136,0.040298515881924894,0.054406380974407274,0.020826164702696902,0.06462767307659764,0.01130434292096549
0.040298515881924894,0.054406380974407274,0.020826164702696902,0.06462767307659764,0.01130434292096549,0.0965494677820586
0.054406380974407274,0.020826164702696902,0.06462767307659764,0.01130434292096549,0.0965494677820586,0.0031476164420652336
0.020826164702696902,0.06462767307659764,0.01130434292096549,0.0965494677820586,0.0031476164420652336,0.07941244493081448
0.06462767307659764,0.01130434292096549,0.0965494677820586,0.0031476164420652336,0.07941244493081448,0.0027189088263000804
0.01130434292096549,0.0965494677820586,0.0031476164420652336,0.07941244493081448,0.0027189088263000804,0.39584379248295043
0.0965494677820586,0.0031476164420652336,0.07941244493081448,0.0027189088263000804,0.39584379248295043,0.6886736576092782
0.0031476164420652336,0.07941244493081448,0.0027189088263000804,0.39584379248295043,0.6886736576092782,0.5735882263350577
0.07941244493081448,0.0027189088263000804,0.39584379248295043,0.6886736576092782,0.5735882263350577,0.4960090705506072
0.0027189088263000804,0.39584379248295043,0.6886736576092782,0.5735882263350577,0.4960090705506072,1.0
0.39584379248295043,0.6886736576092782,0.5735882263350577,0.4960090705506072,1.0,0.8216237865036073
0.6886736576092782,0.5735882263350577,0.4960090705506072,1.0,0.8216237865036073,0.6021875370183385
0.5735882263350577,0.4960090705506072,1.0,0.8216237865036073,0.6021875370183385,0.6334944747485574
0.4960090705506072,1.0,0.8216237865036073,0.6021875370183385,0.6334944747485574,0.6256254336433943
1.0,0.8216237865036073,0.6021875370183385,0.6334944747485574,0.6256254336433943,0.711225934554398
0.8216237865036073,0.6021875370183385,0.6334944747485574,0.6256254336433943,0.711225934554398,0.695972968856648
0.6021875370183385,0.6334944747485574,0.6256254336433943,0.711225934554398,0.695972968856648,0.667272122159107
0.6334944747485574,0.6256254336433943,0.711225934554398,0.695972968856648,0.667272122159107,0.6187040620046594
0.6256254336433943,0.711225934554398,0.695972968856648,0.667272122159107,0.6187040620046594,0.7314541649508961
0.711225934554398,0.695972968856648,0.667272122159107,0.6187040620046594,0.7314541649508961,0.6197081403678989
0.695972968856648,0.667272122159107,0.6187040620046594,0.7314541649508961,0.6197081403678989,0.6728453211640539
0.667272122159107,0.6187040620046594,0.7314541649508961,0.6197081403678989,0.6728453211640539,0.5672422254437971
0.6187040620046594,0.7314541649508961,0.6197081403678989,0.6728453211640539,0.5672422254437971,0.7878179346446522
0.7314541649508961,0.6197081403678989,0.6728453211640539,0.5672422254437971,0.7878179346446522,0.5849038510353853
0.6197081403678989,0.6728453211640539,0.5672422254437971,0.7878179346446522,0.5849038510353853,0.5987296716438117
0.6728453211640539,0.5672422254437971,0.7878179346446522,0.5849038510353853,0.5987296716438117,0.7528274959526617
0.5672422254437971,0.7878179346446522,0.5849038510353853,0.5987296716438117,0.7528274959526617,0.6294104706194261
0.7878179346446522,0.5849038510353853,0.5987296716438117,0.7528274959526617,0.6294104706194261,0.060758022755348966
0.5849038510353853,0.5987296716438117,0.7528274959526617,0.6294104706194261,0.060758022755348966,0.12043863558160392
0.5987296716438117,0.7528274959526617,0.6294104706194261,0.060758022755348966,0.12043863558160392,0.0701162587363279
0.7528274959526617,0.6294104706194261,0.060758022755348966,0.12043863558160392,0.0701162587363279,0.09199162891971321
0.6294104706194261,0.060758022755348966,0.12043863558160392,0.0701162587363279,0.09199162891971321,0.10219599835286022
0.060758022755348966,0.12043863558160392,0.0701162587363279,0.09199162891971321,0.10219599835286022,0.08900195738871934
0.12043863558160392,0.0701162587363279,0.09199162891971321,0.10219599835286022,0.08900195738871934,0.08138901267507911
0.0701162587363279,0.09199162891971321,0.10219599835286022,0.08900195738871934,0.08138901267507911,0.07812632208351901
0.09199162891971321,0.10219599835286022,0.08900195738871934,0.08138901267507911,0.07812632208351901,0.08563998713877152
0.10219599835286022,0.08900195738871934,0.08138901267507911,0.07812632208351901,0.08563998713877152,0.12128928174551688
0.08900195738871934,0.08138901267507911,0.07812632208351901,0.08563998713877152,0.12128928174551688,0.231896974790864
0.08138901267507911,0.07812632208351901,0.08563998713877152,0.12128928174551688,0.231896974790864,0.07179724386130179
0.07812632208351901,0.08563998713877152,0.12128928174551688,0.231896974790864,0.07179724386130179,0.05883447937408689
0.08563998713877152,0.12128928174551688,0.231896974790864,0.07179724386130179,0.05883447937408689,0.027189088263000833
0.12128928174551688,0.231896974790864,0.07179724386130179,0.05883447937408689,0.027189088263000833,0.08665534728137322
0.231896974790864,0.07179724386130179,0.05883447937408689,0.027189088263000833,0.08665534728137322,0.017543166908284773
0.07179724386130179,0.05883447937408689,0.027189088263000833,0.08665534728137322,0.017543166908284773,0.06633686264997717
0.05883447937408689,0.027189088263000833,0.08665534728137322,0.017543166908284773,0.06633686264997717,0.017041127726665054
0.027189088263000833,0.08665534728137322,0.017543166908284773,0.06633686264997717,0.017041127726665054,0.07645661873790735
0.08665534728137322,0.017543166908284773,0.06633686264997717,0.017041127726665054,0.07645661873790735,0.008799787902547986
0.017543166908284773,0.06633686264997717,0.017041127726665054,0.07645661873790735,0.008799787902547986,0.10639282027561388
0.06633686264997717,0.017041127726665054,0.07645661873790735,0.008799787902547986,0.10639282027561388,0.0067013769411711594
0.017041127726665054,0.07645661873790735,0.008799787902547986,0.10639282027561388,0.0067013769411711594,0.07542433592626228
0.07645661873790735,0.008799787902547986,0.10639282027561388,0.0067013769411711594,0.07542433592626228,0.008258262493160414
0.008799787902547986,0.10639282027561388,0.0067013769411711594,0.07542433592626228,0.008258262493160414,0.07738736553529223
0.10639282027561388,0.0067013769411711594,0.07542433592626228,0.008258262493160414,0.07738736553529223,0.006876244521285896
0.0067013769411711594,0.07542433592626228,0.008258262493160414,0.07738736553529223,0.006876244521285896,0.07585304354202743
0.07542433592626228,0.008258262493160414,0.07738736553529223,0.006876244521285896,0.07585304354202743,0.021435380788257925
0.008258262493160414,0.07738736553529223,0.006876244521285896,0.07585304354202743,0.021435380788257925,0.07562176706510151
0.07738736553529223,0.006876244521285896,0.07585304354202743,0.021435380788257925,0.07562176706510151,0.03597195349650548
0.006876244521285896,0.07585304354202743,0.021435380788257925,0.07562176706510151,0.03597195349650548,0.06647788489200518
0.07585304354202743,0.021435380788257925,0.07562176706510151,0.03597195349650548,0.06647788489200518,0.24743762586235102
0.021435380788257925,0.07562176706510151,0.03597195349650548,0.06647788489200518,0.24743762586235102,0.033867901645447514
0.07562176706510151,0.03597195349650548,0.06647788489200518,0.24743762586235102,0.033867901645447514,0.05010802303739345
0.03597195349650548,0.06647788489200518,0.24743762586235102,0.033867901645447514,0.05010802303739345,0.09430044506619584
0.06647788489200518,0.24743762586235102,0.033867901645447514,0.05010802303739345,0.09430044506619584,0.059234982541446435
0.24743762586235102,0.033867901645447514,0.05010802303739345,0.09430044506619584,0.059234982541446435,0.02349994641154803
0.033867901645447514,0.05010802303739345,0.09430044506619584,0.059234982541446435,0.02349994641154803,0.07706019393378724
0.05010802303739345,0.09430044506619584,0.059234982541446435,0.02349994641154803,0.07706019393378724,0.03733704879933663
0.09430044506619584,0.059234982541446435,0.02349994641154803,0.07706019393378724,0.03733704879933663,0.08444975941605509
0.059234982541446435,0.02349994641154803,0.07706019393378724,0.03733704879933663,0.08444975941605509,0.03526120139668428
0.02349994641154803,0.07706019393378724,0.03733704879933663,0.08444975941605509,0.03526120139668428,0.07522126389774196
0.07706019393378724,0.03733704879933663,0.08444975941605509,0.03526120139668428,0.07522126389774196,0.005082441602689571
0.03733704879933663,0.08444975941605509,0.03526120139668428,0.07522126389774196,0.005082441602689571,0.06635942620870162
0.08444975941605509,0.03526120139668428,0.07522126389774196,0.005082441602689571,0.06635942620870162,0.01577192754841294
0.03526120139668428,0.07522126389774196,0.005082441602689571,0.06635942620870162,0.01577192754841294,0.05678683641984015
0.07522126389774196,0.005082441602689571,0.06635942620870162,0.01577192754841294,0.05678683641984015,0.0508639022546636
0.005082441602689571,0.06635942620870162,0.01577192754841294,0.05678683641984015,0.0508639022546636,0.6874552254381562
0.06635942620870162,0.01577192754841294,0.05678683641984015,0.0508639022546636,0.6874552254381562,0.031092583922336235
0.01577192754841294,0.05678683641984015,0.0508639022546636,0.6874552254381562,0.031092583922336235,0.07015574496409574
0.05678683641984015,0.0508639022546636,0.6874552254381562,0.031092583922336235,0.07015574496409574,0.10687793678819021
0.0508639022546636,0.6874552254381562,0.031092583922336235,0.07015574496409574,0.10687793678819021,0.06344308624356232
0.6874552254381562,0.031092583922336235,0.07015574496409574,0.10687793678819021,0.06344308624356232,0.0370550043152806
0.031092583922336235,0.07015574496409574,0.10687793678819021,0.06344308624356232,0.0370550043152806,0.0294623668044924
0.07015574496409574,0.10687793678819021,0.06344308624356232,0.0370550043152806,0.0294623668044924,0.11087168668242356
0.10687793678819021,0.06344308624356232,0.0370550043152806,0.0294623668044924,0.11087168668242356,0.01941030139273566
0.06344308624356232,0.0370550043152806,0.0294623668044924,0.11087168668242356,0.01941030139273566,0.16145354445303112
0.0370550043152806,0.0294623668044924,0.11087168668242356,0.01941030139273566,0.16145354445303112,0.5336225229443188
0.0294623668044924,0.11087168668242356,0.01941030139273566,0.16145354445303112,0.5336225229443188,0.45914021559480367
0.11087168668242356,0.01941030139273566,0.16145354445303112,0.5336225229443188,0.45914021559480367,0.02733575139470998
0.01941030139273566,0.16145354445303112,0.5336225229443188,0.45914021559480367,0.02733575139470998,0.07053368457273082
0.16145354445303112,0.5336225229443188,0.45914021559480367,0.02733575139470998,0.07053368457273082,0.04622145004710143
0.5336225229443188,0.45914021559480367,0.02733575139470998,0.07053368457273082,0.04622145004710143,0.25173034290968377
0.45914021559480367,0.02733575139470998,0.07053368457273082,0.04622145004710143,0.25173034290968377,0.03831292271417047
0.02733575139470998,0.07053368457273082,0.04622145004710143,0.25173034290968377,0.03831292271417047,0.15931000637420534
0.07053368457273082,0.04622145004710143,0.25173034290968377,0.03831292271417047,0.15931000637420534,0.0028994172960959325
0.04622145004710143,0.25173034290968377,0.03831292271417047,0.15931000637420534,0.0028994172960959325,0.06921935727702973
0.25173034290968377,0.03831292271417047,0.15931000637420534,0.0028994172960959325,0.06921935727702973,0.26693705331204837
0.03831292271417047,0.15931000637420534,0.0028994172960959325,0.06921935727702973,0.26693705331204837,0.0030065942000372207
0.15931000637420534,0.0028994172960959325,0.06921935727702973,0.26693705331204837,0.0030065942000372207,0.04815063431804464
0.0028994172960959325,0.06921935727702973,0.26693705331204837,0.0030065942000372207,0.04815063431804464,0.1554606632558087
0.06921935727702973,0.26693705331204837,0.0030065942000372207,0.04815063431804464,0.1554606632558087,0.08916103047772696
0.26693705331204837,0.0030065942000372207,0.04815063431804464,0.1554606632558087,0.08916103047772696,0.08906964806489279
0.0030065942000372207,0.04815063431804464,0.1554606632558087,0.08916103047772696,0.08906964806489279,0.2018913903100797
0.04815063431804464,0.1554606632558087,0.08916103047772696,0.08906964806489279,0.2018913903100797,0.026746278423032878
0.1554606632558087,0.08916103047772696,0.08906964806489279,0.2018913903100797,0.026746278423032878,0.12121707835759855
0.08916103047772696,0.08906964806489279,0.2018913903100797,0.026746278423032878,0.12121707835759855,0.0490103059054474
0.08906964806489279,0.2018913903100797,0.026746278423032878,0.12121707835759855,0.0490103059054474,0.039277514849642085
0.2018913903100797,0.026746278423032878,0.12121707835759855,0.0490103059054474,0.039277514849642085,0.06218516784467247
0.026746278423032878,0.12121707835759855,0.0490103059054474,0.039277514849642085,0.06218516784467247,0.01930876537847549
0.12121707835759855,0.0490103059054474,0.039277514849642085,0.06218516784467247,0.01930876537847549,0.0721018519040823
0.0490103059054474,0.039277514849642085,0.06218516784467247,0.01930876537847549,0.0721018519040823,0.10083654393971017
0.039277514849642085,0.06218516784467247,0.01930876537847549,0.0721018519040823,0.10083654393971017,0.10917377888840629
0.06218516784467247,0.01930876537847549,0.0721018519040823,0.10083654393971017,0.10917377888840629,0.06286207460640693
0.01930876537847549,0.0721018519040823,0.10083654393971017,0.10917377888840629,0.06286207460640693,0.14950049921873676
0.0721018519040823,0.10083654393971017,0.10917377888840629,0.06286207460640693,0.14950049921873676,0.05447576391748506
0.10083654393971017,0.10917377888840629,0.06286207460640693,0.14950049921873676,0.05447576391748506,0.11460031476164423
0.10917377888840629,0.06286207460640693,0.14950049921873676,0.05447576391748506,0.11460031476164423,0.35798778183295077
0.06286207460640693,0.14950049921873676,0.05447576391748506,0.11460031476164423,0.35798778183295077,0.8771188591864709
0.14950049921873676,0.05447576391748506,0.11460031476164423,0.35798778183295077,0.8771188591864709,0.4524444795433135
0.05447576391748506,0.11460031476164423,0.35798778183295077,0.8771188591864709,0.4524444795433135,0.09667920824472435
0.11460031476164423,0.35798778183295077,0.8771188591864709,0.4524444795433135,0.09667920824472435,0.1203765857951116
0.35798778183295077,0.8771188591864709,0.4524444795433135,0.09667920824472435,0.1203765857951116,0.09484027820867907
0.8771188591864709,0.4524444795433135,0.09667920824472435,0.1203765857951116,0.09484027820867907,0.09561702871776936
0.4524444795433135,0.09667920824472435,0.1203765857951116,0.09484027820867907,0.09561702871776936,0.17200200815672648
0.09667920824472435,0.1203765857951116,0.09484027820867907,0.09561702871776936,0.17200200815672648,0.1008985937262025
0.1203765857951116,0.09484027820867907,0.09561702871776936,0.17200200815672648,0.1008985937262025,0.0573283618292277
0.09484027820867907,0.09561702871776936,0.17200200815672648,0.1008985937262025,0.0573283618292277,0.10765073867450373
0.09561702871776936,0.17200200815672648,0.1008985937262025,0.0573283618292277,0.10765073867450373,0.16522729964970076
0.17200200815672648,0.1008985937262025,0.0573283618292277,0.10765073867450373,0.16522729964970076,0.44590668840289494
0.1008985937262025,0.0573283618292277,0.10765073867450373,0.16522729964970076,0.44590668840289494,0.20730269578117858
0.0573283618292277,0.10765073867450373,0.16522729964970076,0.44590668840289494,0.20730269578117858,0.2995143193984555
0.10765073867450373,0.16522729964970076,0.44590668840289494,0.20730269578117858,0.2995143193984555,0.28446442572922603
0.16522729964970076,0.44590668840289494,0.20730269578117858,0.2995143193984555,0.28446442572922603,0.43915341527665747
0.44590668840289494,0.20730269578117858,0.2995143193984555,0.28446442572922603,0.43915341527665747,0.03895598413781822
0.20730269578117858,0.2995143193984555,0.28446442572922603,0.43915341527665747,0.03895598413781822,0.06960970684296326
0.2995143193984555,0.28446442572922603,0.43915341527665747,0.03895598413781822,0.06960970684296326,0.1013949920181411
0.28446442572922603,0.43915341527665747,0.03895598413781822,0.06960970684296326,0.1013949920181411,0.10313238603992621
0.43915341527665747,0.03895598413781822,0.06960970684296326,0.1013949920181411,0.10313238603992621,0.0638435894109219
0.03895598413781822,0.06960970684296326,0.1013949920181411,0.10313238603992621,0.0638435894109219,0.10198164454497764
0.06960970684296326,0.1013949920181411,0.10313238603992621,0.0638435894109219,0.10198164454497764,0.10633471911189833
0.1013949920181411,0.10313238603992621,0.0638435894109219,0.10198164454497764,0.10633471911189833,0.021604607478691546
0.10313238603992621,0.0638435894109219,0.10198164454497764,0.10633471911189833,0.021604607478691546,0.07932219069591656
0.0638435894109219,0.10198164454497764,0.10633471911189833,0.021604607478691546,0.07932219069591656,0.11981249682699954
0.10198164454497764,0.10633471911189833,0.021604607478691546,0.07932219069591656,0.11981249682699954,0.0876881941819864
0.10633471911189833,0.021604607478691546,0.07932219069591656,0.11981249682699954,0.0876881941819864,0.0019652859649023895
0.021604607478691546,0.07932219069591656,0.11981249682699954,0.0876881941819864,0.0019652859649023895,0.08120117104869781
0.07932219069591656,0.11981249682699954,0.0876881941819864,0.0019652859649023895,0.08120117104869781,0.00331120224281774
0.11981249682699954,0.0876881941819864,0.0019652859649023895,0.08120117104869781,0.00331120224281774,0.07074070522402792
0.0876881941819864,0.0019652859649023895,0.08120117104869781,0.00331120224281774,0.07074070522402792,0.04315844695025299
0.0019652859649023895,0.08120117104869781,0.00331120224281774,0.07074070522402792,0.04315844695025299,0.06273233414374114
0.08120117104869781,0.00331120224281774,0.07074070522402792,0.04315844695025299,0.06273233414374114,0.018440068367582933
0.00331120224281774,0.07074070522402792,0.04315844695025299,0.06273233414374114,0.018440068367582933,0.06617891773890577
0.07074070522402792,0.04315844695025299,0.06273233414374114,0.018440068367582933,0.06617891773890577,0.024905656120083254
0.04315844695025299,0.06273233414374114,0.018440068367582933,0.06617891773890577,0.024905656120083254,0.04359843634538039
0.06273233414374114,0.018440068367582933,0.06617891773890577,0.024905656120083254,0.04359843634538039,0.02737523762247782
0.018440068367582933,0.06617891773890577,0.024905656120083254,0.04359843634538039,0.02737523762247782,0.05232489268207381
0.06617891773890577,0.024905656120083254,0.04359843634538039,0.02737523762247782,0.05232489268207381,0.07024599919899364
0.024905656120083254,0.04359843634538039,0.02737523762247782,0.05232489268207381,0.07024599919899364,0.4081522137671553
0.04359843634538039,0.02737523762247782,0.05232489268207381,0.07024599919899364,0.4081522137671553,0.19042741021113851
0.02737523762247782,0.05232489268207381,0.07024599919899364,0.4081522137671553,0.19042741021113851,0.0927813534750701
0.05232489268207381,0.07024599919899364,0.4081522137671553,0.19042741021113851,0.0927813534750701,0.08192264083891312
0.07024599919899364,0.4081522137671553,0.19042741021113851,0.0927813534750701,0.08192264083891312,0.05589557585022308
0.4081522137671553,0.19042741021113851,0.0927813534750701,0.08192264083891312,0.05589557585022308,0.1499235659448208
0.19042741021113851,0.0927813534750701,0.08192264083891312,0.05589557585022308,0.1499235659448208,0.09204803781652443
0.0927813534750701,0.08192264083891312,0.05589557585022308,0.1499235659448208,0.09204803781652443,0.15402449274299543
0.08192264083891312,0.05589557585022308,0.1499235659448208,0.09204803781652443,0.15402449274299543,0.21949265838207999
0.05589557585022308,0.1499235659448208,0.09204803781652443,0.15402449274299543,0.21949265838207999,0.08578100938079954
0.1499235659448208,0.09204803781652443,0.15402449274299543,0.21949265838207999,0.08578100938079954,0.11393694613514442
0.09204803781652443,0.15402449274299543,0.21949265838207999,0.08578100938079954,0.11393694613514442,0.3001855852705089
0.15402449274299543,0.21949265838207999,0.08578100938079954,0.11393694613514442,0.3001855852705089,0.10908916554318947
0.21949265838207999,0.08578100938079954,0.11393694613514442,0.3001855852705089,0.10908916554318947,0.09772841372541277
0.08578100938079954,0.11393694613514442,0.3001855852705089,0.10908916554318947,0.09772841372541277,0.17073280797847437
0.11393694613514442,0.3001855852705089,0.10908916554318947,0.09772841372541277,0.17073280797847437,0.17439938627120272
0.3001855852705089,0.10908916554318947,0.09772841372541277,0.17073280797847437,0.17439938627120272,0.10726997862102812
0.10908916554318947,0.09772841372541277,0.17073280797847437,0.17439938627120272,0.10726997862102812,0.12052832572753373
0.09772841372541277,0.17073280797847437,0.17439938627120272,0.10726997862102812,0.12052832572753373,0.05590121673990423
0.17073280797847437,0.17439938627120272,0.10726997862102812,0.12052832572753373,0.05590121673990423,0.3235151768136871
0.17439938627120272,0.10726997862102812,0.12052832572753373,0.05590121673990423,0.3235151768136871,0.04688594685153742
0.10726997862102812,0.12052832572753373,0.05590121673990423,0.3235151768136871,0.04688594685153742,0.05968174100419119
0.12052832572753373,0.05590121673990423,0.3235151768136871,0.04688594685153742,0.05968174100419119,0.05662325061908764
0.05590121673990423,0.3235151768136871,0.04688594685153742,0.05968174100419119,0.05662325061908764,0.05055365332220198
0.3235151768136871,0.04688594685153742,0.05968174100419119,0.05662325061908764,0.05055365332220198,0.05477698742645688
0.04688594685153742,0.05968174100419119,0.05662325061908764,0.05055365332220198,0.05477698742645688,0.04172114825950348
0.05968174100419119,0.05662325061908764,0.05055365332220198,0.05477698742645688,0.04172114825950348,0.06334719111898329
0.05662325061908764,0.05055365332220198,0.05477698742645688,0.04172114825950348,0.06334719111898329,0.032181839719760595
0.05055365332220198,0.05477698742645688,0.04172114825950348,0.06334719111898329,0.032181839719760595,0.061987736705833234
0.05477698742645688,0.04172114825950348,0.06334719111898329,0.032181839719760595,0.061987736705833234,0.028480851999977443
0.04172114825950348,0.06334719111898329,0.032181839719760595,0.061987736705833234,0.028480851999977443,0.06054310485849829
0.06334719111898329,0.032181839719760595,0.061987736705833234,0.028480851999977443,0.06054310485849829,0.028514697338064166
0.032181839719760595,0.061987736705833234,0.028480851999977443,0.06054310485849829,0.028514697338064166,0.0663481444293394
0.061987736705833234,0.028480851999977443,0.06054310485849829,0.028514697338064166,0.0663481444293394,0.02840752043412286
0.028480851999977443,0.06054310485849829,0.028514697338064166,0.0663481444293394,0.02840752043412286,0.06704197386011723
0.06054310485849829,0.028514697338064166,0.0663481444293394,0.02840752043412286,0.06704197386011723,0.015986281356295515
0.028514697338064166,0.0663481444293394,0.02840752043412286,0.06704197386011723,0.015986281356295515,0.09618280995278575
0.0663481444293394,0.02840752043412286,0.06704197386011723,0.015986281356295515,0.09618280995278575,0.015173993242214166
0.02840752043412286,0.06704197386011723,0.015986281356295515,0.09618280995278575,0.015173993242214166,0.06061812869125718
0.06704197386011723,0.015986281356295515,0.09618280995278575,0.015173993242214166,0.06061812869125718,0.026134241892631298
0.015986281356295515,0.09618280995278575,0.015173993242214166,0.06061812869125718,0.026134241892631298,0.08461334521680759
0.09618280995278575,0.015173993242214166,0.06061812869125718,0.026134241892631298,0.08461334521680759,0.0231614930306808
0.015173993242214166,0.06061812869125718,0.026134241892631298,0.08461334521680759,0.0231614930306808,0.05771758321722502
0.06061812869125718,0.026134241892631298,0.08461334521680759,0.0231614930306808,0.05771758321722502,0.024515306554149727
0.026134241892631298,0.08461334521680759,0.0231614930306808,0.05771758321722502,0.024515306554149727,0.055213028198807516
0.08461334521680759,0.0231614930306808,0.05771758321722502,0.024515306554149727,0.055213028198807516,0.058480795591080624
0.0231614930306808,0.05771758321722502,0.024515306554149727,0.055213028198807516,0.058480795591080624,0.05441766275376951
0.05771758321722502,0.024515306554149727,0.055213028198807516,0.058480795591080624,0.05441766275376951,0.2441715507369822
0.024515306554149727,0.055213028198807516,0.058480795591080624,0.05441766275376951,0.2441715507369822,0.008207494486030344
0.055213028198807516,0.058480795591080624,0.05441766275376951,0.2441715507369822,0.008207494486030344,0.05321051236200973
0.058480795591080624,0.05441766275376951,0.2441715507369822,0.008207494486030344,0.05321051236200973,0.13259024013267373
0.05441766275376951,0.2441715507369822,0.008207494486030344,0.05321051236200973,0.13259024013267373,0.08471488123106777
0.2441715507369822,0.008207494486030344,0.05321051236200973,0.13259024013267373,0.08471488123106777,0.01626268495067041
0.008207494486030344,0.05321051236200973,0.13259024013267373,0.08471488123106777,0.01626268495067041,0.0916588164285271
0.05321051236200973,0.13259024013267373,0.08471488123106777,0.01626268495067041,0.0916588164285271,0.008060831354321198
0.13259024013267373,0.08471488123106777,0.01626268495067041,0.0916588164285271,0.008060831354321198,0.08496872126671819
0.08471488123106777,0.01626268495067041,0.0916588164285271,0.008060831354321198,0.08496872126671819,0.04416816620317357
0.01626268495067041,0.0916588164285271,0.008060831354321198,0.08496872126671819,0.04416816620317357,0.13197425497949536
0.0916588164285271,0.008060831354321198,0.08496872126671819,0.04416816620317357,0.13197425497949536,0.013154554736373017
0.008060831354321198,0.08496872126671819,0.04416816620317357,0.13197425497949536,0.013154554736373017,0.06380974407283517
0.08496872126671819,0.04416816620317357,0.13197425497949536,0.013154554736373017,0.06380974407283517,0.015439115057226829
0.04416816620317357,0.13197425497949536,0.013154554736373017,0.06380974407283517,0.015439115057226829,0.06490407667097255
0.13197425497949536,0.013154554736373017,0.06380974407283517,0.015439115057226829,0.06490407667097255,0.01668180305397768
0.013154554736373017,0.06380974407283517,0.015439115057226829,0.06490407667097255,0.01668180305397768,0.5359296468238972
0.06380974407283517,0.015439115057226829,0.06490407667097255,0.01668180305397768,0.5359296468238972,0.0358704174822453
0.015439115057226829,0.06490407667097255,0.01668180305397768,0.5359296468238972,0.0358704174822453,0.2242417234046154
0.06490407667097255,0.01668180305397768,0.5359296468238972,0.0358704174822453,0.2242417234046154,0.044196370651579164
0.01668180305397768,0.5359296468238972,0.0358704174822453,0.2242417234046154,0.044196370651579164,0.09066489166671368
0.5359296468238972,0.0358704174822453,0.2242417234046154,0.044196370651579164,0.09066489166671368,0.3326940325028063
0.0358704174822453,0.2242417234046154,0.044196370651579164,0.09066489166671368,0.3326940325028063,0.4322557353745833
0.2242417234046154,0.044196370651579164,0.09066489166671368,0.3326940325028063,0.4322557353745833,0.01486374430975253
0.044196370651579164,0.09066489166671368,0.3326940325028063,0.4322557353745833,0.01486374430975253,0.07442025756302284
0.09066489166671368,0.3326940325028063,0.4322557353745833,0.01486374430975253,0.07442025756302284,0.10087603016747801
0.3326940325028063,0.4322557353745833,0.01486374430975253,0.07442025756302284,0.10087603016747801,0.11322393767945078
0.4322557353745833,0.01486374430975253,0.07442025756302284,0.10087603016747801,0.11322393767945078,0.05064277937916368
0.01486374430975253,0.07442025756302284,0.10087603016747801,0.11322393767945078,0.05064277937916368,0.16094586438173028
0.07442025756302284,0.10087603016747801,0.11322393767945078,0.05064277937916368,0.16094586438173028,0.08672867884722779
0.10087603016747801,0.11322393767945078,0.05064277937916368,0.16094586438173028,0.08672867884722779,0.06316555447125122
0.11322393767945078,0.05064277937916368,0.16094586438173028,0.08672867884722779,0.06316555447125122,0.0034691471538891147
0.05064277937916368,0.16094586438173028,0.08672867884722779,0.06316555447125122,0.0034691471538891147,0.06829989225900708
0.16094586438173028,0.08672867884722779,0.06316555447125122,0.0034691471538891147,0.06829989225900708,0.0016753442352927899
0.08672867884722779,0.06316555447125122,0.0034691471538891147,0.06829989225900708,0.0016753442352927899,0.06926448439447871
0.06316555447125122,0.0034691471538891147,0.06829989225900708,0.0016753442352927899,0.06926448439447871,0.0010520259255289795
0.0034691471538891147,0.06829989225900708,0.0016753442352927899,0.06926448439447871,0.0010520259255289795,0.23040777991504818
0.06829989225900708,0.0016753442352927899,0.06926448439447871,0.0010520259255289795,0.23040777991504818,0.005285513631209917
0.0016753442352927899,0.06926448439447871,0.0010520259255289795,0.23040777991504818,0.005285513631209917,0.10118063821025852
0.06926448439447871,0.0010520259255289795,0.23040777991504818,0.005285513631209917,0.10118063821025852,0.12066427116884877
0.0010520259255289795,0.23040777991504818,0.005285513631209917,0.10118063821025852,0.12066427116884877,0.09020910778047915
0.23040777991504818,0.005285513631209917,0.10118063821025852,0.12066427116884877,0.09020910778047915,0.002701986157256718
0.005285513631209917,0.10118063821025852,0.12066427116884877,0.09020910778047915,0.002701986157256718,0.08025857838298255
0.10118063821025852,0.12066427116884877,0.09020910778047915,0.002701986157256718,0.08025857838298255,0.009931914461548876
0.12066427116884877,0.09020910778047915,0.002701986157256718,0.08025857838298255,0.009931914461548876,0.07009482335553964
0.09020910778047915,0.002701986157256718,0.08025857838298255,0.009931914461548876,0.07009482335553964,0.020414379755975112
0.002701986157256718,0.08025857838298255,0.009931914461548876,0.07009482335553964,0.020414379755975112,0.06648634622652685
0.08025857838298255,0.009931914461548876,0.07009482335553964,0.020414379755975112,0.06648634622652685,0.07078752460838124
0.009931914461548876,0.07009482335553964,0.020414379755975112,0.06648634622652685,0.07078752460838124,0.056050700316453914
0.07009482335553964,0.020414379755975112,0.06648634622652685,0.07078752460838124,0.056050700316453914,0.028915200505423712
0.020414379755975112,0.06648634622652685,0.07078752460838124,0.056050700316453914,0.028915200505423712,0.044957890758530426
0.06648634622652685,0.07078752460838124,0.056050700316453914,0.028915200505423712,0.044957890758530426,0.037872933319043074
0.07078752460838124,0.056050700316453914,0.028915200505423712,0.044957890758530426,0.037872933319043074,0.0385949671982265
0.056050700316453914,0.028915200505423712,0.044957890758530426,0.037872933319043074,0.0385949671982265,0.023460460183780188
0.028915200505423712,0.044957890758530426,0.037872933319043074,0.0385949671982265,0.023460460183780188,0.04050722880012636
0.044957890758530426,0.037872933319043074,0.0385949671982265,0.023460460183780188,0.04050722880012636,0.0424984628575619
0.037872933319043074,0.0385949671982265,0.023460460183780188,0.04050722880012636,0.0424984628575619,0.02894340495382932
0.0385949671982265,0.023460460183780188,0.04050722880012636,0.0424984628575619,0.02894340495382932,0.04561787485122154
0.023460460183780188,0.04050722880012636,0.0424984628575619,0.02894340495382932,0.04561787485122154,0.030799257658917962
0.04050722880012636,0.0424984628575619,0.02894340495382932,0.04561787485122154,0.030799257658917962,0.0762253422609814
0.0424984628575619,0.02894340495382932,0.04561787485122154,0.030799257658917962,0.0762253422609814,0.09131077353520196
0.02894340495382932,0.04561787485122154,0.030799257658917962,0.0762253422609814,0.09131077353520196,0.1507132905001777
0.04561787485122154,0.030799257658917962,0.0762253422609814,0.09131077353520196,0.1507132905001777,0.1129475340850759
0.030799257658917962,0.0762253422609814,0.09131077353520196,0.1507132905001777,0.1129475340850759,0.09021474867016026
0.0762253422609814,0.09131077353520196,0.1507132905001777,0.1129475340850759,0.09021474867016026,0.1810330725362004
0.09131077353520196,0.1507132905001777,0.1129475340850759,0.09021474867016026,0.1810330725362004,0.1390761350880261
0.1507132905001777,0.1129475340850759,0.09021474867016026,0.1810330725362004,0.1390761350880261,0.10203241255210772
0.1129475340850759,0.09021474867016026,0.1810330725362004,0.1390761350880261,0.10203241255210772,0.06390169057463745
0.09021474867016026,0.1810330725362004,0.1390761350880261,0.10203241255210772,0.06390169057463745,0.07379975969809957
0.1810330725362004,0.1390761350880261,0.10203241255210772,0.06390169057463745,0.07379975969809957,0.08178161859688511
0.1390761350880261,0.10203241255210772,0.06390169057463745,0.07379975969809957,0.08178161859688511,0.08334527321649171
0.10203241255210772,0.06390169057463745,0.07379975969809957,0.08178161859688511,0.08334527321649171,0.08015704236872241
0.06390169057463745,0.07379975969809957,0.08178161859688511,0.08334527321649171,0.08015704236872241,0.27242676714971487
0.07379975969809957,0.08178161859688511,0.08334527321649171,0.08015704236872241,0.27242676714971487,0.03897290680686158
0.08178161859688511,0.08334527321649171,0.08015704236872241,0.27242676714971487,0.03897290680686158,0.09576256367154228
0.08334527321649171,0.08015704236872241,0.27242676714971487,0.03897290680686158,0.09576256367154228,0.12544436108463028
0.08015704236872241,0.27242676714971487,0.03897290680686158,0.09576256367154228,0.12544436108463028,0.12427895327651077
0.27242676714971487,0.03897290680686158,0.09576256367154228,0.12544436108463028,0.12427895327651077,0.07286901290071471
0.03897290680686158,0.09576256367154228,0.12544436108463028,0.12427895327651077,0.07286901290071471,0.11272133440886298
0.09576256367154228,0.12544436108463028,0.12427895327651077,0.07286901290071471,0.11272133440886298,0.06747068147588238
0.12544436108463028,0.12427895327651077,0.07286901290071471,0.11272133440886298,0.06747068147588238,0.05688837243410032
0.12427895327651077,0.07286901290071471,0.11272133440886298,0.06747068147588238,0.05688837243410032,0.03357175493718868
0.07286901290071471,0.11272133440886298,0.06747068147588238,0.05688837243410032,0.03357175493718868,0.1057666815210095
0.11272133440886298,0.06747068147588238,0.05688837243410032,0.03357175493718868,0.1057666815210095,0.036784241610586826
0.06747068147588238,0.05688837243410032,0.03357175493718868,0.1057666815210095,0.036784241610586826,0.02391173135826982
0.05688837243410032,0.03357175493718868,0.1057666815210095,0.036784241610586826,0.02391173135826982,0.054259717842698146
0.03357175493718868,0.1057666815210095,0.036784241610586826,0.02391173135826982,0.054259717842698146,0.12748974768300456
0.1057666815210095,0.036784241610586826,0.02391173135826982,0.054259717842698146,0.12748974768300456,0.37168668242355185
0.036784241610586826,0.02391173135826982,0.054259717842698146,0.12748974768300456,0.37168668242355185,0.20094484902158768
0.02391173135826982,0.054259717842698146,0.12748974768300456,0.37168668242355185,0.20094484902158768,0.17842246879177787
0.054259717842698146,0.12748974768300456,0.37168668242355185,0.20094484902158768,0.17842246879177787,0.02628090502434044
0.12748974768300456,0.37168668242355185,0.20094484902158768,0.17842246879177787,0.02628090502434044,0.07520434122869858
0.37168668242355185,0.20094484902158768,0.17842246879177787,0.02628090502434044,0.07520434122869858,0.5744287188975447
0.20094484902158768,0.17842246879177787,0.02628090502434044,0.07520434122869858,0.5744287188975447,0.24019303124488792
0.17842246879177787,0.02628090502434044,0.07520434122869858,0.5744287188975447,0.24019303124488792,0.07216390169057464
0.02628090502434044,0.07520434122869858,0.5744287188975447,0.24019303124488792,0.07216390169057464,0.35771137823857585
0.07520434122869858,0.5744287188975447,0.24019303124488792,0.07216390169057464,0.35771137823857585,0.07784822622223977
0.5744287188975447,0.24019303124488792,0.07216390169057464,0.35771137823857585,0.07784822622223977,0.2532251786751807
0.24019303124488792,0.07216390169057464,0.35771137823857585,0.07784822622223977,0.2532251786751807,0.15945102861623336
0.07216390169057464,0.35771137823857585,0.07784822622223977,0.2532251786751807,0.15945102861623336,0.3377369878777281
0.35771137823857585,0.07784822622223977,0.2532251786751807,0.15945102861623336,0.3377369878777281,0.12849946693592515
0.07784822622223977,0.2532251786751807,0.15945102861623336,0.3377369878777281,0.12849946693592515,0.3063454368022924
0.2532251786751807,0.15945102861623336,0.3377369878777281,0.12849946693592515,0.3063454368022924,0.07690788991239697
0.15945102861623336,0.3377369878777281,0.12849946693592515,0.3063454368022924,0.07690788991239697,0.08091292158599254
0.3377369878777281,0.12849946693592515,0.3063454368022924,0.07690788991239697,0.08091292158599254,0.07271106798964332
0.12849946693592515,0.3063454368022924,0.07690788991239697,0.08091292158599254,0.07271106798964332,0.1054113054710989
0.3063454368022924,0.07690788991239697,0.08091292158599254,0.07271106798964332,0.1054113054710989,0.08907359668766957
0.07690788991239697,0.08091292158599254,0.07271106798964332,0.1054113054710989,0.08907359668766957,0.13396887357073956
0.08091292158599254,0.07271106798964332,0.1054113054710989,0.08907359668766957,0.13396887357073956,0.24471871703605091
0.07271106798964332,0.1054113054710989,0.08907359668766957,0.13396887357073956,0.24471871703605091,0.006864962741923649
0.1054113054710989,0.08907359668766957,0.13396887357073956,0.24471871703605091,0.006864962741923649,0.031547239630634535
0.08907359668766957,0.13396887357073956,0.24471871703605091,0.006864962741923649,0.031547239630634535,0.13089120416072025
0.13396887357073956,0.24471871703605091,0.006864962741923649,0.031547239630634535,0.13089120416072025,0.09519847470343022
0.24471871703605091,0.006864962741923649,0.031547239630634535,0.13089120416072025,0.09519847470343022,0.0355663735284329
0.006864962741923649,0.031547239630634535,0.13089120416072025,0.09519847470343022,0.0355663735284329,0.09289981215837362
0.031547239630634535,0.13089120416072025,0.09519847470343022,0.0355663735284329,0.09289981215837362,0.10252881084404632
0.13089120416072025,0.09519847470343022,0.0355663735284329,0.09289981215837362,0.10252881084404632,0.049814696773975195
0.09519847470343022,0.0355663735284329,0.09289981215837362,0.10252881084404632,0.049814696773975195,0.04025902965415706
0.0355663735284329,0.09289981215837362,0.10252881084404632,0.049814696773975195,0.04025902965415706,0.06300309684843493
0.09289981215837362,0.10252881084404632,0.049814696773975195,0.04025902965415706,0.06300309684843493,0.06913474393181293
0.10252881084404632,0.049814696773975195,0.04025902965415706,0.06300309684843493,0.06913474393181293,0.04837175719354457
0.049814696773975195,0.04025902965415706,0.06300309684843493,0.06913474393181293,0.04837175719354457,0.05699554933804161
0.04025902965415706,0.06300309684843493,0.06913474393181293,0.04837175719354457,0.05699554933804161,0.04812807075932016
0.06300309684843493,0.06913474393181293,0.04837175719354457,0.05699554933804161,0.04812807075932016,0.051726958375875036
0.06913474393181293,0.04837175719354457,0.05699554933804161,0.04812807075932016,0.051726958375875036,0.04898548599085048
0.04837175719354457,0.05699554933804161,0.04812807075932016,0.051726958375875036,0.04898548599085048,0.05227130423010317
0.05699554933804161,0.04812807075932016,0.051726958375875036,0.04898548599085048,0.05227130423010317,0.04736655065236889
0.04812807075932016,0.051726958375875036,0.04898548599085048,0.05227130423010317,0.04736655065236889,0.045781460651974026
0.051726958375875036,0.04898548599085048,0.05227130423010317,0.04736655065236889,0.045781460651974026,0.04854662477365931
0.04898548599085048,0.05227130423010317,0.04736655065236889,0.045781460651974026,0.04854662477365931,0.07169570784704164
0.05227130423010317,0.04736655065236889,0.045781460651974026,0.04854662477365931,0.07169570784704164,0.09895812767589705
0.04736655065236889,0.045781460651974026,0.04854662477365931,0.07169570784704164,0.09895812767589705,0.04423472870141079
0.045781460651974026,0.04854662477365931,0.07169570784704164,0.09895812767589705,0.04423472870141079,0.03655691375643766
0.04854662477365931,0.07169570784704164,0.09895812767589705,0.04423472870141079,0.03655691375643766,0.04128003068643987
0.07169570784704164,0.09895812767589705,0.04423472870141079,0.03655691375643766,0.04128003068643987,0.04575776891531332
0.09895812767589705,0.04423472870141079,0.03655691375643766,0.04128003068643987,0.04575776891531332,0.033320735346378826
0.04423472870141079,0.03655691375643766,0.04128003068643987,0.04575776891531332,0.033320735346378826,0.05152952723703582
0.03655691375643766,0.04128003068643987,0.04575776891531332,0.033320735346378826,0.05152952723703582,0.032728441929861185
0.04128003068643987,0.04575776891531332,0.033320735346378826,0.05152952723703582,0.032728441929861185,0.04894599976308264
0.04575776891531332,0.033320735346378826,0.05152952723703582,0.032728441929861185,0.04894599976308264,0.024255825628818176
0.033320735346378826,0.05152952723703582,0.032728441929861185,0.04894599976308264,0.024255825628818176,0.058828838484405774
0.05152952723703582,0.032728441929861185,0.04894599976308264,0.024255825628818176,0.058828838484405774,0.023358924169520016
0.032728441929861185,0.04894599976308264,0.024255825628818176,0.058828838484405774,0.023358924169520016,0.08548768311738128
0.04894599976308264,0.024255825628818176,0.058828838484405774,0.023358924169520016,0.08548768311738128,0.016877541925912547
0.024255825628818176,0.058828838484405774,0.023358924169520016,0.08548768311738128,0.016877541925912547,0.2522944318777958
0.058828838484405774,0.023358924169520016,0.08548768311738128,0.016877541925912547,0.2522944318777958,0.009634639575353815
0.023358924169520016,0.08548768311738128,0.016877541925912547,0.2522944318777958,0.009634639575353815,0.05071723912295447
0.08548768311738128,0.016877541925912547,0.2522944318777958,0.009634639575353815,0.05071723912295447,0.09569205255052826
0.016877541925912547,0.2522944318777958,0.009634639575353815,0.05071723912295447,0.09569205255052826,0.08477129012787896
0.2522944318777958,0.009634639575353815,0.05071723912295447,0.09569205255052826,0.08477129012787896,0.01800571986213665
0.009634639575353815,0.05071723912295447,0.09569205255052826,0.08477129012787896,0.01800571986213665,0.08746763539545457
0.05071723912295447,0.09569205255052826,0.08477129012787896,0.01800571986213665,0.08746763539545457,0.010780304269589393
0.09569205255052826,0.08477129012787896,0.01800571986213665,0.08746763539545457,0.010780304269589393,0.0841034087896343
0.08477129012787896,0.01800571986213665,0.08746763539545457,0.010780304269589393,0.0841034087896343,0.007316233916413296
0.01800571986213665,0.08746763539545457,0.010780304269589393,0.0841034087896343,0.007316233916413296,0.11380551340557432
0.08746763539545457,0.010780304269589393,0.0841034087896343,0.007316233916413296,0.11380551340557432,0.006582918257867624
0.010780304269589393,0.0841034087896343,0.007316233916413296,0.11380551340557432,0.006582918257867624,0.11298137942316264
0.0841034087896343,0.007316233916413296,0.11380551340557432,0.006582918257867624,0.11298137942316264,0.05116851029744412
0.007316233916413296,0.11380551340557432,0.006582918257867624,0.11298137942316264,0.05116851029744412,0.0733146431855232
0.11380551340557432,0.006582918257867624,0.11298137942316264,0.05116851029744412,0.0733146431855232,0.009487976443644687
0.006582918257867624,0.11298137942316264,0.05116851029744412,0.0733146431855232,0.009487976443644687,0.13406138416150998
0.11298137942316264,0.05116851029744412,0.0733146431855232,0.009487976443644687,0.13406138416150998,0.00647010046424522
0.05116851029744412,0.0733146431855232,0.009487976443644687,0.13406138416150998,0.00647010046424522,0.0692362799460731
0.0733146431855232,0.009487976443644687,0.13406138416150998,0.00647010046424522,0.0692362799460731,0.005979343061987733
0.009487976443644687,0.13406138416150998,0.00647010046424522,0.0692362799460731,0.005979343061987733,0.13066556857347542
0.13406138416150998,0.00647010046424522,0.0692362799460731,0.005979343061987733,0.13066556857347542,0.2880633133457809
0.00647010046424522,0.0692362799460731,0.005979343061987733,0.13066556857347542,0.2880633133457809,0.2966713109991708
0.0692362799460731,0.005979343061987733,0.13066556857347542,0.2880633133457809,0.2966713109991708,0.0024707096803307793
0.005979343061987733,0.13066556857347542,0.2880633133457809,0.2966713109991708,0.0024707096803307793,0.07070855215284556
0.13066556857347542,0.2880633133457809,0.2966713109991708,0.0024707096803307793,0.07070855215284556,0.28568285790034803
0.2880633133457809,0.2966713109991708,0.0024707096803307793,0.07070855215284556,0.28568285790034803,0.46447649723314366
0.2966713109991708,0.0024707096803307793,0.07070855215284556,0.28568285790034803,0.46447649723314366,0.030144914455907983
0.0024707096803307793,0.07070855215284556,0.28568285790034803,0.46447649723314366,0.030144914455907983,0.06047597827129294
0.07070855215284556,0.28568285790034803,0.46447649723314366,0.030144914455907983,0.06047597827129294,0.003785036976031864
0.28568285790034803,0.46447649723314366,0.030144914455907983,0.06047597827129294,0.003785036976031864,0.06131082994409878
0.46447649723314366,0.030144914455907983,0.06047597827129294,0.003785036976031864,0.06131082994409878,0.1777557156314694
0.030144914455907983,0.06047597827129294,0.003785036976031864,0.06131082994409878,0.1777557156314694,0.11933302120410431
0.06047597827129294,0.003785036976031864,0.06131082994409878,0.1777557156314694,0.11933302120410431,0.14860359775943863
0.003785036976031864,0.06131082994409878,0.1777557156314694,0.11933302120410431,0.14860359775943863,0.6354405816885439
0.06131082994409878,0.1777557156314694,0.11933302120410431,0.14860359775943863,0.6354405816885439,0.22994522696119635
0.1777557156314694,0.11933302120410431,0.14860359775943863,0.6354405816885439,0.22994522696119635,0.3504628349983359
0.11933302120410431,0.14860359775943863,0.6354405816885439,0.22994522696119635,0.3504628349983359,0.17542038730348553
0.14860359775943863,0.6354405816885439,0.22994522696119635,0.3504628349983359,0.17542038730348553,0.10212830767668678
0.6354405816885439,0.22994522696119635,0.3504628349983359,0.17542038730348553,0.10212830767668678,0.2063268218663448
0.22994522696119635,0.3504628349983359,0.17542038730348553,0.10212830767668678,0.2063268218663448,0.0924823863219707
0.3504628349983359,0.17542038730348553,0.10212830767668678,0.2063268218663448,0.0924823863219707,0.09525206315540088
0.17542038730348553,0.10212830767668678,0.2063268218663448,0.0924823863219707,0.09525206315540088,0.15373116647957716
0.10212830767668678,0.2063268218663448,0.0924823863219707,0.09525206315540088,0.15373116647957716,0.08457385898903975
0.2063268218663448,0.0924823863219707,0.09525206315540088,0.15373116647957716,0.08457385898903975,0.12998866181174096
0.0924823863219707,0.09525206315540088,0.15373116647957716,0.08457385898903975,0.12998866181174096,0.07192247161222269
0.09525206315540088,0.15373116647957716,0.08457385898903975,0.12998866181174096,0.07192247161222269,0.04931265759235546
0.15373116647957716,0.08457385898903975,0.12998866181174096,0.07192247161222269,0.04931265759235546,0.03923802862187424
0.08457385898903975,0.12998866181174096,0.07192247161222269,0.04931265759235546,0.03923802862187424,0.1361090271157567
0.12998866181174096,0.07192247161222269,0.04931265759235546,0.03923802862187424,0.1361090271157567,0.13703413302346046
0.07192247161222269,0.04931265759235546,0.03923802862187424,0.1361090271157567,0.13703413302346046,0.17419067335300126
0.04931265759235546,0.03923802862187424,0.1361090271157567,0.13703413302346046,0.17419067335300126,0.05602023951217585
0.03923802862187424,0.1361090271157567,0.13703413302346046,0.17419067335300126,0.05602023951217585,0.022546636055438662
0.1361090271157567,0.13703413302346046,0.17419067335300126,0.05602023951217585,0.022546636055438662,0.4958342029704925
0.13703413302346046,0.17419067335300126,0.05602023951217585,0.022546636055438662,0.4958342029704925,0.29698155993163244
0.17419067335300126,0.05602023951217585,0.022546636055438662,0.4958342029704925,0.29698155993163244,0.11219729575748685
0.05602023951217585,0.022546636055438662,0.4958342029704925,0.29698155993163244,0.11219729575748685,0.005035058129368157
0.022546636055438662,0.4958342029704925,0.29698155993163244,0.11219729575748685,0.005035058129368157,0.13663814256784582
0.4958342029704925,0.29698155993163244,0.11219729575748685,0.005035058129368157,0.13663814256784582,0.10898593726202496
0.29698155993163244,0.11219729575748685,0.005035058129368157,0.13663814256784582,0.10898593726202496,0.07938988137209001
0.11219729575748685,0.005035058129368157,0.13663814256784582,0.10898593726202496,0.07938988137209001,0.020183103279049174
0.005035058129368157,0.13663814256784582,0.10898593726202496,0.07938988137209001,0.020183103279049174,0.0814826514437857
0.13663814256784582,0.10898593726202496,0.07938988137209001,0.020183103279049174,0.0814826514437857,0.08413443368288047
0.10898593726202496,0.07938988137209001,0.020183103279049174,0.0814826514437857,0.08413443368288047,0.19452608065344068
0.07938988137209001,0.020183103279049174,0.0814826514437857,0.08413443368288047,0.19452608065344068,0.03484941644996249
0.020183103279049174,0.0814826514437857,0.08413443368288047,0.19452608065344068,0.03484941644996249,0.09477822842218674
0.0814826514437857,0.08413443368288047,0.19452608065344068,0.03484941644996249,0.09477822842218674,0.05802783214968665
0.08413443368288047,0.19452608065344068,0.03484941644996249,0.09477822842218674,0.05802783214968665,0.12880971586838677
0.19452608065344068,0.03484941644996249,0.09477822842218674,0.05802783214968665,0.12880971586838677,0.06430445009786945
0.03484941644996249,0.09477822842218674,0.05802783214968665,0.12880971586838677,0.06430445009786945,0.09225110984504477
0.09477822842218674,0.05802783214968665,0.12880971586838677,0.06430445009786945,0.09225110984504477,0.10183385323533228
0.05802783214968665,0.12880971586838677,0.06430445009786945,0.09225110984504477,0.10183385323533228,0.08554973290387362
0.12880971586838677,0.06430445009786945,0.09225110984504477,0.10183385323533228,0.08554973290387362,0.32894284086486125
0.06430445009786945,0.09225110984504477,0.10183385323533228,0.08554973290387362,0.32894284086486125,0.038675067831698426
0.09225110984504477,0.10183385323533228,0.08554973290387362,0.32894284086486125,0.038675067831698426,0.05219515221940805
0.10183385323533228,0.08554973290387362,0.32894284086486125,0.038675067831698426,0.05219515221940805,0.09692176650101254
0.08554973290387362,0.32894284086486125,0.038675067831698426,0.05219515221940805,0.09692176650101254,0.0948318168741574
0.32894284086486125,0.038675067831698426,0.05219515221940805,0.09692176650101254,0.0948318168741574,0.10227327854149157
0.038675067831698426,0.05219515221940805,0.09692176650101254,0.0948318168741574,0.10227327854149157,0.11473569611399109
0.05219515221940805,0.09692176650101254,0.0948318168741574,0.10227327854149157,0.11473569611399109,0.05960897352730473
0.09692176650101254,0.0948318168741574,0.10227327854149157,0.11473569611399109,0.05960897352730473,0.15439115057226827
0.0948318168741574,0.10227327854149157,0.11473569611399109,0.05960897352730473,0.15439115057226827,0.31247708388567047
0.10227327854149157,0.11473569611399109,0.05960897352730473,0.15439115057226827,0.31247708388567047,0.18033360221574146
0.11473569611399109,0.05960897352730473,0.15439115057226827,0.31247708388567047,0.18033360221574146,0.12663233245147426
0.05960897352730473,0.15439115057226827,0.31247708388567047,0.18033360221574146,0.12663233245147426,0.050586370482352476
0.15439115057226827,0.31247708388567047,0.18033360221574146,0.12663233245147426,0.050586370482352476,0.11458226391466461
0.31247708388567047,0.18033360221574146,0.12663233245147426,0.050586370482352476,0.11458226391466461,0.04180012071503918
0.18033360221574146,0.12663233245147426,0.050586370482352476,0.11458226391466461,0.04180012071503918,0.14929291447847154
0.12663233245147426,0.050586370482352476,0.11458226391466461,0.04180012071503918,0.14929291447847154,0.042033089458869445
0.050586370482352476,0.11458226391466461,0.04180012071503918,0.14929291447847154,0.042033089458869445,0.10748771696271936
0.11458226391466461,0.04180012071503918,0.14929291447847154,0.042033089458869445,0.10748771696271936,0.03688577762484698
0.04180012071503918,0.14929291447847154,0.042033089458869445,0.10748771696271936,0.03688577762484698,0.16594933352888416
0.14929291447847154,0.042033089458869445,0.10748771696271936,0.03688577762484698,0.16594933352888416,0.13929048889590867
0.042033089458869445,0.10748771696271936,0.03688577762484698,0.16594933352888416,0.13929048889590867,0.6228952430377319
0.10748771696271936,0.03688577762484698,0.16594933352888416,0.13929048889590867,0.6228952430377319,0.09058140649943308
0.03688577762484698,0.16594933352888416,0.13929048889590867,0.6228952430377319,0.09058140649943308,0.15630905306384923
0.16594933352888416,0.13929048889590867,0.6228952430377319,0.09058140649943308,0.15630905306384923,0.12880407497870563
0.13929048889590867,0.6228952430377319,0.09058140649943308,0.15630905306384923,0.12880407497870563,0.11917507629303292
0.6228952430377319,0.09058140649943308,0.15630905306384923,0.12880407497870563,0.11917507629303292,0.09502642756815603
0.09058140649943308,0.15630905306384923,0.12880407497870563,0.11917507629303292,0.09502642756815603,0.13013532494345006
0.15630905306384923,0.12880407497870563,0.11917507629303292,0.09502642756815603,0.13013532494345006,0.058060549309837145
0.12880407497870563,0.11917507629303292,0.09502642756815603,0.13013532494345006,0.058060549309837145,0.18788675349876183
0.11917507629303292,0.09502642756815603,0.13013532494345006,0.058060549309837145,0.18788675349876183,0.1955470816857235
0.09502642756815603,0.13013532494345006,0.058060549309837145,0.18788675349876183,0.1955470816857235,0.19105129260987042
0.13013532494345006,0.058060549309837145,0.18788675349876183,0.1955470816857235,0.19105129260987042,0.14866000665624984
0.058060549309837145,0.18788675349876183,0.1955470816857235,0.19105129260987042,0.14866000665624984,0.1593776970503788
0.18788675349876183,0.1955470816857235,0.19105129260987042,0.14866000665624984,0.1593776970503788,0.06144621129644568
0.1955470816857235,0.19105129260987042,0.14866000665624984,0.1593776970503788,0.06144621129644568,0.15247719670346407
0.19105129260987042,0.14866000665624984,0.1593776970503788,0.06144621129644568,0.15247719670346407,0.29774872092826477
0.14866000665624984,0.1593776970503788,0.06144621129644568,0.15247719670346407,0.29774872092826477,0.05626787456917705
0.1593776970503788,0.06144621129644568,0.15247719670346407,0.29774872092826477,0.05626787456917705,0.11042154368587014
0.06144621129644568,0.15247719670346407,0.29774872092826477,0.05626787456917705,0.11042154368587014,0.1416709443413415
0.15247719670346407,0.29774872092826477,0.05626787456917705,0.11042154368587014,0.1416709443413415,0.13537232692340234
0.29774872092826477,0.05626787456917705,0.11042154368587014,0.1416709443413415,0.13537232692340234,0.05520174641944528
0.05626787456917705,0.11042154368587014,0.1416709443413415,0.13537232692340234,0.05520174641944528,0.15474652662217883
0.11042154368587014,0.1416709443413415,0.13537232692340234,0.05520174641944528,0.15474652662217883,0.18467144638052313
0.1416709443413415,0.13537232692340234,0.05520174641944528,0.15474652662217883,0.18467144638052313,0.17158458232032356
0.13537232692340234,0.05520174641944528,0.15474652662217883,0.18467144638052313,0.17158458232032356,0.03921546506314977
0.05520174641944528,0.15474652662217883,0.18467144638052313,0.17158458232032356,0.03921546506314977,0.06638198976742613
0.15474652662217883,0.18467144638052313,0.17158458232032356,0.03921546506314977,0.06638198976742613,0.038335486272894966
0.18467144638052313,0.17158458232032356,0.03921546506314977,0.06638198976742613,0.038335486272894966,0.06294330341781507
0.17158458232032356,0.03921546506314977,0.06638198976742613,0.038335486272894966,0.06294330341781507,0.04308116676162164
0.03921546506314977,0.06638198976742613,0.038335486272894966,0.06294330341781507,0.04308116676162164,0.054135618269713484
0.06638198976742613,0.038335486272894966,0.06294330341781507,0.04308116676162164,0.054135618269713484,0.039615404141541195
0.038335486272894966,0.06294330341781507,0.04308116676162164,0.054135618269713484,0.039615404141541195,0.0941481410448056
0.06294330341781507,0.04308116676162164,0.054135618269713484,0.039615404141541195,0.0941481410448056,0.04385227638103082
0.04308116676162164,0.054135618269713484,0.039615404141541195,0.0941481410448056,0.04385227638103082,0.056561200832595304
0.054135618269713484,0.039615404141541195,0.0941481410448056,0.04385227638103082,0.056561200832595304,0.04534711214652774
0.039615404141541195,0.0941481410448056,0.04385227638103082,0.056561200832595304,0.04534711214652774,0.05582224428436852
0.0941481410448056,0.04385227638103082,0.056561200832595304,0.04534711214652774,0.05582224428436852,0.04371689502868392
0.04385227638103082,0.056561200832595304,0.04534711214652774,0.05582224428436852,0.04371689502868392,0.060142037602170614
0.056561200832595304,0.04534711214652774,0.05582224428436852,0.04371689502868392,0.060142037602170614,0.04333895542004884
0.04534711214652774,0.05582224428436852,0.04371689502868392,0.060142037602170614,0.04333895542004884,0.07904014621186053
0.05582224428436852,0.04371689502868392,0.060142037602170614,0.04333895542004884,0.07904014621186053,0.034121741681097946
0.04371689502868392,0.060142037602170614,0.04333895542004884,0.07904014621186053,0.034121741681097946,0.05499641803505248
0.060142037602170614,0.04333895542004884,0.07904014621186053,0.034121741681097946,0.05499641803505248,0.036995210884660734
0.04333895542004884,0.07904014621186053,0.034121741681097946,0.05499641803505248,0.036995210884660734,0.0602813675772943
0.07904014621186053,0.034121741681097946,0.05499641803505248,0.036995210884660734,0.0602813675772943,0.03641250698060097
0.034121741681097946,0.05499641803505248,0.036995210884660734,0.0602813675772943,0.03641250698060097,0.05007417769930674
0.05499641803505248,0.036995210884660734,0.0602813675772943,0.03641250698060097,0.05007417769930674,0.06321745065631751
0.036995210884660734,0.0602813675772943,0.03641250698060097,0.05007417769930674,0.06321745065631751,0.08892298493318365
0.0602813675772943,0.03641250698060097,0.05007417769930674,0.06321745065631751,0.08892298493318365,0.026782944205960158
0.03641250698060097,0.05007417769930674,0.06321745065631751,0.08892298493318365,0.026782944205960158,0.05806731837745449
0.05007417769930674,0.06321745065631751,0.08892298493318365,0.026782944205960158,0.05806731837745449,0.023206620148129756
0.06321745065631751,0.08892298493318365,0.026782944205960158,0.05806731837745449,0.023206620148129756,0.24985756753555172
0.08892298493318365,0.026782944205960158,0.05806731837745449,0.023206620148129756,0.24985756753555172,0.008630561212114382
0.026782944205960158,0.05806731837745449,0.023206620148129756,0.24985756753555172,0.008630561212114382,0.11078143244752561
0.05806731837745449,0.023206620148129756,0.24985756753555172,0.008630561212114382,0.11078143244752561,0.12664361423083648
0.023206620148129756,0.24985756753555172,0.008630561212114382,0.11078143244752561,0.12664361423083648,0.09521821781731415
0.24985756753555172,0.008630561212114382,0.11078143244752561,0.12664361423083648,0.09521821781731415,0.00923413640799427
0.008630561212114382,0.11078143244752561,0.12664361423083648,0.09521821781731415,0.00923413640799427,0.0851097435087462
0.11078143244752561,0.12664361423083648,0.09521821781731415,0.00923413640799427,0.0851097435087462,0.017548807797965887
0.12664361423083648,0.09521821781731415,0.00923413640799427,0.0851097435087462,0.017548807797965887,0.07197211144141653
0.09521821781731415,0.00923413640799427,0.0851097435087462,0.017548807797965887,0.07197211144141653,0.024453256767657392
0.00923413640799427,0.0851097435087462,0.017548807797965887,0.07197211144141653,0.024453256767657392,0.06999215916334324
0.0851097435087462,0.017548807797965887,0.07197211144141653,0.024453256767657392,0.06999215916334324,0.02622788066133791
0.017548807797965887,0.07197211144141653,0.024453256767657392,0.06999215916334324,0.02622788066133791,0.057638610761689336
0.07197211144141653,0.024453256767657392,0.06999215916334324,0.02622788066133791,0.057638610761689336,0.026015783209327778
0.024453256767657392,0.06999215916334324,0.02622788066133791,0.057638610761689336,0.026015783209327778,0.06094417211482596
0.06999215916334324,0.02622788066133791,0.057638610761689336,0.026015783209327778,0.06094417211482596,0.06058315517523422
0.02622788066133791,0.057638610761689336,0.026015783209327778,0.06094417211482596,0.06058315517523422,0.087862497673133
0.057638610761689336,0.026015783209327778,0.06094417211482596,0.06058315517523422,0.087862497673133,0.03299356374487385
0.026015783209327778,0.06094417211482596,0.06058315517523422,0.087862497673133,0.03299356374487385,0.06260259368107539
0.06094417211482596,0.06058315517523422,0.087862497673133,0.03299356374487385,0.06260259368107539,0.07278439955549788
0.06058315517523422,0.087862497673133,0.03299356374487385,0.06260259368107539,0.07278439955549788,0.08244724357925734
0.087862497673133,0.03299356374487385,0.06260259368107539,0.07278439955549788,0.08244724357925734,0.05854679400034975
0.03299356374487385,0.06260259368107539,0.07278439955549788,0.08244724357925734,0.05854679400034975,0.10314930870896959
0.06260259368107539,0.07278439955549788,0.08244724357925734,0.05854679400034975,0.10314930870896959,0.14326167523141747
0.07278439955549788,0.08244724357925734,0.05854679400034975,0.10314930870896959,0.14326167523141747,0.05408485026258341
0.08244724357925734,0.05854679400034975,0.10314930870896959,0.14326167523141747,0.05408485026258341,0.03091207545254038
0.05854679400034975,0.10314930870896959,0.14326167523141747,0.05408485026258341,0.03091207545254038,0.05292169881033636
0.10314930870896959,0.14326167523141747,0.05408485026258341,0.03091207545254038,0.05292169881033636,0.06235439453510609
0.14326167523141747,0.05408485026258341,0.03091207545254038,0.05292169881033636,0.06235439453510609,0.04272409844480672
0.05408485026258341,0.03091207545254038,0.05292169881033636,0.06235439453510609,0.04272409844480672,0.027860354135054173
0.03091207545254038,0.05292169881033636,0.06235439453510609,0.04272409844480672,0.027860354135054173,0.039276950760673966
0.05292169881033636,0.06235439453510609,0.04272409844480672,0.027860354135054173,0.039276950760673966,0.08726456336693422
0.06235439453510609,0.04272409844480672,0.027860354135054173,0.039276950760673966,0.08726456336693422,0.10298572290821709
0.04272409844480672,0.027860354135054173,0.039276950760673966,0.08726456336693422,0.10298572290821709,0.02912391342362517
0.027860354135054173,0.039276950760673966,0.08726456336693422,0.10298572290821709,0.02912391342362517,0.274073906936602
0.039276950760673966,0.08726456336693422,0.10298572290821709,0.02912391342362517,0.274073906936602,0.2181371525917068
0.08726456336693422,0.10298572290821709,0.02912391342362517,0.274073906936602,0.2181371525917068,0.42029140836092665
0.10298572290821709,0.02912391342362517,0.274073906936602,0.2181371525917068,0.42029140836092665,0.002989671530993875
0.02912391342362517,0.274073906936602,0.2181371525917068,0.42029140836092665,0.002989671530993875,0.049515729620875804
0.274073906936602,0.2181371525917068,0.42029140836092665,0.002989671530993875,0.049515729620875804,0.11761254985136256
0.2181371525917068,0.42029140836092665,0.002989671530993875,0.049515729620875804,0.11761254985136256,0.11043959453284971
0.42029140836092665,0.002989671530993875,0.049515729620875804,0.11761254985136256,0.11043959453284971,0.059251905210489814
0.002989671530993875,0.049515729620875804,0.11761254985136256,0.11043959453284971,0.059251905210489814,0.16394117680240528
0.049515729620875804,0.11761254985136256,0.11043959453284971,0.059251905210489814,0.16394117680240528,0.5019150820467404
0.11761254985136256,0.11043959453284971,0.059251905210489814,0.16394117680240528,0.5019150820467404,0.30168606192568687
0.11043959453284971,0.059251905210489814,0.16394117680240528,0.5019150820467404,0.30168606192568687,0.13240296259526052
0.059251905210489814,0.16394117680240528,0.5019150820467404,0.30168606192568687,0.13240296259526052,0.058400130868640585
0.16394117680240528,0.5019150820467404,0.30168606192568687,0.13240296259526052,0.058400130868640585,0.3155964958793301
0.5019150820467404,0.30168606192568687,0.13240296259526052,0.058400130868640585,0.3155964958793301,0.18944363905075107
0.30168606192568687,0.13240296259526052,0.058400130868640585,0.3155964958793301,0.18944363905075107,0.13101530373370487
0.13240296259526052,0.058400130868640585,0.3155964958793301,0.18944363905075107,0.13101530373370487,0.20609667356735506
0.058400130868640585,0.3155964958793301,0.18944363905075107,0.13101530373370487,0.20609667356735506,0.07514793233188737
0.3155964958793301,0.18944363905075107,0.13101530373370487,0.20609667356735506,0.07514793233188737,0.07236697371909499
0.18944363905075107,0.13101530373370487,0.20609667356735506,0.07514793233188737,0.07236697371909499,0.07405924062343114
0.13101530373370487,0.20609667356735506,0.07514793233188737,0.07236697371909499,0.07405924062343114,0.05959035859135702
0.20609667356735506,0.07514793233188737,0.07236697371909499,0.07405924062343114,0.05959035859135702,0.15419371943342905
0.07514793233188737,0.07236697371909499,0.07405924062343114,0.05959035859135702,0.15419371943342905,0.06142364773772119
0.07236697371909499,0.07405924062343114,0.05959035859135702,0.15419371943342905,0.06142364773772119,0.20533402528246758
0.07405924062343114,0.05959035859135702,0.15419371943342905,0.06142364773772119,0.20533402528246758,0.1459862249473987
0.05959035859135702,0.15419371943342905,0.06142364773772119,0.20533402528246758,0.1459862249473987,0.14277655871884115
0.15419371943342905,0.06142364773772119,0.20533402528246758,0.1459862249473987,0.14277655871884115,0.16242377747818387
0.06142364773772119,0.20533402528246758,0.1459862249473987,0.14277655871884115,0.16242377747818387,0.1748675801147357
0.20533402528246758,0.1459862249473987,0.14277655871884115,0.16242377747818387,0.1748675801147357,0.218601397812463
0.1459862249473987,0.14277655871884115,0.16242377747818387,0.1748675801147357,0.218601397812463,0.09456387461430416
0.14277655871884115,0.16242377747818387,0.1748675801147357,0.218601397812463,0.09456387461430416,0.1234508706713223
0.16242377747818387,0.1748675801147357,0.218601397812463,0.09456387461430416,0.1234508706713223,0.09477822842218674
0.1748675801147357,0.218601397812463,0.09456387461430416,0.1234508706713223,0.09477822842218674,0.09772277283573166
0.218601397812463,0.09456387461430416,0.1234508706713223,0.09477822842218674,0.09772277283573166,0.21915984589089393
0.09456387461430416,0.1234508706713223,0.09477822842218674,0.09772277283573166,0.21915984589089393,0.5379603671091004
0.1234508706713223,0.09477822842218674,0.09772277283573166,0.21915984589089393,0.5379603671091004,0.4930645261370624
0.09477822842218674,0.09772277283573166,0.21915984589089393,0.5379603671091004,0.4930645261370624,0.06795579798845873
0.09772277283573166,0.21915984589089393,0.5379603671091004,0.4930645261370624,0.06795579798845873,0.12647438754040286
0.21915984589089393,0.5379603671091004,0.4930645261370624,0.06795579798845873,0.12647438754040286,0.3548965742876967
0.5379603671091004,0.4930645261370624,0.06795579798845873,0.12647438754040286,0.3548965742876967,0.12185449889156517
0.4930645261370624,0.06795579798845873,0.12647438754040286,0.3548965742876967,0.12185449889156517,0.17143791918861445
0.06795579798845873,0.12647438754040286,0.3548965742876967,0.12185449889156517,0.17143791918861445,0.2755095133604472
0.12647438754040286,0.3548965742876967,0.12185449889156517,0.17143791918861445,0.2755095133604472,0.12971225821736604
0.3548965742876967,0.12185449889156517,0.17143791918861445,0.2755095133604472,0.12971225821736604,0.12669833086074334
0.12185449889156517,0.17143791918861445,0.2755095133604472,0.12971225821736604,0.12669833086074334,0.12875387106054365
0.17143791918861445,0.2755095133604472,0.12971225821736604,0.12669833086074334,0.12875387106054365,0.12570158565408934
0.2755095133604472,0.12971225821736604,0.12669833086074334,0.12875387106054365,0.12570158565408934,0.1265590008856197
0.12971225821736604,0.12669833086074334,0.12875387106054365,0.12570158565408934,0.1265590008856197,0.11414904358715458
0.12669833086074334,0.12875387106054365,0.12570158565408934,0.1265590008856197,0.11414904358715458,0.26800995052939747
0.12875387106054365,0.12570158565408934,0.1265590008856197,0.11414904358715458,0.26800995052939747,0.12417854544018682
0.12570158565408934,0.1265590008856197,0.11414904358715458,0.26800995052939747,0.12417854544018682,0.07333156585456659
0.1265590008856197,0.11414904358715458,0.26800995052939747,0.12417854544018682,0.07333156585456659,0.15494621411689052
0.11414904358715458,0.26800995052939747,0.12417854544018682,0.07333156585456659,0.15494621411689052,0.14522470484044744
0.26800995052939747,0.12417854544018682,0.07333156585456659,0.15494621411689052,0.14522470484044744,0.11768588141721713
0.12417854544018682,0.07333156585456659,0.15494621411689052,0.14522470484044744,0.11768588141721713,0.12739949344810664
0.07333156585456659,0.15494621411689052,0.14522470484044744,0.11768588141721713,0.12739949344810664,0.08162367368581372
0.15494621411689052,0.14522470484044744,0.11768588141721713,0.12739949344810664,0.08162367368581372,0.15151993772457792
0.14522470484044744,0.11768588141721713,0.12739949344810664,0.08162367368581372,0.15151993772457792,0.09052725395849433
0.11768588141721713,0.12739949344810664,0.08162367368581372,0.15151993772457792,0.09052725395849433,0.12375547871410278
0.12739949344810664,0.08162367368581372,0.15151993772457792,0.09052725395849433,0.12375547871410278,0.07487716962719361
0.08162367368581372,0.15151993772457792,0.09052725395849433,0.12375547871410278,0.07487716962719361,0.14717645267011514
0.15151993772457792,0.09052725395849433,0.12375547871410278,0.07487716962719361,0.14717645267011514,0.49770697834462463
0.09052725395849433,0.12375547871410278,0.07487716962719361,0.14717645267011514,0.49770697834462463,0.3760504746808667
0.12375547871410278,0.07487716962719361,0.14717645267011514,0.49770697834462463,0.3760504746808667,0.1887983212712309
0.07487716962719361,0.14717645267011514,0.49770697834462463,0.3760504746808667,0.1887983212712309,0.18967491552767704
0.14717645267011514,0.49770697834462463,0.3760504746808667,0.1887983212712309,0.18967491552767704,0.4499963334217073
0.49770697834462463,0.3760504746808667,0.1887983212712309,0.18967491552767704,0.4499963334217073,0.38680708721379536
0.3760504746808667,0.1887983212712309,0.18967491552767704,0.4499963334217073,0.38680708721379536,0.20402872341025624
0.1887983212712309,0.18967491552767704,0.4499963334217073,0.38680708721379536,0.20402872341025624,0.1623278823536048
0.18967491552767704,0.4499963334217073,0.38680708721379536,0.20402872341025624,0.1623278823536048,0.14354936060515466
0.4499963334217073,0.38680708721379536,0.20402872341025624,0.1623278823536048,0.14354936060515466,0.11639975856992166
0.38680708721379536,0.20402872341025624,0.1623278823536048,0.14354936060515466,0.11639975856992166,0.1800549422654941
0.20402872341025624,0.1623278823536048,0.14354936060515466,0.11639975856992166,0.1800549422654941,0.07887599632213993
0.1623278823536048,0.14354936060515466,0.11639975856992166,0.1800549422654941,0.07887599632213993,0.11834022462022711
0.14354936060515466,0.11639975856992166,0.1800549422654941,0.07887599632213993,0.11834022462022711,0.3901070076772508
0.11639975856992166,0.1800549422654941,0.07887599632213993,0.11834022462022711,0.3901070076772508,0.08979393829994868
0.1800549422654941,0.07887599632213993,0.11834022462022711,0.3901070076772508,0.08979393829994868,0.09112970097643802
0.07887599632213993,0.11834022462022711,0.3901070076772508,0.08979393829994868,0.09112970097643802,0.13466495935738987
0.11834022462022711,0.3901070076772508,0.08979393829994868,0.09112970097643802,0.13466495935738987,0.16851593833379402
0.3901070076772508,0.08979393829994868,0.09112970097643802,0.13466495935738987,0.16851593833379402,0.21581479830998945
0.08979393829994868,0.09112970097643802,0.13466495935738987,0.16851593833379402,0.21581479830998945,0.12215346604466457
0.09112970097643802,0.13466495935738987,0.16851593833379402,0.21581479830998945,0.12215346604466457,0.06864398652955545
0.13466495935738987,0.16851593833379402,0.21581479830998945,0.12215346604466457,0.06864398652955545,0.04617745110758869
0.16851593833379402,0.21581479830998945,0.12215346604466457,0.06864398652955545,0.04617745110758869,0.1112947534085076
0.21581479830998945,0.12215346604466457,0.06864398652955545,0.04617745110758869,0.1112947534085076,0.14080788822013007
0.12215346604466457,0.06864398652955545,0.04617745110758869,0.1112947534085076,0.14080788822013007,0.09531580520879754
0.06864398652955545,0.04617745110758869,0.1112947534085076,0.14080788822013007,0.09531580520879754,0.06377589873474844
0.04617745110758869,0.1112947534085076,0.14080788822013007,0.09531580520879754,0.06377589873474844,0.09032192557410156
0.1112947534085076,0.14080788822013007,0.09531580520879754,0.06377589873474844,0.09032192557410156,0.04366443475464951
0.14080788822013007,0.09531580520879754,0.06377589873474844,0.09032192557410156,0.04366443475464951,0.08796967457707429
0.09531580520879754,0.06377589873474844,0.09032192557410156,0.04366443475464951,0.08796967457707429,0.048302938339434894
0.06377589873474844,0.09032192557410156,0.04366443475464951,0.08796967457707429,0.048302938339434894,0.07346694720691348
0.09032192557410156,0.04366443475464951,0.08796967457707429,0.048302938339434894,0.07346694720691348,0.08232878489595379
0.04366443475464951,0.08796967457707429,0.048302938339434894,0.07346694720691348,0.08232878489595379,0.06333026844993991
0.08796967457707429,0.048302938339434894,0.07346694720691348,0.08232878489595379,0.06333026844993991,0.054914061045708146
0.048302938339434894,0.07346694720691348,0.08232878489595379,0.06333026844993991,0.054914061045708146,0.0639338436458198
0.07346694720691348,0.08232878489595379,0.06333026844993991,0.054914061045708146,0.0639338436458198,0.05600275275416437
0.08232878489595379,0.06333026844993991,0.054914061045708146,0.0639338436458198,0.05600275275416437,0.05063262577773766
0.06333026844993991,0.054914061045708146,0.0639338436458198,0.05600275275416437,0.05063262577773766,0.07826734432554702
0.054914061045708146,0.0639338436458198,0.05600275275416437,0.05063262577773766,0.07826734432554702,0.10659589230413419
0.0639338436458198,0.05600275275416437,0.05063262577773766,0.07826734432554702,0.10659589230413419,0.05076236624040344
0.05600275275416437,0.05063262577773766,0.07826734432554702,0.10659589230413419,0.05076236624040344,0.039896884536629124
0.05063262577773766,0.07826734432554702,0.10659589230413419,0.05076236624040344,0.039896884536629124,0.049222403357457534
0.07826734432554702,0.10659589230413419,0.05076236624040344,0.039896884536629124,0.049222403357457534,0.048398833464013954
0.10659589230413419,0.05076236624040344,0.039896884536629124,0.049222403357457534,0.048398833464013954,0.04882190019009799
0.05076236624040344,0.039896884536629124,0.049222403357457534,0.048398833464013954,0.04882190019009799,0.058749866028870064
0.039896884536629124,0.049222403357457534,0.048398833464013954,0.04882190019009799,0.058749866028870064,0.04121234001026642
0.049222403357457534,0.048398833464013954,0.04882190019009799,0.058749866028870064,0.04121234001026642,0.0892896427624565
0.048398833464013954,0.04882190019009799,0.058749866028870064,0.04121234001026642,0.0892896427624565,0.04185540143391415
0.04882190019009799,0.058749866028870064,0.04121234001026642,0.0892896427624565,0.04185540143391415,0.07707147571314947
0.058749866028870064,0.04121234001026642,0.0892896427624565,0.04185540143391415,0.07707147571314947,0.27253394405365616
0.04121234001026642,0.0892896427624565,0.04185540143391415,0.07707147571314947,0.27253394405365616,0.0081640596354857
0.0892896427624565,0.04185540143391415,0.07707147571314947,0.27253394405365616,0.0081640596354857,0.05429920407046599
0.04185540143391415,0.07707147571314947,0.27253394405365616,0.0081640596354857,0.05429920407046599,0.09561308009499259
0.07707147571314947,0.27253394405365616,0.0081640596354857,0.05429920407046599,0.09561308009499259,0.09427618924056702
0.27253394405365616,0.0081640596354857,0.05429920407046599,0.09561308009499259,0.09427618924056702,0.05836064464087275
0.0081640596354857,0.05429920407046599,0.09561308009499259,0.09427618924056702,0.05836064464087275,0.054859908504769385
0.05429920407046599,0.09561308009499259,0.09427618924056702,0.05836064464087275,0.054859908504769385,0.06372964343936326
0.09561308009499259,0.09427618924056702,0.05836064464087275,0.054859908504769385,0.06372964343936326,0.03440942705483509
0.09427618924056702,0.05836064464087275,0.054859908504769385,0.06372964343936326,0.03440942705483509,0.10360622077314036
0.05836064464087275,0.054859908504769385,0.06372964343936326,0.03440942705483509,0.10360622077314036,0.05288334076050475
0.054859908504769385,0.06372964343936326,0.03440942705483509,0.10360622077314036,0.05288334076050475,0.10038527276522052
0.06372964343936326,0.03440942705483509,0.10360622077314036,0.05288334076050475,0.10038527276522052,0.026027064988690007
0.03440942705483509,0.10360622077314036,0.05288334076050475,0.10038527276522052,0.026027064988690007,0.10418159152061462
0.10360622077314036,0.05288334076050475,0.10038527276522052,0.026027064988690007,0.10418159152061462,0.024955295949277125
0.05288334076050475,0.10038527276522052,0.026027064988690007,0.10418159152061462,0.024955295949277125,0.09453567016589855
0.10038527276522052,0.026027064988690007,0.10418159152061462,0.024955295949277125,0.09453567016589855,0.060058552434890014
0.026027064988690007,0.10418159152061462,0.024955295949277125,0.09453567016589855,0.060058552434890014,0.11295317497475703
0.10418159152061462,0.024955295949277125,0.09453567016589855,0.060058552434890014,0.11295317497475703,0.15900539833142482
0.024955295949277125,0.09453567016589855,0.060058552434890014,0.11295317497475703,0.15900539833142482,0.13976432362912278
0.09453567016589855,0.060058552434890014,0.11295317497475703,0.15900539833142482,0.13976432362912278,0.11702702550246225
0.060058552434890014,0.11295317497475703,0.15900539833142482,0.13976432362912278,0.11702702550246225,0.1364136351585372
0.11295317497475703,0.15900539833142482,0.13976432362912278,0.11702702550246225,0.1364136351585372,0.06151390197261913
0.15900539833142482,0.13976432362912278,0.11702702550246225,0.1364136351585372,0.06151390197261913,0.15596495879330088
0.13976432362912278,0.11702702550246225,0.1364136351585372,0.06151390197261913,0.15596495879330088,0.13034573012855585
0.11702702550246225,0.1364136351585372,0.06151390197261913,0.15596495879330088,0.13034573012855585,0.08500820749448602
0.1364136351585372,0.06151390197261913,0.15596495879330088,0.13034573012855585,0.08500820749448602,0.03650670983827569
0.06151390197261913,0.15596495879330088,0.13034573012855585,0.08500820749448602,0.03650670983827569,0.1270328356188338
0.15596495879330088,0.13034573012855585,0.08500820749448602,0.03650670983827569,0.1270328356188338,0.03207409872685119
0.13034573012855585,0.08500820749448602,0.03650670983827569,0.1270328356188338,0.03207409872685119,0.10778047913716951
0.08500820749448602,0.03650670983827569,0.1270328356188338,0.03207409872685119,0.10778047913716951,0.07282952667294687
0.03650670983827569,0.1270328356188338,0.03207409872685119,0.10778047913716951,0.07282952667294687,0.06349385425069243
0.1270328356188338,0.03207409872685119,0.10778047913716951,0.07282952667294687,0.06349385425069243,0.061976454926471004
0.03207409872685119,0.10778047913716951,0.07282952667294687,0.06349385425069243,0.061976454926471004,0.10416466885157129
0.10778047913716951,0.07282952667294687,0.06349385425069243,0.061976454926471004,0.10416466885157129,0.13882793594205678
0.07282952667294687,0.06349385425069243,0.061976454926471004,0.10416466885157129,0.13882793594205678,0.027482414526419106
0.06349385425069243,0.061976454926471004,0.10416466885157129,0.13882793594205678,0.027482414526419106,0.2580864974023703
0.061976454926471004,0.10416466885157129,0.13882793594205678,0.027482414526419106,0.2580864974023703,0.01890262132143481
0.10416466885157129,0.13882793594205678,0.027482414526419106,0.2580864974023703,0.01890262132143481,0.0650936105642582
0.13882793594205678,0.027482414526419106,0.2580864974023703,0.01890262132143481,0.0650936105642582,0.10608257134315224
0.027482414526419106,0.2580864974023703,0.01890262132143481,0.0650936105642582,0.10608257134315224,0.10212266678700566
0.2580864974023703,0.01890262132143481,0.0650936105642582,0.10608257134315224,0.10212266678700566,0.09870428764024664
0.01890262132143481,0.0650936105642582,0.10608257134315224,0.10212266678700566,0.09870428764024664,0.06743119524811454
0.0650936105642582,0.10608257134315224,0.10212266678700566,0.09870428764024664,0.06743119524811454,0.053385379942124465
0.10608257134315224,0.10212266678700566,0.09870428764024664,0.06743119524811454,0.053385379942124465,0.08942389593686717
0.10212266678700566,0.09870428764024664,0.06743119524811454,0.053385379942124465,0.08942389593686717,0.02126051320814319
0.09870428764024664,0.06743119524811454,0.053385379942124465,0.08942389593686717,0.02126051320814319,0.09934734906389436
0.06743119524811454,0.053385379942124465,0.08942389593686717,0.02126051320814319,0.09934734906389436,0.03150493295802614
0.053385379942124465,0.08942389593686717,0.02126051320814319,0.09934734906389436,0.03150493295802614,0.07975653920136283
0.08942389593686717,0.02126051320814319,0.09934734906389436,0.03150493295802614,0.07975653920136283,0.052476068525527844
0.02126051320814319,0.09934734906389436,0.03150493295802614,0.07975653920136283,0.052476068525527844,0.06604353638655888
0.09934734906389436,0.03150493295802614,0.07975653920136283,0.052476068525527844,0.06604353638655888,0.05844977069783446
0.03150493295802614,0.07975653920136283,0.052476068525527844,0.06604353638655888,0.05844977069783446,0.04068773726992221
0.07975653920136283,0.052476068525527844,0.06604353638655888,0.05844977069783446,0.04068773726992221,0.08127619488145671
0.052476068525527844,0.06604353638655888,0.05844977069783446,0.04068773726992221,0.08127619488145671,0.023263029044940972
0.06604353638655888,0.05844977069783446,0.04068773726992221,0.08127619488145671,0.023263029044940972,0.13102263689029034
0.05844977069783446,0.04068773726992221,0.08127619488145671,0.023263029044940972,0.13102263689029034,0.013786334380658516
0.04068773726992221,0.08127619488145671,0.023263029044940972,0.13102263689029034,0.013786334380658516,0.10129909689356205
0.08127619488145671,0.023263029044940972,0.13102263689029034,0.013786334380658516,0.10129909689356205,0.03433158277723562
0.023263029044940972,0.13102263689029034,0.013786334380658516,0.10129909689356205,0.03433158277723562,0.08367695752974158
0.13102263689029034,0.013786334380658516,0.10129909689356205,0.03433158277723562,0.08367695752974158,0.5528748794259831
0.013786334380658516,0.10129909689356205,0.03433158277723562,0.08367695752974158,0.5528748794259831,0.22630346858306494
0.10129909689356205,0.03433158277723562,0.08367695752974158,0.5528748794259831,0.22630346858306494,0.2487355945779768
0.03433158277723562,0.08367695752974158,0.5528748794259831,0.22630346858306494,0.2487355945779768,0.0634882133610113
0.08367695752974158,0.5528748794259831,0.22630346858306494,0.2487355945779768,0.0634882133610113,0.11861267959182524
0.5528748794259831,0.22630346858306494,0.2487355945779768,0.0634882133610113,0.11861267959182524,0.07659087191231802
0.22630346858306494,0.2487355945779768,0.0634882133610113,0.11861267959182524,0.07659087191231802,0.17196816281863977
0.2487355945779768,0.0634882133610113,0.11861267959182524,0.07659087191231802,0.17196816281863977,0.10277700999001561
0.0634882133610113,0.11861267959182524,0.07659087191231802,0.17196816281863977,0.10277700999001561,0.039898012714565334
0.11861267959182524,0.07659087191231802,0.17196816281863977,0.10277700999001561,0.039898012714565334,0.09086909187317023
0.07659087191231802,0.17196816281863977,0.10277700999001561,0.039898012714565334,0.09086909187317023,0.02357891886708372
0.17196816281863977,0.10277700999001561,0.039898012714565334,0.09086909187317023,0.02357891886708372,0.13059787789730196
0.10277700999001561,0.039898012714565334,0.09086909187317023,0.02357891886708372,0.13059787789730196,0.299395860715152
0.039898012714565334,0.09086909187317023,0.02357891886708372,0.13059787789730196,0.299395860715152,0.011671000750238327
0.09086909187317023,0.02357891886708372,0.13059787789730196,0.299395860715152,0.011671000750238327,0.06465587752500325
0.02357891886708372,0.13059787789730196,0.299395860715152,0.011671000750238327,0.06465587752500325,0.1279083016973437
0.13059787789730196,0.299395860715152,0.011671000750238327,0.06465587752500325,0.1279083016973437,0.10257957885117643
0.299395860715152,0.011671000750238327,0.06465587752500325,0.1279083016973437,0.10257957885117643,0.7021373331001766
0.011671000750238327,0.06465587752500325,0.1279083016973437,0.10257957885117643,0.7021373331001766,0.040693378159603326
0.06465587752500325,0.1279083016973437,0.10257957885117643,0.7021373331001766,0.040693378159603326,0.11218037308844352
0.1279083016973437,0.10257957885117643,0.7021373331001766,0.040693378159603326,0.11218037308844352,0.1767177919301432
0.10257957885117643,0.7021373331001766,0.040693378159603326,0.11218037308844352,0.1767177919301432,0.10660717408349646
0.7021373331001766,0.040693378159603326,0.11218037308844352,0.1767177919301432,0.10660717408349646,0.08396464290347876
0.040693378159603326,0.11218037308844352,0.1767177919301432,0.10660717408349646,0.08396464290347876,0.020075926375107883
0.11218037308844352,0.1767177919301432,0.10660717408349646,0.08396464290347876,0.020075926375107883,0.15651776598205067
0.1767177919301432,0.10660717408349646,0.08396464290347876,0.020075926375107883,0.15651776598205067,0.018169305662889157
0.10660717408349646,0.08396464290347876,0.020075926375107883,0.15651776598205067,0.018169305662889157,0.1115807465153404
0.08396464290347876,0.020075926375107883,0.15651776598205067,0.018169305662889157,0.1115807465153404,0.029248012996609823
0.020075926375107883,0.15651776598205067,0.018169305662889157,0.1115807465153404,0.029248012996609823,0.1869165204736091
0.15651776598205067,0.018169305662889157,0.1115807465153404,0.029248012996609823,0.1869165204736091,0.05904262820332022
0.018169305662889157,0.1115807465153404,0.029248012996609823,0.1869165204736091,0.05904262820332022,0.08250929336574964
0.1115807465153404,0.029248012996609823,0.1869165204736091,0.05904262820332022,0.08250929336574964,0.14552367199354682
0.029248012996609823,0.1869165204736091,0.05904262820332022,0.08250929336574964,0.14552367199354682,0.06449229172425074
0.1869165204736091,0.05904262820332022,0.08250929336574964,0.14552367199354682,0.06449229172425074,0.13851204611991405
0.05904262820332022,0.08250929336574964,0.14552367199354682,0.06449229172425074,0.13851204611991405,0.05507764684646062
0.08250929336574964,0.14552367199354682,0.06449229172425074,0.13851204611991405,0.05507764684646062,0.16821697118069462
0.14552367199354682,0.06449229172425074,0.13851204611991405,0.05507764684646062,0.16821697118069462,0.20255306666967512
0.06449229172425074,0.13851204611991405,0.05507764684646062,0.16821697118069462,0.20255306666967512,0.1156720838010571
0.13851204611991405,0.05507764684646062,0.16821697118069462,0.20255306666967512,0.1156720838010571,0.17187903676167804
0.05507764684646062,0.16821697118069462,0.20255306666967512,0.1156720838010571,0.17187903676167804,0.1637493865532472
0.16821697118069462,0.20255306666967512,0.1156720838010571,0.17187903676167804,0.1637493865532472,0.16051715676596512
0.20255306666967512,0.1156720838010571,0.17187903676167804,0.1637493865532472,0.16051715676596512,0.19112462417572498
0.1156720838010571,0.17187903676167804,0.1637493865532472,0.16051715676596512,0.19112462417572498,0.13401851339993345
0.17187903676167804,0.1637493865532472,0.16051715676596512,0.19112462417572498,0.13401851339993345,0.546782718570373
0.1637493865532472,0.16051715676596512,0.19112462417572498,0.13401851339993345,0.546782718570373,0.27586206896551724
0.16051715676596512,0.19112462417572498,0.13401851339993345,0.546782718570373,0.27586206896551724,0.12454520326945967
0.19112462417572498,0.13401851339993345,0.546782718570373,0.27586206896551724,0.12454520326945967,0.09678074425898453
0.13401851339993345,0.546782718570373,0.27586206896551724,0.12454520326945967,0.09678074425898453,0.13443932377014503
0.546782718570373,0.27586206896551724,0.12454520326945967,0.09678074425898453,0.13443932377014503,0.4535839392588999
0.27586206896551724,0.12454520326945967,0.09678074425898453,0.13443932377014503,0.4535839392588999,0.16052279765564625
0.12454520326945967,0.09678074425898453,0.13443932377014503,0.4535839392588999,0.16052279765564625,0.13543888942163956
0.09678074425898453,0.13443932377014503,0.4535839392588999,0.16052279765564625,0.13543888942163956,0.2209057012472007
0.13443932377014503,0.4535839392588999,0.16052279765564625,0.13543888942163956,0.2209057012472007,0.27224625867991903
0.4535839392588999,0.16052279765564625,0.13543888942163956,0.2209057012472007,0.27224625867991903,0.0976776457182827
0.16052279765564625,0.13543888942163956,0.2209057012472007,0.27224625867991903,0.0976776457182827,0.09804430354755553
0.13543888942163956,0.2209057012472007,0.27224625867991903,0.0976776457182827,0.09804430354755553,0.02796753103899546
0.2209057012472007,0.27224625867991903,0.0976776457182827,0.09804430354755553,0.02796753103899546,0.11822740682660468
0.27224625867991903,0.0976776457182827,0.09804430354755553,0.02796753103899546,0.11822740682660468,0.18516333196071685
0.0976776457182827,0.09804430354755553,0.02796753103899546,0.11822740682660468,0.18516333196071685,0.017396503776575645
0.09804430354755553,0.02796753103899546,0.11822740682660468,0.18516333196071685,0.017396503776575645,0.09313672952498069
0.02796753103899546,0.11822740682660468,0.18516333196071685,0.017396503776575645,0.09313672952498069,0.0318541040292875
0.11822740682660468,0.18516333196071685,0.017396503776575645,0.09313672952498069,0.0318541040292875,0.058326799302786024
0.18516333196071685,0.017396503776575645,0.09313672952498069,0.0318541040292875,0.058326799302786024,0.09962375265826927
0.017396503776575645,0.09313672952498069,0.0318541040292875,0.058326799302786024,0.09962375265826927,0.02938339434895672
0.09313672952498069,0.0318541040292875,0.058326799302786024,0.09962375265826927,0.02938339434895672,0.12724718942671637
0.0318541040292875,0.058326799302786024,0.09962375265826927,0.02938339434895672,0.12724718942671637,0.01913389779836075
0.058326799302786024,0.09962375265826927,0.02938339434895672,0.12724718942671637,0.01913389779836075,0.07850426169215409
0.09962375265826927,0.02938339434895672,0.12724718942671637,0.01913389779836075,0.07850426169215409,0.04577581976229291
0.02938339434895672,0.12724718942671637,0.01913389779836075,0.07850426169215409,0.04577581976229291,0.05600275275416437
0.12724718942671637,0.01913389779836075,0.07850426169215409,0.04577581976229291,0.05600275275416437,0.07167314428831716
0.01913389779836075,0.07850426169215409,0.04577581976229291,0.05600275275416437,0.07167314428831716,0.056967344889636
0.07850426169215409,0.04577581976229291,0.05600275275416437,0.07167314428831716,0.056967344889636,0.09376850916926618
0.04577581976229291,0.05600275275416437,0.07167314428831716,0.056967344889636,0.09376850916926618,0.00718649345374753
0.05600275275416437,0.07167314428831716,0.056967344889636,0.09376850916926618,0.00718649345374753,0.08755224874067137
0.07167314428831716,0.056967344889636,0.09376850916926618,0.00718649345374753,0.08755224874067137,0.0372840244363341
0.056967344889636,0.09376850916926618,0.00718649345374753,0.08755224874067137,0.0372840244363341,0.08838710041347721
0.09376850916926618,0.00718649345374753,0.08755224874067137,0.0372840244363341,0.08838710041347721,0.05157465435448479
0.00718649345374753,0.08755224874067137,0.0372840244363341,0.08838710041347721,0.05157465435448479,0.06972139645864947
0.08755224874067137,0.0372840244363341,0.08838710041347721,0.05157465435448479,0.06972139645864947,0.06603789549687776
0.0372840244363341,0.08838710041347721,0.05157465435448479,0.06972139645864947,0.06603789549687776,0.07894425108728148
0.08838710041347721,0.05157465435448479,0.06972139645864947,0.06603789549687776,0.07894425108728148,0.09378543183830954
0.05157465435448479,0.06972139645864947,0.06603789549687776,0.07894425108728148,0.09378543183830954,0.006992446848716972
0.06972139645864947,0.06603789549687776,0.07894425108728148,0.09378543183830954,0.006992446848716972,0.08433694162243269
0.06603789549687776,0.07894425108728148,0.09378543183830954,0.006992446848716972,0.08433694162243269,0.02255791783480091
0.07894425108728148,0.09378543183830954,0.006992446848716972,0.08433694162243269,0.02255791783480091,0.2520518736215076
0.09378543183830954,0.006992446848716972,0.08433694162243269,0.02255791783480091,0.2520518736215076,0.008794147012866871
0.006992446848716972,0.08433694162243269,0.02255791783480091,0.2520518736215076,0.008794147012866871,0.05575455360819507
0.08433694162243269,0.02255791783480091,0.2520518736215076,0.008794147012866871,0.05575455360819507,0.0972150927644308
0.02255791783480091,0.2520518736215076,0.008794147012866871,0.05575455360819507,0.0972150927644308,0.1175166547267835
0.2520518736215076,0.008794147012866871,0.05575455360819507,0.0972150927644308,0.1175166547267835,0.13542817173124544
0.008794147012866871,0.05575455360819507,0.0972150927644308,0.1175166547267835,0.13542817173124544,0.024092239828065687
0.05575455360819507,0.0972150927644308,0.1175166547267835,0.13542817173124544,0.024092239828065687,0.07925450001974312
0.0972150927644308,0.1175166547267835,0.13542817173124544,0.024092239828065687,0.07925450001974312,0.08541999244120783
0.1175166547267835,0.13542817173124544,0.024092239828065687,0.07925450001974312,0.08541999244120783,0.03131821950958106
0.13542817173124544,0.024092239828065687,0.07925450001974312,0.08541999244120783,0.03131821950958106,0.08407746069710115
0.024092239828065687,0.07925450001974312,0.08541999244120783,0.03131821950958106,0.08407746069710115,0.007524946834614758
0.07925450001974312,0.08541999244120783,0.03131821950958106,0.08407746069710115,0.007524946834614758,0.09198598803003209
0.08541999244120783,0.03131821950958106,0.08407746069710115,0.007524946834614758,0.09198598803003209,0.024323516304991626
0.03131821950958106,0.08407746069710115,0.007524946834614758,0.09198598803003209,0.024323516304991626,0.06782041663611185
0.08407746069710115,0.007524946834614758,0.09198598803003209,0.024323516304991626,0.06782041663611185,0.06747068147588238
0.007524946834614758,0.09198598803003209,0.024323516304991626,0.06782041663611185,0.06747068147588238,0.3921828550799032
0.09198598803003209,0.024323516304991626,0.06782041663611185,0.06747068147588238,0.3921828550799032,0.1902672089441947
0.024323516304991626,0.06782041663611185,0.06747068147588238,0.3921828550799032,0.1902672089441947,0.432475730072147
0.06782041663611185,0.06747068147588238,0.3921828550799032,0.1902672089441947,0.432475730072147,0.08492415823823733
0.06747068147588238,0.3921828550799032,0.1902672089441947,0.432475730072147,0.08492415823823733,0.03659809225110984
0.3921828550799032,0.1902672089441947,0.432475730072147,0.08492415823823733,0.03659809225110984,0.17476604410047553
0.1902672089441947,0.432475730072147,0.08492415823823733,0.03659809225110984,0.17476604410047553,0.04111080399600625
0.432475730072147,0.08492415823823733,0.03659809225110984,0.17476604410047553,0.04111080399600625,0.06626917197380372
0.08492415823823733,0.03659809225110984,0.17476604410047553,0.04111080399600625,0.06626917197380372,0.04106567687855729
0.03659809225110984,0.17476604410047553,0.04111080399600625,0.06626917197380372,0.04106567687855729,0.048178838766450245
0.17476604410047553,0.04111080399600625,0.06626917197380372,0.04106567687855729,0.048178838766450245,0.05353204307383361
0.04111080399600625,0.06626917197380372,0.04106567687855729,0.048178838766450245,0.05353204307383361,0.17918850161047403
0.06626917197380372,0.04106567687855729,0.048178838766450245,0.05353204307383361,0.17918850161047403,0.17152817342351234
0.04106567687855729,0.048178838766450245,0.05353204307383361,0.17918850161047403,0.17152817342351234,0.14616109252751344
0.048178838766450245,0.05353204307383361,0.17918850161047403,0.17152817342351234,0.14616109252751344,0.256705607608432
0.05353204307383361,0.17918850161047403,0.17152817342351234,0.14616109252751344,0.256705607608432,0.09317621575274852
0.17918850161047403,0.17152817342351234,0.14616109252751344,0.256705607608432,0.09317621575274852,0.0931198068559373
0.17152817342351234,0.14616109252751344,0.256705607608432,0.09317621575274852,0.0931198068559373,0.33837440841169464
0.14616109252751344,0.256705607608432,0.09317621575274852,0.0931198068559373,0.33837440841169464,0.11599361451288097
0.256705607608432,0.09317621575274852,0.0931198068559373,0.33837440841169464,0.11599361451288097,0.06126570282664983
0.09317621575274852,0.0931198068559373,0.33837440841169464,0.11599361451288097,0.06126570282664983,0.29450520936162045
0.0931198068559373,0.33837440841169464,0.11599361451288097,0.06126570282664983,0.29450520936162045,0.0014835539861346907
0.33837440841169464,0.11599361451288097,0.06126570282664983,0.29450520936162045,0.0014835539861346907,0.0812062478494108
0.11599361451288097,0.06126570282664983,0.29450520936162045,0.0014835539861346907,0.0812062478494108,0.12277960479926896
0.06126570282664983,0.29450520936162045,0.0014835539861346907,0.0812062478494108,0.12277960479926896,0.15065124071368535
0.29450520936162045,0.0014835539861346907,0.0812062478494108,0.12277960479926896,0.15065124071368535,0.28888688323922457
0.0014835539861346907,0.0812062478494108,0.12277960479926896,0.15065124071368535,0.28888688323922457,0.12060617000513323
0.0812062478494108,0.12277960479926896,0.15065124071368535,0.28888688323922457,0.12060617000513323,0.26150600472706553
0.12277960479926896,0.15065124071368535,0.28888688323922457,0.12060617000513323,0.26150600472706553,0.14871641555306103
0.15065124071368535,0.28888688323922457,0.12060617000513323,0.26150600472706553,0.14871641555306103,0.031154633708828552
0.28888688323922457,0.12060617000513323,0.26150600472706553,0.14871641555306103,0.031154633708828552,0.09059832916847646
0.12060617000513323,0.26150600472706553,0.14871641555306103,0.031154633708828552,0.09059832916847646,0.040625687483429894
0.26150600472706553,0.14871641555306103,0.031154633708828552,0.09059832916847646,0.040625687483429894,0.13087992238135798
0.14871641555306103,0.031154633708828552,0.09059832916847646,0.040625687483429894,0.13087992238135798,0.06664147069275765
0.031154633708828552,0.09059832916847646,0.040625687483429894,0.13087992238135798,0.06664147069275765,0.04930137581299323
0.09059832916847646,0.040625687483429894,0.13087992238135798,0.06664147069275765,0.04930137581299323,0.14035097615595932
0.040625687483429894,0.13087992238135798,0.06664147069275765,0.04930137581299323,0.14035097615595932,0.004535275303620883
0.13087992238135798,0.06664147069275765,0.04930137581299323,0.14035097615595932,0.004535275303620883,0.1215837361868714
0.06664147069275765,0.04930137581299323,0.14035097615595932,0.004535275303620883,0.1215837361868714,0.046858870581068045
0.04930137581299323,0.14035097615595932,0.004535275303620883,0.1215837361868714,0.046858870581068045,0.05305313153990647
0.14035097615595932,0.004535275303620883,0.1215837361868714,0.046858870581068045,0.05305313153990647,0.12226064294860586
0.004535275303620883,0.1215837361868714,0.046858870581068045,0.05305313153990647,0.12226064294860586,0.1399391912092375
0.1215837361868714,0.046858870581068045,0.05305313153990647,0.12226064294860586,0.1399391912092375,0.10806195953225743
0.046858870581068045,0.05305313153990647,0.12226064294860586,0.1399391912092375,0.10806195953225743,0.13128042554871755
0.05305313153990647,0.12226064294860586,0.1399391912092375,0.10806195953225743,0.13128042554871755,0.13464239579866535
0.12226064294860586,0.1399391912092375,0.10806195953225743,0.13128042554871755,0.13464239579866535,0.10308838710041349
0.1399391912092375,0.10806195953225743,0.13128042554871755,0.13464239579866535,0.10308838710041349,0.1460651974029344
0.10806195953225743,0.13128042554871755,0.13464239579866535,0.10308838710041349,0.1460651974029344,0.12745590234491783
0.13128042554871755,0.13464239579866535,0.10308838710041349,0.1460651974029344,0.12745590234491783,0.08296056454023928
0.13464239579866535,0.10308838710041349,0.1460651974029344,0.12745590234491783,0.08296056454023928,0.08294364187119593
0.10308838710041349,0.1460651974029344,0.12745590234491783,0.08296056454023928,0.08294364187119593,0.1556095827433903
0.1460651974029344,0.12745590234491783,0.08296056454023928,0.08294364187119593,0.1556095827433903,0.05497046994251933
0.12745590234491783,0.08296056454023928,0.08294364187119593,0.1556095827433903,0.05497046994251933,0.1451062461571439
0.08296056454023928,0.08294364187119593,0.1556095827433903,0.05497046994251933,0.1451062461571439,0.03695910919070156
0.08294364187119593,0.1556095827433903,0.05497046994251933,0.1451062461571439,0.03695910919070156,0.12224202801265815
0.1556095827433903,0.05497046994251933,0.1451062461571439,0.03695910919070156,0.12224202801265815,0.026802687319844077
0.05497046994251933,0.1451062461571439,0.03695910919070156,0.12224202801265815,0.026802687319844077,0.37296434393632566
0.1451062461571439,0.03695910919070156,0.12224202801265815,0.026802687319844077,0.37296434393632566,0.00375119163794514
0.03695910919070156,0.12224202801265815,0.026802687319844077,0.37296434393632566,0.00375119163794514,0.1090383975360594
0.12224202801265815,0.026802687319844077,0.37296434393632566,0.00375119163794514,0.1090383975360594,0.17911517004461944
0.026802687319844077,0.37296434393632566,0.00375119163794514,0.1090383975360594,0.17911517004461944,0.12485545220192128
0.37296434393632566,0.00375119163794514,0.1090383975360594,0.17911517004461944,0.12485545220192128,0.11835714728927046
0.00375119163794514,0.1090383975360594,0.17911517004461944,0.12485545220192128,0.11835714728927046,0.026946530006712665
0.1090383975360594,0.17911517004461944,0.12485545220192128,0.11835714728927046,0.026946530006712665,0.05055873012291498
0.17911517004461944,0.12485545220192128,0.11835714728927046,0.026946530006712665,0.05055873012291498,0.0577638385126102
0.12485545220192128,0.11835714728927046,0.026946530006712665,0.05055873012291498,0.0577638385126102,0.02262560851097434
0.11835714728927046,0.026946530006712665,0.05055873012291498,0.0577638385126102,0.02262560851097434,0.12000428707615766
0.026946530006712665,0.05055873012291498,0.0577638385126102,0.02262560851097434,0.12000428707615766,0.032666392143368854
0.05055873012291498,0.0577638385126102,0.02262560851097434,0.12000428707615766,0.032666392143368854,0.10904403842574051
0.0577638385126102,0.02262560851097434,0.12000428707615766,0.032666392143368854,0.10904403842574051,0.020154898830643562
0.02262560851097434,0.12000428707615766,0.032666392143368854,0.10904403842574051,0.020154898830643562,0.06369579810127654
0.12000428707615766,0.032666392143368854,0.10904403842574051,0.020154898830643562,0.06369579810127654,0.03688013673516587
0.032666392143368854,0.10904403842574051,0.020154898830643562,0.06369579810127654,0.03688013673516587,0.07614636980544572
0.10904403842574051,0.020154898830643562,0.06369579810127654,0.03688013673516587,0.07614636980544572,0.06150826108293801
0.020154898830643562,0.06369579810127654,0.03688013673516587,0.07614636980544572,0.06150826108293801,0.029975687765474362
0.06369579810127654,0.03688013673516587,0.07614636980544572,0.06150826108293801,0.029975687765474362,0.13346119349943875
0.03688013673516587,0.07614636980544572,0.06150826108293801,0.029975687765474362,0.13346119349943875,0.012404316408783998
0.07614636980544572,0.06150826108293801,0.029975687765474362,0.13346119349943875,0.012404316408783998,0.08038831884564833
0.06150826108293801,0.029975687765474362,0.13346119349943875,0.012404316408783998,0.08038831884564833,0.006137287973059108
0.029975687765474362,0.13346119349943875,0.012404316408783998,0.08038831884564833,0.006137287973059108,0.08135291098111992
0.13346119349943875,0.012404316408783998,0.08038831884564833,0.006137287973059108,0.08135291098111992,0.021359228777562803
0.012404316408783998,0.08038831884564833,0.006137287973059108,0.08135291098111992,0.021359228777562803,0.16441219109077881
0.08038831884564833,0.006137287973059108,0.08135291098111992,0.021359228777562803,0.16441219109077881,0.17420195513236347
0.006137287973059108,0.08135291098111992,0.021359228777562803,0.16441219109077881,0.17420195513236347,0.4226318134896236
0.08135291098111992,0.021359228777562803,0.16441219109077881,0.17420195513236347,0.4226318134896236,0.17703368175228595
0.021359228777562803,0.16441219109077881,0.17420195513236347,0.4226318134896236,0.17703368175228595,0.1366336298561009
0.16441219109077881,0.17420195513236347,0.4226318134896236,0.17703368175228595,0.1366336298561009,0.12827947223836145
0.17420195513236347,0.4226318134896236,0.17703368175228595,0.1366336298561009,0.12827947223836145,0.16130124043164087
0.4226318134896236,0.17703368175228595,0.1366336298561009,0.12827947223836145,0.16130124043164087,0.1279466597471753
0.17703368175228595,0.1366336298561009,0.12827947223836145,0.16130124043164087,0.1279466597471753,0.17395262780845794
0.1366336298561009,0.12827947223836145,0.16130124043164087,0.1279466597471753,0.17395262780845794,0.17289890961602464
0.12827947223836145,0.16130124043164087,0.1279466597471753,0.17395262780845794,0.17289890961602464,0.1759675536025542
0.16130124043164087,0.1279466597471753,0.17395262780845794,0.17289890961602464,0.1759675536025542,0.3461125808762558
0.1279466597471753,0.17395262780845794,0.17289890961602464,0.1759675536025542,0.3461125808762558,0.08207325259339904
0.17395262780845794,0.17289890961602464,0.1759675536025542,0.3461125808762558,0.08207325259339904,0.09605532584599243
0.17289890961602464,0.1759675536025542,0.3461125808762558,0.08207325259339904,0.09605532584599243,0.13792990630482238
0.1759675536025542,0.3461125808762558,0.08207325259339904,0.09605532584599243,0.13792990630482238,0.1672241745968174
0.3461125808762558,0.08207325259339904,0.09605532584599243,0.13792990630482238,0.1672241745968174,0.10824303209102139
0.08207325259339904,0.09605532584599243,0.13792990630482238,0.1672241745968174,0.10824303209102139,0.15529482109918377
0.09605532584599243,0.13792990630482238,0.1672241745968174,0.10824303209102139,0.15529482109918377,0.10506157031086943
0.13792990630482238,0.1672241745968174,0.10824303209102139,0.15529482109918377,0.10506157031086943,0.24878579849613883
0.1672241745968174,0.10824303209102139,0.15529482109918377,0.10506157031086943,0.24878579849613883,0.011033580216271712
0.10824303209102139,0.15529482109918377,0.10506157031086943,0.24878579849613883,0.011033580216271712,0.12565138173592738
0.15529482109918377,0.10506157031086943,0.24878579849613883,0.011033580216271712,0.12565138173592738,0.03364226605820269
0.10506157031086943,0.24878579849613883,0.011033580216271712,0.12565138173592738,0.03364226605820269,0.10000733315658547
0.24878579849613883,0.011033580216271712,0.12565138173592738,0.03364226605820269,0.10000733315658547,0.055224309978169746
0.011033580216271712,0.12565138173592738,0.03364226605820269,0.10000733315658547,0.055224309978169746,0.04670092566999667
0.12565138173592738,0.03364226605820269,0.10000733315658547,0.055224309978169746,0.04670092566999667,0.07019523119186358
0.03364226605820269,0.10000733315658547,0.055224309978169746,0.04670092566999667,0.07019523119186358,0.030584903851035385
0.10000733315658547,0.055224309978169746,0.04670092566999667,0.07019523119186358,0.030584903851035385,0.11937137925393593
0.055224309978169746,0.04670092566999667,0.07019523119186358,0.030584903851035385,0.11937137925393593,0.02295278011247934
0.04670092566999667,0.07019523119186358,0.030584903851035385,0.11937137925393593,0.02295278011247934,0.09718124742634407
0.07019523119186358,0.030584903851035385,0.11937137925393593,0.02295278011247934,0.09718124742634407,0.010621795269549905
0.030584903851035385,0.11937137925393593,0.02295278011247934,0.09718124742634407,0.010621795269549905,0.08844350931028844
0.11937137925393593,0.02295278011247934,0.09718124742634407,0.010621795269549905,0.08844350931028844,0.055196669618732264
0.02295278011247934,0.09718124742634407,0.010621795269549905,0.08844350931028844,0.055196669618732264,0.07549766749211684
0.09718124742634407,0.010621795269549905,0.08844350931028844,0.055196669618732264,0.07549766749211684,0.02861059246264321
0.010621795269549905,0.08844350931028844,0.055196669618732264,0.07549766749211684,0.02861059246264321,0.09785815418807856
0.08844350931028844,0.055196669618732264,0.07549766749211684,0.02861059246264321,0.09785815418807856,0.03490582534677369
0.055196669618732264,0.07549766749211684,0.02861059246264321,0.09785815418807856,0.03490582534677369,0.06996395471493763
0.07549766749211684,0.02861059246264321,0.09785815418807856,0.03490582534677369,0.06996395471493763,0.03605092595204115
0.02861059246264321,0.09785815418807856,0.03490582534677369,0.06996395471493763,0.03605092595204115,0.05883447937408689
0.09785815418807856,0.03490582534677369,0.06996395471493763,0.03605092595204115,0.05883447937408689,0.06942807019523119
0.03490582534677369,0.06996395471493763,0.03605092595204115,0.05883447937408689,0.06942807019523119,0.049182917129689696
0.06996395471493763,0.03605092595204115,0.05883447937408689,0.06942807019523119,0.049182917129689696,0.05433869029823383
0.03605092595204115,0.05883447937408689,0.06942807019523119,0.049182917129689696,0.05433869029823383,0.0495439340692814
0.05883447937408689,0.06942807019523119,0.049182917129689696,0.05433869029823383,0.0495439340692814,0.04582038279077375
0.06942807019523119,0.049182917129689696,0.05433869029823383,0.0495439340692814,0.04582038279077375,0.05144491389181901
0.049182917129689696,0.05433869029823383,0.0495439340692814,0.04582038279077375,0.05144491389181901,0.2555379434444401
0.05433869029823383,0.0495439340692814,0.04582038279077375,0.05144491389181901,0.2555379434444401,0.006611122706273233
0.0495439340692814,0.04582038279077375,0.05144491389181901,0.2555379434444401,0.006611122706273233,0.05844525798608957
0.04582038279077375,0.05144491389181901,0.2555379434444401,0.006611122706273233,0.05844525798608957,0.0970233025152727
0.05144491389181901,0.2555379434444401,0.006611122706273233,0.05844525798608957,0.0970233025152727,0.0962730641876837
0.2555379434444401,0.006611122706273233,0.05844525798608957,0.0970233025152727,0.0962730641876837,0.07935829238987574
0.006611122706273233,0.05844525798608957,0.0970233025152727,0.0962730641876837,0.07935829238987574,0.09942068062974893
0.05844525798608957,0.0970233025152727,0.0962730641876837,0.07935829238987574,0.09942068062974893,0.07665969076642767
0.0970233025152727,0.0962730641876837,0.07935829238987574,0.09942068062974893,0.07665969076642767,0.026957811786074894
0.0962730641876837,0.07935829238987574,0.09942068062974893,0.07665969076642767,0.026957811786074894,0.08417843262239319
0.07935829238987574,0.09942068062974893,0.07665969076642767,0.026957811786074894,0.08417843262239319,0.008853940443486745
0.09942068062974893,0.07665969076642767,0.026957811786074894,0.08417843262239319,0.008853940443486745,0.12190526689869527
0.07665969076642767,0.026957811786074894,0.08417843262239319,0.008853940443486745,0.12190526689869527,0.004484507296490796
0.026957811786074894,0.08417843262239319,0.008853940443486745,0.12190526689869527,0.004484507296490796,0.08366567575037935
0.08417843262239319,0.008853940443486745,0.12190526689869527,0.004484507296490796,0.08366567575037935,0.006458818684882973
0.008853940443486745,0.12190526689869527,0.004484507296490796,0.08366567575037935,0.006458818684882973,0.07370950546320167
0.12190526689869527,0.004484507296490796,0.08366567575037935,0.006458818684882973,0.07370950546320167,0.5394106398461165
0.004484507296490796,0.08366567575037935,0.006458818684882973,0.07370950546320167,0.5394106398461165,0.1476108011755614
0.08366567575037935,0.006458818684882973,0.07370950546320167,0.5394106398461165,0.1476108011755614,0.16797441292440643
0.006458818684882973,0.07370950546320167,0.5394106398461165,0.1476108011755614,0.16797441292440643,0.14207878066528654
0.07370950546320167,0.5394106398461165,0.1476108011755614,0.16797441292440643,0.14207878066528654,0.05074544357136008
0.5394106398461165,0.1476108011755614,0.16797441292440643,0.14207878066528654,0.05074544357136008,0.1112947534085076
0.1476108011755614,0.16797441292440643,0.14207878066528654,0.05074544357136008,0.1112947534085076,0.11709358800069947
0.16797441292440643,0.14207878066528654,0.05074544357136008,0.1112947534085076,0.11709358800069947,0.08116112073196184
0.14207878066528654,0.05074544357136008,0.1112947534085076,0.11709358800069947,0.08116112073196184,0.06816451090666019
0.05074544357136008,0.1112947534085076,0.11709358800069947,0.08116112073196184,0.06816451090666019,0.08872216926053576
0.1112947534085076,0.11709358800069947,0.08116112073196184,0.06816451090666019,0.08872216926053576,0.07510844610411953
0.11709358800069947,0.08116112073196184,0.06816451090666019,0.08872216926053576,0.07510844610411953,0.0943134191124624
0.08116112073196184,0.06816451090666019,0.08872216926053576,0.07510844610411953,0.0943134191124624,0.07431308065908156
0.06816451090666019,0.08872216926053576,0.07510844610411953,0.0943134191124624,0.07431308065908156,0.06467844108372774
0.08872216926053576,0.07510844610411953,0.0943134191124624,0.07431308065908156,0.06467844108372774,0.08676252418531451
0.07510844610411953,0.0943134191124624,0.07431308065908156,0.06467844108372774,0.08676252418531451,0.11608386874777891
0.0943134191124624,0.07431308065908156,0.06467844108372774,0.08676252418531451,0.11608386874777891,0.192997399549857
0.07431308065908156,0.06467844108372774,0.08676252418531451,0.11608386874777891,0.192997399549857,0.143707305516226
0.06467844108372774,0.08676252418531451,0.11608386874777891,0.192997399549857,0.143707305516226,0.08108214827642617
0.08676252418531451,0.11608386874777891,0.192997399549857,0.143707305516226,0.08108214827642617,0.05592378029862869
0.11608386874777891,0.192997399549857,0.143707305516226,0.08108214827642617,0.05592378029862869,0.30790232235428167
0.192997399549857,0.143707305516226,0.08108214827642617,0.05592378029862869,0.30790232235428167,0.03464634442144214
0.143707305516226,0.08108214827642617,0.05592378029862869,0.30790232235428167,0.03464634442144214,0.05879499314631905
0.08108214827642617,0.05592378029862869,0.30790232235428167,0.03464634442144214,0.05879499314631905,0.09679766692802791
0.05592378029862869,0.30790232235428167,0.03464634442144214,0.05879499314631905,0.09679766692802791,0.09632947308449488
0.30790232235428167,0.03464634442144214,0.05879499314631905,0.09679766692802791,0.09632947308449488,0.05027160883814596
0.03464634442144214,0.05879499314631905,0.09679766692802791,0.09632947308449488,0.05027160883814596,0.11211324650123816
0.05879499314631905,0.09679766692802791,0.09632947308449488,0.05027160883814596,0.11211324650123816,0.07926465362116912
0.09679766692802791,0.09632947308449488,0.05027160883814596,0.11211324650123816,0.07926465362116912,0.01164843719151385
0.09632947308449488,0.05027160883814596,0.11211324650123816,0.07926465362116912,0.01164843719151385,0.08204674041189776
0.05027160883814596,0.11211324650123816,0.07926465362116912,0.01164843719151385,0.08204674041189776,0.021119490966115175
0.11211324650123816,0.07926465362116912,0.01164843719151385,0.08204674041189776,0.021119490966115175,0.0678700564653057
0.07926465362116912,0.01164843719151385,0.08204674041189776,0.021119490966115175,0.0678700564653057,0.011281779362241012
0.01164843719151385,0.08204674041189776,0.021119490966115175,0.0678700564653057,0.011281779362241012,0.0788652786317458
0.08204674041189776,0.021119490966115175,0.0678700564653057,0.011281779362241012,0.0788652786317458,0.014700158509000041
0.021119490966115175,0.0678700564653057,0.011281779362241012,0.0788652786317458,0.014700158509000041,0.12085662550697494
0.0678700564653057,0.011281779362241012,0.0788652786317458,0.014700158509000041,0.12085662550697494,0.038042160009476696
0.011281779362241012,0.0788652786317458,0.014700158509000041,0.12085662550697494,0.038042160009476696,0.17408349644905996
0.0788652786317458,0.014700158509000041,0.12085662550697494,0.038042160009476696,0.17408349644905996,0.04043953812395291
0.014700158509000041,0.12085662550697494,0.038042160009476696,0.17408349644905996,0.04043953812395291,0.08105394382802056
0.12085662550697494,0.038042160009476696,0.17408349644905996,0.04043953812395291,0.08105394382802056,0.012189962600901405
0.038042160009476696,0.17408349644905996,0.04043953812395291,0.08105394382802056,0.012189962600901405,0.07408744507183672
0.17408349644905996,0.04043953812395291,0.08105394382802056,0.012189962600901405,0.07408744507183672,0.06703633297043608
0.04043953812395291,0.08105394382802056,0.012189962600901405,0.07408744507183672,0.06703633297043608,0.17234384607140238
0.08105394382802056,0.012189962600901405,0.07408744507183672,0.06703633297043608,0.17234384607140238,0.20273357513947102
0.012189962600901405,0.07408744507183672,0.06703633297043608,0.17234384607140238,0.20273357513947102,0.15658545665822413
0.07408744507183672,0.06703633297043608,0.17234384607140238,0.20273357513947102,0.15658545665822413,0.10559519847470342
0.06703633297043608,0.17234384607140238,0.20273357513947102,0.15658545665822413,0.10559519847470342,0.055804757526357045
0.17234384607140238,0.20273357513947102,0.15658545665822413,0.10559519847470342,0.055804757526357045,0.1278338419535529
0.20273357513947102,0.15658545665822413,0.10559519847470342,0.055804757526357045,0.1278338419535529,0.06501125357491383
0.15658545665822413,0.10559519847470342,0.055804757526357045,0.1278338419535529,0.06501125357491383,0.090389616250275
0.10559519847470342,0.055804757526357045,0.1278338419535529,0.06501125357491383,0.090389616250275,0.11572397998612341
0.055804757526357045,0.1278338419535529,0.06501125357491383,0.090389616250275,0.11572397998612341,0.12899586522786374
0.1278338419535529,0.06501125357491383,0.090389616250275,0.11572397998612341,0.12899586522786374,0.15620751704958907
0.06501125357491383,0.090389616250275,0.11572397998612341,0.12899586522786374,0.15620751704958907,0.19820958161521235
0.090389616250275,0.11572397998612341,0.12899586522786374,0.15620751704958907,0.19820958161521235,0.308522820219205
0.11572397998612341,0.12899586522786374,0.15620751704958907,0.19820958161521235,0.308522820219205,0.3061936968698703
0.12899586522786374,0.15620751704958907,0.19820958161521235,0.308522820219205,0.3061936968698703,0.05929139143825765
0.15620751704958907,0.19820958161521235,0.308522820219205,0.3061936968698703,0.05929139143825765,0.1926589461689898
0.19820958161521235,0.308522820219205,0.3061936968698703,0.05929139143825765,0.1926589461689898,0.2917411734178715
0.308522820219205,0.3061936968698703,0.05929139143825765,0.1926589461689898,0.2917411734178715,0.2311805818013617
0.3061936968698703,0.05929139143825765,0.1926589461689898,0.2917411734178715,0.2311805818013617,0.21556095827433905
0.05929139143825765,0.1926589461689898,0.2917411734178715,0.2311805818013617,0.21556095827433905,0.03626189522611506
0.1926589461689898,0.2917411734178715,0.2311805818013617,0.21556095827433905,0.03626189522611506,0.2381623109596846
0.2917411734178715,0.2311805818013617,0.21556095827433905,0.03626189522611506,0.2381623109596846,0.03876419388866012
0.2311805818013617,0.21556095827433905,0.03626189522611506,0.2381623109596846,0.03876419388866012,0.11976172881986948
0.21556095827433905,0.03626189522611506,0.2381623109596846,0.03876419388866012,0.11976172881986948,0.015766850747699925
0.03626189522611506,0.2381623109596846,0.03876419388866012,0.11976172881986948,0.015766850747699925,0.07283516756262798
0.2381623109596846,0.03876419388866012,0.11976172881986948,0.015766850747699925,0.07283516756262798,0.03409974221134157
0.03876419388866012,0.11976172881986948,0.015766850747699925,0.07283516756262798,0.03409974221134157,0.06543432030099787
0.11976172881986948,0.015766850747699925,0.07283516756262798,0.03409974221134157,0.06543432030099787,0.0367786007209057
0.015766850747699925,0.07283516756262798,0.03409974221134157,0.06543432030099787,0.0367786007209057,0.04648093097243298
0.07283516756262798,0.03409974221134157,0.06543432030099787,0.0367786007209057,0.04648093097243298,0.05205638633325248
0.03409974221134157,0.06543432030099787,0.0367786007209057,0.04648093097243298,0.05205638633325248,0.03721294922635198
0.06543432030099787,0.0367786007209057,0.04648093097243298,0.05205638633325248,0.03721294922635198,0.05308077189934396
0.0367786007209057,0.04648093097243298,0.05205638633325248,0.03721294922635198,0.05308077189934396,0.0298459473028086
0.04648093097243298,0.05205638633325248,0.03721294922635198,0.05308077189934396,0.0298459473028086,0.30549366246044324
0.05205638633325248,0.03721294922635198,0.05308077189934396,0.0298459473028086,0.30549366246044324,0.12692396644798817
0.03721294922635198,0.05308077189934396,0.0298459473028086,0.30549366246044324,0.12692396644798817,0.09842224315619061
0.05308077189934396,0.0298459473028086,0.30549366246044324,0.12692396644798817,0.09842224315619061,0.046667080331909944
0.0298459473028086,0.30549366246044324,0.12692396644798817,0.09842224315619061,0.046667080331909944,0.11523773529561084
0.30549366246044324,0.12692396644798817,0.09842224315619061,0.046667080331909944,0.11523773529561084,0.0407949141738635
0.12692396644798817,0.09842224315619061,0.046667080331909944,0.11523773529561084,0.0407949141738635,0.1193837892112344
0.09842224315619061,0.046667080331909944,0.11523773529561084,0.0407949141738635,0.1193837892112344,0.04562915663058377
0.046667080331909944,0.11523773529561084,0.0407949141738635,0.1193837892112344,0.04562915663058377,0.12483288864319682
0.11523773529561084,0.0407949141738635,0.1193837892112344,0.04562915663058377,0.12483288864319682,0.039982626059782145
0.0407949141738635,0.1193837892112344,0.04562915663058377,0.12483288864319682,0.039982626059782145,0.1143385774804402
0.1193837892112344,0.04562915663058377,0.12483288864319682,0.039982626059782145,0.1143385774804402,0.03995385752240844
0.04562915663058377,0.12483288864319682,0.039982626059782145,0.1143385774804402,0.03995385752240844,0.11811458903298228
0.12483288864319682,0.039982626059782145,0.1143385774804402,0.03995385752240844,0.11811458903298228,0.039751349582856206
0.039982626059782145,0.1143385774804402,0.03995385752240844,0.11811458903298228,0.039751349582856206,0.10923018778521748
0.1143385774804402,0.03995385752240844,0.11811458903298228,0.039751349582856206,0.10923018778521748,0.050130586596117944
0.03995385752240844,0.11811458903298228,0.039751349582856206,0.10923018778521748,0.050130586596117944,0.3288807910783689
0.11811458903298228,0.039751349582856206,0.10923018778521748,0.050130586596117944,0.3288807910783689,0.017977515413731056
0.039751349582856206,0.10923018778521748,0.050130586596117944,0.3288807910783689,0.017977515413731056,0.08501948927384825
0.10923018778521748,0.050130586596117944,0.3288807910783689,0.017977515413731056,0.08501948927384825,0.13929048889590867
0.050130586596117944,0.3288807910783689,0.017977515413731056,0.08501948927384825,0.13929048889590867,0.12270063234373324
0.3288807910783689,0.017977515413731056,0.08501948927384825,0.13929048889590867,0.12270063234373324,0.04780089915781518
0.017977515413731056,0.08501948927384825,0.13929048889590867,0.12270063234373324,0.04780089915781518,0.09246546365292735
0.08501948927384825,0.13929048889590867,0.12270063234373324,0.04780089915781518,0.09246546365292735,0.03234486143154498
0.13929048889590867,0.12270063234373324,0.04780089915781518,0.09246546365292735,0.03234486143154498,0.09910479080760617
0.12270063234373324,0.04780089915781518,0.09246546365292735,0.03234486143154498,0.09910479080760617,0.07319054361253857
0.04780089915781518,0.09246546365292735,0.03234486143154498,0.09910479080760617,0.07319054361253857,0.06206558098343272
0.09246546365292735,0.03234486143154498,0.09910479080760617,0.07319054361253857,0.06206558098343272,0.04586607399719084
0.03234486143154498,0.09910479080760617,0.07319054361253857,0.06206558098343272,0.04586607399719084,0.15880232630290447
0.09910479080760617,0.07319054361253857,0.06206558098343272,0.04586607399719084,0.15880232630290447,0.058749866028870064
0.07319054361253857,0.06206558098343272,0.04586607399719084,0.15880232630290447,0.058749866028870064,0.0291154520891035
0.06206558098343272,0.04586607399719084,0.15880232630290447,0.058749866028870064,0.0291154520891035,0.06052674627842304
0.04586607399719084,0.15880232630290447,0.058749866028870064,0.0291154520891035,0.06052674627842304,0.03108130214297399
0.15880232630290447,0.058749866028870064,0.0291154520891035,0.06052674627842304,0.03108130214297399,0.06353898136814137
0.058749866028870064,0.0291154520891035,0.06052674627842304,0.03108130214297399,0.06353898136814137,0.029135195202987418
0.0291154520891035,0.06052674627842304,0.03108130214297399,0.06353898136814137,0.029135195202987418,0.06902756702787163
0.06052674627842304,0.03108130214297399,0.06353898136814137,0.029135195202987418,0.06902756702787163,0.05012494570643681
0.03108130214297399,0.06353898136814137,0.029135195202987418,0.06902756702787163,0.05012494570643681,0.08129650208430875
0.06353898136814137,0.029135195202987418,0.06902756702787163,0.05012494570643681,0.08129650208430875,0.01169300021999469
0.029135195202987418,0.06902756702787163,0.05012494570643681,0.08129650208430875,0.01169300021999469,0.07865656571354435
0.06902756702787163,0.05012494570643681,0.08129650208430875,0.01169300021999469,0.07865656571354435,0.009927965838772089
0.05012494570643681,0.08129650208430875,0.01169300021999469,0.07865656571354435,0.009927965838772089,0.13137067978361547
0.08129650208430875,0.01169300021999469,0.07865656571354435,0.009927965838772089,0.13137067978361547,0.011741511871252332
0.01169300021999469,0.07865656571354435,0.009927965838772089,0.13137067978361547,0.011741511871252332,0.08399115508498
0.07865656571354435,0.009927965838772089,0.13137067978361547,0.011741511871252332,0.08399115508498,0.011231011355110926
0.009927965838772089,0.13137067978361547,0.011741511871252332,0.08399115508498,0.011231011355110926,0.08620971699656468
0.13137067978361547,0.011741511871252332,0.08399115508498,0.011231011355110926,0.08620971699656468,0.009538744450774775
0.011741511871252332,0.08399115508498,0.011231011355110926,0.08620971699656468,0.009538744450774775,0.08525076575077421
0.08399115508498,0.011231011355110926,0.08620971699656468,0.009538744450774775,0.08525076575077421,0.01072784399555498
0.011231011355110926,0.08620971699656468,0.009538744450774775,0.08525076575077421,0.01072784399555498,0.08579793204984291
0.08620971699656468,0.009538744450774775,0.08525076575077421,0.01072784399555498,0.08579793204984291,0.008686970108925583
0.009538744450774775,0.08525076575077421,0.01072784399555498,0.08579793204984291,0.008686970108925583,0.08490554330228962
0.08525076575077421,0.01072784399555498,0.08579793204984291,0.008686970108925583,0.08490554330228962,0.27816919284509556
0.01072784399555498,0.08579793204984291,0.008686970108925583,0.08490554330228962,0.27816919284509556,0.010013707361925129
0.08579793204984291,0.008686970108925583,0.08490554330228962,0.27816919284509556,0.010013707361925129,0.04634554962008608
0.008686970108925583,0.08490554330228962,0.27816919284509556,0.010013707361925129,0.04634554962008608,0.09720381098506856
0.08490554330228962,0.27816919284509556,0.010013707361925129,0.04634554962008608,0.09720381098506856,0.08498677211369776
0.27816919284509556,0.010013707361925129,0.04634554962008608,0.09720381098506856,0.08498677211369776,0.009459771995239095
0.010013707361925129,0.04634554962008608,0.09720381098506856,0.08498677211369776,0.009459771995239095,0.09515955256463048
0.04634554962008608,0.09720381098506856,0.08498677211369776,0.009459771995239095,0.09515955256463048,0.01725548153454763
0.09720381098506856,0.08498677211369776,0.009459771995239095,0.09515955256463048,0.01725548153454763,0.08055190464640084
0.08498677211369776,0.009459771995239095,0.09515955256463048,0.01725548153454763,0.08055190464640084,0.026145523671993545
0.009459771995239095,0.09515955256463048,0.01725548153454763,0.08055190464640084,0.026145523671993545,0.06886962211680024
0.09515955256463048,0.01725548153454763,0.08055190464640084,0.026145523671993545,0.06886962211680024,0.02627131551188254
0.01725548153454763,0.08055190464640084,0.026145523671993545,0.06886962211680024,0.02627131551188254,0.05952830880486469
0.08055190464640084,0.026145523671993545,0.06886962211680024,0.02627131551188254,0.05952830880486469,0.0548238068108102
0.026145523671993545,0.06886962211680024,0.02627131551188254,0.05952830880486469,0.0548238068108102,0.07811504030415678
0.06886962211680024,0.02627131551188254,0.05952830880486469,0.0548238068108102,0.07811504030415678,0.09004552197972664
0.02627131551188254,0.05952830880486469,0.0548238068108102,0.07811504030415678,0.09004552197972664,0.4832945052093616
0.05952830880486469,0.0548238068108102,0.07811504030415678,0.09004552197972664,0.4832945052093616,0.03138591018575449
0.0548238068108102,0.07811504030415678,0.09004552197972664,0.4832945052093616,0.03138591018575449,0.060109320442020116
0.07811504030415678,0.09004552197972664,0.4832945052093616,0.03138591018575449,0.060109320442020116,0.14049933155457278
0.09004552197972664,0.4832945052093616,0.03138591018575449,0.060109320442020116,0.14049933155457278,0.045030658235416895
0.4832945052093616,0.03138591018575449,0.060109320442020116,0.14049933155457278,0.045030658235416895,0.027781381679518494
0.03138591018575449,0.060109320442020116,0.14049933155457278,0.045030658235416895,0.027781381679518494,0.047039379050863896
0.060109320442020116,0.14049933155457278,0.045030658235416895,0.027781381679518494,0.047039379050863896,0.02707627046937843
0.14049933155457278,0.045030658235416895,0.027781381679518494,0.047039379050863896,0.02707627046937843,0.0749335785240048
0.045030658235416895,0.027781381679518494,0.047039379050863896,0.02707627046937843,0.0749335785240048,0.02939918884006385
0.027781381679518494,0.047039379050863896,0.02707627046937843,0.0749335785240048,0.02939918884006385,0.043248701185150916
0.047039379050863896,0.02707627046937843,0.0749335785240048,0.02939918884006385,0.043248701185150916,0.058863247911460595
0.02707627046937843,0.0749335785240048,0.02939918884006385,0.043248701185150916,0.058863247911460595,0.03395928405828167
0.0749335785240048,0.02939918884006385,0.043248701185150916,0.058863247911460595,0.03395928405828167,0.047586545349932584
0.02939918884006385,0.043248701185150916,0.058863247911460595,0.03395928405828167,0.047586545349932584,0.05953394969454583
0.043248701185150916,0.058863247911460595,0.03395928405828167,0.047586545349932584,0.05953394969454583,0.08784557500408965
0.058863247911460595,0.03395928405828167,0.047586545349932584,0.05953394969454583,0.08784557500408965,0.02234807673866322
0.03395928405828167,0.047586545349932584,0.05953394969454583,0.08784557500408965,0.02234807673866322,0.21576403030285934
0.047586545349932584,0.05953394969454583,0.08784557500408965,0.02234807673866322,0.21576403030285934,0.04364356346282936
0.05953394969454583,0.08784557500408965,0.02234807673866322,0.21576403030285934,0.04364356346282936,0.05252232382091303
0.08784557500408965,0.02234807673866322,0.21576403030285934,0.04364356346282936,0.05252232382091303,0.28760640128161014
0.02234807673866322,0.21576403030285934,0.04364356346282936,0.05252232382091303,0.28760640128161014,0.00034973516022947395
0.21576403030285934,0.04364356346282936,0.05252232382091303,0.28760640128161014,0.00034973516022947395,0.02391173135826982
0.04364356346282936,0.05252232382091303,0.28760640128161014,0.00034973516022947395,0.02391173135826982,0.0912797486419558
0.05252232382091303,0.28760640128161014,0.00034973516022947395,0.02391173135826982,0.0912797486419558,0.07724634329326421
0.28760640128161014,0.00034973516022947395,0.02391173135826982,0.0912797486419558,0.07724634329326421,0.06600856287053593
0.00034973516022947395,0.02391173135826982,0.0912797486419558,0.07724634329326421,0.06600856287053593,0.11642232212864613
0.02391173135826982,0.0912797486419558,0.07724634329326421,0.06600856287053593,0.11642232212864613,0.008890042137445913
0.0912797486419558,0.07724634329326421,0.06600856287053593,0.11642232212864613,0.008890042137445913,0.09946016685751677
0.07724634329326421,0.06600856287053593,0.11642232212864613,0.008890042137445913,0.09946016685751677,0.010514618365608616
0.06600856287053593,0.11642232212864613,0.008890042137445913,0.09946016685751677,0.010514618365608616,0.059753380303141396
0.11642232212864613,0.008890042137445913,0.09946016685751677,0.010514618365608616,0.059753380303141396,0.020154898830643562
0.008890042137445913,0.09946016685751677,0.010514618365608616,0.059753380303141396,0.020154898830643562,0.054383817415682816
0.09946016685751677,0.010514618365608616,0.059753380303141396,0.020154898830643562,0.054383817415682816,0.02478042836916239
0.010514618365608616,0.059753380303141396,0.020154898830643562,0.054383817415682816,0.02478042836916239,0.04837062901560834
0.059753380303141396,0.020154898830643562,0.054383817415682816,0.02478042836916239,0.04837062901560834,0.05842833531704619
0.020154898830643562,0.054383817415682816,0.02478042836916239,0.04837062901560834,0.05842833531704619,0.06994139115621316
0.054383817415682816,0.02478042836916239,0.04837062901560834,0.05842833531704619,0.06994139115621316,0.1877400903670527
0.02478042836916239,0.04837062901560834,0.05842833531704619,0.06994139115621316,0.1877400903670527,0.07389565482267864
0.04837062901560834,0.05842833531704619,0.06994139115621316,0.1877400903670527,0.07389565482267864,0.08444975941605509
0.05842833531704619,0.06994139115621316,0.1877400903670527,0.07389565482267864,0.08444975941605509,0.022738426304596764
0.06994139115621316,0.1877400903670527,0.07389565482267864,0.08444975941605509,0.022738426304596764,0.07673302233228223
0.1877400903670527,0.07389565482267864,0.08444975941605509,0.022738426304596764,0.07673302233228223,0.13045121476559282
0.07389565482267864,0.08444975941605509,0.022738426304596764,0.07673302233228223,0.13045121476559282,0.17282557805017007
0.08444975941605509,0.022738426304596764,0.07673302233228223,0.13045121476559282,0.17282557805017007,0.12844080168324146
0.022738426304596764,0.07673302233228223,0.13045121476559282,0.17282557805017007,0.12844080168324146,0.18508323132724494
0.07673302233228223,0.13045121476559282,0.17282557805017007,0.12844080168324146,0.18508323132724494,0.11114809027679846
0.13045121476559282,0.17282557805017007,0.12844080168324146,0.18508323132724494,0.11114809027679846,0.09678074425898453
0.17282557805017007,0.12844080168324146,0.18508323132724494,0.11114809027679846,0.09678074425898453,0.08442719585733063
0.12844080168324146,0.18508323132724494,0.11114809027679846,0.09678074425898453,0.08442719585733063,0.09652126333365299
0.18508323132724494,0.11114809027679846,0.09678074425898453,0.08442719585733063,0.09652126333365299,0.055630454035210435
0.11114809027679846,0.09678074425898453,0.08442719585733063,0.09652126333365299,0.055630454035210435,0.099003254793346
0.09678074425898453,0.08442719585733063,0.09652126333365299,0.055630454035210435,0.099003254793346,0.1325609075063319
0.08442719585733063,0.09652126333365299,0.055630454035210435,0.099003254793346,0.1325609075063319,0.15489318975388797
0.09652126333365299,0.055630454035210435,0.099003254793346,0.1325609075063319,0.15489318975388797,0.19796702335892416
0.055630454035210435,0.099003254793346,0.1325609075063319,0.15489318975388797,0.19796702335892416,0.1885597116377195
0.099003254793346,0.1325609075063319,0.15489318975388797,0.19796702335892416,0.1885597116377195,0.3082193403543607
0.1325609075063319,0.15489318975388797,0.19796702335892416,0.1885597116377195,0.3082193403543607,0.17064819463325756
0.15489318975388797,0.19796702335892416,0.1885597116377195,0.3082193403543607,0.17064819463325756,0.1268128409212701
0.19796702335892416,0.1885597116377195,0.3082193403543607,0.17064819463325756,0.1268128409212701,0.2057796555672761
0.1885597116377195,0.3082193403543607,0.17064819463325756,0.1268128409212701,0.2057796555672761,0.15827433902875163
0.3082193403543607,0.17064819463325756,0.1268128409212701,0.2057796555672761,0.15827433902875163,0.17049024972218618
0.17064819463325756,0.1268128409212701,0.2057796555672761,0.15827433902875163,0.17049024972218618,0.07598673262747001
0.1268128409212701,0.2057796555672761,0.15827433902875163,0.17049024972218618,0.07598673262747001,0.04587171488687195
0.2057796555672761,0.15827433902875163,0.17049024972218618,0.07598673262747001,0.04587171488687195,0.05900370606452051
0.15827433902875163,0.17049024972218618,0.07598673262747001,0.04587171488687195,0.05900370606452051,0.05312589901679293
0.17049024972218618,0.07598673262747001,0.04587171488687195,0.05900370606452051,0.05312589901679293,0.03830164093480824
0.07598673262747001,0.04587171488687195,0.05900370606452051,0.05312589901679293,0.03830164093480824,0.05632428346598827
0.04587171488687195,0.05900370606452051,0.05312589901679293,0.03830164093480824,0.05632428346598827,0.03046644516773185
0.05900370606452051,0.05312589901679293,0.03830164093480824,0.05632428346598827,0.03046644516773185,0.053001799443808284
0.05312589901679293,0.03830164093480824,0.05632428346598827,0.03046644516773185,0.053001799443808284,0.029434162356086806
0.03830164093480824,0.05632428346598827,0.03046644516773185,0.053001799443808284,0.029434162356086806,0.04787592299057407
0.05632428346598827,0.03046644516773185,0.053001799443808284,0.029434162356086806,0.04787592299057407,0.02920852676884198
0.03046644516773185,0.053001799443808284,0.029434162356086806,0.04787592299057407,0.02920852676884198,0.054440226312494004
0.053001799443808284,0.029434162356086806,0.04787592299057407,0.02920852676884198,0.054440226312494004,0.3315878540363386
0.029434162356086806,0.04787592299057407,0.02920852676884198,0.054440226312494004,0.3315878540363386,0.057638610761689336
0.04787592299057407,0.02920852676884198,0.054440226312494004,0.3315878540363386,0.057638610761689336,0.07397462727821431
0.02920852676884198,0.054440226312494004,0.3315878540363386,0.057638610761689336,0.07397462727821431,0.08984414221811066
0.054440226312494004,0.3315878540363386,0.057638610761689336,0.07397462727821431,0.08984414221811066,0.11661975326748536
0.3315878540363386,0.057638610761689336,0.07397462727821431,0.08984414221811066,0.11661975326748536,0.312308421284205
0.057638610761689336,0.07397462727821431,0.08984414221811066,0.11661975326748536,0.312308421284205,0.08989885884801752
0.07397462727821431,0.08984414221811066,0.11661975326748536,0.312308421284205,0.08989885884801752,0.16191609740688304
0.08984414221811066,0.11661975326748536,0.312308421284205,0.08989885884801752,0.16191609740688304,0.07849297991279183
0.11661975326748536,0.312308421284205,0.08989885884801752,0.16191609740688304,0.07849297991279183,0.15491518922364436
0.312308421284205,0.08989885884801752,0.16191609740688304,0.07849297991279183,0.15491518922364436,0.08108835325507538
0.08989885884801752,0.16191609740688304,0.07849297991279183,0.15491518922364436,0.08108835325507538,0.16450470168154924
0.16191609740688304,0.07849297991279183,0.15491518922364436,0.08108835325507538,0.16450470168154924,0.08753532607162802
0.07849297991279183,0.15491518922364436,0.08108835325507538,0.16450470168154924,0.08753532607162802,0.1546224270491942
0.15491518922364436,0.08108835325507538,0.16450470168154924,0.08753532607162802,0.1546224270491942,0.04830857922911601
0.08108835325507538,0.16450470168154924,0.08753532607162802,0.1546224270491942,0.04830857922911601,0.18230227271445254
0.16450470168154924,0.08753532607162802,0.1546224270491942,0.04830857922911601,0.18230227271445254,0.14059917530192861
0.08753532607162802,0.1546224270491942,0.04830857922911601,0.18230227271445254,0.14059917530192861,0.11317881056200184
0.1546224270491942,0.04830857922911601,0.18230227271445254,0.14059917530192861,0.11317881056200184,0.3120540171595864
0.04830857922911601,0.18230227271445254,0.14059917530192861,0.11317881056200184,0.3120540171595864,0.04231231349808491
0.18230227271445254,0.14059917530192861,0.11317881056200184,0.3120540171595864,0.04231231349808491,0.07912475955707733
0.14059917530192861,0.11317881056200184,0.3120540171595864,0.04231231349808491,0.07912475955707733,0.12937493301443503
0.11317881056200184,0.3120540171595864,0.04231231349808491,0.07912475955707733,0.12937493301443503,0.1291199648008484
0.3120540171595864,0.04231231349808491,0.07912475955707733,0.12937493301443503,0.1291199648008484,0.059990861758716596
0.04231231349808491,0.07912475955707733,0.12937493301443503,0.1291199648008484,0.059990861758716596,0.12481596597415344
0.07912475955707733,0.12937493301443503,0.1291199648008484,0.059990861758716596,0.12481596597415344,0.06338667734675113
0.12937493301443503,0.1291199648008484,0.059990861758716596,0.12481596597415344,0.06338667734675113,0.13421368818290022
0.1291199648008484,0.059990861758716596,0.12481596597415344,0.06338667734675113,0.13421368818290022,0.05497723901013667
0.059990861758716596,0.12481596597415344,0.06338667734675113,0.13421368818290022,0.05497723901013667,0.0822723759991426
0.12481596597415344,0.06338667734675113,0.13421368818290022,0.05497723901013667,0.0822723759991426,0.028734692035627857
0.06338667734675113,0.13421368818290022,0.05497723901013667,0.0822723759991426,0.028734692035627857,0.07555971727860918
0.13421368818290022,0.05497723901013667,0.0822723759991426,0.028734692035627857,0.07555971727860918,0.13064074865887848
0.05497723901013667,0.0822723759991426,0.028734692035627857,0.07555971727860918,0.13064074865887848,0.13362139476638255
0.0822723759991426,0.028734692035627857,0.07555971727860918,0.13064074865887848,0.13362139476638255,0.0866497063916921
0.028734692035627857,0.07555971727860918,0.13064074865887848,0.13362139476638255,0.0866497063916921,0.09843465311348906
0.07555971727860918,0.13064074865887848,0.13362139476638255,0.0866497063916921,0.09843465311348906,0.027030015173993244
0.13064074865887848,0.13362139476638255,0.0866497063916921,0.09843465311348906,0.027030015173993244,0.06850860517720854
0.13362139476638255,0.0866497063916921,0.09843465311348906,0.027030015173993244,0.06850860517720854,0.017829160015117584
0.0866497063916921,0.09843465311348906,0.027030015173993244,0.06850860517720854,0.017829160015117584,0.07731403396943766
0.09843465311348906,0.027030015173993244,0.06850860517720854,0.017829160015117584,0.07731403396943766,0.015422192388183466
0.027030015173993244,0.06850860517720854,0.017829160015117584,0.07731403396943766,0.015422192388183466,0.08217253225178675
0.06850860517720854,0.017829160015117584,0.07731403396943766,0.015422192388183466,0.08217253225178675,0.007430743976940044
0.017829160015117584,0.07731403396943766,0.015422192388183466,0.08217253225178675,0.007430743976940044,0.07546946304371127
0.07731403396943766,0.015422192388183466,0.08217253225178675,0.007430743976940044,0.07546946304371127,0.005872166158046446
0.015422192388183466,0.08217253225178675,0.007430743976940044,0.07546946304371127,0.005872166158046446,0.08799562266960743
0.08217253225178675,0.007430743976940044,0.07546946304371127,0.005872166158046446,0.08799562266960743,0.01762213936382047
0.007430743976940044,0.07546946304371127,0.005872166158046446,0.08799562266960743,0.01762213936382047,0.09587820191000523
0.07546946304371127,0.005872166158046446,0.08799562266960743,0.01762213936382047,0.09587820191000523,0.025446053351534596
0.005872166158046446,0.08799562266960743,0.01762213936382047,0.09587820191000523,0.025446053351534596,0.055421741117008975
0.08799562266960743,0.01762213936382047,0.09587820191000523,0.025446053351534596,0.055421741117008975,0.035315918026591155
0.01762213936382047,0.09587820191000523,0.025446053351534596,0.055421741117008975,0.035315918026591155,0.04905881755670504
0.09587820191000523,0.025446053351534596,0.055421741117008975,0.035315918026591155,0.04905881755670504,0.04990213056403256
0.025446053351534596,0.055421741117008975,0.035315918026591155,0.04905881755670504,0.04990213056403256,0.04156207517049589
0.055421741117008975,0.035315918026591155,0.04905881755670504,0.04990213056403256,0.04156207517049589,0.03227209395465852
0.035315918026591155,0.04905881755670504,0.04990213056403256,0.04156207517049589,0.03227209395465852,0.26520078746819953
0.04905881755670504,0.04990213056403256,0.04156207517049589,0.03227209395465852,0.26520078746819953,0.006289591994449368
0.04990213056403256,0.04156207517049589,0.03227209395465852,0.26520078746819953,0.006289591994449368,0.047733208481641726
0.04156207517049589,0.03227209395465852,0.26520078746819953,0.006289591994449368,0.047733208481641726,0.09617491270723218
0.03227209395465852,0.26520078746819953,0.006289591994449368,0.047733208481641726,0.09617491270723218,0.11216345041940014
0.26520078746819953,0.006289591994449368,0.047733208481641726,0.09617491270723218,0.11216345041940014,0.015568855519892594
0.006289591994449368,0.047733208481641726,0.09617491270723218,0.11216345041940014,0.015568855519892594,0.11184756059725738
0.047733208481641726,0.09617491270723218,0.11216345041940014,0.015568855519892594,0.11184756059725738,0.0066506089340410725
0.09617491270723218,0.11216345041940014,0.015568855519892594,0.11184756059725738,0.0066506089340410725,0.08517743418491965
0.11216345041940014,0.015568855519892594,0.11184756059725738,0.0066506089340410725,0.08517743418491965,0.006572200567473508
0.015568855519892594,0.11184756059725738,0.0066506089340410725,0.08517743418491965,0.006572200567473508,0.08347388550122127
0.11184756059725738,0.0066506089340410725,0.08517743418491965,0.006572200567473508,0.08347388550122127,0.006534406606609996
0.0066506089340410725,0.08517743418491965,0.006572200567473508,0.08347388550122127,0.006534406606609996,0.10129345600388093
0.08517743418491965,0.006572200567473508,0.08347388550122127,0.006534406606609996,0.10129345600388093,0.039147774386976315
0.006572200567473508,0.08347388550122127,0.006534406606609996,0.10129345600388093,0.039147774386976315,0.07047107069727036
0.08347388550122127,0.006534406606609996,0.10129345600388093,0.039147774386976315,0.07047107069727036,0.04752505965240838
0.006534406606609996,0.10129345600388093,0.039147774386976315,0.07047107069727036,0.04752505965240838,0.08141496076761226
0.10129345600388093,0.039147774386976315,0.07047107069727036,0.04752505965240838,0.08141496076761226,0.25736559170112305
0.039147774386976315,0.07047107069727036,0.04752505965240838,0.08141496076761226,0.25736559170112305,0.28184705291718615
0.07047107069727036,0.04752505965240838,0.08141496076761226,0.25736559170112305,0.28184705291718615,0.046341036908341175
0.04752505965240838,0.08141496076761226,0.25736559170112305,0.28184705291718615,0.046341036908341175,0.09914991792505513
0.08141496076761226,0.25736559170112305,0.28184705291718615,0.046341036908341175,0.09914991792505513,0.009098755055647374
0.25736559170112305,0.28184705291718615,0.046341036908341175,0.09914991792505513,0.009098755055647374,0.060109320442020116
0.28184705291718615,0.046341036908341175,0.09914991792505513,0.009098755055647374,0.060109320442020116,0.014541085419992437
0.046341036908341175,0.09914991792505513,0.009098755055647374,0.060109320442020116,0.014541085419992437,0.15204454046492213
0.09914991792505513,0.009098755055647374,0.060109320442020116,0.014541085419992437,0.15204454046492213,0.01789854295819536
0.009098755055647374,0.060109320442020116,0.014541085419992437,0.15204454046492213,0.01789854295819536,0.15501164843719153
0.060109320442020116,0.014541085419992437,0.15204454046492213,0.01789854295819536,0.15501164843719153,0.0017768802495529627
0.014541085419992437,0.15204454046492213,0.01789854295819536,0.15501164843719153,0.0017768802495529627,0.09475566486346228
0.15204454046492213,0.01789854295819536,0.15501164843719153,0.0017768802495529627,0.09475566486346228,0.0751197278834818
0.01789854295819536,0.15501164843719153,0.0017768802495529627,0.09475566486346228,0.0751197278834818,0.12935180536674243
0.15501164843719153,0.0017768802495529627,0.09475566486346228,0.0751197278834818,0.12935180536674243,0.2682654828319523
0.0017768802495529627,0.09475566486346228,0.0751197278834818,0.12935180536674243,0.2682654828319523,0.015597059968298204
0.09475566486346228,0.0751197278834818,0.12935180536674243,0.2682654828319523,0.015597059968298204,0.174365540933116
0.0751197278834818,0.12935180536674243,0.2682654828319523,0.015597059968298204,0.174365540933116,0.11496133170123593
0.12935180536674243,0.2682654828319523,0.015597059968298204,0.174365540933116,0.11496133170123593,0.15857104982597856
0.2682654828319523,0.015597059968298204,0.174365540933116,0.11496133170123593,0.15857104982597856,0.27962454238282464
0.015597059968298204,0.174365540933116,0.11496133170123593,0.15857104982597856,0.27962454238282464,0.05805039570841115
0.174365540933116,0.11496133170123593,0.15857104982597856,0.27962454238282464,0.05805039570841115,0.10195344009657203
0.11496133170123593,0.15857104982597856,0.27962454238282464,0.05805039570841115,0.10195344009657203,0.09080140119699677
0.15857104982597856,0.27962454238282464,0.05805039570841115,0.10195344009657203,0.09080140119699677,0.1050502885315072
0.27962454238282464,0.05805039570841115,0.10195344009657203,0.09080140119699677,0.1050502885315072,0.11571721091850606
0.05805039570841115,0.10195344009657203,0.09080140119699677,0.1050502885315072,0.11571721091850606,0.08478821279692234
0.10195344009657203,0.09080140119699677,0.1050502885315072,0.11571721091850606,0.08478821279692234,0.044100475527000124
0.09080140119699677,0.1050502885315072,0.11571721091850606,0.08478821279692234,0.044100475527000124,0.05481252503144797
0.1050502885315072,0.11571721091850606,0.08478821279692234,0.044100475527000124,0.05481252503144797,0.03724115367475759
0.11571721091850606,0.08478821279692234,0.044100475527000124,0.05481252503144797,0.03724115367475759,0.06408050677752897
0.08478821279692234,0.044100475527000124,0.05481252503144797,0.03724115367475759,0.06408050677752897,0.02952441659098473
0.044100475527000124,0.05481252503144797,0.03724115367475759,0.06408050677752897,0.02952441659098473,0.0628564337167258
0.05481252503144797,0.03724115367475759,0.06408050677752897,0.02952441659098473,0.0628564337167258,0.029609029936201542
0.03724115367475759,0.06408050677752897,0.02952441659098473,0.0628564337167258,0.029609029936201542,0.07183729417803776
0.06408050677752897,0.02952441659098473,0.0628564337167258,0.029609029936201542,0.07183729417803776,0.03024645047016816
0.02952441659098473,0.0628564337167258,0.029609029936201542,0.07183729417803776,0.03024645047016816,0.06914207708839837
0.0628564337167258,0.029609029936201542,0.07183729417803776,0.03024645047016816,0.06914207708839837,0.01296840537689605
0.029609029936201542,0.07183729417803776,0.03024645047016816,0.06914207708839837,0.01296840537689605,0.055641735814572664
0.07183729417803776,0.03024645047016816,0.06914207708839837,0.01296840537689605,0.055641735814572664,0.023971524788889708
0.03024645047016816,0.06914207708839837,0.01296840537689605,0.055641735814572664,0.023971524788889708,0.053994596027685485
0.06914207708839837,0.01296840537689605,0.055641735814572664,0.023971524788889708,0.053994596027685485,0.036276561539285976
0.01296840537689605,0.055641735814572664,0.023971524788889708,0.053994596027685485,0.036276561539285976,0.13389215747107636
0.055641735814572664,0.023971524788889708,0.053994596027685485,0.036276561539285976,0.13389215747107636,0.17807160545361214
0.023971524788889708,0.053994596027685485,0.036276561539285976,0.13389215747107636,0.17807160545361214,0.10933736468915876
0.053994596027685485,0.036276561539285976,0.13389215747107636,0.17807160545361214,0.10933736468915876,0.13512751231124173
0.036276561539285976,0.13389215747107636,0.17807160545361214,0.10933736468915876,0.13512751231124173,0.17473050649548447
0.13389215747107636,0.17807160545361214,0.10933736468915876,0.13512751231124173,0.17473050649548447,0.6989457177185987
0.17807160545361214,0.10933736468915876,0.13512751231124173,0.17473050649548447,0.6989457177185987,0.3882793594205678
0.10933736468915876,0.13512751231124173,0.17473050649548447,0.6989457177185987,0.3882793594205678,0.07119930955510302
0.13512751231124173,0.17473050649548447,0.6989457177185987,0.3882793594205678,0.07119930955510302,0.09116805902626962
0.17473050649548447,0.6989457177185987,0.3882793594205678,0.07119930955510302,0.09116805902626962,0.06670408456821808
0.6989457177185987,0.3882793594205678,0.07119930955510302,0.09116805902626962,0.06670408456821808,0.11711615155942395
0.3882793594205678,0.07119930955510302,0.09116805902626962,0.06670408456821808,0.11711615155942395,0.18649909463720618
0.07119930955510302,0.09116805902626962,0.06670408456821808,0.11711615155942395,0.18649909463720618,0.18144598566085843
0.09116805902626962,0.06670408456821808,0.11711615155942395,0.18649909463720618,0.18144598566085843,0.19908335542681793
0.06670408456821808,0.11711615155942395,0.18649909463720618,0.18144598566085843,0.19908335542681793,0.25826813405010235
0.11711615155942395,0.18649909463720618,0.18144598566085843,0.19908335542681793,0.25826813405010235,0.0009589512457904796
0.18649909463720618,0.18144598566085843,0.19908335542681793,0.25826813405010235,0.0009589512457904796,0.032990179211065174
0.18144598566085843,0.19908335542681793,0.25826813405010235,0.0009589512457904796,0.032990179211065174,0.17186549862644337
0.19908335542681793,0.25826813405010235,0.0009589512457904796,0.032990179211065174,0.17186549862644337,0.08959989169491811
0.25826813405010235,0.0009589512457904796,0.032990179211065174,0.17186549862644337,0.08959989169491811,0.05027668563885895
0.0009589512457904796,0.032990179211065174,0.17186549862644337,0.08959989169491811,0.05027668563885895,0.09259633229352933
0.032990179211065174,0.17186549862644337,0.08959989169491811,0.05027668563885895,0.09259633229352933,0.050890978525132975
0.17186549862644337,0.08959989169491811,0.05027668563885895,0.09259633229352933,0.050890978525132975,0.07160545361214371
0.08959989169491811,0.05027668563885895,0.09259633229352933,0.050890978525132975,0.07160545361214371,0.022467099510934868
0.05027668563885895,0.09259633229352933,0.050890978525132975,0.07160545361214371,0.022467099510934868,0.12759128369726475
0.09259633229352933,0.050890978525132975,0.07160545361214371,0.022467099510934868,0.12759128369726475,0.04457318208227802
0.050890978525132975,0.07160545361214371,0.022467099510934868,0.12759128369726475,0.04457318208227802,0.08024729660362032
0.07160545361214371,0.022467099510934868,0.12759128369726475,0.04457318208227802,0.08024729660362032,0.10253445173372744
0.022467099510934868,0.12759128369726475,0.04457318208227802,0.08024729660362032,0.10253445173372744,0.07631221196207065
0.12759128369726475,0.04457318208227802,0.08024729660362032,0.10253445173372744,0.07631221196207065,0.044554003057362214
0.04457318208227802,0.08024729660362032,0.10253445173372744,0.07631221196207065,0.044554003057362214,0.0664609622229618
0.08024729660362032,0.10253445173372744,0.07631221196207065,0.044554003057362214,0.0664609622229618,0.04429734257687122
0.10253445173372744,0.07631221196207065,0.044554003057362214,0.0664609622229618,0.04429734257687122,0.10393339237464533
0.07631221196207065,0.044554003057362214,0.0664609622229618,0.04429734257687122,0.10393339237464533,0.06160246394061271
0.044554003057362214,0.0664609622229618,0.04429734257687122,0.10393339237464533,0.06160246394061271,0.06995831382525651
0.0664609622229618,0.04429734257687122,0.10393339237464533,0.06160246394061271,0.06995831382525651,0.025214776874608658
0.04429734257687122,0.10393339237464533,0.06160246394061271,0.06995831382525651,0.025214776874608658,0.08129086119462763
0.10393339237464533,0.06160246394061271,0.06995831382525651,0.025214776874608658,0.08129086119462763,0.05142235033309454
0.06160246394061271,0.06995831382525651,0.025214776874608658,0.08129086119462763,0.05142235033309454,0.0874315337014954
0.06995831382525651,0.025214776874608658,0.08129086119462763,0.05142235033309454,0.0874315337014954,0.07424426180497187
0.025214776874608658,0.08129086119462763,0.05142235033309454,0.0874315337014954,0.07424426180497187,0.45469519452608065
0.08129086119462763,0.05142235033309454,0.0874315337014954,0.07424426180497187,0.45469519452608065,0.04483379118554578
0.05142235033309454,0.0874315337014954,0.07424426180497187,0.45469519452608065,0.04483379118554578,0.1458169982569651
0.0874315337014954,0.07424426180497187,0.45469519452608065,0.04483379118554578,0.1458169982569651,0.046077043271264745
0.07424426180497187,0.45469519452608065,0.04483379118554578,0.1458169982569651,0.046077043271264745,0.1233572319026157
0.45469519452608065,0.04483379118554578,0.1458169982569651,0.046077043271264745,0.1233572319026157,0.0729536262459315
0.04483379118554578,0.1458169982569651,0.046077043271264745,0.1233572319026157,0.0729536262459315,0.1043350237199411
0.1458169982569651,0.046077043271264745,0.1233572319026157,0.0729536262459315,0.1043350237199411,0.05210038527276522
0.046077043271264745,0.1233572319026157,0.0729536262459315,0.1043350237199411,0.05210038527276522,0.0651071486994929
0.1233572319026157,0.0729536262459315,0.1043350237199411,0.05210038527276522,0.0651071486994929,0.08056318642576307
0.0729536262459315,0.1043350237199411,0.05210038527276522,0.0651071486994929,0.08056318642576307,0.24890651353531476
0.1043350237199411,0.05210038527276522,0.0651071486994929,0.08056318642576307,0.24890651353531476,0.003735961235806106
0.05210038527276522,0.0651071486994929,0.08056318642576307,0.24890651353531476,0.003735961235806106,0.04946157707993705
0.0651071486994929,0.08056318642576307,0.24890651353531476,0.003735961235806106,0.04946157707993705,0.12592722124133418
0.08056318642576307,0.24890651353531476,0.003735961235806106,0.04946157707993705,0.12592722124133418,0.09312544774561843
0.24890651353531476,0.003735961235806106,0.04946157707993705,0.12592722124133418,0.09312544774561843,0.018936466659521537
0.003735961235806106,0.04946157707993705,0.12592722124133418,0.09312544774561843,0.018936466659521537,0.09652126333365299
0.04946157707993705,0.12592722124133418,0.09312544774561843,0.018936466659521537,0.09652126333365299,0.1141693507900066
0.12592722124133418,0.09312544774561843,0.018936466659521537,0.09652126333365299,0.1141693507900066,0.21220124438026366
0.09312544774561843,0.018936466659521537,0.09652126333365299,0.1141693507900066,0.21220124438026366,0.014953998544650458
0.018936466659521537,0.09652126333365299,0.1141693507900066,0.21220124438026366,0.014953998544650458,0.07515921411124964
0.09652126333365299,0.1141693507900066,0.21220124438026366,0.014953998544650458,0.07515921411124964,0.018276482566830444
0.1141693507900066,0.21220124438026366,0.014953998544650458,0.07515921411124964,0.018276482566830444,0.14524388386536324
0.21220124438026366,0.014953998544650458,0.07515921411124964,0.018276482566830444,0.14524388386536324,0.035137101823699626
0.014953998544650458,0.07515921411124964,0.018276482566830444,0.14524388386536324,0.035137101823699626,0.08764419524247363
0.07515921411124964,0.018276482566830444,0.14524388386536324,0.035137101823699626,0.08764419524247363,0.012584824878579851
0.018276482566830444,0.14524388386536324,0.035137101823699626,0.08764419524247363,0.012584824878579851,0.08005550635446224
0.14524388386536324,0.035137101823699626,0.08764419524247363,0.012584824878579851,0.08005550635446224,0.04102619065078944
0.035137101823699626,0.08764419524247363,0.012584824878579851,0.08005550635446224,0.04102619065078944,0.0994900635728267
0.08764419524247363,0.012584824878579851,0.08005550635446224,0.04102619065078944,0.0994900635728267,0.01119829419496043
0.012584824878579851,0.08005550635446224,0.04102619065078944,0.0994900635728267,0.01119829419496043,0.08104830293833944
0.08005550635446224,0.04102619065078944,0.0994900635728267,0.01119829419496043,0.08104830293833944,0.07753966955668247
0.04102619065078944,0.0994900635728267,0.01119829419496043,0.08104830293833944,0.07753966955668247,0.2333805287769987
0.0994900635728267,0.01119829419496043,0.08104830293833944,0.07753966955668247,0.2333805287769987,0.21857883425373847
0.01119829419496043,0.08104830293833944,0.07753966955668247,0.2333805287769987,0.21857883425373847,0.13562955149286146
0.08104830293833944,0.07753966955668247,0.2333805287769987,0.21857883425373847,0.13562955149286146,0.06367661907636073
0.07753966955668247,0.2333805287769987,0.21857883425373847,0.13562955149286146,0.06367661907636073,0.057367848056995546
0.2333805287769987,0.21857883425373847,0.13562955149286146,0.06367661907636073,0.057367848056995546,0.06884705855807578
0.21857883425373847,0.13562955149286146,0.06367661907636073,0.057367848056995546,0.06884705855807578,0.0697563699746724
0.13562955149286146,0.06367661907636073,0.057367848056995546,0.06884705855807578,0.0697563699746724,0.040693378159603326
0.06367661907636073,0.057367848056995546,0.06884705855807578,0.0697563699746724,0.040693378159603326,0.025833018383659468
0.057367848056995546,0.06884705855807578,0.0697563699746724,0.040693378159603326,0.025833018383659468,0.053423173902987973
0.06884705855807578,0.0697563699746724,0.040693378159603326,0.025833018383659468,0.053423173902987973,0.024441410899327047
0.0697563699746724,0.040693378159603326,0.025833018383659468,0.053423173902987973,0.024441410899327047,0.05397203246896101
0.040693378159603326,0.025833018383659468,0.053423173902987973,0.024441410899327047,0.05397203246896101,0.013955561071092137
0.025833018383659468,0.053423173902987973,0.024441410899327047,0.05397203246896101,0.013955561071092137,0.06465023663532213
0.053423173902987973,0.024441410899327047,0.05397203246896101,0.013955561071092137,0.06465023663532213,0.3023680454881344
0.024441410899327047,0.05397203246896101,0.013955561071092137,0.06465023663532213,0.3023680454881344,0.006114724414334631
0.05397203246896101,0.013955561071092137,0.06465023663532213,0.3023680454881344,0.006114724414334631,0.038023545073529
0.013955561071092137,0.06465023663532213,0.3023680454881344,0.006114724414334631,0.038023545073529,0.09295622105518483
0.06465023663532213,0.3023680454881344,0.006114724414334631,0.038023545073529,0.09295622105518483,0.0709217777827919
0.3023680454881344,0.006114724414334631,0.038023545073529,0.09295622105518483,0.0709217777827919,0.018387044004580404
0.006114724414334631,0.038023545073529,0.09295622105518483,0.0709217777827919,0.018387044004580404,0.07483768339942577
0.038023545073529,0.09295622105518483,0.0709217777827919,0.018387044004580404,0.07483768339942577,0.017421323691172563
0.09295622105518483,0.0709217777827919,0.018387044004580404,0.07483768339942577,0.017421323691172563,0.07469666115739776
0.0709217777827919,0.018387044004580404,0.07483768339942577,0.017421323691172563,0.07469666115739776,0.019364046097350478
0.018387044004580404,0.07483768339942577,0.017421323691172563,0.07469666115739776,0.019364046097350478,0.07468537937803549
0.07483768339942577,0.017421323691172563,0.07469666115739776,0.019364046097350478,0.07468537937803549,0.014671954060594431
0.017421323691172563,0.07469666115739776,0.019364046097350478,0.07468537937803549,0.014671954060594431,0.06542303852163564
0.07469666115739776,0.019364046097350478,0.07468537937803549,0.014671954060594431,0.06542303852163564,0.041099522216644
0.019364046097350478,0.07468537937803549,0.014671954060594431,0.06542303852163564,0.041099522216644,0.07261460877609616
0.07468537937803549,0.014671954060594431,0.06542303852163564,0.041099522216644,0.07261460877609616,0.025096318191305138
0.014671954060594431,0.06542303852163564,0.041099522216644,0.07261460877609616,0.025096318191305138,0.06699628265370014
0.06542303852163564,0.041099522216644,0.07261460877609616,0.025096318191305138,0.06699628265370014,0.03295407751710599
0.041099522216644,0.07261460877609616,0.025096318191305138,0.06699628265370014,0.03295407751710599,0.05019827727229139
0.07261460877609616,0.025096318191305138,0.06699628265370014,0.03295407751710599,0.05019827727229139,0.025525025807070292
0.025096318191305138,0.06699628265370014,0.03295407751710599,0.05019827727229139,0.025525025807070292,0.04783587267383811
0.06699628265370014,0.03295407751710599,0.05019827727229139,0.025525025807070292,0.04783587267383811,0.17450938361998455
0.03295407751710599,0.05019827727229139,0.025525025807070292,0.04783587267383811,0.17450938361998455,0.039232951821161224
0.05019827727229139,0.025525025807070292,0.04783587267383811,0.17450938361998455,0.039232951821161224,0.046723489228721146
0.025525025807070292,0.04783587267383811,0.17450938361998455,0.039232951821161224,0.046723489228721146,0.07850990258183521
0.04783587267383811,0.17450938361998455,0.039232951821161224,0.046723489228721146,0.07850990258183521,0.08930656543149985
0.17450938361998455,0.039232951821161224,0.046723489228721146,0.07850990258183521,0.08930656543149985,0.06804041133367555
0.039232951821161224,0.046723489228721146,0.07850990258183521,0.08930656543149985,0.06804041133367555,0.06885834033743801
0.046723489228721146,0.07850990258183521,0.08930656543149985,0.06804041133367555,0.06885834033743801,0.0022540995165757595
0.07850990258183521,0.08930656543149985,0.06804041133367555,0.06885834033743801,0.0022540995165757595,0.117539218285508
0.08930656543149985,0.06804041133367555,0.06885834033743801,0.0022540995165757595,0.117539218285508,0.0031137711039785254
0.06804041133367555,0.06885834033743801,0.0022540995165757595,0.117539218285508,0.0031137711039785254,0.05923949525319132
0.06885834033743801,0.0022540995165757595,0.117539218285508,0.0031137711039785254,0.05923949525319132,0.02921980854820423
0.0022540995165757595,0.117539218285508,0.0031137711039785254,0.05923949525319132,0.02921980854820423,0.09163625286980262
0.117539218285508,0.0031137711039785254,0.05923949525319132,0.02921980854820423,0.09163625286980262,0.04763167246738156
0.0031137711039785254,0.05923949525319132,0.02921980854820423,0.09163625286980262,0.04763167246738156,0.0912188270333997
0.05923949525319132,0.02921980854820423,0.09163625286980262,0.04763167246738156,0.0912188270333997,0.24677764176965988
0.02921980854820423,0.09163625286980262,0.04763167246738156,0.0912188270333997,0.24677764176965988,0.008427489183594036
0.09163625286980262,0.04763167246738156,0.0912188270333997,0.24677764176965988,0.008427489183594036,0.12869125718508323
0.04763167246738156,0.0912188270333997,0.24677764176965988,0.008427489183594036,0.12869125718508323,0.17845518595192836
0.0912188270333997,0.24677764176965988,0.008427489183594036,0.12869125718508323,0.17845518595192836,0.09101575500487938
0.24677764176965988,0.008427489183594036,0.12869125718508323,0.17845518595192836,0.09101575500487938,0.019714909435516164
0.008427489183594036,0.12869125718508323,0.17845518595192836,0.09101575500487938,0.019714909435516164,0.13139888423202106
0.12869125718508323,0.17845518595192836,0.09101575500487938,0.019714909435516164,0.13139888423202106,0.062107323567072985
0.17845518595192836,0.09101575500487938,0.019714909435516164,0.13139888423202106,0.062107323567072985,0.06591943681357425
0.09101575500487938,0.019714909435516164,0.13139888423202106,0.062107323567072985,0.06591943681357425,0.01898723466665162
0.019714909435516164,0.13139888423202106,0.062107323567072985,0.06591943681357425,0.01898723466665162,0.11555362511775359
0.13139888423202106,0.062107323567072985,0.06591943681357425,0.01898723466665162,0.11555362511775359,0.022216079920124993
0.062107323567072985,0.06591943681357425,0.01898723466665162,0.11555362511775359,0.022216079920124993,0.12303908572460048
0.06591943681357425,0.01898723466665162,0.11555362511775359,0.022216079920124993,0.12303908572460048,0.23371841806889784
0.01898723466665162,0.11555362511775359,0.022216079920124993,0.12303908572460048,0.23371841806889784,0.20574581022918934
0.11555362511775359,0.022216079920124993,0.12303908572460048,0.23371841806889784,0.20574581022918934,0.2318067205559661
0.022216079920124993,0.12303908572460048,0.23371841806889784,0.20574581022918934,0.2318067205559661,0.18549501627396672
0.12303908572460048,0.23371841806889784,0.20574581022918934,0.2318067205559661,0.18549501627396672,0.232546241193161
0.23371841806889784,0.20574581022918934,0.2318067205559661,0.18549501627396672,0.232546241193161,0.1012821742245187
0.20574581022918934,0.2318067205559661,0.18549501627396672,0.232546241193161,0.1012821742245187,0.28516333196071686
0.2318067205559661,0.18549501627396672,0.232546241193161,0.1012821742245187,0.28516333196071686,0.07241210083654394
0.18549501627396672,0.232546241193161,0.1012821742245187,0.28516333196071686,0.07241210083654394,0.0027076270469378497
0.232546241193161,0.1012821742245187,0.28516333196071686,0.07241210083654394,0.0027076270469378497,0.07267722265155659
0.1012821742245187,0.28516333196071686,0.07241210083654394,0.0027076270469378497,0.07267722265155659,0.03655070877778843
0.28516333196071686,0.07241210083654394,0.0027076270469378497,0.07267722265155659,0.03655070877778843,0.14478020273357514
0.07241210083654394,0.0027076270469378497,0.07267722265155659,0.03655070877778843,0.14478020273357514,0.05484637036953469
0.0027076270469378497,0.07267722265155659,0.03655070877778843,0.14478020273357514,0.05484637036953469,0.10982586573554379
0.07267722265155659,0.03655070877778843,0.14478020273357514,0.05484637036953469,0.10982586573554379,0.06234311275574383
0.03655070877778843,0.14478020273357514,0.05484637036953469,0.10982586573554379,0.06234311275574383,0.12141450949643778
0.14478020273357514,0.05484637036953469,0.10982586573554379,0.06234311275574383,0.12141450949643778,0.11861267959182524
0.05484637036953469,0.10982586573554379,0.06234311275574383,0.12141450949643778,0.11861267959182524,0.06625789019444146
0.10982586573554379,0.06234311275574383,0.12141450949643778,0.11861267959182524,0.06625789019444146,0.030583775673099157
0.06234311275574383,0.12141450949643778,0.11861267959182524,0.06625789019444146,0.030583775673099157,0.04634554962008608
0.12141450949643778,0.11861267959182524,0.06625789019444146,0.030583775673099157,0.04634554962008608,0.037196026557308616
0.11861267959182524,0.06625789019444146,0.030583775673099157,0.04634554962008608,0.037196026557308616,0.06790502998132865
0.06625789019444146,0.030583775673099157,0.04634554962008608,0.037196026557308616,0.06790502998132865,0.059641126598487124
0.030583775673099157,0.04634554962008608,0.037196026557308616,0.06790502998132865,0.059641126598487124,0.29360266701264126
0.04634554962008608,0.037196026557308616,0.06790502998132865,0.059641126598487124,0.29360266701264126,0.04116157200313633
0.037196026557308616,0.06790502998132865,0.059641126598487124,0.29360266701264126,0.04116157200313633,0.07882579240397797
0.06790502998132865,0.059641126598487124,0.29360266701264126,0.04116157200313633,0.07882579240397797,0.1338244667949029
0.059641126598487124,0.29360266701264126,0.04116157200313633,0.07882579240397797,0.1338244667949029,0.12412213654337563
0.29360266701264126,0.04116157200313633,0.07882579240397797,0.1338244667949029,0.12412213654337563,0.026833712213090246
0.04116157200313633,0.07882579240397797,0.1338244667949029,0.12412213654337563,0.026833712213090246,0.10303085002566603
0.07882579240397797,0.1338244667949029,0.12412213654337563,0.026833712213090246,0.10303085002566603,0.027468876391184418
0.1338244667949029,0.12412213654337563,0.026833712213090246,0.10303085002566603,0.027468876391184418,0.10327904917163534
0.12412213654337563,0.026833712213090246,0.10303085002566603,0.027468876391184418,0.10327904917163534,0.07070291126316441
0.026833712213090246,0.10303085002566603,0.027468876391184418,0.10327904917163534,0.07070291126316441,0.10549027792663458
0.10303085002566603,0.027468876391184418,0.10327904917163534,0.07070291126316441,0.10549027792663458,0.02527682666110099
0.027468876391184418,0.10327904917163534,0.07070291126316441,0.10549027792663458,0.02527682666110099,0.08873514330680236
0.10327904917163534,0.07070291126316441,0.10549027792663458,0.02527682666110099,0.08873514330680236,0.020508582613649826
0.07070291126316441,0.10549027792663458,0.02527682666110099,0.08873514330680236,0.020508582613649826,0.2116473090135776
0.10549027792663458,0.02527682666110099,0.08873514330680236,0.020508582613649826,0.2116473090135776,0.043733253608759175
0.02527682666110099,0.08873514330680236,0.020508582613649826,0.2116473090135776,0.043733253608759175,0.10518115717210919
0.08873514330680236,0.020508582613649826,0.2116473090135776,0.043733253608759175,0.10518115717210919,0.039666736237639395
0.020508582613649826,0.2116473090135776,0.043733253608759175,0.10518115717210919,0.039666736237639395,0.12751795213141018
0.2116473090135776,0.043733253608759175,0.10518115717210919,0.039666736237639395,0.12751795213141018,0.1374571997495445
0.043733253608759175,0.10518115717210919,0.039666736237639395,0.12751795213141018,0.1374571997495445,0.16489448715851465
0.10518115717210919,0.039666736237639395,0.12751795213141018,0.1374571997495445,0.16489448715851465,0.11956429768103025
0.039666736237639395,0.12751795213141018,0.1374571997495445,0.16489448715851465,0.11956429768103025,0.14929911945712077
0.12751795213141018,0.1374571997495445,0.16489448715851465,0.11956429768103025,0.14929911945712077,0.12195377854995289
0.1374571997495445,0.16489448715851465,0.11956429768103025,0.14929911945712077,0.12195377854995289,0.09763251860083372
0.16489448715851465,0.11956429768103025,0.14929911945712077,0.12195377854995289,0.09763251860083372,0.13897459907376591
0.11956429768103025,0.14929911945712077,0.12195377854995289,0.09763251860083372,0.13897459907376591,0.07687968546399139
0.14929911945712077,0.12195377854995289,0.09763251860083372,0.13897459907376591,0.07687968546399139,0.21080399600625013
0.12195377854995289,0.09763251860083372,0.13897459907376591,0.07687968546399139,0.21080399600625013,0.1449144559079858
0.09763251860083372,0.13897459907376591,0.07687968546399139,0.21080399600625013,0.1449144559079858,0.2562712591029857
0.13897459907376591,0.07687968546399139,0.21080399600625013,0.1449144559079858,0.2562712591029857,0.36645475724431265
0.07687968546399139,0.21080399600625013,0.1449144559079858,0.2562712591029857,0.36645475724431265,0.16555447125120576
0.21080399600625013,0.1449144559079858,0.2562712591029857,0.36645475724431265,0.16555447125120576,0.034640703531761026
0.1449144559079858,0.2562712591029857,0.36645475724431265,0.16555447125120576,0.034640703531761026,0.37370668501836113
0.2562712591029857,0.36645475724431265,0.16555447125120576,0.034640703531761026,0.37370668501836113,0.12786204640195853
0.36645475724431265,0.16555447125120576,0.034640703531761026,0.37370668501836113,0.12786204640195853,0.09725457899219866
0.16555447125120576,0.034640703531761026,0.37370668501836113,0.12786204640195853,0.09725457899219866,0.2974441128854843
0.034640703531761026,0.37370668501836113,0.12786204640195853,0.09725457899219866,0.2974441128854843,0.034387991674046825
0.37370668501836113,0.12786204640195853,0.09725457899219866,0.2974441128854843,0.034387991674046825,0.07445071836730088
0.12786204640195853,0.09725457899219866,0.2974441128854843,0.034387991674046825,0.07445071836730088,0.15796747463009866
0.09725457899219866,0.2974441128854843,0.034387991674046825,0.07445071836730088,0.15796747463009866,0.23255131799387402
0.2974441128854843,0.034387991674046825,0.07445071836730088,0.15796747463009866,0.23255131799387402,0.17931824207313976
0.034387991674046825,0.07445071836730088,0.15796747463009866,0.23255131799387402,0.17931824207313976,0.09115677724690739
0.07445071836730088,0.15796747463009866,0.23255131799387402,0.17931824207313976,0.09115677724690739,0.14943280854256336
0.15796747463009866,0.23255131799387402,0.17931824207313976,0.09115677724690739,0.14943280854256336,0.2820162796076197
0.23255131799387402,0.17931824207313976,0.09115677724690739,0.14943280854256336,0.2820162796076197,0.0996344703486634
0.17931824207313976,0.09115677724690739,0.14943280854256336,0.2820162796076197,0.0996344703486634,0.0430839872064622
0.09115677724690739,0.14943280854256336,0.2820162796076197,0.0996344703486634,0.0430839872064622,0.12659171804577019
0.14943280854256336,0.2820162796076197,0.0996344703486634,0.0430839872064622,0.12659171804577019,0.03576324057830401
0.2820162796076197,0.0996344703486634,0.0430839872064622,0.12659171804577019,0.03576324057830401,0.07896117375632486
0.0996344703486634,0.0430839872064622,0.12659171804577019,0.03576324057830401,0.07896117375632486,0.04494096808948707
0.0430839872064622,0.12659171804577019,0.03576324057830401,0.07896117375632486,0.04494096808948707,0.06876244521285896
0.12659171804577019,0.03576324057830401,0.07896117375632486,0.04494096808948707,0.06876244521285896,0.08689903371559764
0.03576324057830401,0.07896117375632486,0.04494096808948707,0.06876244521285896,0.08689903371559764,0.0608200725418413
0.07896117375632486,0.04494096808948707,0.06876244521285896,0.08689903371559764,0.0608200725418413,0.051009437208436516
0.04494096808948707,0.06876244521285896,0.08689903371559764,0.0608200725418413,0.051009437208436516,0.05094851559988041
0.06876244521285896,0.08689903371559764,0.0608200725418413,0.051009437208436516,0.05094851559988041,0.06941114752618784
0.08689903371559764,0.0608200725418413,0.051009437208436516,0.05094851559988041,0.06941114752618784,0.03718192433310581
0.0608200725418413,0.051009437208436516,0.05094851559988041,0.06941114752618784,0.03718192433310581,0.07679507211877457
0.051009437208436516,0.05094851559988041,0.06941114752618784,0.03718192433310581,0.07679507211877457,0.024910168831828155
0.05094851559988041,0.06941114752618784,0.03718192433310581,0.07679507211877457,0.024910168831828155,0.093994144756511
0.06941114752618784,0.03718192433310581,0.07679507211877457,0.024910168831828155,0.093994144756511,0.015585778188935957
0.03718192433310581,0.07679507211877457,0.024910168831828155,0.093994144756511,0.015585778188935957,0.11579223475126499
0.07679507211877457,0.024910168831828155,0.093994144756511,0.015585778188935957,0.11579223475126499,0.02618388172182517
0.024910168831828155,0.093994144756511,0.015585778188935957,0.11579223475126499,0.02618388172182517,0.07743249265274119
0.093994144756511,0.015585778188935957,0.11579223475126499,0.02618388172182517,0.07743249265274119,0.07217518346993687
0.015585778188935957,0.11579223475126499,0.02618388172182517,0.07743249265274119,0.07217518346993687,0.04896405061006222
0.11579223475126499,0.02618388172182517,0.07743249265274119,0.07217518346993687,0.04896405061006222,0.04967367453194718
0.02618388172182517,0.07743249265274119,0.07217518346993687,0.04896405061006222,0.04967367453194718,0.07734054615093891
0.07743249265274119,0.07217518346993687,0.04896405061006222,0.04967367453194718,0.07734054615093891,0.07340489742042115
0.07217518346993687,0.04896405061006222,0.04967367453194718,0.07734054615093891,0.07340489742042115,0.03707700378503697
0.04896405061006222,0.04967367453194718,0.07734054615093891,0.07340489742042115,0.03707700378503697,0.07464025226058654
0.04967367453194718,0.07734054615093891,0.07340489742042115,0.03707700378503697,0.07464025226058654,0.29114888000135386
0.07734054615093891,0.07340489742042115,0.03707700378503697,0.07464025226058654,0.29114888000135386,0.01577192754841294
0.07340489742042115,0.03707700378503697,0.07464025226058654,0.29114888000135386,0.01577192754841294,0.05290026342954811
0.03707700378503697,0.07464025226058654,0.29114888000135386,0.01577192754841294,0.05290026342954811,0.13208143188343666
0.07464025226058654,0.29114888000135386,0.01577192754841294,0.05290026342954811,0.13208143188343666,0.09414644877790124
0.29114888000135386,0.01577192754841294,0.05290026342954811,0.13208143188343666,0.09414644877790124,0.05816321350203355
0.01577192754841294,0.05290026342954811,0.13208143188343666,0.09414644877790124,0.05816321350203355,0.09186752934672858
0.05290026342954811,0.13208143188343666,0.09414644877790124,0.05816321350203355,0.09186752934672858,0.025876453234204094
0.13208143188343666,0.09414644877790124,0.05816321350203355,0.09186752934672858,0.025876453234204094,0.08309594589258618
0.09414644877790124,0.05816321350203355,0.09186752934672858,0.025876453234204094,0.08309594589258618,0.05364486086745601
0.05816321350203355,0.09186752934672858,0.025876453234204094,0.08309594589258618,0.05364486086745601,0.08332722236951211
0.09186752934672858,0.025876453234204094,0.08309594589258618,0.05364486086745601,0.08332722236951211,0.024695815023945578
0.025876453234204094,0.08309594589258618,0.05364486086745601,0.08332722236951211,0.024695815023945578,0.07527203190487204
0.08309594589258618,0.05364486086745601,0.08332722236951211,0.024695815023945578,0.07527203190487204,0.059720099054022806
0.05364486086745601,0.08332722236951211,0.024695815023945578,0.07527203190487204,0.059720099054022806,0.07005759348364422
0.08332722236951211,0.024695815023945578,0.07527203190487204,0.059720099054022806,0.07005759348364422,0.04221077748382474
0.024695815023945578,0.07527203190487204,0.059720099054022806,0.07005759348364422,0.04221077748382474,0.05699554933804161
0.07527203190487204,0.059720099054022806,0.07005759348364422,0.04221077748382474,0.05699554933804161,0.05147875922990574
0.059720099054022806,0.07005759348364422,0.04221077748382474,0.05699554933804161,0.05147875922990574,0.0465993896557365
0.07005759348364422,0.04221077748382474,0.05699554933804161,0.05147875922990574,0.0465993896557365,0.05437253563632055
0.04221077748382474,0.05699554933804161,0.05147875922990574,0.0465993896557365,0.05437253563632055,0.035876058371926416
0.05699554933804161,0.05147875922990574,0.0465993896557365,0.05437253563632055,0.035876058371926416,0.09229623696249373
0.05147875922990574,0.0465993896557365,0.05437253563632055,0.035876058371926416,0.09229623696249373,0.11613463675490898
0.0465993896557365,0.05437253563632055,0.035876058371926416,0.09229623696249373,0.11613463675490898,0.15928180192579974
0.05437253563632055,0.035876058371926416,0.09229623696249373,0.11613463675490898,0.15928180192579974,0.07898937820473044
0.035876058371926416,0.09229623696249373,0.11613463675490898,0.15928180192579974,0.07898937820473044,0.09815148045149681
0.09229623696249373,0.11613463675490898,0.15928180192579974,0.07898937820473044,0.09815148045149681,0.03930007840836656
0.11613463675490898,0.15928180192579974,0.07898937820473044,0.09815148045149681,0.03930007840836656,0.07473953191897426
0.15928180192579974,0.07898937820473044,0.09815148045149681,0.03930007840836656,0.07473953191897426,0.011298702031284375
0.07898937820473044,0.09815148045149681,0.03930007840836656,0.07473953191897426,0.011298702031284375,0.06879629055094569
0.09815148045149681,0.03930007840836656,0.07473953191897426,0.011298702031284375,0.06879629055094569,0.030161837124951348
0.03930007840836656,0.07473953191897426,0.011298702031284375,0.06879629055094569,0.030161837124951348,0.08847735464837515
0.07473953191897426,0.011298702031284375,0.06879629055094569,0.030161837124951348,0.08847735464837515,0.06120139668428504
0.011298702031284375,0.06879629055094569,0.030161837124951348,0.08847735464837515,0.06120139668428504,0.08044472774245955
0.06879629055094569,0.030161837124951348,0.08847735464837515,0.06120139668428504,0.08044472774245955,0.04472097339192337
0.030161837124951348,0.08847735464837515,0.06120139668428504,0.08044472774245955,0.04472097339192337,0.04562915663058377
0.08847735464837515,0.06120139668428504,0.08044472774245955,0.04472097339192337,0.04562915663058377,0.2750667035204793
0.06120139668428504,0.08044472774245955,0.04472097339192337,0.04562915663058377,0.2750667035204793,0.019404660503054547
0.08044472774245955,0.04472097339192337,0.04562915663058377,0.2750667035204793,0.019404660503054547,0.05265206428357881
0.04472097339192337,0.04562915663058377,0.2750667035204793,0.019404660503054547,0.05265206428357881,0.17982253761063194
0.04562915663058377,0.2750667035204793,0.019404660503054547,0.05265206428357881,0.17982253761063194,0.23052059770867062
0.2750667035204793,0.019404660503054547,0.05265206428357881,0.17982253761063194,0.23052059770867062,0.3059562154142952
0.019404660503054547,0.05265206428357881,0.17982253761063194,0.23052059770867062,0.3059562154142952,0.16066946078735536
0.05265206428357881,0.17982253761063194,0.23052059770867062,0.3059562154142952,0.16066946078735536,0.11092245468955363
0.17982253761063194,0.23052059770867062,0.3059562154142952,0.16066946078735536,0.11092245468955363,0.29474776761790866
0.23052059770867062,0.3059562154142952,0.16066946078735536,0.11092245468955363,0.29474776761790866,0.07344438364818899
0.3059562154142952,0.16066946078735536,0.11092245468955363,0.29474776761790866,0.07344438364818899,0.3028695205807859
0.16066946078735536,0.11092245468955363,0.29474776761790866,0.07344438364818899,0.3028695205807859,0.3220665963435753
0.11092245468955363,0.29474776761790866,0.07344438364818899,0.3028695205807859,0.3220665963435753,0.10075475103933393
0.29474776761790866,0.07344438364818899,0.3028695205807859,0.3220665963435753,0.10075475103933393,0.274859118780214
0.07344438364818899,0.3028695205807859,0.3220665963435753,0.10075475103933393,0.274859118780214,0.32198198299835845
0.3028695205807859,0.3220665963435753,0.10075475103933393,0.274859118780214,0.32198198299835845,0.1652019156461357
0.3220665963435753,0.10075475103933393,0.274859118780214,0.32198198299835845,0.1652019156461357,0.15034099178122373
0.10075475103933393,0.274859118780214,0.32198198299835845,0.1652019156461357,0.15034099178122373,0.04779525826813404
0.274859118780214,0.32198198299835845,0.1652019156461357,0.15034099178122373,0.04779525826813404,0.16585907929398624
0.32198198299835845,0.1652019156461357,0.15034099178122373,0.04779525826813404,0.16585907929398624,0.055833526063730786
0.1652019156461357,0.15034099178122373,0.04779525826813404,0.16585907929398624,0.055833526063730786,0.1634560602898289
0.15034099178122373,0.04779525826813404,0.16585907929398624,0.055833526063730786,0.1634560602898289,0.08224981244041811
0.04779525826813404,0.16585907929398624,0.055833526063730786,0.1634560602898289,0.08224981244041811,0.33626471567095556
0.16585907929398624,0.055833526063730786,0.1634560602898289,0.08224981244041811,0.33626471567095556,0.20510274880554158
0.055833526063730786,0.1634560602898289,0.08224981244041811,0.33626471567095556,0.20510274880554158,0.09547262194193266
0.1634560602898289,0.08224981244041811,0.33626471567095556,0.20510274880554158,0.09547262194193266,0.26755755117697166
0.08224981244041811,0.33626471567095556,0.20510274880554158,0.09547262194193266,0.26755755117697166,0.13698336501633035
0.33626471567095556,0.20510274880554158,0.09547262194193266,0.26755755117697166,0.13698336501633035,0.368677267778674
0.20510274880554158,0.09547262194193266,0.26755755117697166,0.13698336501633035,0.368677267778674,0.19815881360808227
0.09547262194193266,0.26755755117697166,0.13698336501633035,0.368677267778674,0.19815881360808227,0.07388662939918883
0.26755755117697166,0.13698336501633035,0.368677267778674,0.19815881360808227,0.07388662939918883,0.05894165627802818
0.13698336501633035,0.368677267778674,0.19815881360808227,0.07388662939918883,0.05894165627802818,0.08996993405799962
0.368677267778674,0.19815881360808227,0.07388662939918883,0.05894165627802818,0.08996993405799962,0.15715518651601731
0.19815881360808227,0.07388662939918883,0.05894165627802818,0.08996993405799962,0.15715518651601731,0.3012404316408784
0.07388662939918883,0.05894165627802818,0.08996993405799962,0.15715518651601731,0.3012404316408784,0.37271614479035636
0.05894165627802818,0.08996993405799962,0.15715518651601731,0.3012404316408784,0.37271614479035636,0.14008585434094664
0.08996993405799962,0.15715518651601731,0.3012404316408784,0.37271614479035636,0.14008585434094664,0.5863592005731144
0.15715518651601731,0.3012404316408784,0.37271614479035636,0.14008585434094664,0.5863592005731144,0.11716240685480914
0.3012404316408784,0.37271614479035636,0.14008585434094664,0.5863592005731144,0.11716240685480914,0.14102224202801267
0.37271614479035636,0.14008585434094664,0.5863592005731144,0.11716240685480914,0.14102224202801267,0.25686919340918446
0.14008585434094664,0.5863592005731144,0.11716240685480914,0.14102224202801267,0.25686919340918446,0.1404666143944223
0.5863592005731144,0.11716240685480914,0.14102224202801267,0.25686919340918446,0.1404666143944223,0.164443215984025
0.11716240685480914,0.14102224202801267,0.25686919340918446,0.1404666143944223,0.164443215984025,0.16642260417313018
0.14102224202801267,0.25686919340918446,0.1404666143944223,0.164443215984025,0.16642260417313018,0.09152343507618022
0.25686919340918446,0.1404666143944223,0.164443215984025,0.16642260417313018,0.09152343507618022,0.13324627560258803
0.1404666143944223,0.164443215984025,0.16642260417313018,0.09152343507618022,0.13324627560258803,0.047089018880057766
0.164443215984025,0.16642260417313018,0.09152343507618022,0.13324627560258803,0.047089018880057766,0.22349769005567557
0.16642260417313018,0.09152343507618022,0.13324627560258803,0.047089018880057766,0.22349769005567557,0.24176627537695242
0.09152343507618022,0.13324627560258803,0.047089018880057766,0.22349769005567557,0.24176627537695242,0.12671694579669104
0.13324627560258803,0.047089018880057766,0.22349769005567557,0.24176627537695242,0.12671694579669104,0.0897296321575839
0.047089018880057766,0.22349769005567557,0.24176627537695242,0.12671694579669104,0.0897296321575839,0.12490622020905137
0.22349769005567557,0.24176627537695242,0.12671694579669104,0.0897296321575839,0.12490622020905137,0.07251927774048524
0.24176627537695242,0.12671694579669104,0.0897296321575839,0.12490622020905137,0.07251927774048524,0.12080021661016377
0.12671694579669104,0.0897296321575839,0.12490622020905137,0.07251927774048524,0.12080021661016377,0.08368823930910384
0.0897296321575839,0.12490622020905137,0.07251927774048524,0.12080021661016377,0.08368823930910384,0.13438855576301495
0.12490622020905137,0.07251927774048524,0.12080021661016377,0.08368823930910384,0.13438855576301495,0.11342700970797114
0.07251927774048524,0.12080021661016377,0.08368823930910384,0.13438855576301495,0.11342700970797114,0.1304399329862306
0.12080021661016377,0.08368823930910384,0.13438855576301495,0.11342700970797114,0.1304399329862306,0.13183323273746733
0.08368823930910384,0.13438855576301495,0.11342700970797114,0.1304399329862306,0.13183323273746733,0.12873074341285107
0.13438855576301495,0.11342700970797114,0.1304399329862306,0.13183323273746733,0.12873074341285107,0.20450481449934285
0.11342700970797114,0.1304399329862306,0.13183323273746733,0.12873074341285107,0.20450481449934285,0.1101947799206891
0.1304399329862306,0.13183323273746733,0.12873074341285107,0.20450481449934285,0.1101947799206891,0.1721199027510619
0.13183323273746733,0.12873074341285107,0.20450481449934285,0.1101947799206891,0.1721199027510619,0.12844869892879504
0.12873074341285107,0.20450481449934285,0.1101947799206891,0.1721199027510619,0.12844869892879504,0.21443278033811494
0.20450481449934285,0.1101947799206891,0.1721199027510619,0.12844869892879504,0.21443278033811494,0.13370600811159936
0.1101947799206891,0.1721199027510619,0.12844869892879504,0.21443278033811494,0.13370600811159936,0.22940370155180875
0.1721199027510619,0.12844869892879504,0.21443278033811494,0.13370600811159936,0.22940370155180875,0.5499021305640326
0.12844869892879504,0.21443278033811494,0.13370600811159936,0.22940370155180875,0.5499021305640326,0.11374910450876313
0.21443278033811494,0.13370600811159936,0.22940370155180875,0.5499021305640326,0.11374910450876313,0.11320701501040745
0.13370600811159936,0.22940370155180875,0.5499021305640326,0.11374910450876313,0.11320701501040745,0.18580526520642834
0.22940370155180875,0.5499021305640326,0.11374910450876313,0.11320701501040745,0.18580526520642834,0.20825036524760687
0.5499021305640326,0.11374910450876313,0.11320701501040745,0.18580526520642834,0.20825036524760687,0.23014942716765288
0.11374910450876313,0.11320701501040745,0.18580526520642834,0.20825036524760687,0.23014942716765288,0.382948718671909
0.11320701501040745,0.18580526520642834,0.20825036524760687,0.23014942716765288,0.382948718671909,0.12474883938694811
0.18580526520642834,0.20825036524760687,0.23014942716765288,0.382948718671909,0.12474883938694811,0.1277999966154662
0.20825036524760687,0.23014942716765288,0.382948718671909,0.12474883938694811,0.1277999966154662,0.18234739983190149
0.23014942716765288,0.382948718671909,0.12474883938694811,0.1277999966154662,0.18234739983190149,0.1820202282303965
0.382948718671909,0.12474883938694811,0.1277999966154662,0.18234739983190149,0.1820202282303965,0.14085865622726015
0.12474883938694811,0.1277999966154662,0.18234739983190149,0.1820202282303965,0.14085865622726015,0.15377065270734502
0.1277999966154662,0.18234739983190149,0.1820202282303965,0.14085865622726015,0.15377065270734502,0.16723094366443475
0.18234739983190149,0.1820202282303965,0.14085865622726015,0.15377065270734502,0.16723094366443475,0.07582483909362185
0.1820202282303965,0.14085865622726015,0.15377065270734502,0.16723094366443475,0.07582483909362185,0.21249231428780946
0.14085865622726015,0.15377065270734502,0.16723094366443475,0.07582483909362185,0.21249231428780946,0.07502383275890273
0.15377065270734502,0.16723094366443475,0.07582483909362185,0.21249231428780946,0.07502383275890273,0.3272505739605251
0.16723094366443475,0.07582483909362185,0.21249231428780946,0.07502383275890273,0.3272505739605251,0.04380827744151808
0.07582483909362185,0.21249231428780946,0.07502383275890273,0.3272505739605251,0.04380827744151808,0.08443283674701174
0.21249231428780946,0.07502383275890273,0.3272505739605251,0.04380827744151808,0.08443283674701174,0.030709003424020036
0.07502383275890273,0.3272505739605251,0.04380827744151808,0.08443283674701174,0.030709003424020036,0.09696125272878038
0.3272505739605251,0.04380827744151808,0.08443283674701174,0.030709003424020036,0.09696125272878038,0.029417239687043444
0.04380827744151808,0.08443283674701174,0.030709003424020036,0.09696125272878038,0.029417239687043444,0.0877496798795106
0.08443283674701174,0.030709003424020036,0.09696125272878038,0.029417239687043444,0.0877496798795106,0.030589980651748387
0.030709003424020036,0.09696125272878038,0.029417239687043444,0.0877496798795106,0.030589980651748387,0.0860122858577255
0.09696125272878038,0.029417239687043444,0.0877496798795106,0.030589980651748387,0.0860122858577255,0.035295046734771005
0.029417239687043444,0.0877496798795106,0.030589980651748387,0.0860122858577255,0.035295046734771005,0.08513117888953446
0.0877496798795106,0.030589980651748387,0.0860122858577255,0.035295046734771005,0.08513117888953446,0.03577452235766625
0.030589980651748387,0.0860122858577255,0.035295046734771005,0.08513117888953446,0.03577452235766625,0.07960423517997259
0.0860122858577255,0.035295046734771005,0.08513117888953446,0.03577452235766625,0.07960423517997259,0.029474776761790875
0.035295046734771005,0.08513117888953446,0.03577452235766625,0.07960423517997259,0.029474776761790875,0.07545254037466789
0.08513117888953446,0.03577452235766625,0.07960423517997259,0.029474776761790875,0.07545254037466789,0.03615810285598244
0.03577452235766625,0.07960423517997259,0.029474776761790875,0.07545254037466789,0.03615810285598244,0.06916858926989965
0.07960423517997259,0.029474776761790875,0.07545254037466789,0.03615810285598244,0.06916858926989965,0.06345098348911589
0.029474776761790875,0.07545254037466789,0.03615810285598244,0.06916858926989965,0.06345098348911589,0.09220034183791467
0.07545254037466789,0.03615810285598244,0.06916858926989965,0.06345098348911589,0.09220034183791467,0.042825634459066876
0.03615810285598244,0.06916858926989965,0.06345098348911589,0.09220034183791467,0.042825634459066876,0.09544385340455896
0.06916858926989965,0.06345098348911589,0.09220034183791467,0.042825634459066876,0.09544385340455896,0.042464617519475174
0.06345098348911589,0.09220034183791467,0.042825634459066876,0.09544385340455896,0.042464617519475174,0.06412563389497793
0.09220034183791467,0.042825634459066876,0.09544385340455896,0.042464617519475174,0.06412563389497793,0.06316104175950629
0.042825634459066876,0.09544385340455896,0.042464617519475174,0.06412563389497793,0.06316104175950629,0.05946061812869127
0.09544385340455896,0.042464617519475174,0.06412563389497793,0.06316104175950629,0.05946061812869127,0.2570553427686615
0.042464617519475174,0.06412563389497793,0.06316104175950629,0.05946061812869127,0.2570553427686615,0.01614986715704801
0.06412563389497793,0.06316104175950629,0.05946061812869127,0.2570553427686615,0.01614986715704801,0.052601296276448724
0.06316104175950629,0.05946061812869127,0.2570553427686615,0.01614986715704801,0.052601296276448724,0.13425881530034917
0.05946061812869127,0.2570553427686615,0.01614986715704801,0.052601296276448724,0.13425881530034917,0.1024949655059596
0.2570553427686615,0.01614986715704801,0.052601296276448724,0.13425881530034917,0.1024949655059596,0.023691736660706127
0.01614986715704801,0.052601296276448724,0.13425881530034917,0.1024949655059596,0.023691736660706127,0.09441157059291391
0.052601296276448724,0.13425881530034917,0.1024949655059596,0.023691736660706127,0.09441157059291391,0.03483305786988724
0.13425881530034917,0.1024949655059596,0.023691736660706127,0.09441157059291391,0.03483305786988724,0.07735916108688662
0.1024949655059596,0.023691736660706127,0.09441157059291391,0.03483305786988724,0.07735916108688662,0.04176514719901622
0.023691736660706127,0.09441157059291391,0.03483305786988724,0.07735916108688662,0.04176514719901622,0.09552282586009464
0.09441157059291391,0.03483305786988724,0.07735916108688662,0.04176514719901622,0.09552282586009464,0.09736175589613995
0.03483305786988724,0.07735916108688662,0.04176514719901622,0.09552282586009464,0.09736175589613995,0.05666273684685548
0.07735916108688662,0.04176514719901622,0.09552282586009464,0.09736175589613995,0.05666273684685548,0.038482149404604094
0.04176514719901622,0.09552282586009464,0.09736175589613995,0.05666273684685548,0.038482149404604094,0.05676991375079677
0.09552282586009464,0.09736175589613995,0.05666273684685548,0.038482149404604094,0.05676991375079677,0.04886138641786583
0.09736175589613995,0.05666273684685548,0.038482149404604094,0.05676991375079677,0.04886138641786583,0.07664276809738432
0.05666273684685548,0.038482149404604094,0.05676991375079677,0.04886138641786583,0.07664276809738432,0.04820704321485585
0.038482149404604094,0.05676991375079677,0.04886138641786583,0.07664276809738432,0.04820704321485585,0.10775114651082768
0.05676991375079677,0.04886138641786583,0.07664276809738432,0.04820704321485585,0.10775114651082768,0.10683280967074127
0.04886138641786583,0.07664276809738432,0.04820704321485585,0.10775114651082768,0.10683280967074127,0.07811504030415678
0.07664276809738432,0.04820704321485585,0.10775114651082768,0.10683280967074127,0.07811504030415678,0.0738336050361863
0.04820704321485585,0.10775114651082768,0.10683280967074127,0.07811504030415678,0.0738336050361863,0.04791371695143758
0.10775114651082768,0.10683280967074127,0.07811504030415678,0.0738336050361863,0.04791371695143758,0.04955577993761176
0.10683280967074127,0.07811504030415678,0.0738336050361863,0.04791371695143758,0.04955577993761176,0.08340732300298405
0.07811504030415678,0.0738336050361863,0.04791371695143758,0.04955577993761176,0.08340732300298405,0.08263903382841542
0.0738336050361863,0.04791371695143758,0.04955577993761176,0.08340732300298405,0.08263903382841542,0.07314541649508961
0.04791371695143758,0.04955577993761176,0.08340732300298405,0.08263903382841542,0.07314541649508961,0.09871556941960886
0.04955577993761176,0.08340732300298405,0.08263903382841542,0.07314541649508961,0.09871556941960886,0.07547510393339238
0.08340732300298405,0.08263903382841542,0.07314541649508961,0.09871556941960886,0.07547510393339238,0.04484507296490803
0.08263903382841542,0.07314541649508961,0.09871556941960886,0.07547510393339238,0.04484507296490803,0.09565820721244153
0.07314541649508961,0.09871556941960886,0.07547510393339238,0.04484507296490803,0.09565820721244153,0.14552367199354682
0.09871556941960886,0.07547510393339238,0.04484507296490803,0.09565820721244153,0.14552367199354682,0.04798140762761103
0.07547510393339238,0.04484507296490803,0.09565820721244153,0.14552367199354682,0.04798140762761103,0.09860839251566757
0.04484507296490803,0.09565820721244153,0.14552367199354682,0.04798140762761103,0.09860839251566757,0.24520044901481863
0.09565820721244153,0.14552367199354682,0.04798140762761103,0.09860839251566757,0.24520044901481863,0.3420466275941041
0.14552367199354682,0.04798140762761103,0.09860839251566757,0.24520044901481863,0.3420466275941041,0.23432819824342696
0.04798140762761103,0.09860839251566757,0.24520044901481863,0.3420466275941041,0.23432819824342696,0.06576149190250286
0.09860839251566757,0.24520044901481863,0.3420466275941041,0.23432819824342696,0.06576149190250286,0.04844960147114402
0.24520044901481863,0.3420466275941041,0.23432819824342696,0.06576149190250286,0.04844960147114402,0.1014796053633579
0.3420466275941041,0.23432819824342696,0.06576149190250286,0.04844960147114402,0.1014796053633579,0.1303891649791005
0.23432819824342696,0.06576149190250286,0.04844960147114402,0.1014796053633579,0.1303891649791005,0.06363487649272043
0.06576149190250286,0.04844960147114402,0.1014796053633579,0.1303891649791005,0.06363487649272043,0.0940167083152355
0.04844960147114402,0.1014796053633579,0.1303891649791005,0.06363487649272043,0.0940167083152355,0.08223288977137473
0.1014796053633579,0.1303891649791005,0.06363487649272043,0.0940167083152355,0.08223288977137473,0.05699554933804161
0.1303891649791005,0.06363487649272043,0.0940167083152355,0.08223288977137473,0.05699554933804161,0.2159671023313797
0.06363487649272043,0.0940167083152355,0.08223288977137473,0.05699554933804161,0.2159671023313797,0.012526723714864305
0.0940167083152355,0.08223288977137473,0.05699554933804161,0.2159671023313797,0.012526723714864305,0.15501728932687264
0.08223288977137473,0.05699554933804161,0.2159671023313797,0.012526723714864305,0.15501728932687264,0.050830056916576875
0.05699554933804161,0.2159671023313797,0.012526723714864305,0.15501728932687264,0.050830056916576875,0.11586387405021518
0.2159671023313797,0.012526723714864305,0.15501728932687264,0.050830056916576875,0.11586387405021518,0.1757430461932456
0.012526723714864305,0.15501728932687264,0.050830056916576875,0.11586387405021518,0.1757430461932456,0.13339181055636096
0.15501728932687264,0.050830056916576875,0.11586387405021518,0.1757430461932456,0.13339181055636096,0.07652430941408081
0.050830056916576875,0.11586387405021518,0.1757430461932456,0.13339181055636096,0.07652430941408081,0.055602249586804826
0.11586387405021518,0.1757430461932456,0.13339181055636096,0.07652430941408081,0.055602249586804826,0.1684877338853884
0.1757430461932456,0.13339181055636096,0.07652430941408081,0.055602249586804826,0.1684877338853884,0.28554747654800117
0.13339181055636096,0.07652430941408081,0.055602249586804826,0.1684877338853884,0.28554747654800117,0.13186877034245842
0.07652430941408081,0.055602249586804826,0.1684877338853884,0.28554747654800117,0.13186877034245842,0.22610378108835325
0.055602249586804826,0.1684877338853884,0.28554747654800117,0.13186877034245842,0.22610378108835325,0.6480761745742539
0.1684877338853884,0.28554747654800117,0.13186877034245842,0.22610378108835325,0.6480761745742539,0.06507330336140617
0.28554747654800117,0.13186877034245842,0.22610378108835325,0.6480761745742539,0.06507330336140617,0.19087078414007458
0.13186877034245842,0.22610378108835325,0.6480761745742539,0.06507330336140617,0.19087078414007458,0.05548491908143754
0.22610378108835325,0.6480761745742539,0.06507330336140617,0.19087078414007458,0.05548491908143754,0.21293230368293686
0.6480761745742539,0.06507330336140617,0.19087078414007458,0.05548491908143754,0.21293230368293686,0.04954957495896253
0.06507330336140617,0.19087078414007458,0.05548491908143754,0.21293230368293686,0.04954957495896253,0.11515312195039401
0.19087078414007458,0.05548491908143754,0.21293230368293686,0.04954957495896253,0.11515312195039401,0.1124229313447317
0.05548491908143754,0.21293230368293686,0.04954957495896253,0.11515312195039401,0.1124229313447317,0.07512424059522668
0.21293230368293686,0.04954957495896253,0.11515312195039401,0.1124229313447317,0.07512424059522668,0.05547250912413904
0.04954957495896253,0.11515312195039401,0.1124229313447317,0.07512424059522668,0.05547250912413904,0.09912171347664953
0.11515312195039401,0.1124229313447317,0.07512424059522668,0.05547250912413904,0.09912171347664953,0.063708208058575
0.1124229313447317,0.07512424059522668,0.05547250912413904,0.09912171347664953,0.063708208058575,0.030240809580487027
0.07512424059522668,0.05547250912413904,0.09912171347664953,0.063708208058575,0.030240809580487027,0.08193448670724346
0.05547250912413904,0.09912171347664953,0.063708208058575,0.030240809580487027,0.08193448670724346,0.2839917191739481
0.09912171347664953,0.063708208058575,0.030240809580487027,0.08193448670724346,0.2839917191739481,0.04875308133598831
0.063708208058575,0.030240809580487027,0.08193448670724346,0.2839917191739481,0.04875308133598831,0.11851622037827805
0.030240809580487027,0.08193448670724346,0.2839917191739481,0.04875308133598831,0.11851622037827805,0.07506331898667057
0.08193448670724346,0.2839917191739481,0.04875308133598831,0.11851622037827805,0.07506331898667057,0.16040997986202385
0.2839917191739481,0.04875308133598831,0.11851622037827805,0.07506331898667057,0.16040997986202385,0.08245457673584278
0.04875308133598831,0.11851622037827805,0.07506331898667057,0.16040997986202385,0.08245457673584278,0.08210371339767708
0.11851622037827805,0.07506331898667057,0.16040997986202385,0.08245457673584278,0.08210371339767708,0.09795404931265758
0.07506331898667057,0.16040997986202385,0.08245457673584278,0.08210371339767708,0.09795404931265758,0.0281423986191102
0.16040997986202385,0.08245457673584278,0.08210371339767708,0.09795404931265758,0.0281423986191102,0.12736226357621125
0.08245457673584278,0.08210371339767708,0.09795404931265758,0.0281423986191102,0.12736226357621125,0.05464499060791868
0.08210371339767708,0.09795404931265758,0.0281423986191102,0.12736226357621125,0.05464499060791868,0.12357497024430693
0.09795404931265758,0.0281423986191102,0.12736226357621125,0.05464499060791868,0.12357497024430693,0.02822701196432701
0.0281423986191102,0.12736226357621125,0.05464499060791868,0.12357497024430693,0.02822701196432701,0.09692176650101254
0.12736226357621125,0.05464499060791868,0.12357497024430693,0.02822701196432701,0.09692176650101254,0.027093193138421793
0.05464499060791868,0.12357497024430693,0.02822701196432701,0.09692176650101254,0.027093193138421793,0.08706149133841388
0.12357497024430693,0.02822701196432701,0.09692176650101254,0.027093193138421793,0.08706149133841388,0.056115570547786806
0.02822701196432701,0.09692176650101254,0.027093193138421793,0.08706149133841388,0.056115570547786806,0.08737738116055663
0.09692176650101254,0.027093193138421793,0.08706149133841388,0.056115570547786806,0.08737738116055663,0.037331407909655515
0.027093193138421793,0.08706149133841388,0.056115570547786806,0.08737738116055663,0.037331407909655515,0.10795139809450746
0.08706149133841388,0.056115570547786806,0.08737738116055663,0.037331407909655515,0.10795139809450746,0.09112293190882068
0.056115570547786806,0.08737738116055663,0.037331407909655515,0.10795139809450746,0.09112293190882068,0.1523203799703289
0.08737738116055663,0.037331407909655515,0.10795139809450746,0.09112293190882068,0.1523203799703289,0.09995656514945536
0.037331407909655515,0.10795139809450746,0.09112293190882068,0.1523203799703289,0.09995656514945536,0.4669923340309233
0.10795139809450746,0.09112293190882068,0.1523203799703289,0.09995656514945536,0.4669923340309233,0.2487237487096465
0.09112293190882068,0.1523203799703289,0.09995656514945536,0.4669923340309233,0.2487237487096465,0.119482504780654
0.1523203799703289,0.09995656514945536,0.4669923340309233,0.2487237487096465,0.119482504780654,0.0727054270999622
0.09995656514945536,0.4669923340309233,0.2487237487096465,0.119482504780654,0.0727054270999622,0.15432571625196725
0.4669923340309233,0.2487237487096465,0.119482504780654,0.0727054270999622,0.15432571625196725,0.08262944431595752
0.2487237487096465,0.119482504780654,0.0727054270999622,0.15432571625196725,0.08262944431595752,0.13493008117240252
0.119482504780654,0.0727054270999622,0.15432571625196725,0.08262944431595752,0.13493008117240252,0.15682519446967175
0.0727054270999622,0.15432571625196725,0.08262944431595752,0.13493008117240252,0.15682519446967175,0.09962375265826927
0.15432571625196725,0.08262944431595752,0.13493008117240252,0.15682519446967175,0.09962375265826927,0.08703892777968943
0.08262944431595752,0.13493008117240252,0.15682519446967175,0.09962375265826927,0.08703892777968943,0.10366827055963265
0.13493008117240252,0.15682519446967175,0.09962375265826927,0.08703892777968943,0.10366827055963265,0.14808463590877552
0.15682519446967175,0.09962375265826927,0.08703892777968943,0.10366827055963265,0.14808463590877552,0.08629997123146263
0.09962375265826927,0.08703892777968943,0.10366827055963265,0.14808463590877552,0.08629997123146263,0.24616673341719456
0.08703892777968943,0.10366827055963265,0.14808463590877552,0.08629997123146263,0.24616673341719456,0.1605679247730952
0.10366827055963265,0.14808463590877552,0.08629997123146263,0.24616673341719456,0.1605679247730952,0.061987736705833234
0.14808463590877552,0.08629997123146263,0.24616673341719456,0.1605679247730952,0.061987736705833234,0.14608776096165887
0.08629997123146263,0.24616673341719456,0.1605679247730952,0.061987736705833234,0.14608776096165887,0.14224800735572016
0.24616673341719456,0.1605679247730952,0.061987736705833234,0.14608776096165887,0.14224800735572016,0.14121403227717075
0.1605679247730952,0.061987736705833234,0.14608776096165887,0.14224800735572016,0.14121403227717075,0.08974091393694612
0.061987736705833234,0.14608776096165887,0.14224800735572016,0.14121403227717075,0.08974091393694612,0.1561341854837345
0.14608776096165887,0.14224800735572016,0.14121403227717075,0.08974091393694612,0.1561341854837345,0.0747361473851656
0.14224800735572016,0.14121403227717075,0.08974091393694612,0.1561341854837345,0.0747361473851656,0.12917073280797847
0.14121403227717075,0.08974091393694612,0.1561341854837345,0.0747361473851656,0.12917073280797847,0.05789809168702087
0.08974091393694612,0.1561341854837345,0.0747361473851656,0.12917073280797847,0.05789809168702087,0.20675552948210993
0.1561341854837345,0.0747361473851656,0.12917073280797847,0.05789809168702087,0.20675552948210993,0.06050982360937966
0.0747361473851656,0.12917073280797847,0.05789809168702087,0.20675552948210993,0.06050982360937966,0.07759607845349369
0.12917073280797847,0.05789809168702087,0.20675552948210993,0.06050982360937966,0.07759607845349369,0.03694557105546687
0.05789809168702087,0.20675552948210993,0.06050982360937966,0.07759607845349369,0.03694557105546687,0.07686840368462913
0.20675552948210993,0.06050982360937966,0.07759607845349369,0.03694557105546687,0.07686840368462913,0.03490582534677369
0.06050982360937966,0.07759607845349369,0.03694557105546687,0.07686840368462913,0.03490582534677369,0.10485285739266798
0.07759607845349369,0.03694557105546687,0.07686840368462913,0.03490582534677369,0.10485285739266798,0.032192557410154726
0.03694557105546687,0.07686840368462913,0.03490582534677369,0.10485285739266798,0.032192557410154726,0.09625050062895919
0.07686840368462913,0.03490582534677369,0.10485285739266798,0.032192557410154726,0.09625050062895919,0.04369433146995945
0.03490582534677369,0.10485285739266798,0.032192557410154726,0.09625050062895919,0.04369433146995945,0.067453758806839
0.10485285739266798,0.032192557410154726,0.09625050062895919,0.04369433146995945,0.067453758806839,0.0813923972088878
0.032192557410154726,0.09625050062895919,0.04369433146995945,0.067453758806839,0.0813923972088878,0.054896010198728536
0.09625050062895919,0.04369433146995945,0.067453758806839,0.0813923972088878,0.054896010198728536,0.03826779559672152
0.04369433146995945,0.067453758806839,0.0813923972088878,0.054896010198728536,0.03826779559672152,0.0583437219718294
0.067453758806839,0.0813923972088878,0.054896010198728536,0.03826779559672152,0.0583437219718294,0.054376484259097344
0.0813923972088878,0.054896010198728536,0.03826779559672152,0.0583437219718294,0.054376484259097344,0.051258764532342044
0.054896010198728536,0.03826779559672152,0.0583437219718294,0.054376484259097344,0.051258764532342044,0.04779130964535726
0.03826779559672152,0.0583437219718294,0.054376484259097344,0.051258764532342044,0.04779130964535726,0.05103312894509722
0.0583437219718294,0.054376484259097344,0.051258764532342044,0.04779130964535726,0.05103312894509722,0.058631407345566544
0.054376484259097344,0.051258764532342044,0.04779130964535726,0.05103312894509722,0.058631407345566544,0.03959904556146595
0.051258764532342044,0.04779130964535726,0.05103312894509722,0.058631407345566544,0.03959904556146595,0.0938587634041641
0.04779130964535726,0.05103312894509722,0.058631407345566544,0.03959904556146595,0.0938587634041641,0.06838394151525577
0.05103312894509722,0.058631407345566544,0.03959904556146595,0.0938587634041641,0.06838394151525577,0.0684634780597596
0.058631407345566544,0.03959904556146595,0.0938587634041641,0.06838394151525577,0.0684634780597596,0.03346175758840684
0.03959904556146595,0.0938587634041641,0.06838394151525577,0.0684634780597596,0.03346175758840684,0.18756522278693796
0.0938587634041641,0.06838394151525577,0.0684634780597596,0.03346175758840684,0.18756522278693796,0.09754790525561692
0.06838394151525577,0.0684634780597596,0.03346175758840684,0.18756522278693796,0.09754790525561692,0.022811757870451328
0.0684634780597596,0.03346175758840684,0.18756522278693796,0.09754790525561692,0.022811757870451328,0.10876481438652505
0.03346175758840684,0.18756522278693796,0.09754790525561692,0.022811757870451328,0.10876481438652505,0.13447316910823173
0.18756522278693796,0.09754790525561692,0.022811757870451328,0.10876481438652505,0.13447316910823173,0.0512474827529798
0.09754790525561692,0.022811757870451328,0.10876481438652505,0.13447316910823173,0.0512474827529798,0.06997523649429989
0.022811757870451328,0.10876481438652505,0.13447316910823173,0.0512474827529798,0.06997523649429989,0.06040264670543837
0.10876481438652505,0.13447316910823173,0.0512474827529798,0.06997523649429989,0.06040264670543837,0.05127568720138541
0.13447316910823173,0.0512474827529798,0.06997523649429989,0.06040264670543837,0.05127568720138541,0.06120929392983861
0.0512474827529798,0.06997523649429989,0.06040264670543837,0.05127568720138541,0.06120929392983861,0.07071983393220779
0.06997523649429989,0.06040264670543837,0.05127568720138541,0.06120929392983861,0.07071983393220779,0.08768198920333715
0.06040264670543837,0.05127568720138541,0.06120929392983861,0.07071983393220779,0.08768198920333715,0.043608025857838295
0.05127568720138541,0.06120929392983861,0.07071983393220779,0.08768198920333715,0.043608025857838295,0.06039136492607614
0.06120929392983861,0.07071983393220779,0.08768198920333715,0.043608025857838295,0.06039136492607614,0.07278439955549788
0.07071983393220779,0.08768198920333715,0.043608025857838295,0.06039136492607614,0.07278439955549788,0.06029546980149709
0.08768198920333715,0.043608025857838295,0.06039136492607614,0.07278439955549788,0.06029546980149709,0.16798005381408757
0.043608025857838295,0.06039136492607614,0.07278439955549788,0.06029546980149709,0.16798005381408757,0.06843414543341775
0.06039136492607614,0.07278439955549788,0.06029546980149709,0.16798005381408757,0.06843414543341775,0.0896506597020482
0.07278439955549788,0.06029546980149709,0.16798005381408757,0.06843414543341775,0.0896506597020482,0.13850076434055178
0.06029546980149709,0.16798005381408757,0.06843414543341775,0.0896506597020482,0.13850076434055178,0.11603874163032993
0.16798005381408757,0.06843414543341775,0.0896506597020482,0.13850076434055178,0.11603874163032993,0.06499433090587045
0.06843414543341775,0.0896506597020482,0.13850076434055178,0.11603874163032993,0.06499433090587045,0.10684860416184841
0.0896506597020482,0.13850076434055178,0.11603874163032993,0.06499433090587045,0.10684860416184841,0.09070945469519454
0.13850076434055178,0.11603874163032993,0.06499433090587045,0.10684860416184841,0.09070945469519454,0.1037963187553941
0.11603874163032993,0.06499433090587045,0.10684860416184841,0.09070945469519454,0.1037963187553941,0.06325693688408535
0.06499433090587045,0.10684860416184841,0.09070945469519454,0.1037963187553941,0.06325693688408535,0.10809072806963115
0.10684860416184841,0.09070945469519454,0.1037963187553941,0.06325693688408535,0.10809072806963115,0.02311636591323183
0.09070945469519454,0.1037963187553941,0.06325693688408535,0.10809072806963115,0.02311636591323183,0.1268545835049104
0.1037963187553941,0.06325693688408535,0.10809072806963115,0.02311636591323183,0.1268545835049104,0.10321305076236625
0.06325693688408535,0.10809072806963115,0.02311636591323183,0.1268545835049104,0.10321305076236625,0.07515921411124964
0.10809072806963115,0.02311636591323183,0.1268545835049104,0.10321305076236625,0.07515921411124964,0.03615246196630133
0.02311636591323183,0.1268545835049104,0.10321305076236625,0.07515921411124964,0.03615246196630133,0.1353599169661039
0.1268545835049104,0.10321305076236625,0.07515921411124964,0.03615246196630133,0.1353599169661039,0.034398145275472844
0.10321305076236625,0.07515921411124964,0.03615246196630133,0.1353599169661039,0.034398145275472844,0.10058721661580464
0.07515921411124964,0.03615246196630133,0.1353599169661039,0.034398145275472844,0.10058721661580464,0.03722987189539534
0.03615246196630133,0.1353599169661039,0.034398145275472844,0.10058721661580464,0.03722987189539534,0.214483548345245
0.1353599169661039,0.034398145275472844,0.10058721661580464,0.03722987189539534,0.214483548345245,0.12810460465824672
0.034398145275472844,0.10058721661580464,0.03722987189539534,0.214483548345245,0.12810460465824672,0.026020295921072665
0.10058721661580464,0.03722987189539534,0.214483548345245,0.12810460465824672,0.026020295921072665,0.10459337646733644
0.03722987189539534,0.214483548345245,0.12810460465824672,0.026020295921072665,0.10459337646733644,0.09960682998922589
0.214483548345245,0.12810460465824672,0.026020295921072665,0.10459337646733644,0.09960682998922589,0.021528455467996407
0.12810460465824672,0.026020295921072665,0.10459337646733644,0.09960682998922589,0.021528455467996407,0.0710244419749883
0.026020295921072665,0.10459337646733644,0.09960682998922589,0.021528455467996407,0.0710244419749883,0.03964022405613813
0.10459337646733644,0.09960682998922589,0.021528455467996407,0.0710244419749883,0.03964022405613813,0.06473484998053892
0.09960682998922589,0.021528455467996407,0.0710244419749883,0.03964022405613813,0.06473484998053892,0.03728628079220654
0.021528455467996407,0.0710244419749883,0.03964022405613813,0.06473484998053892,0.03728628079220654,0.05735656627763331
0.0710244419749883,0.03964022405613813,0.06473484998053892,0.03728628079220654,0.05735656627763331,0.04496917253789268
0.03964022405613813,0.06473484998053892,0.03728628079220654,0.05735656627763331,0.04496917253789268,0.055421741117008975
0.06473484998053892,0.03728628079220654,0.05735656627763331,0.04496917253789268,0.055421741117008975,0.047067583499269504
0.03728628079220654,0.05735656627763331,0.04496917253789268,0.055421741117008975,0.047067583499269504,0.056149415885873535
0.05735656627763331,0.04496917253789268,0.055421741117008975,0.047067583499269504,0.056149415885873535,0.03774883374605842
0.04496917253789268,0.055421741117008975,0.047067583499269504,0.056149415885873535,0.03774883374605842,0.054451508091856234
0.055421741117008975,0.047067583499269504,0.056149415885873535,0.03774883374605842,0.054451508091856234,0.03756832527626257
0.047067583499269504,0.056149415885873535,0.03774883374605842,0.054451508091856234,0.03756832527626257,0.09876295289293027
0.056149415885873535,0.03774883374605842,0.054451508091856234,0.03756832527626257,0.09876295289293027,0.04156771606017701
0.03774883374605842,0.054451508091856234,0.03756832527626257,0.09876295289293027,0.04156771606017701,0.06071233154893191
0.054451508091856234,0.03756832527626257,0.09876295289293027,0.04156771606017701,0.06071233154893191,0.07064086147667212
0.03756832527626257,0.09876295289293027,0.04156771606017701,0.06071233154893191,0.07064086147667212,0.07111018349814134
0.09876295289293027,0.04156771606017701,0.06071233154893191,0.07064086147667212,0.07111018349814134,0.027928044811227622
0.04156771606017701,0.06071233154893191,0.07064086147667212,0.07111018349814134,0.027928044811227622,0.11552542066934798
0.06071233154893191,0.07064086147667212,0.07111018349814134,0.027928044811227622,0.11552542066934798,0.45480349960795813
0.07064086147667212,0.07111018349814134,0.027928044811227622,0.11552542066934798,0.45480349960795813,0.5397485291380157
0.07111018349814134,0.027928044811227622,0.11552542066934798,0.45480349960795813,0.5397485291380157,0.14724357925732046
0.027928044811227622,0.11552542066934798,0.45480349960795813,0.5397485291380157,0.14724357925732046,0.17913322089159903
0.11552542066934798,0.45480349960795813,0.5397485291380157,0.14724357925732046,0.17913322089159903,0.06107955346717283
0.45480349960795813,0.5397485291380157,0.14724357925732046,0.17913322089159903,0.06107955346717283,0.166265787439995
0.5397485291380157,0.14724357925732046,0.17913322089159903,0.06107955346717283,0.166265787439995,0.10912301088127618
0.14724357925732046,0.17913322089159903,0.06107955346717283,0.166265787439995,0.10912301088127618,0.09564184863236629
0.17913322089159903,0.06107955346717283,0.166265787439995,0.10912301088127618,0.09564184863236629,0.07366099381194402
0.06107955346717283,0.166265787439995,0.10912301088127618,0.09564184863236629,0.07366099381194402,0.09483350914106173
0.166265787439995,0.10912301088127618,0.09564184863236629,0.07366099381194402,0.09483350914106173,0.05547815001382019
0.10912301088127618,0.09564184863236629,0.07366099381194402,0.09483350914106173,0.05547815001382019,0.11461723743068757
0.09564184863236629,0.07366099381194402,0.09483350914106173,0.05547815001382019,0.11461723743068757,0.3427415852028182
0.07366099381194402,0.09483350914106173,0.05547815001382019,0.11461723743068757,0.3427415852028182,0.15780952971902729
0.09483350914106173,0.05547815001382019,0.11461723743068757,0.3427415852028182,0.15780952971902729,0.11764131838873626
0.05547815001382019,0.11461723743068757,0.3427415852028182,0.15780952971902729,0.11764131838873626,0.10288982778363802
0.11461723743068757,0.3427415852028182,0.15780952971902729,0.11764131838873626,0.10288982778363802,0.05660068706036315
0.3427415852028182,0.15780952971902729,0.11764131838873626,0.10288982778363802,0.05660068706036315,0.09041782069868061
0.15780952971902729,0.11764131838873626,0.10288982778363802,0.05660068706036315,0.09041782069868061,0.09119626347467523
0.11764131838873626,0.10288982778363802,0.05660068706036315,0.09041782069868061,0.09119626347467523,0.1071244436672552
0.10288982778363802,0.05660068706036315,0.09041782069868061,0.09119626347467523,0.1071244436672552,0.1098958127675897
0.05660068706036315,0.09041782069868061,0.09119626347467523,0.1071244436672552,0.1098958127675897,0.1932732390552638
0.09041782069868061,0.09119626347467523,0.1071244436672552,0.1098958127675897,0.1932732390552638,0.1394653564760234
0.09119626347467523,0.1071244436672552,0.1098958127675897,0.1932732390552638,0.1394653564760234,0.08559486002132256
0.1071244436672552,0.1098958127675897,0.1932732390552638,0.1394653564760234,0.08559486002132256,0.13735566373528432
0.1098958127675897,0.1932732390552638,0.1394653564760234,0.08559486002132256,0.13735566373528432,0.1050277249727827
0.1932732390552638,0.1394653564760234,0.08559486002132256,0.13735566373528432,0.1050277249727827,0.055134055743271834
0.1394653564760234,0.08559486002132256,0.13735566373528432,0.1050277249727827,0.055134055743271834,0.10613898023996346
0.08559486002132256,0.13735566373528432,0.1050277249727827,0.055134055743271834,0.10613898023996346,0.08708405489713837
0.13735566373528432,0.1050277249727827,0.055134055743271834,0.10613898023996346,0.08708405489713837,0.1483029383394349
0.1050277249727827,0.055134055743271834,0.10613898023996346,0.08708405489713837,0.1483029383394349,0.12366522447920487
0.055134055743271834,0.10613898023996346,0.08708405489713837,0.1483029383394349,0.12366522447920487,0.15413731053661783
0.10613898023996346,0.08708405489713837,0.1483029383394349,0.12366522447920487,0.15413731053661783,0.1039841603817754
0.08708405489713837,0.1483029383394349,0.12366522447920487,0.15413731053661783,0.1039841603817754,0.15976127754869496
0.1483029383394349,0.12366522447920487,0.15413731053661783,0.1039841603817754,0.15976127754869496,0.12767025615280042
0.12366522447920487,0.15413731053661783,0.1039841603817754,0.15976127754869496,0.12767025615280042,0.08506236003542478
0.15413731053661783,0.1039841603817754,0.15976127754869496,0.12767025615280042,0.08506236003542478,0.2167077511465108
0.1039841603817754,0.15976127754869496,0.12767025615280042,0.08506236003542478,0.2167077511465108,0.15519215690698737
0.15976127754869496,0.12767025615280042,0.08506236003542478,0.2167077511465108,0.15519215690698737,0.12711180807436948
0.12767025615280042,0.08506236003542478,0.2167077511465108,0.15519215690698737,0.12711180807436948,0.20065659955888243
0.08506236003542478,0.2167077511465108,0.15519215690698737,0.12711180807436948,0.20065659955888243,0.11521573582585444
0.2167077511465108,0.15519215690698737,0.12711180807436948,0.20065659955888243,0.11521573582585444,0.06400153432199325
0.15519215690698737,0.12711180807436948,0.20065659955888243,0.11521573582585444,0.06400153432199325,0.1430924485409839
0.12711180807436948,0.20065659955888243,0.11521573582585444,0.06400153432199325,0.1430924485409839,0.07079316549806236
0.20065659955888243,0.11521573582585444,0.06400153432199325,0.1430924485409839,0.07079316549806236,0.10836149077432494
0.11521573582585444,0.06400153432199325,0.1430924485409839,0.07079316549806236,0.10836149077432494,0.08234006667531601
0.06400153432199325,0.1430924485409839,0.07079316549806236,0.10836149077432494,0.08234006667531601,0.08860145422135979
0.1430924485409839,0.07079316549806236,0.10836149077432494,0.08234006667531601,0.08860145422135979,0.09690484383196919
0.07079316549806236,0.10836149077432494,0.08234006667531601,0.08860145422135979,0.09690484383196919,0.3074905374075599
0.10836149077432494,0.08234006667531601,0.08860145422135979,0.09690484383196919,0.3074905374075599,0.053509479515109114
0.08234006667531601,0.08860145422135979,0.09690484383196919,0.3074905374075599,0.053509479515109114,0.1091286517709573
0.08860145422135979,0.09690484383196919,0.3074905374075599,0.053509479515109114,0.1091286517709573,0.1527964710594155
0.09690484383196919,0.3074905374075599,0.053509479515109114,0.1091286517709573,0.1527964710594155,0.12036530401574937
0.3074905374075599,0.053509479515109114,0.1091286517709573,0.1527964710594155,0.12036530401574937,0.08963937792268598
0.053509479515109114,0.1091286517709573,0.1527964710594155,0.12036530401574937,0.08963937792268598,0.16149641521460764
0.1091286517709573,0.1527964710594155,0.12036530401574937,0.08963937792268598,0.16149641521460764,0.24325208571895957
0.1527964710594155,0.12036530401574937,0.08963937792268598,0.16149641521460764,0.24325208571895957,0.18410735741241108
0.12036530401574937,0.08963937792268598,0.16149641521460764,0.24325208571895957,0.18410735741241108,0.10011451006052675
0.08963937792268598,0.16149641521460764,0.24325208571895957,0.18410735741241108,0.10011451006052675,0.06708146008788507
0.16149641521460764,0.24325208571895957,0.18410735741241108,0.10011451006052675,0.06708146008788507,0.0606846911894944
0.24325208571895957,0.18410735741241108,0.10011451006052675,0.06708146008788507,0.0606846911894944,0.04130823513484546
0.18410735741241108,0.10011451006052675,0.06708146008788507,0.0606846911894944,0.04130823513484546,0.06386502479171016
0.10011451006052675,0.06708146008788507,0.0606846911894944,0.04130823513484546,0.06386502479171016,0.03408789634301122
0.06708146008788507,0.0606846911894944,0.04130823513484546,0.06386502479171016,0.03408789634301122,0.0861025400926234
0.0606846911894944,0.04130823513484546,0.06386502479171016,0.03408789634301122,0.0861025400926234,0.017221636196460905
0.04130823513484546,0.06386502479171016,0.03408789634301122,0.0861025400926234,0.017221636196460905,0.0764453369585451
0.06386502479171016,0.03408789634301122,0.0861025400926234,0.017221636196460905,0.0764453369585451,0.02785076462259627
0.03408789634301122,0.0861025400926234,0.017221636196460905,0.0764453369585451,0.02785076462259627,0.07700378503697602
0.0861025400926234,0.017221636196460905,0.0764453369585451,0.02785076462259627,0.07700378503697602,0.028932123174467073
0.017221636196460905,0.0764453369585451,0.02785076462259627,0.07700378503697602,0.028932123174467073,0.056149415885873535
0.0764453369585451,0.02785076462259627,0.07700378503697602,0.028932123174467073,0.056149415885873535,0.0897296321575839
0.02785076462259627,0.07700378503697602,0.028932123174467073,0.056149415885873535,0.0897296321575839,0.0522820219204973
0.07700378503697602,0.028932123174467073,0.056149415885873535,0.0897296321575839,0.0522820219204973,0.1045730692644844
0.028932123174467073,0.056149415885873535,0.0897296321575839,0.0522820219204973,0.1045730692644844,0.03709561872098467
0.056149415885873535,0.0897296321575839,0.0522820219204973,0.1045730692644844,0.03709561872098467,0.07938988137209001
0.0897296321575839,0.0522820219204973,0.1045730692644844,0.03709561872098467,0.07938988137209001,0.0183216096842794
0.0522820219204973,0.1045730692644844,0.03709561872098467,0.07938988137209001,0.0183216096842794,0.08153341945091581
0.1045730692644844,0.03709561872098467,0.07938988137209001,0.0183216096842794,0.08153341945091581,0.05558532691776148
0.03709561872098467,0.07938988137209001,0.0183216096842794,0.08153341945091581,0.05558532691776148,0.07598842489437432
0.07938988137209001,0.0183216096842794,0.08153341945091581,0.05558532691776148,0.07598842489437432,0.0639564072045443
0.0183216096842794,0.08153341945091581,0.05558532691776148,0.07598842489437432,0.0639564072045443,0.06222465407244031
0.08153341945091581,0.05558532691776148,0.07598842489437432,0.0639564072045443,0.06222465407244031,0.05315410346519853
0.05558532691776148,0.07598842489437432,0.0639564072045443,0.06222465407244031,0.05315410346519853,0.04228410904967932
0.07598842489437432,0.0639564072045443,0.06222465407244031,0.05315410346519853,0.04228410904967932,0.06949011998172351
0.0639564072045443,0.06222465407244031,0.05315410346519853,0.04228410904967932,0.06949011998172351,0.27878969071001874
0.06222465407244031,0.05315410346519853,0.04228410904967932,0.06949011998172351,0.27878969071001874,0.018626217727059916
0.05315410346519853,0.04228410904967932,0.06949011998172351,0.27878969071001874,0.018626217727059916,0.06831681492805046
0.04228410904967932,0.06949011998172351,0.27878969071001874,0.018626217727059916,0.06831681492805046,0.10786960519413122
0.06949011998172351,0.27878969071001874,0.018626217727059916,0.06831681492805046,0.10786960519413122,0.08185043745099475
0.27878969071001874,0.018626217727059916,0.06831681492805046,0.10786960519413122,0.08185043745099475,0.055145337522634064
0.018626217727059916,0.06831681492805046,0.10786960519413122,0.08185043745099475,0.055145337522634064,0.07673245824331414
0.06831681492805046,0.10786960519413122,0.08185043745099475,0.055145337522634064,0.07673245824331414,0.053678706205542735
0.10786960519413122,0.08185043745099475,0.055145337522634064,0.07673245824331414,0.053678706205542735,0.06388871652837085
0.08185043745099475,0.055145337522634064,0.07673245824331414,0.053678706205542735,0.06388871652837085,0.062083631830412295
0.055145337522634064,0.07673245824331414,0.053678706205542735,0.06388871652837085,0.062083631830412295,0.04247589929883742
0.07673245824331414,0.053678706205542735,0.06388871652837085,0.062083631830412295,0.04247589929883742,0.06334155022930217
0.053678706205542735,0.06388871652837085,0.062083631830412295,0.04247589929883742,0.06334155022930217,0.035718113460855044
0.06388871652837085,0.062083631830412295,0.04247589929883742,0.06334155022930217,0.035718113460855044,0.07720121617581525
0.062083631830412295,0.04247589929883742,0.06334155022930217,0.035718113460855044,0.07720121617581525,0.02020566683777365
0.04247589929883742,0.06334155022930217,0.035718113460855044,0.07720121617581525,0.02020566683777365,0.15845823203235615
0.06334155022930217,0.035718113460855044,0.07720121617581525,0.02020566683777365,0.15845823203235615,0.05230684183509424
0.035718113460855044,0.07720121617581525,0.02020566683777365,0.15845823203235615,0.05230684183509424,0.1591294979044095
0.07720121617581525,0.02020566683777365,0.15845823203235615,0.05230684183509424,0.1591294979044095,0.06757221749014256
0.02020566683777365,0.15845823203235615,0.05230684183509424,0.1591294979044095,0.06757221749014256,0.07920373201261305
0.15845823203235615,0.05230684183509424,0.1591294979044095,0.06757221749014256,0.07920373201261305,0.03786672834039384
0.05230684183509424,0.1591294979044095,0.06757221749014256,0.07920373201261305,0.03786672834039384,0.062156963396266855
0.1591294979044095,0.06757221749014256,0.07920373201261305,0.03786672834039384,0.062156963396266855,0.05901385966594651
0.06757221749014256,0.07920373201261305,0.03786672834039384,0.062156963396266855,0.05901385966594651,0.10159806404666145
0.07920373201261305,0.03786672834039384,0.062156963396266855,0.05901385966594651,0.10159806404666145,0.062382598983511665
0.03786672834039384,0.062156963396266855,0.05901385966594651,0.10159806404666145,0.062382598983511665,0.09211572849269788
0.062156963396266855,0.05901385966594651,0.10159806404666145,0.062382598983511665,0.09211572849269788,0.07787248204786859
0.05901385966594651,0.10159806404666145,0.062382598983511665,0.09211572849269788,0.07787248204786859,0.08573249772954189
0.10159806404666145,0.062382598983511665,0.09211572849269788,0.07787248204786859,0.08573249772954189,0.07989192055370974
0.062382598983511665,0.09211572849269788,0.07787248204786859,0.08573249772954189,0.07989192055370974,0.011434083383631272
0.09211572849269788,0.07787248204786859,0.08573249772954189,0.07989192055370974,0.011434083383631272,0.07273927243804892
0.07787248204786859,0.08573249772954189,0.07989192055370974,0.011434083383631272,0.07273927243804892,0.020640015343219936
0.08573249772954189,0.07989192055370974,0.011434083383631272,0.07273927243804892,0.020640015343219936,0.0673499664367064
0.07989192055370974,0.011434083383631272,0.07273927243804892,0.020640015343219936,0.0673499664367064,0.04197216785031336
0.011434083383631272,0.07273927243804892,0.020640015343219936,0.0673499664367064,0.04197216785031336,0.044365597342012786
0.07273927243804892,0.020640015343219936,0.0673499664367064,0.04197216785031336,0.044365597342012786,0.04467584627447441
0.020640015343219936,0.0673499664367064,0.04197216785031336,0.044365597342012786,0.04467584627447441,0.25876453234204094
0.0673499664367064,0.04197216785031336,0.044365597342012786,0.04467584627447441,0.25876453234204094,0.013402753882342319
0.04197216785031336,0.044365597342012786,0.04467584627447441,0.25876453234204094,0.013402753882342319,0.05611162192501002
0.044365597342012786,0.04467584627447441,0.25876453234204094,0.013402753882342319,0.05611162192501002,0.10008066472244004
0.04467584627447441,0.25876453234204094,0.013402753882342319,0.05611162192501002,0.10008066472244004,0.06284515193736358
0.25876453234204094,0.013402753882342319,0.05611162192501002,0.10008066472244004,0.06284515193736358,0.04679117990489459
0.013402753882342319,0.05611162192501002,0.10008066472244004,0.06284515193736358,0.04679117990489459,0.0553202051027488
0.05611162192501002,0.10008066472244004,0.06284515193736358,0.04679117990489459,0.0553202051027488,0.04799833029665439
0.10008066472244004,0.06284515193736358,0.04679117990489459,0.0553202051027488,0.04799833029665439,0.07722942062422086
0.06284515193736358,0.04679117990489459,0.0553202051027488,0.04799833029665439,0.07722942062422086,0.05731143916018436
0.04679117990489459,0.0553202051027488,0.04799833029665439,0.07722942062422086,0.05731143916018436,0.03797446933330324
0.0553202051027488,0.04799833029665439,0.07722942062422086,0.05731143916018436,0.03797446933330324,0.06728453211640538
0.04799833029665439,0.07722942062422086,0.05731143916018436,0.03797446933330324,0.06728453211640538,0.02942288057672456
0.07722942062422086,0.05731143916018436,0.03797446933330324,0.06728453211640538,0.02942288057672456,0.0691234621524507
0.05731143916018436,0.03797446933330324,0.06728453211640538,0.02942288057672456,0.0691234621524507,0.024355669376174005
0.03797446933330324,0.06728453211640538,0.02942288057672456,0.0691234621524507,0.024355669376174005,0.07340489742042115
0.06728453211640538,0.02942288057672456,0.0691234621524507,0.024355669376174005,0.07340489742042115,0.013412907483768336
0.02942288057672456,0.0691234621524507,0.024355669376174005,0.07340489742042115,0.013412907483768336,0.08352014079660645
0.0691234621524507,0.024355669376174005,0.07340489742042115,0.013412907483768336,0.08352014079660645,0.03015619623527023
0.024355669376174005,0.07340489742042115,0.013412907483768336,0.08352014079660645,0.03015619623527023,0.21154915753312611
0.07340489742042115,0.013412907483768336,0.08352014079660645,0.03015619623527023,0.21154915753312611,0.13590595508723635
0.013412907483768336,0.08352014079660645,0.03015619623527023,0.21154915753312611,0.13590595508723635,0.12867264224913552
0.08352014079660645,0.03015619623527023,0.21154915753312611,0.13590595508723635,0.12867264224913552,0.16432306503381713
0.03015619623527023,0.21154915753312611,0.13590595508723635,0.12867264224913552,0.16432306503381713,0.1545772999317452
0.21154915753312611,0.13590595508723635,0.12867264224913552,0.16432306503381713,0.1545772999317452,0.09887915522036136
0.13590595508723635,0.12867264224913552,0.16432306503381713,0.1545772999317452,0.09887915522036136,0.10080833949130456
0.12867264224913552,0.16432306503381713,0.1545772999317452,0.09887915522036136,0.10080833949130456,0.12248063764616955
0.16432306503381713,0.1545772999317452,0.09887915522036136,0.10080833949130456,0.12248063764616955,0.09546077607360234
0.1545772999317452,0.09887915522036136,0.10080833949130456,0.12248063764616955,0.09546077607360234,0.07404231795438776
0.09887915522036136,0.10080833949130456,0.12248063764616955,0.09546077607360234,0.07404231795438776,0.10961940917321479
0.10080833949130456,0.12248063764616955,0.09546077607360234,0.07404231795438776,0.10961940917321479,0.09011998172351743
0.12248063764616955,0.09546077607360234,0.07404231795438776,0.10961940917321479,0.09011998172351743,0.10733484885236098
0.09546077607360234,0.07404231795438776,0.10961940917321479,0.09011998172351743,0.10733484885236098,0.10272624198288555
0.07404231795438776,0.10961940917321479,0.09011998172351743,0.10733484885236098,0.10272624198288555,0.24774223390513153
0.10961940917321479,0.09011998172351743,0.10733484885236098,0.10272624198288555,0.24774223390513153,0.04919419890905194
0.09011998172351743,0.10733484885236098,0.10272624198288555,0.24774223390513153,0.04919419890905194,0.10887311946840256
0.10733484885236098,0.10272624198288555,0.24774223390513153,0.04919419890905194,0.10887311946840256,0.2842218674729378
0.10272624198288555,0.24774223390513153,0.04919419890905194,0.10887311946840256,0.2842218674729378,0.018913903100797057
0.24774223390513153,0.04919419890905194,0.10887311946840256,0.2842218674729378,0.018913903100797057,0.08254877959351747
0.04919419890905194,0.10887311946840256,0.2842218674729378,0.018913903100797057,0.08254877959351747,0.11269369404942546
0.10887311946840256,0.2842218674729378,0.018913903100797057,0.08254877959351747,0.11269369404942546,0.08741855965522884
0.2842218674729378,0.018913903100797057,0.08254877959351747,0.11269369404942546,0.08741855965522884,0.04678553901521348
0.018913903100797057,0.08254877959351747,0.11269369404942546,0.08741855965522884,0.04678553901521348,0.09982682468678958
0.08254877959351747,0.11269369404942546,0.08741855965522884,0.04678553901521348,0.09982682468678958,0.07297054891497488
0.11269369404942546,0.08741855965522884,0.04678553901521348,0.09982682468678958,0.07297054891497488,0.06802010413082352
0.08741855965522884,0.04678553901521348,0.09982682468678958,0.07297054891497488,0.06802010413082352,0.05548379090350131
0.04678553901521348,0.09982682468678958,0.07297054891497488,0.06802010413082352,0.05548379090350131,0.05428228140142264
0.09982682468678958,0.07297054891497488,0.06802010413082352,0.05548379090350131,0.05428228140142264,0.06924192083575421
0.07297054891497488,0.06802010413082352,0.05548379090350131,0.05428228140142264,0.06924192083575421,0.03675716534011745
0.06802010413082352,0.05548379090350131,0.05428228140142264,0.06924192083575421,0.03675716534011745,0.09272381640032265
0.05548379090350131,0.05428228140142264,0.06924192083575421,0.03675716534011745,0.09272381640032265,0.020250793955222623
0.05428228140142264,0.06924192083575421,0.03675716534011745,0.09272381640032265,0.020250793955222623,0.0893968196663978
0.06924192083575421,0.03675716534011745,0.09272381640032265,0.020250793955222623,0.0893968196663978,0.029016736519683884
0.03675716534011745,0.09272381640032265,0.020250793955222623,0.0893968196663978,0.029016736519683884,0.08623228055528918
0.09272381640032265,0.020250793955222623,0.0893968196663978,0.029016736519683884,0.08623228055528918,0.028170603067515808
0.020250793955222623,0.0893968196663978,0.029016736519683884,0.08623228055528918,0.028170603067515808,0.07003728628079223
0.0893968196663978,0.029016736519683884,0.08623228055528918,0.028170603067515808,0.07003728628079223,0.0752099821183797
0.029016736519683884,0.08623228055528918,0.028170603067515808,0.07003728628079223,0.0752099821183797,0.37470173795811074
0.08623228055528918,0.028170603067515808,0.07003728628079223,0.0752099821183797,0.37470173795811074,0.4190966679264654
0.028170603067515808,0.07003728628079223,0.0752099821183797,0.37470173795811074,0.4190966679264654,0.4974362156399308
0.07003728628079223,0.0752099821183797,0.37470173795811074,0.4190966679264654,0.4974362156399308,0.18940979371266434
0.0752099821183797,0.37470173795811074,0.4190966679264654,0.4974362156399308,0.18940979371266434,0.09968467426682537
0.37470173795811074,0.4190966679264654,0.4974362156399308,0.18940979371266434,0.09968467426682537,0.11834586550990824
0.4190966679264654,0.4974362156399308,0.18940979371266434,0.09968467426682537,0.11834586550990824,0.0763832871720528
0.4974362156399308,0.18940979371266434,0.09968467426682537,0.11834586550990824,0.0763832871720528,0.14138889985728548
0.18940979371266434,0.09968467426682537,0.11834586550990824,0.0763832871720528,0.14138889985728548,0.08476000834851673
0.09968467426682537,0.11834586550990824,0.0763832871720528,0.14138889985728548,0.08476000834851673,0.09524642226571976
0.11834586550990824,0.0763832871720528,0.14138889985728548,0.08476000834851673,0.09524642226571976,0.23402528246755078
0.0763832871720528,0.14138889985728548,0.08476000834851673,0.09524642226571976,0.23402528246755078,0.28677719049848543
0.14138889985728548,0.08476000834851673,0.09524642226571976,0.23402528246755078,0.28677719049848543,0.2577548130891204
0.08476000834851673,0.09524642226571976,0.23402528246755078,0.28677719049848543,0.2577548130891204,0.042222059263186985
0.09524642226571976,0.23402528246755078,0.28677719049848543,0.2577548130891204,0.042222059263186985,0.08154582940821427
0.23402528246755078,0.28677719049848543,0.2577548130891204,0.042222059263186985,0.08154582940821427,0.28969353046362467
0.28677719049848543,0.2577548130891204,0.042222059263186985,0.08154582940821427,0.28969353046362467,0.0250619087642503
0.2577548130891204,0.042222059263186985,0.08154582940821427,0.28969353046362467,0.0250619087642503,0.09297314372422819
0.042222059263186985,0.08154582940821427,0.28969353046362467,0.0250619087642503,0.09297314372422819,0.11345521415637674
0.08154582940821427,0.28969353046362467,0.0250619087642503,0.09297314372422819,0.11345521415637674,0.0796843358134445
0.28969353046362467,0.0250619087642503,0.09297314372422819,0.11345521415637674,0.0796843358134445,0.0403870778499185
0.0250619087642503,0.09297314372422819,0.11345521415637674,0.0796843358134445,0.0403870778499185,0.07387421944189038
0.09297314372422819,0.11345521415637674,0.0796843358134445,0.0403870778499185,0.07387421944189038,0.04230103171872268
0.11345521415637674,0.0796843358134445,0.0403870778499185,0.07387421944189038,0.04230103171872268,0.05964676748816824
0.0796843358134445,0.0403870778499185,0.07387421944189038,0.04230103171872268,0.05964676748816824,0.1511070245999199
0.0403870778499185,0.07387421944189038,0.04230103171872268,0.05964676748816824,0.1511070245999199,0.10886352995594466
0.07387421944189038,0.04230103171872268,0.05964676748816824,0.1511070245999199,0.10886352995594466,0.06568251944696718
0.04230103171872268,0.05964676748816824,0.1511070245999199,0.10886352995594466,0.06568251944696718,0.044523542253084164
0.05964676748816824,0.1511070245999199,0.10886352995594466,0.06568251944696718,0.044523542253084164,0.07105828731307501
0.1511070245999199,0.10886352995594466,0.06568251944696718,0.044523542253084164,0.07105828731307501,0.03637809755354615
0.10886352995594466,0.06568251944696718,0.044523542253084164,0.07105828731307501,0.03637809755354615,0.06663357344720408
0.06568251944696718,0.044523542253084164,0.07105828731307501,0.03637809755354615,0.06663357344720408,0.01817381837463404
0.044523542253084164,0.07105828731307501,0.03637809755354615,0.06663357344720408,0.01817381837463404,0.08986501350993079
0.07105828731307501,0.03637809755354615,0.06663357344720408,0.01817381837463404,0.08986501350993079,0.018660063065146625
0.03637809755354615,0.06663357344720408,0.01817381837463404,0.08986501350993079,0.018660063065146625,0.0783181123326771
0.06663357344720408,0.01817381837463404,0.08986501350993079,0.018660063065146625,0.0783181123326771,0.03736525324774224
0.01817381837463404,0.08986501350993079,0.018660063065146625,0.0783181123326771,0.03736525324774224,0.06380974407283517
0.08986501350993079,0.018660063065146625,0.0783181123326771,0.03736525324774224,0.06380974407283517,0.046328626951042715
0.018660063065146625,0.0783181123326771,0.03736525324774224,0.06380974407283517,0.046328626951042715,0.058035729395240224
0.0783181123326771,0.03736525324774224,0.06380974407283517,0.046328626951042715,0.058035729395240224,0.07389001393299752
0.03736525324774224,0.06380974407283517,0.046328626951042715,0.058035729395240224,0.07389001393299752,0.03576324057830401
0.06380974407283517,0.046328626951042715,0.058035729395240224,0.07389001393299752,0.03576324057830401,0.09905966369015722
0.046328626951042715,0.058035729395240224,0.07389001393299752,0.03576324057830401,0.09905966369015722,0.02771933189302616
0.058035729395240224,0.07389001393299752,0.03576324057830401,0.09905966369015722,0.02771933189302616,0.08745635361609234
0.07389001393299752,0.03576324057830401,0.09905966369015722,0.02771933189302616,0.08745635361609234,0.01881913615415423
0.03576324057830401,0.09905966369015722,0.02771933189302616,0.08745635361609234,0.01881913615415423,0.07237374278671234
0.09905966369015722,0.02771933189302616,0.08745635361609234,0.01881913615415423,0.07237374278671234,0.025367080895998918
0.02771933189302616,0.08745635361609234,0.01881913615415423,0.07237374278671234,0.025367080895998918,0.07050548012432521
0.08745635361609234,0.01881913615415423,0.07237374278671234,0.025367080895998918,0.07050548012432521,0.04473789606096674
0.01881913615415423,0.07237374278671234,0.025367080895998918,0.07050548012432521,0.04473789606096674,0.054101772931626775
0.07237374278671234,0.025367080895998918,0.07050548012432521,0.04473789606096674,0.054101772931626775,0.05527169345149116
0.025367080895998918,0.07050548012432521,0.04473789606096674,0.054101772931626775,0.05527169345149116,0.2448823028368034
0.07050548012432521,0.04473789606096674,0.054101772931626775,0.05527169345149116,0.2448823028368034,0.04674605278744564
0.04473789606096674,0.054101772931626775,0.05527169345149116,0.2448823028368034,0.04674605278744564,0.06914602571117516
0.054101772931626775,0.05527169345149116,0.2448823028368034,0.04674605278744564,0.06914602571117516,0.1064887154001929
0.05527169345149116,0.2448823028368034,0.04674605278744564,0.06914602571117516,0.1064887154001929,0.06004162976584667
0.2448823028368034,0.04674605278744564,0.06914602571117516,0.1064887154001929,0.06004162976584667,0.08166880080326268
0.04674605278744564,0.06914602571117516,0.1064887154001929,0.06004162976584667,0.08166880080326268,0.06240516254223616
0.06914602571117516,0.1064887154001929,0.06004162976584667,0.08166880080326268,0.06240516254223616,0.051704394817150556
0.1064887154001929,0.06004162976584667,0.08166880080326268,0.06240516254223616,0.051704394817150556,0.05178900816236737
0.06004162976584667,0.08166880080326268,0.06240516254223616,0.051704394817150556,0.05178900816236737,0.06191440513997867
0.08166880080326268,0.06240516254223616,0.051704394817150556,0.05178900816236737,0.06191440513997867,0.09858018806726196
0.06240516254223616,0.051704394817150556,0.05178900816236737,0.06191440513997867,0.09858018806726196,0.06341488179515674
0.051704394817150556,0.05178900816236737,0.06191440513997867,0.09858018806726196,0.06341488179515674,0.04018005719862136
0.05178900816236737,0.06191440513997867,0.09858018806726196,0.06341488179515674,0.04018005719862136,0.08051805930831411
0.06191440513997867,0.09858018806726196,0.06341488179515674,0.04018005719862136,0.08051805930831411,0.052770522966882345
0.09858018806726196,0.06341488179515674,0.04018005719862136,0.08051805930831411,0.052770522966882345,0.08554973290387362
0.06341488179515674,0.04018005719862136,0.08051805930831411,0.052770522966882345,0.08554973290387362,0.01608217648087456
0.04018005719862136,0.08051805930831411,0.052770522966882345,0.08554973290387362,0.01608217648087456,0.25166885721215954
0.08051805930831411,0.052770522966882345,0.08554973290387362,0.01608217648087456,0.25166885721215954,0.02597065609187881
0.052770522966882345,0.08554973290387362,0.01608217648087456,0.25166885721215954,0.02597065609187881,0.07704891215442498
0.08554973290387362,0.01608217648087456,0.25166885721215954,0.02597065609187881,0.07704891215442498,0.021644093706459387
0.01608217648087456,0.25166885721215954,0.02597065609187881,0.07704891215442498,0.021644093706459387,0.06639891243646946
0.25166885721215954,0.02597065609187881,0.07704891215442498,0.021644093706459387,0.06639891243646946,0.031600263993637086
0.02597065609187881,0.07704891215442498,0.021644093706459387,0.06639891243646946,0.031600263993637086,0.04259435798214094
0.07704891215442498,0.021644093706459387,0.06639891243646946,0.031600263993637086,0.04259435798214094,0.045380957484614466
0.021644093706459387,0.06639891243646946,0.031600263993637086,0.04259435798214094,0.045380957484614466,0.03591554459969426
0.06639891243646946,0.031600263993637086,0.04259435798214094,0.045380957484614466,0.03591554459969426,0.14389683940951167
0.031600263993637086,0.04259435798214094,0.045380957484614466,0.03591554459969426,0.14389683940951167,0.05990624841349977
0.04259435798214094,0.045380957484614466,0.03591554459969426,0.14389683940951167,0.05990624841349977,0.1552824111418853
0.045380957484614466,0.03591554459969426,0.14389683940951167,0.05990624841349977,0.1552824111418853,0.01968670498711057
0.03591554459969426,0.14389683940951167,0.05990624841349977,0.1552824111418853,0.01968670498711057,0.147356961139911
0.14389683940951167,0.05990624841349977,0.1552824111418853,0.01968670498711057,0.147356961139911,0.335113974176007
0.05990624841349977,0.1552824111418853,0.01968670498711057,0.147356961139911,0.335113974176007,0.8498225940195288
0.1552824111418853,0.01968670498711057,0.147356961139911,0.335113974176007,0.8498225940195288,0.031007970577119424
0.01968670498711057,0.147356961139911,0.335113974176007,0.8498225940195288,0.031007970577119424,0.12019043643563462
0.147356961139911,0.335113974176007,0.8498225940195288,0.031007970577119424,0.12019043643563462,0.10774945424392335
0.335113974176007,0.8498225940195288,0.031007970577119424,0.12019043643563462,0.10774945424392335,0.2909458079728335
0.8498225940195288,0.031007970577119424,0.12019043643563462,0.10774945424392335,0.2909458079728335,0.03170180000789724
0.031007970577119424,0.12019043643563462,0.10774945424392335,0.2909458079728335,0.03170180000789724,0.08913621056313001
0.12019043643563462,0.10774945424392335,0.2909458079728335,0.03170180000789724,0.08913621056313001,0.10960361468210768
0.10774945424392335,0.2909458079728335,0.03170180000789724,0.08913621056313001,0.10960361468210768,0.07002600450142996
0.2909458079728335,0.03170180000789724,0.08913621056313001,0.10960361468210768,0.07002600450142996,0.19505068339378484
0.03170180000789724,0.08913621056313001,0.10960361468210768,0.07002600450142996,0.19505068339378484,0.28288497661851225
0.08913621056313001,0.10960361468210768,0.07002600450142996,0.19505068339378484,0.28288497661851225,0.260637307716173
0.10960361468210768,0.07002600450142996,0.19505068339378484,0.28288497661851225,0.260637307716173,0.15017684189150313
0.07002600450142996,0.19505068339378484,0.28288497661851225,0.260637307716173,0.15017684189150313,0.1390535715293016
0.19505068339378484,0.28288497661851225,0.260637307716173,0.15017684189150313,0.1390535715293016,0.05429920407046599
0.28288497661851225,0.260637307716173,0.15017684189150313,0.1390535715293016,0.05429920407046599,0.19556400435476684
0.260637307716173,0.15017684189150313,0.1390535715293016,0.05429920407046599,0.19556400435476684,0.1727522464843155
0.15017684189150313,0.1390535715293016,0.05429920407046599,0.19556400435476684,0.1727522464843155,0.19234869723652814
0.1390535715293016,0.05429920407046599,0.19556400435476684,0.1727522464843155,0.19234869723652814,0.45370803883188454
0.05429920407046599,0.19556400435476684,0.1727522464843155,0.19234869723652814,0.45370803883188454,0.17363504571941088
0.19556400435476684,0.1727522464843155,0.19234869723652814,0.45370803883188454,0.17363504571941088,0.15843002758395056
0.1727522464843155,0.19234869723652814,0.45370803883188454,0.17363504571941088,0.15843002758395056,0.014384268686857292
0.19234869723652814,0.45370803883188454,0.17363504571941088,0.15843002758395056,0.014384268686857292,0.14902102359584155
0.45370803883188454,0.17363504571941088,0.15843002758395056,0.014384268686857292,0.14902102359584155,0.0881332603778268
0.17363504571941088,0.15843002758395056,0.014384268686857292,0.14902102359584155,0.0881332603778268,0.0762253422609814
0.15843002758395056,0.014384268686857292,0.14902102359584155,0.0881332603778268,0.0762253422609814,0.1913953868804188
0.014384268686857292,0.14902102359584155,0.0881332603778268,0.0762253422609814,0.1913953868804188,0.07109777354084287
0.14902102359584155,0.0881332603778268,0.0762253422609814,0.1913953868804188,0.07109777354084287,0.09863095607439207
0.0881332603778268,0.0762253422609814,0.1913953868804188,0.07109777354084287,0.09863095607439207,0.20750576780969893
0.0762253422609814,0.1913953868804188,0.07109777354084287,0.09863095607439207,0.20750576780969893,0.18624074188981085
0.1913953868804188,0.07109777354084287,0.09863095607439207,0.20750576780969893,0.18624074188981085,0.08250365247606851
0.07109777354084287,0.09863095607439207,0.20750576780969893,0.18624074188981085,0.08250365247606851,0.10776355646812616
0.09863095607439207,0.20750576780969893,0.18624074188981085,0.08250365247606851,0.10776355646812616,0.06542303852163564
0.20750576780969893,0.18624074188981085,0.08250365247606851,0.10776355646812616,0.06542303852163564,0.2591763172887628
0.18624074188981085,0.08250365247606851,0.10776355646812616,0.06542303852163564,0.2591763172887628,0.14171043056910934
0.08250365247606851,0.10776355646812616,0.06542303852163564,0.2591763172887628,0.14171043056910934,0.12559440875014807
0.10776355646812616,0.06542303852163564,0.2591763172887628,0.14171043056910934,0.12559440875014807,0.04766551780546828
0.06542303852163564,0.2591763172887628,0.14171043056910934,0.12559440875014807,0.04766551780546828,0.13162451981926587
0.2591763172887628,0.14171043056910934,0.12559440875014807,0.04766551780546828,0.13162451981926587,0.053120258127111804
0.14171043056910934,0.12559440875014807,0.04766551780546828,0.13162451981926587,0.053120258127111804,0.13816231095968456
0.12559440875014807,0.04766551780546828,0.13162451981926587,0.053120258127111804,0.13816231095968456,0.28509620537351155
0.04766551780546828,0.13162451981926587,0.053120258127111804,0.13816231095968456,0.28509620537351155,0.06704761474979834
0.13162451981926587,0.053120258127111804,0.13816231095968456,0.28509620537351155,0.06704761474979834,0.07996525211956429
0.053120258127111804,0.13816231095968456,0.28509620537351155,0.06704761474979834,0.07996525211956429,0.19168871314383704
0.13816231095968456,0.28509620537351155,0.06704761474979834,0.07996525211956429,0.19168871314383704,0.10405692785866187
0.28509620537351155,0.06704761474979834,0.07996525211956429,0.19168871314383704,0.10405692785866187,0.09757046881434138
0.06704761474979834,0.07996525211956429,0.19168871314383704,0.10405692785866187,0.09757046881434138,0.0669799240736249
0.07996525211956429,0.19168871314383704,0.10405692785866187,0.09757046881434138,0.0669799240736249,0.0669291560664948
0.19168871314383704,0.10405692785866187,0.09757046881434138,0.0669799240736249,0.0669291560664948,0.044767228687308556
0.10405692785866187,0.09757046881434138,0.0669799240736249,0.0669291560664948,0.044767228687308556,0.08558921913164146
0.09757046881434138,0.0669799240736249,0.0669291560664948,0.044767228687308556,0.08558921913164146,0.05163670414097711
0.0669799240736249,0.0669291560664948,0.044767228687308556,0.08558921913164146,0.05163670414097711,0.08870863112530109
0.0669291560664948,0.044767228687308556,0.08558921913164146,0.05163670414097711,0.08870863112530109,0.013966842850454369
0.044767228687308556,0.08558921913164146,0.05163670414097711,0.08870863112530109,0.013966842850454369,0.10064983049126507
0.08558921913164146,0.05163670414097711,0.08870863112530109,0.013966842850454369,0.10064983049126507,0.01890262132143481
0.05163670414097711,0.08870863112530109,0.013966842850454369,0.10064983049126507,0.01890262132143481,0.08814567033512526
0.08870863112530109,0.013966842850454369,0.10064983049126507,0.01890262132143481,0.08814567033512526,0.023607123315489316
0.013966842850454369,0.10064983049126507,0.01890262132143481,0.08814567033512526,0.023607123315489316,0.3497069557810658
0.10064983049126507,0.01890262132143481,0.08814567033512526,0.023607123315489316,0.3497069557810658,0.13737822729400884
0.01890262132143481,0.08814567033512526,0.023607123315489316,0.3497069557810658,0.13737822729400884,0.36954314434472607
0.08814567033512526,0.023607123315489316,0.3497069557810658,0.13737822729400884,0.36954314434472607,0.14750926516130125
0.023607123315489316,0.3497069557810658,0.13737822729400884,0.36954314434472607,0.14750926516130125,0.373962781409884
0.3497069557810658,0.13737822729400884,0.36954314434472607,0.14750926516130125,0.373962781409884,0.5977820021773834
0.13737822729400884,0.36954314434472607,0.14750926516130125,0.373962781409884,0.5977820021773834,0.8012206885269946
0.36954314434472607,0.14750926516130125,0.373962781409884,0.5977820021773834,0.8012206885269946,0.16751185997055454
0.14750926516130125,0.373962781409884,0.5977820021773834,0.8012206885269946,0.16751185997055454,0.22760087320972264
0.373962781409884,0.5977820021773834,0.8012206885269946,0.16751185997055454,0.22760087320972264,0.14831478420776525
0.5977820021773834,0.8012206885269946,0.16751185997055454,0.22760087320972264,0.14831478420776525,0.06443024193775841
0.8012206885269946,0.16751185997055454,0.22760087320972264,0.14831478420776525,0.06443024193775841,0.7462332959154319
0.16751185997055454,0.22760087320972264,0.14831478420776525,0.06443024193775841,0.7462332959154319,0.7382627187960085
0.22760087320972264,0.14831478420776525,0.06443024193775841,0.7462332959154319,0.7382627187960085,0.3891187238051185
0.14831478420776525,0.06443024193775841,0.7462332959154319,0.7382627187960085,0.3891187238051185,0.22057514511188708
0.06443024193775841,0.7462332959154319,0.7382627187960085,0.3891187238051185,0.22057514511188708,0.11686795241345466
0.7462332959154319,0.7382627187960085,0.3891187238051185,0.22057514511188708,0.11686795241345466,0.10525900144970866
0.7382627187960085,0.3891187238051185,0.22057514511188708,0.11686795241345466,0.10525900144970866,0.18056487869266744
0.3891187238051185,0.22057514511188708,0.11686795241345466,0.10525900144970866,0.18056487869266744,0.19141795043914325
0.22057514511188708,0.11686795241345466,0.10525900144970866,0.18056487869266744,0.19141795043914325,0.3942147035430429
0.11686795241345466,0.10525900144970866,0.18056487869266744,0.19141795043914325,0.3942147035430429,0.06793887531941538
0.10525900144970866,0.18056487869266744,0.19141795043914325,0.3942147035430429,0.06793887531941538,0.12773230593929275
0.18056487869266744,0.19141795043914325,0.3942147035430429,0.06793887531941538,0.12773230593929275,0.1526791405540482
0.19141795043914325,0.3942147035430429,0.06793887531941538,0.12773230593929275,0.1526791405540482,0.17992181726901965
0.3942147035430429,0.06793887531941538,0.12773230593929275,0.1526791405540482,0.17992181726901965,0.12269499145405213
0.06793887531941538,0.12773230593929275,0.1526791405540482,0.17992181726901965,0.12269499145405213,0.08906400717521167
0.12773230593929275,0.1526791405540482,0.17992181726901965,0.12269499145405213,0.08906400717521167,0.20665963435753085
0.1526791405540482,0.17992181726901965,0.12269499145405213,0.08906400717521167,0.20665963435753085,0.1570705731708005
0.17992181726901965,0.12269499145405213,0.08906400717521167,0.20665963435753085,0.1570705731708005,0.1458226391466462
0.12269499145405213,0.08906400717521167,0.20665963435753085,0.1570705731708005,0.1458226391466462,0.17906440203748936
0.08906400717521167,0.20665963435753085,0.1570705731708005,0.1458226391466462,0.17906440203748936,0.11607822785809777
0.20665963435753085,0.1570705731708005,0.1458226391466462,0.17906440203748936,0.11607822785809777,0.28487056978626674
0.1570705731708005,0.1458226391466462,0.17906440203748936,0.11607822785809777,0.28487056978626674,0.15161019195947584
0.1458226391466462,0.17906440203748936,0.11607822785809777,0.28487056978626674,0.15161019195947584,0.032866643727048624
0.17906440203748936,0.11607822785809777,0.28487056978626674,0.15161019195947584,0.032866643727048624,0.08890606226414031
0.11607822785809777,0.28487056978626674,0.15161019195947584,0.032866643727048624,0.08890606226414031,0.0317931824207314
0.28487056978626674,0.15161019195947584,0.032866643727048624,0.08890606226414031,0.0317931824207314,0.08515599880413138
0.15161019195947584,0.032866643727048624,0.08890606226414031,0.0317931824207314,0.08515599880413138,0.0192015884745342
0.032866643727048624,0.08890606226414031,0.0317931824207314,0.08515599880413138,0.0192015884745342,0.14817714649954591
0.08890606226414031,0.0317931824207314,0.08515599880413138,0.0192015884745342,0.14817714649954591,0.02230971868883161
0.0317931824207314,0.08515599880413138,0.0192015884745342,0.14817714649954591,0.02230971868883161,0.1009504899112688
0.08515599880413138,0.0192015884745342,0.14817714649954591,0.02230971868883161,0.1009504899112688,0.02041099522216644
0.0192015884745342,0.14817714649954591,0.02230971868883161,0.1009504899112688,0.02041099522216644,0.09459207906270976
0.14817714649954591,0.02230971868883161,0.1009504899112688,0.02041099522216644,0.09459207906270976,0.01864314039610328
0.02230971868883161,0.1009504899112688,0.02041099522216644,0.09459207906270976,0.01864314039610328,0.10298290246337652
0.1009504899112688,0.02041099522216644,0.09459207906270976,0.01864314039610328,0.10298290246337652,0.022811757870451328
0.02041099522216644,0.09459207906270976,0.01864314039610328,0.10298290246337652,0.022811757870451328,0.09666792646536213
0.09459207906270976,0.01864314039610328,0.10298290246337652,0.022811757870451328,0.09666792646536213,0.021627171037416022
0.01864314039610328,0.10298290246337652,0.022811757870451328,0.09666792646536213,0.021627171037416022,0.08607772017802648
0.10298290246337652,0.022811757870451328,0.09666792646536213,0.021627171037416022,0.08607772017802648,0.04719168307225415
0.022811757870451328,0.09666792646536213,0.021627171037416022,0.08607772017802648,0.04719168307225415,0.08341352798163326
0.09666792646536213,0.021627171037416022,0.08607772017802648,0.04719168307225415,0.08341352798163326,0.021068722958985087
0.021627171037416022,0.08607772017802648,0.04719168307225415,0.08341352798163326,0.021068722958985087,0.08721379535980416
0.08607772017802648,0.04719168307225415,0.08341352798163326,0.021068722958985087,0.08721379535980416,0.01862508954912369
0.04719168307225415,0.08341352798163326,0.021068722958985087,0.08721379535980416,0.01862508954912369,0.09521257692763303
0.08341352798163326,0.021068722958985087,0.08721379535980416,0.01862508954912369,0.09521257692763303,0.3211922584430017
0.021068722958985087,0.08721379535980416,0.01862508954912369,0.09521257692763303,0.3211922584430017,0.017918286072079282
0.08721379535980416,0.01862508954912369,0.09521257692763303,0.3211922584430017,0.017918286072079282,0.05555148157967476
0.01862508954912369,0.09521257692763303,0.3211922584430017,0.017918286072079282,0.05555148157967476,0.17051506963678312
0.09521257692763303,0.3211922584430017,0.017918286072079282,0.05555148157967476,0.17051506963678312,0.0857471640427128
0.3211922584430017,0.017918286072079282,0.05555148157967476,0.17051506963678312,0.0857471640427128,0.02730585467940004
0.017918286072079282,0.05555148157967476,0.17051506963678312,0.0857471640427128,0.02730585467940004,0.10796662849664648
0.05555148157967476,0.17051506963678312,0.0857471640427128,0.02730585467940004,0.10796662849664648,0.02163281192709714
0.17051506963678312,0.0857471640427128,0.02730585467940004,0.10796662849664648,0.02163281192709714,0.09799240736248922
0.0857471640427128,0.02730585467940004,0.10796662849664648,0.02163281192709714,0.09799240736248922,0.02740344207088341
0.02730585467940004,0.10796662849664648,0.02163281192709714,0.09799240736248922,0.02740344207088341,0.07824478076682254
0.10796662849664648,0.02163281192709714,0.09799240736248922,0.02740344207088341,0.07824478076682254,0.025682970718141667
0.02163281192709714,0.09799240736248922,0.02740344207088341,0.07824478076682254,0.025682970718141667,0.10232009792584486
0.09799240736248922,0.02740344207088341,0.07824478076682254,0.025682970718141667,0.10232009792584486,0.06793267034076614
0.02740344207088341,0.07824478076682254,0.025682970718141667,0.10232009792584486,0.06793267034076614,0.1420770883983822
0.07824478076682254,0.025682970718141667,0.10232009792584486,0.06793267034076614,0.1420770883983822,0.4115085431274221
0.025682970718141667,0.10232009792584486,0.06793267034076614,0.1420770883983822,0.4115085431274221,0.11128347162914533
0.10232009792584486,0.06793267034076614,0.1420770883983822,0.4115085431274221,0.11128347162914533,0.15511544080732412
0.06793267034076614,0.1420770883983822,0.4115085431274221,0.11128347162914533,0.15511544080732412,0.08548204222770016
0.1420770883983822,0.4115085431274221,0.11128347162914533,0.15511544080732412,0.08548204222770016,0.16509981554290745
0.4115085431274221,0.11128347162914533,0.15511544080732412,0.08548204222770016,0.16509981554290745,0.06696130913767719
0.11128347162914533,0.15511544080732412,0.08548204222770016,0.16509981554290745,0.06696130913767719,0.1638114363397395
0.15511544080732412,0.08548204222770016,0.16509981554290745,0.06696130913767719,0.1638114363397395,0.18645396751975724
0.08548204222770016,0.16509981554290745,0.06696130913767719,0.1638114363397395,0.18645396751975724,0.6998990280747079
0.16509981554290745,0.06696130913767719,0.1638114363397395,0.18645396751975724,0.6998990280747079,0.30520033619702497
0.06696130913767719,0.1638114363397395,0.18645396751975724,0.6998990280747079,0.30520033619702497,0.12410521387433225
0.1638114363397395,0.18645396751975724,0.6998990280747079,0.30520033619702497,0.12410521387433225,0.03826779559672152
0.18645396751975724,0.6998990280747079,0.30520033619702497,0.12410521387433225,0.03826779559672152,0.05598583008512103
0.6998990280747079,0.30520033619702497,0.12410521387433225,0.03826779559672152,0.05598583008512103,0.038538558301415296
0.30520033619702497,0.12410521387433225,0.03826779559672152,0.05598583008512103,0.038538558301415296,0.045396751975721614
0.12410521387433225,0.03826779559672152,0.05598583008512103,0.038538558301415296,0.045396751975721614,0.038600043998939515
0.03826779559672152,0.05598583008512103,0.038538558301415296,0.045396751975721614,0.038600043998939515,0.03538417279173272
0.05598583008512103,0.038538558301415296,0.045396751975721614,0.038600043998939515,0.03538417279173272,0.04985023437896625
0.038538558301415296,0.045396751975721614,0.038600043998939515,0.03538417279173272,0.04985023437896625,0.04726501463810872
0.045396751975721614,0.038600043998939515,0.03538417279173272,0.04985023437896625,0.04726501463810872,0.046148118481246864
0.038600043998939515,0.03538417279173272,0.04985023437896625,0.04726501463810872,0.046148118481246864,0.04800227891943118
0.03538417279173272,0.04985023437896625,0.04726501463810872,0.046148118481246864,0.04800227891943118,0.3004563479752027
0.04985023437896625,0.04726501463810872,0.046148118481246864,0.04800227891943118,0.3004563479752027,0.022817398760132442
0.04726501463810872,0.046148118481246864,0.04800227891943118,0.3004563479752027,0.022817398760132442,0.05559773687505994
0.046148118481246864,0.04800227891943118,0.3004563479752027,0.022817398760132442,0.05559773687505994,0.10237650682265607
0.04800227891943118,0.3004563479752027,0.022817398760132442,0.05559773687505994,0.10237650682265607,0.09160579206552458
0.3004563479752027,0.022817398760132442,0.05559773687505994,0.10237650682265607,0.09160579206552458,0.015281170146155454
0.022817398760132442,0.05559773687505994,0.10237650682265607,0.09160579206552458,0.015281170146155454,0.10397795540312618
0.05559773687505994,0.10237650682265607,0.09160579206552458,0.015281170146155454,0.10397795540312618,0.024999294888789853
0.10237650682265607,0.09160579206552458,0.015281170146155454,0.10397795540312618,0.024999294888789853,0.09235772266001793
0.09160579206552458,0.015281170146155454,0.10397795540312618,0.024999294888789853,0.09235772266001793,0.02473530125171342
0.015281170146155454,0.10397795540312618,0.024999294888789853,0.09235772266001793,0.02473530125171342,0.07365309656639045
0.10397795540312618,0.024999294888789853,0.09235772266001793,0.02473530125171342,0.07365309656639045,0.033786672834039376
0.024999294888789853,0.09235772266001793,0.02473530125171342,0.07365309656639045,0.033786672834039376,0.06645532133328069
0.09235772266001793,0.02473530125171342,0.07365309656639045,0.033786672834039376,0.06645532133328069,0.042052832572753385
0.02473530125171342,0.07365309656639045,0.033786672834039376,0.06645532133328069,0.042052832572753385,0.054670374611483726
0.07365309656639045,0.033786672834039376,0.06645532133328069,0.042052832572753385,0.054670374611483726,0.04697338064159479
0.033786672834039376,0.06645532133328069,0.042052832572753385,0.054670374611483726,0.04697338064159479,0.05311574541536691
0.06645532133328069,0.042052832572753385,0.054670374611483726,0.04697338064159479,0.05311574541536691,0.03792370132617316
0.042052832572753385,0.054670374611483726,0.04697338064159479,0.05311574541536691,0.03792370132617316,0.05819141795043916
0.054670374611483726,0.04697338064159479,0.05311574541536691,0.03792370132617316,0.05819141795043916,0.10653384251764189
0.04697338064159479,0.05311574541536691,0.03792370132617316,0.05819141795043916,0.10653384251764189,0.08364311219165485
0.05311574541536691,0.03792370132617316,0.05819141795043916,0.10653384251764189,0.08364311219165485,0.049825978553337424
0.03792370132617316,0.05819141795043916,0.10653384251764189,0.08364311219165485,0.049825978553337424,0.04869215972743221
0.05819141795043916,0.10653384251764189,0.08364311219165485,0.049825978553337424,0.04869215972743221,0.05305933651855571
0.10653384251764189,0.08364311219165485,0.049825978553337424,0.04869215972743221,0.05305933651855571,0.4563017199072637
0.08364311219165485,0.049825978553337424,0.04869215972743221,0.05305933651855571,0.4563017199072637,0.6461582720826728
0.049825978553337424,0.04869215972743221,0.05305933651855571,0.4563017199072637,0.6461582720826728,0.24176289084314376
0.04869215972743221,0.05305933651855571,0.4563017199072637,0.6461582720826728,0.24176289084314376,0.1139121262205475
0.05305933651855571,0.4563017199072637,0.6461582720826728,0.24176289084314376,0.1139121262205475,0.15818182843798126
0.4563017199072637,0.6461582720826728,0.24176289084314376,0.1139121262205475,0.15818182843798126,0.10695521697682157
0.6461582720826728,0.24176289084314376,0.1139121262205475,0.15818182843798126,0.10695521697682157,0.11080399600625011
0.24176289084314376,0.1139121262205475,0.15818182843798126,0.10695521697682157,0.11080399600625011,0.08343439927345342
0.1139121262205475,0.15818182843798126,0.10695521697682157,0.11080399600625011,0.08343439927345342,0.09555836346508573
0.15818182843798126,0.10695521697682157,0.11080399600625011,0.08343439927345342,0.09555836346508573,0.09067166073433103
0.10695521697682157,0.11080399600625011,0.08343439927345342,0.09555836346508573,0.09067166073433103,0.14222939241977245
0.11080399600625011,0.08343439927345342,0.09555836346508573,0.09067166073433103,0.14222939241977245,0.25353035080692926
0.08343439927345342,0.09555836346508573,0.09067166073433103,0.14222939241977245,0.25353035080692926,0.322568635525195
0.09555836346508573,0.09067166073433103,0.14222939241977245,0.25353035080692926,0.322568635525195,0.025818352070488562
0.09067166073433103,0.14222939241977245,0.25353035080692926,0.322568635525195,0.025818352070488562,0.05077364801976567
0.14222939241977245,0.25353035080692926,0.322568635525195,0.025818352070488562,0.05077364801976567,0.10757571484174484
0.25353035080692926,0.322568635525195,0.025818352070488562,0.05077364801976567,0.10757571484174484,0.10266532037432945
0.322568635525195,0.025818352070488562,0.05077364801976567,0.10757571484174484,0.10266532037432945,0.035887340151288666
0.025818352070488562,0.05077364801976567,0.10757571484174484,0.10266532037432945,0.035887340151288666,0.07071701348736724
0.05077364801976567,0.10757571484174484,0.10266532037432945,0.035887340151288666,0.07071701348736724,0.049414193606615635
0.10757571484174484,0.10266532037432945,0.035887340151288666,0.07071701348736724,0.049414193606615635,0.08611946276166678
0.10266532037432945,0.035887340151288666,0.07071701348736724,0.049414193606615635,0.08611946276166678,0.08959989169491811
0.035887340151288666,0.07071701348736724,0.049414193606615635,0.08611946276166678,0.08959989169491811,0.10904855113748539
0.07071701348736724,0.049414193606615635,0.08611946276166678,0.08959989169491811,0.10904855113748539,0.06714350987437737
0.049414193606615635,0.08611946276166678,0.08959989169491811,0.10904855113748539,0.06714350987437737,0.1611997044173807
0.08611946276166678,0.08959989169491811,0.10904855113748539,0.06714350987437737,0.1611997044173807,0.28163269910930355
0.08959989169491811,0.10904855113748539,0.06714350987437737,0.1611997044173807,0.28163269910930355,0.3864048917795315
0.10904855113748539,0.06714350987437737,0.1611997044173807,0.28163269910930355,0.3864048917795315,0.3198328040298516
0.06714350987437737,0.1611997044173807,0.28163269910930355,0.3864048917795315,0.3198328040298516,0.10267434579781921
0.1611997044173807,0.28163269910930355,0.3864048917795315,0.3198328040298516,0.10267434579781921,0.04144530875409669
0.28163269910930355,0.3864048917795315,0.3198328040298516,0.10267434579781921,0.04144530875409669,0.10494311162756591
0.3864048917795315,0.3198328040298516,0.10267434579781921,0.04144530875409669,0.10494311162756591,0.0939619916853286
0.3198328040298516,0.10267434579781921,0.04144530875409669,0.10494311162756591,0.0939619916853286,0.07860692588435046
0.10267434579781921,0.04144530875409669,0.10494311162756591,0.0939619916853286,0.07860692588435046,0.16496838281333734
0.04144530875409669,0.10494311162756591,0.0939619916853286,0.07860692588435046,0.16496838281333734,0.1069879341369721
0.10494311162756591,0.0939619916853286,0.07860692588435046,0.16496838281333734,0.1069879341369721,0.12306277746126118
0.0939619916853286,0.07860692588435046,0.16496838281333734,0.1069879341369721,0.12306277746126118,0.023539432639315867
0.07860692588435046,0.16496838281333734,0.1069879341369721,0.12306277746126118,0.023539432639315867,0.10379237013261731
0.16496838281333734,0.1069879341369721,0.12306277746126118,0.023539432639315867,0.10379237013261731,0.025259903992057627
0.1069879341369721,0.12306277746126118,0.023539432639315867,0.10379237013261731,0.025259903992057627,0.097130479419214
0.12306277746126118,0.023539432639315867,0.10379237013261731,0.025259903992057627,0.097130479419214,0.059294211883098205
0.023539432639315867,0.10379237013261731,0.025259903992057627,0.097130479419214,0.059294211883098205,0.08525076575077421
0.10379237013261731,0.025259903992057627,0.097130479419214,0.059294211883098205,0.08525076575077421,0.026608076625845422
0.025259903992057627,0.097130479419214,0.059294211883098205,0.08525076575077421,0.026608076625845422,0.08366567575037935
0.097130479419214,0.059294211883098205,0.08525076575077421,0.026608076625845422,0.08366567575037935,0.02833982975794943
0.059294211883098205,0.08525076575077421,0.026608076625845422,0.08366567575037935,0.02833982975794943,0.08014011969967903
0.08525076575077421,0.026608076625845422,0.08366567575037935,0.02833982975794943,0.08014011969967903,0.047428600438861206
0.026608076625845422,0.08366567575037935,0.02833982975794943,0.08014011969967903,0.047428600438861206,0.14311501209970837
0.08366567575037935,0.02833982975794943,0.08014011969967903,0.047428600438861206,0.14311501209970837,0.2934684138382305
0.02833982975794943,0.08014011969967903,0.047428600438861206,0.14311501209970837,0.2934684138382305,0.05247719670346407
0.08014011969967903,0.047428600438861206,0.14311501209970837,0.2934684138382305,0.05247719670346407,0.08105732836182922
0.047428600438861206,0.14311501209970837,0.2934684138382305,0.05247719670346407,0.08105732836182922,0.44605560789047644
0.14311501209970837,0.2934684138382305,0.05247719670346407,0.08105732836182922,0.44605560789047644,0.4850093356724222
0.2934684138382305,0.05247719670346407,0.08105732836182922,0.44605560789047644,0.4850093356724222,0.2088144542157189
0.05247719670346407,0.08105732836182922,0.44605560789047644,0.4850093356724222,0.2088144542157189,0.23583995667796723
0.08105732836182922,0.44605560789047644,0.4850093356724222,0.2088144542157189,0.23583995667796723,0.06455434151074307
0.44605560789047644,0.4850093356724222,0.2088144542157189,0.23583995667796723,0.06455434151074307,0.0960023014829899
0.4850093356724222,0.2088144542157189,0.23583995667796723,0.06455434151074307,0.0960023014829899,0.17594329777692536
0.2088144542157189,0.23583995667796723,0.06455434151074307,0.0960023014829899,0.17594329777692536,0.07214133813185016
0.23583995667796723,0.06455434151074307,0.0960023014829899,0.17594329777692536,0.07214133813185016,0.05447407165058073
0.06455434151074307,0.0960023014829899,0.17594329777692536,0.07214133813185016,0.05447407165058073,0.03537232692340236
0.0960023014829899,0.17594329777692536,0.07214133813185016,0.05447407165058073,0.03537232692340236,0.06305950574524616
0.17594329777692536,0.07214133813185016,0.05447407165058073,0.03537232692340236,0.06305950574524616,0.043372800758135564
0.07214133813185016,0.05447407165058073,0.03537232692340236,0.06305950574524616,0.043372800758135564,0.06632783722648736
0.05447407165058073,0.03537232692340236,0.06305950574524616,0.043372800758135564,0.06632783722648736,0.030902485940082464
0.03537232692340236,0.06305950574524616,0.043372800758135564,0.06632783722648736,0.030902485940082464,0.06678587746859435
0.06305950574524616,0.043372800758135564,0.06632783722648736,0.030902485940082464,0.06678587746859435,0.06260485003694782
0.043372800758135564,0.06632783722648736,0.030902485940082464,0.06678587746859435,0.06260485003694782,0.06952960620949136
0.06632783722648736,0.030902485940082464,0.06678587746859435,0.06260485003694782,0.06952960620949136,0.03822266847927255
0.030902485940082464,0.06678587746859435,0.06260485003694782,0.06952960620949136,0.03822266847927255,0.07085521528455468
0.06678587746859435,0.06260485003694782,0.06952960620949136,0.03822266847927255,0.07085521528455468,0.03718474477794637
0.06260485003694782,0.06952960620949136,0.03822266847927255,0.07085521528455468,0.03718474477794637,0.09801609909914992
0.06952960620949136,0.03822266847927255,0.07085521528455468,0.03718474477794637,0.09801609909914992,0.03484941644996249
0.03822266847927255,0.07085521528455468,0.03718474477794637,0.09801609909914992,0.03484941644996249,0.16012793537796782
0.07085521528455468,0.03718474477794637,0.09801609909914992,0.03484941644996249,0.16012793537796782,0.13755873576380467
0.03718474477794637,0.09801609909914992,0.03484941644996249,0.16012793537796782,0.13755873576380467,0.13254567710419288
0.09801609909914992,0.03484941644996249,0.16012793537796782,0.13755873576380467,0.13254567710419288,0.035641397361191804
0.03484941644996249,0.16012793537796782,0.13755873576380467,0.13254567710419288,0.035641397361191804,0.07242676714971487
0.16012793537796782,0.13755873576380467,0.13254567710419288,0.035641397361191804,0.07242676714971487,0.03380021096927407
0.13755873576380467,0.13254567710419288,0.035641397361191804,0.07242676714971487,0.03380021096927407,0.07201893082576984
0.13254567710419288,0.035641397361191804,0.07242676714971487,0.03380021096927407,0.07201893082576984,0.04013605825910862
0.035641397361191804,0.07242676714971487,0.03380021096927407,0.07201893082576984,0.04013605825910862,0.06433491090214748
0.07242676714971487,0.03380021096927407,0.07201893082576984,0.04013605825910862,0.06433491090214748,0.02625270057593483
0.03380021096927407,0.07201893082576984,0.04013605825910862,0.06433491090214748,0.02625270057593483,0.058229776000270767
0.07201893082576984,0.04013605825910862,0.06433491090214748,0.02625270057593483,0.058229776000270767,0.31673708377285265
0.04013605825910862,0.06433491090214748,0.02625270057593483,0.058229776000270767,0.31673708377285265,0.04429790666583934
0.06433491090214748,0.02625270057593483,0.058229776000270767,0.31673708377285265,0.04429790666583934,0.05909903710013144
0.02625270057593483,0.058229776000270767,0.31673708377285265,0.04429790666583934,0.05909903710013144,0.10886352995594466
0.058229776000270767,0.31673708377285265,0.04429790666583934,0.05909903710013144,0.10886352995594466,0.079847921614197
0.31673708377285265,0.04429790666583934,0.05909903710013144,0.10886352995594466,0.079847921614197,0.026495258832223017
0.04429790666583934,0.05909903710013144,0.10886352995594466,0.079847921614197,0.026495258832223017,0.09322134287019748
0.05909903710013144,0.10886352995594466,0.079847921614197,0.026495258832223017,0.09322134287019748,0.01719907263773643
0.10886352995594466,0.079847921614197,0.026495258832223017,0.09322134287019748,0.01719907263773643,0.09349831055354049
0.079847921614197,0.026495258832223017,0.09322134287019748,0.01719907263773643,0.09349831055354049,0.019489837937239456
0.026495258832223017,0.09322134287019748,0.01719907263773643,0.09349831055354049,0.019489837937239456,0.08662714283296762
0.09322134287019748,0.01719907263773643,0.09349831055354049,0.019489837937239456,0.08662714283296762,0.028032965359296468
0.01719907263773643,0.09349831055354049,0.019489837937239456,0.08662714283296762,0.028032965359296468,0.06765683083535935
0.09349831055354049,0.019489837937239456,0.08662714283296762,0.028032965359296468,0.06765683083535935,0.062178398777055124
0.019489837937239456,0.08662714283296762,0.028032965359296468,0.06765683083535935,0.062178398777055124,0.060845456545406344
0.08662714283296762,0.028032965359296468,0.06765683083535935,0.062178398777055124,0.060845456545406344,0.019060566232506185
0.028032965359296468,0.06765683083535935,0.062178398777055124,0.060845456545406344,0.019060566232506185,0.08991578151706085
0.06765683083535935,0.062178398777055124,0.060845456545406344,0.019060566232506185,0.08991578151706085,0.05873294335982671
0.062178398777055124,0.060845456545406344,0.019060566232506185,0.08991578151706085,0.05873294335982671,0.04677989812553236
0.060845456545406344,0.019060566232506185,0.08991578151706085,0.05873294335982671,0.04677989812553236,0.04160833046588108
0.019060566232506185,0.08991578151706085,0.05873294335982671,0.04677989812553236,0.04160833046588108,0.054049876746560456
0.08991578151706085,0.05873294335982671,0.04677989812553236,0.04160833046588108,0.054049876746560456,0.047332705314282165
0.05873294335982671,0.04677989812553236,0.04160833046588108,0.054049876746560456,0.047332705314282165,0.1273690326438286
0.04677989812553236,0.04160833046588108,0.054049876746560456,0.047332705314282165,0.1273690326438286,0.09390389052161305
0.04160833046588108,0.054049876746560456,0.047332705314282165,0.1273690326438286,0.09390389052161305,0.07308449488653351
0.054049876746560456,0.047332705314282165,0.1273690326438286,0.09390389052161305,0.07308449488653351,0.03559514206580662
0.047332705314282165,0.1273690326438286,0.09390389052161305,0.07308449488653351,0.03559514206580662,0.12622618839443356
0.1273690326438286,0.09390389052161305,0.07308449488653351,0.03559514206580662,0.12622618839443356,0.05912216474782403
0.09390389052161305,0.07308449488653351,0.03559514206580662,0.12622618839443356,0.05912216474782403,0.08717430913203632
0.07308449488653351,0.03559514206580662,0.12622618839443356,0.05912216474782403,0.08717430913203632,0.05398331424832324
0.03559514206580662,0.12622618839443356,0.05912216474782403,0.08717430913203632,0.05398331424832324,0.0325891119547375
0.12622618839443356,0.05912216474782403,0.08717430913203632,0.05398331424832324,0.0325891119547375,0.055703785601065
0.05912216474782403,0.08717430913203632,0.05398331424832324,0.0325891119547375,0.055703785601065,0.0971022749708084
0.08717430913203632,0.05398331424832324,0.0325891119547375,0.055703785601065,0.0971022749708084,0.12638469739447306
0.05398331424832324,0.0325891119547375,0.055703785601065,0.0971022749708084,0.12638469739447306,0.05044083552857956
0.0325891119547375,0.055703785601065,0.0971022749708084,0.12638469739447306,0.05044083552857956,0.31100481167889793
0.055703785601065,0.0971022749708084,0.12638469739447306,0.05044083552857956,0.31100481167889793,0.5908493487592863
0.0971022749708084,0.12638469739447306,0.05044083552857956,0.31100481167889793,0.5908493487592863,0.0978976404158464
0.12638469739447306,0.05044083552857956,0.31100481167889793,0.5908493487592863,0.0978976404158464,0.10920536787062056
0.05044083552857956,0.31100481167889793,0.5908493487592863,0.0978976404158464,0.10920536787062056,0.10367729598312246
0.31100481167889793,0.5908493487592863,0.0978976404158464,0.10920536787062056,0.10367729598312246,0.08448924564382293
0.5908493487592863,0.0978976404158464,0.10920536787062056,0.10367729598312246,0.08448924564382293,0.023217901927492002
0.0978976404158464,0.10920536787062056,0.10367729598312246,0.08448924564382293,0.023217901927492002,0.08861273600072202
0.10920536787062056,0.10367729598312246,0.08448924564382293,0.023217901927492002,0.08861273600072202,0.0418666832132764
0.10367729598312246,0.08448924564382293,0.023217901927492002,0.08861273600072202,0.0418666832132764,0.09295058016550369
0.08448924564382293,0.023217901927492002,0.08861273600072202,0.0418666832132764,0.09295058016550369,0.07359668766957923
0.023217901927492002,0.08861273600072202,0.0418666832132764,0.09295058016550369,0.07359668766957923,0.07517613678029297
0.08861273600072202,0.0418666832132764,0.09295058016550369,0.07359668766957923,0.07517613678029297,0.032107944064937916
0.0418666832132764,0.09295058016550369,0.07359668766957923,0.07517613678029297,0.032107944064937916,0.12182798671006392
0.09295058016550369,0.07359668766957923,0.07517613678029297,0.032107944064937916,0.12182798671006392,0.10642384516886004
0.07359668766957923,0.07517613678029297,0.032107944064937916,0.12182798671006392,0.10642384516886004,0.3182251504707323
0.07517613678029297,0.032107944064937916,0.12182798671006392,0.10642384516886004,0.3182251504707323,0.20137806934909774
0.032107944064937916,0.12182798671006392,0.10642384516886004,0.3182251504707323,0.20137806934909774,0.14612781127839483
0.12182798671006392,0.10642384516886004,0.3182251504707323,0.20137806934909774,0.14612781127839483,0.07465153403994877
0.10642384516886004,0.3182251504707323,0.20137806934909774,0.14612781127839483,0.07465153403994877,0.37361868713933555
0.3182251504707323,0.20137806934909774,0.14612781127839483,0.07465153403994877,0.37361868713933555,0.5355934497989023
0.20137806934909774,0.14612781127839483,0.07465153403994877,0.37361868713933555,0.5355934497989023,0.17605047468086665
0.14612781127839483,0.07465153403994877,0.37361868713933555,0.5355934497989023,0.17605047468086665,0.06590815503421198
0.07465153403994877,0.37361868713933555,0.5355934497989023,0.17605047468086665,0.06590815503421198,0.09121713476649537
0.37361868713933555,0.5355934497989023,0.17605047468086665,0.06590815503421198,0.09121713476649537,0.38792511154859344
0.5355934497989023,0.17605047468086665,0.06590815503421198,0.09121713476649537,0.38792511154859344,0.3507223159236675
0.17605047468086665,0.06590815503421198,0.09121713476649537,0.38792511154859344,0.3507223159236675,0.20699301093768507
0.06590815503421198,0.09121713476649537,0.38792511154859344,0.3507223159236675,0.20699301093768507,0.05314564213067685
0.09121713476649537,0.38792511154859344,0.3507223159236675,0.20699301093768507,0.05314564213067685,0.15051585936133846
0.38792511154859344,0.3507223159236675,0.20699301093768507,0.05314564213067685,0.15051585936133846,0.26956288745860996
0.3507223159236675,0.20699301093768507,0.05314564213067685,0.15051585936133846,0.26956288745860996,0.17396334549885206
0.20699301093768507,0.05314564213067685,0.15051585936133846,0.26956288745860996,0.17396334549885206,0.012150476373133566
