FechaMedicion,Potencia,Voltaje,FactorPotencia,Frecuencia,phase,variant
2026-02-15 13:10:00,405.89,119.81,0.877,59.97,1,univariable
2026-02-15 13:20:00,369.512,120.038,0.874,59.962,1,univariable
2026-02-15 13:30:00,499.55,118.86,0.909,59.97,1,univariable
2026-02-15 13:40:00,1003.49,118.33,0.934,59.95,1,univariable
2026-02-15 13:50:00,696.68,119.23,0.937,59.96,1,univariable
2026-02-15 14:00:00,435.45,118.78,0.856,59.91,1,univariable
2026-02-15 14:10:00,279.79,120.16,0.872,59.95,1,univariable
2026-02-15 14:20:00,375.04,119.1,0.846,59.94,1,univariable
2026-02-15 14:30:00,303.42,120.07,0.88,59.96,1,univariable
2026-02-15 14:40:00,429.61,119.73,0.888,59.96,1,univariable
2026-02-15 14:50:00,401.47,119.96,0.92,59.95,1,univariable
2026-02-15 15:00:00,605.0,119.78,0.971,59.97,1,univariable
2026-02-15 15:10:00,230.52,120.75,0.898,59.97,1,univariable
2026-02-15 15:20:00,513.25,119.89,0.901,59.95,1,univariable
2026-02-15 15:30:00,395.53,119.84,0.876,59.96,1,univariable
2026-02-15 15:40:00,522.03,119.18,0.883,59.95,1,univariable
2026-02-15 15:50:00,394.37,119.87,0.878,59.98,1,univariable
2026-02-15 16:00:00,306.42,118.9,0.885,59.94,1,univariable
2026-02-15 16:10:00,419.29,119.35,0.889,59.97,1,univariable
2026-02-15 16:20:00,428.35,119.33,0.88,59.92,1,univariable
2026-02-15 16:30:00,405.84,119.7,0.887,59.96,1,univariable
2026-02-15 16:40:00,425.51,119.87,0.911,59.97,1,univariable
2026-02-15 16:50:00,350.56,119.73,0.875,59.95,1,univariable
2026-02-15 17:00:00,262.03,119.54,0.884,59.95,1,univariable
2026-02-15 17:10:00,403.03,119.45,0.882,59.96,1,univariable
2026-02-15 17:20:00,360.67,119.38,0.899,59.94,1,univariable
2026-02-15 17:30:00,359.85,118.1,0.882,59.98,1,univariable
2026-02-15 17:40:00,258.66,119.47,0.878,59.94,1,univariable
2026-02-15 17:50:00,383.15,118.16,0.899,59.96,1,univariable
2026-02-15 18:00:00,495.86,116.46,0.925,59.96,1,univariable
2026-02-15 18:10:00,346.79,119.74,0.916,59.93,1,univariable
2026-02-15 18:20:00,420.46,118.88,0.909,59.93,1,univariable
2026-02-15 18:30:00,313.13,118.08,0.917,59.95,1,univariable
2026-02-15 18:40:00,424.07,117.73,0.911,59.96,1,univariable
2026-02-15 18:50:00,330.57,116.78,0.913,59.97,1,univariable
2026-02-15 19:00:00,481.07,119.67,0.908,59.97,1,univariable
2026-02-15 19:10:00,324.66,118.95,0.918,59.96,1,univariable
2026-02-15 19:20:00,433.829,117.771,0.911,59.957,1,univariable
2026-02-15 19:30:00,392.76,117.83,0.925,59.96,1,univariable
2026-02-15 19:40:00,449.25,119.04,0.915,59.97,1,univariable
2026-02-15 19:50:00,560.93,116.92,0.931,59.95,1,univariable
2026-02-15 20:00:00,1293.27,115.98,0.963,59.96,1,univariable
2026-02-15 20:10:00,421.17,119.21,0.902,59.97,1,univariable
2026-02-15 20:20:00,538.84,119.57,0.912,59.96,1,univariable
2026-02-15 20:30:00,530.5,119.14,0.925,59.94,1,univariable
2026-02-15 20:40:00,346.81,120.43,0.905,59.93,1,univariable
2026-02-15 20:50:00,353.57,120.44,0.906,59.96,1,univariable
2026-02-15 21:00:00,671.08,119.88,0.972,59.99,1,univariable
2026-02-15 21:10:00,242.57,121.29,0.899,59.96,1,univariable
2026-02-15 21:20:00,613.53,119.39,0.906,59.94,1,univariable
2026-02-15 21:30:00,500.41,118.77,0.892,59.99,1,univariable
2026-02-15 21:40:00,340.21,119.5,0.85,59.93,1,univariable
2026-02-15 21:50:00,264.722,119.778,0.871,59.933,1,univariable
2026-02-15 22:00:00,323.82,120.15,0.85,59.93,1,univariable
2026-02-15 22:10:00,516.05,120.54,0.922,59.96,1,univariable
2026-02-15 22:20:00,298.91,120.85,0.839,59.96,1,univariable
2026-02-15 22:30:00,255.17,121.02,0.857,59.98,1,univariable
2026-02-15 22:40:00,287.83,120.28,0.838,59.98,1,univariable
2026-02-15 22:50:00,214.3,120.61,0.843,59.98,1,univariable
2026-02-15 23:00:00,277.12,120.39,0.838,59.97,1,univariable
2026-02-15 23:10:00,245.16,121.29,0.839,59.97,1,univariable
2026-02-15 23:20:00,294.45,120.68,0.844,59.95,1,univariable
2026-02-15 23:30:00,272.36,120.48,0.832,59.94,1,univariable
2026-02-15 23:40:00,212.82,120.79,0.838,59.98,1,univariable
2026-02-15 23:50:00,285.11,120.41,0.834,59.97,1,univariable
2026-02-16 00:00:00,246.69,121.88,0.839,59.97,1,univariable
2026-02-16 00:10:00,294.91,121.34,0.823,59.97,1,univariable
2026-02-16 00:20:00,177.02,121.83,0.825,59.96,1,univariable
2026-02-16 00:30:00,328.4,120.16,0.829,59.96,1,univariable
2026-02-16 00:40:00,210.812,120.55,0.829,59.95,1,univariable
2026-02-16 00:50:00,250.56,120.98,0.828,59.96,1,univariable
2026-02-16 01:00:00,238.82,121.83,0.83,59.94,1,univariable
2026-02-16 01:10:00,190.2,122.075,0.835,59.962,1,univariable
2026-02-16 01:20:00,318.0,121.53,0.836,59.98,1,univariable
2026-02-16 01:30:00,220.37,121.47,0.844,59.96,1,univariable
2026-02-16 01:40:00,277.0,120.41,0.829,59.98,1,univariable
2026-02-16 01:50:00,174.4,121.53,0.834,59.96,1,univariable
2026-02-16 02:00:00,278.75,120.85,0.829,59.97,1,univariable
2026-02-16 02:10:00,256.52,121.47,0.841,59.96,1,univariable
2026-02-16 02:20:00,258.32,121.47,0.827,59.95,1,univariable
2026-02-16 02:30:00,270.26,121.07,0.843,59.97,1,univariable
2026-02-16 02:40:00,230.09,120.89,0.832,59.95,1,univariable
2026-02-16 02:50:00,281.37,120.67,0.846,59.94,1,univariable
2026-02-16 03:00:00,504.39,120.88,0.941,59.93,1,univariable
2026-02-16 03:10:00,207.26,121.41,0.845,59.98,1,univariable
2026-02-16 03:20:00,340.25,121.03,0.857,59.95,1,univariable
2026-02-16 03:30:00,329.77,120.67,0.83,59.95,1,univariable
2026-02-16 03:40:00,261.52,120.52,0.827,59.95,1,univariable
2026-02-16 03:50:00,233.92,121.21,0.829,59.98,1,univariable
2026-02-16 04:00:00,263.17,121.15,0.827,59.97,1,univariable
2026-02-16 04:10:00,214.66,121.24,0.832,59.93,1,univariable
2026-02-16 04:20:00,247.41,121.06,0.824,59.95,1,univariable
2026-02-16 04:30:00,250.6,121.07,0.838,59.95,1,univariable
2026-02-16 04:40:00,229.57,120.27,0.821,59.98,1,univariable
2026-02-16 04:50:00,296.52,119.74,0.831,59.95,1,univariable
2026-02-16 05:00:00,218.09,120.66,0.825,59.97,1,univariable
2026-02-16 05:10:00,312.45,120.83,0.832,59.95,1,univariable
2026-02-16 05:20:00,186.83,121.36,0.831,59.98,1,univariable
2026-02-16 05:30:00,277.11,120.68,0.824,59.99,1,univariable
2026-02-16 05:40:00,271.81,119.24,0.855,59.98,1,univariable
2026-02-16 05:50:00,273.51,119.13,0.827,59.95,1,univariable
2026-02-16 06:00:00,193.18,118.26,0.833,59.95,1,univariable
2026-02-16 06:10:00,309.98,119.11,0.837,59.96,1,univariable
2026-02-16 06:20:00,244.26,121.23,0.837,59.98,1,univariable
2026-02-16 06:30:00,240.98,122.45,0.824,59.94,1,univariable
2026-02-16 06:40:00,275.94,121.79,0.844,59.98,1,univariable
2026-02-16 06:50:00,208.2,122.23,0.828,59.96,1,univariable
2026-02-16 07:00:00,255.36,121.73,0.822,59.98,1,univariable
2026-02-16 07:10:00,180.04,122.33,0.835,59.97,1,univariable
2026-02-16 07:20:00,328.88,120.84,0.842,59.92,1,univariable
2026-02-16 07:30:00,211.14,120.41,0.831,59.95,1,univariable
2026-02-16 07:40:00,266.65,119.73,0.838,59.96,1,univariable
2026-02-16 07:50:00,302.34,119.38,0.884,59.93,1,univariable
2026-02-16 08:00:00,450.05,119.04,0.901,59.95,1,univariable
2026-02-16 08:10:00,227.72,119.98,0.852,59.97,1,univariable
2026-02-16 08:20:00,269.27,120.25,0.856,59.94,1,univariable
2026-02-16 08:30:00,258.16,119.16,0.834,59.94,1,univariable
2026-02-16 08:40:00,191.65,119.24,0.836,59.97,1,univariable
2026-02-16 08:50:00,381.17,117.32,0.87,59.96,1,univariable
2026-02-16 09:00:00,913.38,115.83,0.985,59.99,1,univariable
2026-02-16 09:10:00,461.58,117.87,0.912,59.97,1,univariable
2026-02-16 09:20:00,1467.54,114.62,0.937,59.97,1,univariable
2026-02-16 09:30:00,426.48,119.12,0.846,59.91,1,univariable
2026-02-16 09:40:00,670.88,119.88,0.884,59.94,1,univariable
2026-02-16 09:50:00,662.47,119.69,0.942,59.96,1,univariable
2026-02-16 10:00:00,389.2,118.85,0.859,59.96,1,univariable
2026-02-16 10:10:00,309.94,119.76,0.852,59.96,1,univariable
2026-02-16 10:20:00,269.48,119.83,0.828,59.93,1,univariable
2026-02-16 10:30:00,203.67,121.61,0.834,59.99,1,univariable
2026-02-16 10:40:00,381.533,120.033,0.849,59.956,1,univariable
2026-02-16 10:50:00,381.2,120.73,0.883,59.96,1,univariable
2026-02-16 11:00:00,490.44,122.26,0.856,59.96,1,univariable
2026-02-16 11:10:00,632.13,122.5,0.911,59.96,1,univariable
2026-02-16 11:20:00,355.09,121.29,0.846,59.94,1,univariable
2026-02-16 11:30:00,548.92,120.64,0.922,59.95,1,univariable
2026-02-16 11:40:00,488.02,120.62,0.857,59.98,1,univariable
2026-02-16 11:50:00,430.62,120.71,0.893,59.96,1,univariable
2026-02-16 12:00:00,652.1,120.91,0.882,59.95,1,univariable
2026-02-16 12:10:00,263.14,122.33,0.864,59.97,1,univariable
2026-02-16 12:20:00,367.08,121.52,0.821,60.0,1,univariable
2026-02-16 12:30:00,271.93,121.28,0.862,59.94,1,univariable
2026-02-16 12:40:00,366.01,118.03,0.852,59.97,1,univariable
2026-02-16 12:50:00,323.02,117.5,0.864,59.98,1,univariable
2026-02-16 13:00:00,513.63,115.94,0.914,59.94,1,univariable
2026-02-16 13:10:00,838.98,119.68,0.925,59.96,1,univariable
2026-02-16 13:20:00,285.95,120.61,0.882,59.97,1,univariable
2026-02-16 13:30:00,317.87,121.12,0.872,59.97,1,univariable
2026-02-16 13:40:00,469.48,121.61,0.909,59.98,1,univariable
2026-02-16 13:50:00,491.41,121.59,0.894,59.98,1,univariable
2026-02-16 14:00:00,375.75,121.55,0.892,59.94,1,univariable
2026-02-16 14:10:00,357.03,121.59,0.845,59.98,1,univariable
2026-02-16 14:20:00,223.21,123.0,0.828,59.95,1,univariable
2026-02-16 14:30:00,259.14,122.66,0.824,59.97,1,univariable
2026-02-16 14:40:00,226.73,122.53,0.833,59.97,1,univariable
2026-02-16 14:50:00,292.18,122.89,0.845,59.98,1,univariable
2026-02-16 15:00:00,609.61,122.39,0.974,59.95,1,univariable
2026-02-16 15:10:00,234.36,123.05,0.864,59.98,1,univariable
2026-02-16 15:20:00,444.333,121.9,0.882,59.978,1,univariable
2026-02-16 15:30:00,335.267,122.667,0.838,59.944,1,univariable
2026-02-16 15:40:00,330.45,119.85,0.845,59.98,1,univariable
2026-02-16 15:50:00,333.75,118.81,0.874,59.97,1,univariable
2026-02-16 16:00:00,267.14,119.54,0.849,59.95,1,univariable
2026-02-16 16:10:00,347.18,119.09,0.854,59.96,1,univariable
2026-02-16 16:20:00,404.32,120.87,0.872,59.97,1,univariable
2026-02-16 16:30:00,350.11,121.02,0.848,59.97,1,univariable
2026-02-16 16:40:00,403.37,120.09,0.865,59.97,1,univariable
2026-02-16 16:50:00,315.22,121.38,0.85,59.96,1,univariable
2026-02-16 17:00:00,312.14,122.0,0.87,59.97,1,univariable
2026-02-16 17:10:00,362.55,121.97,0.819,59.96,1,univariable
2026-02-16 17:20:00,411.76,122.04,0.736,59.95,1,univariable
2026-02-16 17:30:00,388.18,120.76,0.747,59.95,1,univariable
2026-02-16 17:40:00,403.59,119.82,0.744,59.95,1,univariable
2026-02-16 17:50:00,479.04,119.63,0.796,59.94,1,univariable
2026-02-16 18:00:00,517.73,120.42,0.784,59.98,1,univariable
2026-02-16 18:10:00,429.53,121.16,0.792,59.93,1,univariable
2026-02-16 18:20:00,459.15,120.41,0.896,59.96,1,univariable
2026-02-16 18:30:00,466.85,120.79,0.908,59.97,1,univariable
2026-02-16 18:40:00,544.31,119.54,0.808,59.98,1,univariable
2026-02-16 18:50:00,461.87,118.98,0.846,59.96,1,univariable
2026-02-16 19:00:00,564.51,118.17,0.828,59.96,1,univariable
2026-02-16 19:10:00,882.13,118.22,0.915,59.96,1,univariable
2026-02-16 19:20:00,565.65,120.22,0.888,59.98,1,univariable
2026-02-16 19:30:00,328.26,120.93,0.917,59.96,1,univariable
2026-02-16 19:40:00,607.74,120.07,0.917,59.95,1,univariable
2026-02-16 19:50:00,1027.9,119.02,0.952,59.94,1,univariable
2026-02-16 20:00:00,468.38,120.06,0.905,59.98,1,univariable
2026-02-16 20:10:00,308.91,120.75,0.904,59.93,1,univariable
2026-02-16 20:20:00,623.2,120.371,0.894,60.0,1,univariable
2026-02-16 20:30:00,240.56,121.29,0.893,59.98,1,univariable
2026-02-16 20:40:00,363.07,118.31,0.881,59.94,1,univariable
2026-02-16 20:50:00,337.73,120.36,0.913,59.95,1,univariable
2026-02-16 21:00:00,582.63,121.92,0.962,59.96,1,univariable
2026-02-16 21:10:00,248.37,122.88,0.892,59.94,1,univariable
2026-02-16 21:20:00,630.05,121.71,0.906,59.94,1,univariable
2026-02-16 21:30:00,527.45,120.16,0.897,59.93,1,univariable
2026-02-16 21:40:00,350.775,122.75,0.837,59.95,1,univariable
2026-02-16 21:50:00,202.88,122.7,0.849,59.93,1,univariable
2026-02-16 22:00:00,395.922,121.244,0.846,59.944,1,univariable
2026-02-16 22:10:00,555.46,121.97,0.929,59.96,1,univariable
2026-02-16 22:20:00,315.91,123.5,0.822,59.94,1,univariable
2026-02-16 22:30:00,191.57,123.35,0.834,59.96,1,univariable
2026-02-16 22:40:00,312.47,121.74,0.823,59.96,1,univariable
2026-02-16 22:50:00,169.25,121.53,0.829,59.96,1,univariable
2026-02-16 23:00:00,400.98,120.86,0.829,59.96,1,univariable
2026-02-16 23:10:00,168.29,121.61,0.844,59.93,1,univariable
2026-02-16 23:20:00,291.88,119.59,0.836,59.98,1,univariable
2026-02-16 23:30:00,199.8,119.33,0.839,59.96,1,univariable
2026-02-16 23:40:00,280.25,117.32,0.844,59.96,1,univariable
2026-02-16 23:50:00,261.06,120.83,0.86,59.96,1,univariable
2026-02-17 00:00:00,268.32,121.28,0.841,59.97,1,univariable
2026-02-17 00:10:00,222.25,121.59,0.841,59.96,1,univariable
2026-02-17 00:20:00,250.73,121.47,0.834,59.97,1,univariable
2026-02-17 00:30:00,236.93,121.28,0.839,59.97,1,univariable
2026-02-17 00:40:00,238.28,122.34,0.832,59.97,1,univariable
2026-02-17 00:50:00,262.144,121.8,0.828,59.978,1,univariable
2026-02-17 01:00:00,187.867,122.244,0.836,59.967,1,univariable
2026-02-17 01:10:00,274.97,121.86,0.824,59.97,1,univariable
2026-02-17 01:20:00,182.72,122.22,0.844,59.97,1,univariable
2026-02-17 01:30:00,286.64,121.27,0.828,59.96,1,univariable
2026-02-17 01:40:00,171.85,121.77,0.837,59.97,1,univariable
2026-02-17 01:50:00,324.55,121.23,0.834,59.95,1,univariable
2026-02-17 02:00:00,200.7,121.89,0.834,59.95,1,univariable
2026-02-17 02:10:00,255.38,121.53,0.832,59.98,1,univariable
2026-02-17 02:20:00,211.73,121.29,0.842,59.95,1,univariable
2026-02-17 02:30:00,277.22,120.98,0.843,59.96,1,univariable
2026-02-17 02:40:00,232.98,121.53,0.829,59.97,1,univariable
2026-02-17 02:50:00,261.15,121.57,0.847,59.93,1,univariable
2026-02-17 03:00:00,554.24,120.72,0.941,59.96,1,univariable
2026-02-17 03:10:00,165.37,121.66,0.838,59.95,1,univariable
2026-02-17 03:20:00,262.29,121.53,0.834,59.94,1,univariable
2026-02-17 03:30:00,325.67,120.97,0.829,59.96,1,univariable
2026-02-17 03:40:00,324.83,121.22,0.84,59.94,1,univariable
2026-02-17 03:50:00,226.838,121.225,0.83,59.95,1,univariable
2026-02-17 04:00:00,261.49,121.58,0.829,59.95,1,univariable
2026-02-17 04:10:00,223.275,121.7,0.831,59.938,1,univariable
2026-02-17 04:20:00,289.84,120.88,0.841,59.98,1,univariable
2026-02-17 04:30:00,229.93,121.17,0.837,59.97,1,univariable
2026-02-17 04:40:00,278.24,121.11,0.839,59.98,1,univariable
2026-02-17 04:50:00,248.34,121.2,0.83,59.97,1,univariable
2026-02-17 05:00:00,214.1,121.43,0.828,59.94,1,univariable
2026-02-17 05:10:00,258.6,119.66,0.833,59.95,1,univariable
2026-02-17 05:20:00,198.0,121.16,0.834,59.95,1,univariable
2026-02-17 05:30:00,272.52,120.4,0.83,59.94,1,univariable
2026-02-17 05:40:00,187.1,121.52,0.834,59.94,1,univariable
2026-02-17 05:50:00,271.81,120.93,0.828,59.99,1,univariable
2026-02-17 06:00:00,168.5,121.28,0.837,59.96,1,univariable
2026-02-17 06:10:00,263.41,118.41,0.83,59.96,1,univariable
2026-02-17 06:20:00,191.05,122.19,0.838,59.99,1,univariable
2026-02-17 06:30:00,366.27,121.95,0.842,59.95,1,univariable
2026-02-17 06:40:00,180.67,122.2,0.842,59.96,1,univariable
2026-02-17 06:50:00,248.92,121.66,0.826,59.95,1,univariable
2026-02-17 07:00:00,210.92,121.86,0.836,59.95,1,univariable
2026-02-17 07:10:00,222.62,121.79,0.833,59.94,1,univariable
2026-02-17 07:20:00,220.44,121.32,0.835,59.96,1,univariable
2026-02-17 07:30:00,207.84,121.23,0.842,59.97,1,univariable
2026-02-17 07:40:00,1177.72,117.07,0.947,59.96,1,univariable
2026-02-17 07:50:00,260.81,120.26,0.854,59.95,1,univariable
2026-02-17 08:00:00,250.39,118.56,0.836,59.97,1,univariable
2026-02-17 08:10:00,226.29,118.97,0.856,59.93,1,univariable
2026-02-17 08:20:00,549.33,118.09,0.889,59.94,1,univariable
2026-02-17 08:30:00,956.25,117.71,0.968,59.97,1,univariable
2026-02-17 08:40:00,633.39,119.41,0.879,59.96,1,univariable
2026-02-17 08:50:00,1303.87,117.18,0.983,59.96,1,univariable
2026-02-17 09:00:00,1081.55,116.64,0.974,59.95,1,univariable
2026-02-17 09:10:00,608.15,116.61,0.957,59.92,1,univariable
2026-02-17 09:20:00,509.14,119.02,0.876,59.92,1,univariable
2026-02-17 09:30:00,715.74,118.81,0.894,59.95,1,univariable
2026-02-17 09:40:00,298.96,119.41,0.825,59.96,1,univariable
2026-02-17 09:50:00,328.52,119.78,0.874,59.98,1,univariable
2026-02-17 10:00:00,297.6,120.27,0.824,59.95,1,univariable
2026-02-17 10:10:00,291.21,119.11,0.852,59.95,1,univariable
2026-02-17 10:20:00,221.93,120.16,0.837,59.98,1,univariable
2026-02-17 10:30:00,236.62,120.2,0.829,59.97,1,univariable
2026-02-17 10:40:00,372.43,119.92,0.865,59.99,1,univariable
2026-02-17 10:50:00,306.98,120.07,0.847,59.98,1,univariable
2026-02-17 11:00:00,257.41,119.8,0.845,59.94,1,univariable
2026-02-17 11:10:00,405.74,118.87,0.856,59.95,1,univariable
2026-02-17 11:20:00,400.96,119.1,0.884,59.97,1,univariable
2026-02-17 11:30:00,278.88,119.99,0.823,59.94,1,univariable
2026-02-17 11:40:00,207.39,119.83,0.825,59.98,1,univariable
2026-02-17 11:50:00,305.96,119.32,0.834,59.99,1,univariable
2026-02-17 12:00:00,351.36,118.84,0.871,59.95,1,univariable
2026-02-17 12:10:00,411.97,118.94,0.864,59.95,1,univariable
2026-02-17 12:20:00,394.52,118.97,0.894,59.96,1,univariable
2026-02-17 12:30:00,566.28,119.48,0.884,59.94,1,univariable
2026-02-17 12:40:00,360.61,119.55,0.866,59.94,1,univariable
2026-02-17 12:50:00,296.43,119.25,0.86,59.95,1,univariable
2026-02-17 13:00:00,301.46,119.65,0.826,59.95,1,univariable
2026-02-17 13:10:00,172.41,120.6,0.84,59.97,1,univariable
2026-02-17 13:20:00,296.08,119.62,0.827,59.94,1,univariable
2026-02-17 13:30:00,165.286,119.171,0.837,59.986,1,univariable
2026-02-17 13:40:00,338.76,118.88,0.835,59.99,1,univariable
2026-02-17 13:50:00,161.69,120.42,0.844,59.94,1,univariable
2026-02-17 14:00:00,282.19,119.11,0.83,59.94,1,univariable
2026-02-17 14:10:00,259.33,118.01,0.85,59.93,1,univariable
2026-02-17 14:20:00,339.93,118.49,0.855,59.96,1,univariable
2026-02-17 14:30:00,274.98,119.14,0.846,59.94,1,univariable
2026-02-17 14:40:00,239.78,120.98,0.832,59.95,1,univariable
2026-02-17 14:50:00,258.77,120.76,0.852,59.97,1,univariable
2026-02-17 15:00:00,533.13,119.59,0.958,59.97,1,univariable
2026-02-17 15:10:00,290.75,121.59,0.877,59.91,1,univariable
2026-02-17 15:20:00,376.93,121.12,0.858,59.95,1,univariable
2026-02-17 15:30:00,398.54,121.06,0.84,59.98,1,univariable
2026-02-17 15:40:00,336.03,120.74,0.832,59.93,1,univariable
2026-02-17 15:50:00,174.89,121.6,0.829,59.98,1,univariable
2026-02-17 16:00:00,487.43,121.03,0.85,59.95,1,univariable
2026-02-17 16:10:00,704.73,120.62,0.951,59.98,1,univariable
2026-02-17 16:20:00,295.088,121.488,0.821,59.975,1,univariable
2026-02-17 16:30:00,193.744,121.467,0.819,59.933,1,univariable
2026-02-17 16:40:00,311.289,120.844,0.82,59.944,1,univariable
2026-02-17 16:50:00,258.68,121.68,0.863,59.96,1,univariable
2026-02-17 17:00:00,369.06,121.97,0.873,59.96,1,univariable
2026-02-17 17:10:00,287.72,121.83,0.886,59.94,1,univariable
2026-02-17 17:20:00,363.03,117.84,0.885,59.96,1,univariable
2026-02-17 17:30:00,439.4,124.76,0.859,59.97,1,univariable
2026-02-17 17:40:00,524.93,121.23,0.787,59.93,1,univariable
2026-02-17 17:50:00,326.59,122.52,0.914,59.94,1,univariable
2026-02-17 18:00:00,417.32,121.71,0.901,59.97,1,univariable
2026-02-17 18:10:00,402.84,119.54,0.852,59.96,1,univariable
2026-02-17 18:20:00,517.78,119.34,0.794,59.97,1,univariable
2026-02-17 18:30:00,415.72,119.52,0.831,59.97,1,univariable
2026-02-17 18:40:00,505.46,118.77,0.809,59.96,1,univariable
2026-02-17 18:50:00,286.47,117.99,0.889,59.95,1,univariable
2026-02-17 19:00:00,502.638,116.8,0.915,59.962,1,univariable
2026-02-17 19:10:00,1131.55,114.48,0.968,59.93,1,univariable
2026-02-17 19:20:00,1187.622,115.889,0.943,59.989,1,univariable
2026-02-17 19:30:00,351.283,119.267,0.903,59.917,1,univariable
2026-02-17 19:40:00,422.444,117.844,0.896,59.933,1,univariable
2026-02-17 19:50:00,261.04,118.93,0.899,59.93,1,univariable
2026-02-17 20:00:00,504.262,118.738,0.901,59.95,1,univariable
2026-02-17 20:10:00,395.62,119.11,0.925,59.97,1,univariable
2026-02-17 20:20:00,545.52,118.52,0.91,59.93,1,univariable
2026-02-17 20:30:00,233.06,120.29,0.898,59.97,1,univariable
2026-02-17 20:40:00,373.95,119.79,0.875,59.95,1,univariable
2026-02-17 20:50:00,433.27,120.44,0.937,59.94,1,univariable
2026-02-17 21:00:00,804.44,120.07,0.969,59.94,1,univariable
2026-02-17 21:10:00,289.56,122.06,0.903,59.92,1,univariable
2026-02-17 21:20:00,331.99,122.16,0.879,59.96,1,univariable
2026-02-17 21:30:00,591.97,121.62,0.889,59.96,1,univariable
2026-02-17 21:40:00,646.28,122.04,0.88,59.98,1,univariable
2026-02-17 21:50:00,178.88,124.51,0.854,59.96,1,univariable
2026-02-17 22:00:00,328.89,120.48,0.827,59.98,1,univariable
2026-02-17 22:10:00,231.96,118.33,0.844,59.94,1,univariable
2026-02-17 22:20:00,288.78,118.69,0.828,59.98,1,univariable
2026-02-17 22:30:00,184.34,120.56,0.839,59.94,1,univariable
2026-02-17 22:40:00,259.45,119.412,0.832,59.95,1,univariable
2026-02-17 22:50:00,178.99,117.02,0.844,59.95,1,univariable
2026-02-17 23:00:00,325.26,116.03,0.852,59.94,1,univariable
2026-02-17 23:10:00,190.325,120.55,0.837,59.912,1,univariable
2026-02-17 23:20:00,276.425,120.125,0.837,59.962,1,univariable
2026-02-17 23:30:00,209.24,120.94,0.835,59.96,1,univariable
2026-02-17 23:40:00,334.8,120.29,0.84,59.93,1,univariable
2026-02-17 23:50:00,208.88,121.37,0.842,59.99,1,univariable
2026-02-18 00:00:00,283.61,120.92,0.836,59.96,1,univariable
2026-02-18 00:10:00,259.05,121.125,0.851,59.975,1,univariable
2026-02-18 00:20:00,281.02,121.34,0.824,59.99,1,univariable
2026-02-18 00:30:00,237.88,121.07,0.838,59.98,1,univariable
2026-02-18 00:40:00,276.11,120.77,0.822,59.97,1,univariable
2026-02-18 00:50:00,187.28,121.85,0.832,59.91,1,univariable
2026-02-18 01:00:00,288.04,121.18,0.825,59.98,1,univariable
2026-02-18 01:10:00,174.6,121.66,0.832,59.97,1,univariable
2026-02-18 01:20:00,303.12,120.87,0.831,59.94,1,univariable
2026-02-18 01:30:00,170.81,121.19,0.831,59.94,1,univariable
2026-02-18 01:40:00,288.31,120.8,0.824,59.98,1,univariable
2026-02-18 01:50:00,168.45,121.38,0.835,59.93,1,univariable
2026-02-18 02:00:00,288.37,120.68,0.826,59.97,1,univariable
2026-02-18 02:10:00,183.4,121.16,0.837,59.98,1,univariable
2026-02-18 02:20:00,272.96,121.39,0.824,59.95,1,univariable
2026-02-18 02:30:00,184.21,121.51,0.838,59.98,1,univariable
2026-02-18 02:40:00,275.93,121.23,0.823,59.96,1,univariable
2026-02-18 02:50:00,214.07,121.26,0.85,59.98,1,univariable
2026-02-18 03:00:00,496.73,119.96,0.942,59.95,1,univariable
2026-02-18 03:10:00,219.39,120.84,0.849,59.94,1,univariable
2026-02-18 03:20:00,264.54,121.14,0.833,59.98,1,univariable
2026-02-18 03:30:00,321.25,120.77,0.83,59.95,1,univariable
2026-02-18 03:40:00,310.38,121.08,0.826,59.94,1,univariable
2026-02-18 03:50:00,186.15,121.89,0.83,59.95,1,univariable
2026-02-18 04:00:00,328.64,120.85,0.836,59.97,1,univariable
2026-02-18 04:10:00,168.87,121.32,0.836,59.96,1,univariable
2026-02-18 04:20:00,308.51,120.58,0.829,59.95,1,univariable
2026-02-18 04:30:00,168.92,121.52,0.832,59.95,1,univariable
2026-02-18 04:40:00,305.28,120.61,0.826,59.92,1,univariable
2026-02-18 04:50:00,166.11,119.58,0.826,59.95,1,univariable
2026-02-18 05:00:00,284.14,120.19,0.826,59.94,1,univariable
2026-02-18 05:10:00,168.5,118.72,0.836,59.94,1,univariable
2026-02-18 05:20:00,286.03,119.43,0.829,59.96,1,univariable
2026-02-18 05:30:00,221.88,119.47,0.838,59.94,1,univariable
2026-02-18 05:40:00,448.04,117.65,0.855,59.91,1,univariable
2026-02-18 05:50:00,175.95,118.81,0.832,60.0,1,univariable
2026-02-18 06:00:00,564.6,117.19,0.893,59.94,1,univariable
2026-02-18 06:10:00,343.26,116.82,0.899,59.94,1,univariable
2026-02-18 06:20:00,308.69,118.72,0.872,59.99,1,univariable
2026-02-18 06:30:00,237.15,118.788,0.898,59.962,1,univariable
2026-02-18 06:40:00,527.99,117.31,0.908,59.96,1,univariable
2026-02-18 06:50:00,340.52,118.95,0.919,59.97,1,univariable
2026-02-18 07:00:00,344.47,118.85,0.895,59.94,1,univariable
2026-02-18 07:10:00,240.5,117.38,0.907,59.98,1,univariable
2026-02-18 07:20:00,341.94,118.3,0.894,59.95,1,univariable
2026-02-18 07:30:00,243.44,120.33,0.906,59.94,1,univariable
2026-02-18 07:40:00,336.85,117.57,0.89,59.94,1,univariable
2026-02-18 07:50:00,222.71,118.26,0.895,59.94,1,univariable
2026-02-18 08:00:00,406.81,117.82,0.888,59.97,1,univariable
2026-02-18 08:10:00,222.51,118.12,0.904,59.95,1,univariable
2026-02-18 08:20:00,426.06,117.3,0.896,59.95,1,univariable
2026-02-18 08:30:00,322.64,117.14,0.908,59.94,1,univariable
2026-02-18 08:40:00,309.75,117.06,0.843,59.96,1,univariable
2026-02-18 08:50:00,258.74,119.14,0.87,59.97,1,univariable
2026-02-18 09:00:00,563.86,116.54,0.958,59.98,1,univariable
2026-02-18 09:10:00,160.86,118.06,0.837,59.97,1,univariable
2026-02-18 09:20:00,304.48,115.72,0.85,59.94,1,univariable
2026-02-18 09:30:00,1007.97,111.78,0.928,59.96,1,univariable
2026-02-18 09:40:00,665.08,116.48,0.876,59.98,1,univariable
2026-02-18 09:50:00,247.73,119.22,0.839,59.96,1,univariable
2026-02-18 10:00:00,300.24,119.36,0.831,59.95,1,univariable
2026-02-18 10:10:00,160.06,118.08,0.838,59.97,1,univariable
2026-02-18 10:20:00,448.94,116.74,0.864,59.98,1,univariable
2026-02-18 10:30:00,164.9,119.4,0.84,59.96,1,univariable
2026-02-18 10:40:00,302.86,118.79,0.837,59.98,1,univariable
2026-02-18 10:50:00,219.35,119.17,0.849,59.98,1,univariable
2026-02-18 11:00:00,402.05,117.8,0.855,59.95,1,univariable
2026-02-18 11:10:00,254.41,115.22,0.883,59.93,1,univariable
2026-02-18 11:20:00,564.4,115.98,0.897,59.98,1,univariable
2026-02-18 11:30:00,493.37,117.73,0.93,59.94,1,univariable
2026-02-18 11:40:00,481.72,117.81,0.908,59.98,1,univariable
2026-02-18 11:50:00,328.49,117.95,0.899,59.96,1,univariable
2026-02-18 12:00:00,302.07,117.69,0.888,59.97,1,univariable
2026-02-18 12:10:00,292.86,118.5,0.888,59.97,1,univariable
2026-02-18 12:20:00,354.74,118.56,0.889,59.92,1,univariable
2026-02-18 12:30:00,404.78,117.92,0.9,59.97,1,univariable
2026-02-18 12:40:00,341.46,119.08,0.894,59.99,1,univariable
2026-02-18 12:50:00,354.82,119.61,0.897,59.95,1,univariable
2026-02-18 13:00:00,345.46,119.23,0.899,59.94,1,univariable
2026-02-18 13:10:00,304.36,119.57,0.888,59.95,1,univariable
2026-02-18 13:20:00,406.61,119.17,0.899,59.93,1,univariable
2026-02-18 13:30:00,395.45,118.838,0.91,59.962,1,univariable
2026-02-18 13:40:00,355.93,119.3,0.892,59.97,1,univariable
2026-02-18 13:50:00,338.24,119.28,0.896,59.99,1,univariable
2026-02-18 14:00:00,381.42,118.28,0.88,59.97,1,univariable
2026-02-18 14:10:00,364.21,119.34,0.879,59.95,1,univariable
2026-02-18 14:20:00,627.77,119.39,0.9,59.96,1,univariable
2026-02-18 14:30:00,288.47,119.33,0.885,59.98,1,univariable
2026-02-18 14:40:00,373.11,118.75,0.853,59.93,1,univariable
2026-02-18 14:50:00,239.55,118.25,0.856,59.95,1,univariable
2026-02-18 15:00:00,528.01,118.33,0.959,59.95,1,univariable
2026-02-18 15:10:00,368.44,118.42,0.895,59.96,1,univariable
2026-02-18 15:20:00,1157.71,116.29,0.963,59.95,1,univariable
2026-02-18 15:30:00,837.48,117.07,0.927,59.97,1,univariable
2026-02-18 15:40:00,734.84,118.29,0.913,59.96,1,univariable
2026-02-18 15:50:00,750.75,119.2,0.94,59.97,1,univariable
2026-02-18 16:00:00,459.35,120.26,0.879,59.94,1,univariable
2026-02-18 16:10:00,560.65,118.97,0.914,59.95,1,univariable
2026-02-18 16:20:00,294.8,120.06,0.835,59.99,1,univariable
2026-02-18 16:30:00,409.89,119.54,0.886,59.94,1,univariable
2026-02-18 16:40:00,289.85,120.7,0.82,59.92,1,univariable
2026-02-18 16:50:00,180.89,120.65,0.822,59.96,1,univariable
2026-02-18 17:00:00,291.26,120.64,0.823,59.96,1,univariable
2026-02-18 17:10:00,180.42,121.17,0.823,59.94,1,univariable
2026-02-18 17:20:00,441.61,119.83,0.844,59.96,1,univariable
2026-02-18 17:30:00,282.17,120.64,0.847,59.99,1,univariable
2026-02-18 17:40:00,288.93,120.26,0.821,59.97,1,univariable
2026-02-18 17:50:00,166.34,121.93,0.824,59.98,1,univariable
2026-02-18 18:00:00,849.59,120.01,0.887,59.99,1,univariable
2026-02-18 18:10:00,330.17,120.48,0.878,59.97,1,univariable
2026-02-18 18:20:00,463.15,119.05,0.857,59.96,1,univariable
2026-02-18 18:30:00,225.48,118.87,0.83,59.97,1,univariable
2026-02-18 18:40:00,380.34,118.26,0.85,59.97,1,univariable
2026-02-18 18:50:00,178.75,118.39,0.826,59.95,1,univariable
2026-02-18 19:00:00,301.66,116.88,0.837,59.97,1,univariable
2026-02-18 19:10:00,184.79,118.74,0.836,59.94,1,univariable
2026-02-18 19:20:00,305.49,119.25,0.839,59.95,1,univariable
2026-02-18 19:30:00,182.66,118.78,0.838,59.97,1,univariable
2026-02-18 19:40:00,303.79,118.06,0.839,59.97,1,univariable
2026-02-18 19:50:00,180.02,117.9,0.828,59.98,1,univariable
2026-02-18 20:00:00,300.78,117.68,0.837,59.98,1,univariable
2026-02-18 20:10:00,236.12,118.56,0.846,59.97,1,univariable
2026-02-18 20:20:00,379.28,117.33,0.879,59.95,1,univariable
2026-02-18 20:30:00,245.42,116.73,0.89,59.95,1,univariable
2026-02-18 20:40:00,518.92,113.22,0.896,59.97,1,univariable
2026-02-18 20:50:00,340.78,116.13,0.913,59.95,1,univariable
2026-02-18 21:00:00,607.3,115.87,0.962,59.98,1,univariable
2026-02-18 21:10:00,315.812,118.1,0.9,59.988,1,univariable
2026-02-18 21:20:00,775.1,116.76,0.925,59.96,1,univariable
2026-02-18 21:30:00,684.8,118.722,0.906,59.967,1,univariable
2026-02-18 21:40:00,423.75,119.21,0.874,59.95,1,univariable
2026-02-18 21:50:00,195.0,121.75,0.851,59.95,1,univariable
2026-02-18 22:00:00,632.26,119.87,0.887,59.97,1,univariable
2026-02-18 22:10:00,190.49,117.84,0.849,59.96,1,univariable
2026-02-18 22:20:00,295.45,119.41,0.836,59.93,1,univariable
2026-02-18 22:30:00,301.69,119.86,0.857,59.95,1,univariable
2026-02-18 22:40:00,280.54,120.04,0.829,59.94,1,univariable
2026-02-18 22:50:00,201.44,120.52,0.834,59.96,1,univariable
2026-02-18 23:00:00,482.83,119.68,0.868,59.96,1,univariable
2026-02-18 23:10:00,202.73,121.4,0.834,59.99,1,univariable
2026-02-18 23:20:00,279.67,120.78,0.83,59.95,1,univariable
2026-02-18 23:30:00,312.13,120.42,0.866,59.98,1,univariable
2026-02-18 23:40:00,288.97,119.91,0.841,59.94,1,univariable
2026-02-18 23:50:00,211.6,120.37,0.848,59.93,1,univariable
2026-02-19 00:00:00,291.19,120.89,0.84,59.94,1,univariable
2026-02-19 00:10:00,199.27,120.35,0.843,59.95,1,univariable
2026-02-19 00:20:00,286.28,120.06,0.841,59.93,1,univariable
2026-02-19 00:30:00,247.64,120.77,0.858,59.96,1,univariable
2026-02-19 00:40:00,288.82,120.99,0.838,59.98,1,univariable
2026-02-19 00:50:00,194.82,120.85,0.844,59.95,1,univariable
2026-02-19 01:00:00,280.18,120.23,0.832,59.93,1,univariable
2026-02-19 01:10:00,192.11,121.32,0.832,59.98,1,univariable
2026-02-19 01:20:00,343.24,121.17,0.829,59.96,1,univariable
2026-02-19 01:30:00,227.85,121.6,0.842,59.98,1,univariable
2026-02-19 01:40:00,293.23,121.0,0.827,59.95,1,univariable
2026-02-19 01:50:00,171.72,120.7,0.835,59.96,1,univariable
2026-02-19 02:00:00,276.59,120.43,0.828,59.98,1,univariable
2026-02-19 02:10:00,167.8,121.05,0.836,59.96,1,univariable
2026-02-19 02:20:00,271.81,121.37,0.825,59.96,1,univariable
2026-02-19 02:30:00,172.28,121.49,0.833,59.97,1,univariable
2026-02-19 02:40:00,293.53,121.37,0.828,59.96,1,univariable
2026-02-19 02:50:00,218.86,121.14,0.853,59.95,1,univariable
2026-02-19 03:00:00,551.46,120.43,0.952,59.97,1,univariable
2026-02-19 03:10:00,167.738,121.362,0.831,59.962,1,univariable
2026-02-19 03:20:00,265.26,121.1,0.832,59.93,1,univariable
2026-02-19 03:30:00,326.27,121.67,0.829,59.97,1,univariable
2026-02-19 03:40:00,344.3,121.35,0.833,59.93,1,univariable
2026-02-19 03:50:00,203.54,121.75,0.833,59.95,1,univariable
2026-02-19 04:00:00,293.44,120.56,0.829,59.92,1,univariable
2026-02-19 04:10:00,172.82,121.28,0.832,59.96,1,univariable
2026-02-19 04:20:00,296.87,121.1,0.832,59.93,1,univariable
2026-02-19 04:30:00,170.76,121.68,0.839,59.96,1,univariable
2026-02-19 04:40:00,345.35,120.91,0.843,59.95,1,univariable
2026-02-19 04:50:00,170.13,121.37,0.834,59.96,1,univariable
2026-02-19 05:00:00,288.32,120.41,0.825,59.96,1,univariable
2026-02-19 05:10:00,223.33,119.61,0.843,59.97,1,univariable
2026-02-19 05:20:00,287.86,119.36,0.831,59.97,1,univariable
2026-02-19 05:30:00,169.24,119.28,0.829,59.93,1,univariable
2026-02-19 05:40:00,1099.53,116.6,0.933,59.96,1,univariable
2026-02-19 05:50:00,272.42,119.72,0.854,59.95,1,univariable
2026-02-19 06:00:00,418.93,118.52,0.882,59.95,1,univariable
2026-02-19 06:10:00,290.69,119.0,0.875,59.96,1,univariable
2026-02-19 06:20:00,289.0,118.84,0.836,59.95,1,univariable
2026-02-19 06:30:00,165.99,120.11,0.832,59.99,1,univariable
2026-02-19 06:40:00,284.73,118.94,0.828,59.96,1,univariable
2026-02-19 06:50:00,214.25,120.46,0.85,59.93,1,univariable
2026-02-19 07:00:00,390.03,119.17,0.851,59.98,1,univariable
2026-02-19 07:10:00,202.79,118.91,0.846,59.96,1,univariable
2026-02-19 07:20:00,288.21,118.14,0.85,59.97,1,univariable
2026-02-19 07:30:00,388.1,117.22,0.881,59.97,1,univariable
2026-02-19 07:40:00,286.81,117.55,0.85,59.96,1,univariable
2026-02-19 07:50:00,298.97,117.37,0.846,59.94,1,univariable
2026-02-19 08:00:00,224.41,117.7,0.842,59.94,1,univariable
2026-02-19 08:10:00,324.44,117.38,0.852,59.96,1,univariable
2026-02-19 08:20:00,223.71,116.92,0.836,59.93,1,univariable
2026-02-19 08:30:00,418.65,117.49,0.868,59.93,1,univariable
2026-02-19 08:40:00,282.15,118.28,0.849,59.95,1,univariable
2026-02-19 08:50:00,314.46,118.76,0.863,59.96,1,univariable
2026-02-19 09:00:00,633.31,117.1,0.951,59.93,1,univariable
2026-02-19 09:10:00,284.84,119.53,0.863,59.97,1,univariable
2026-02-19 09:20:00,313.85,119.29,0.843,60.0,1,univariable
2026-02-19 09:30:00,330.5,119.71,0.836,59.97,1,univariable
2026-02-19 09:40:00,276.48,119.55,0.828,59.97,1,univariable
2026-02-19 09:50:00,245.43,118.48,0.839,59.96,1,univariable
2026-02-19 10:00:00,339.03,119.64,0.837,59.95,1,univariable
2026-02-19 10:10:00,230.98,119.73,0.844,59.94,1,univariable
2026-02-19 10:20:00,688.42,119.4,0.9,59.97,1,univariable
2026-02-19 10:30:00,165.31,120.96,0.831,59.93,1,univariable
2026-02-19 10:40:00,286.29,119.44,0.826,59.94,1,univariable
2026-02-19 10:50:00,218.811,120.311,0.853,59.956,1,univariable
2026-02-19 11:00:00,740.97,117.38,0.916,59.95,1,univariable
2026-02-19 11:10:00,212.87,119.77,0.849,59.92,1,univariable
2026-02-19 11:20:00,283.03,119.85,0.825,59.92,1,univariable
2026-02-19 11:30:00,168.66,120.28,0.84,59.96,1,univariable
2026-02-19 11:40:00,283.12,119.19,0.836,59.95,1,univariable
2026-02-19 11:50:00,181.956,119.233,0.836,59.956,1,univariable
2026-02-19 12:00:00,272.22,118.71,0.838,59.95,1,univariable
2026-02-19 12:10:00,234.17,117.56,0.857,59.96,1,univariable
2026-02-19 12:20:00,316.17,116.58,0.836,59.95,1,univariable
2026-02-19 12:30:00,235.57,117.62,0.861,59.95,1,univariable
2026-02-19 12:40:00,290.14,118.98,0.836,59.98,1,univariable
2026-02-19 12:50:00,851.25,116.7,0.942,59.95,1,univariable
2026-02-19 13:00:00,1154.2,115.06,0.947,59.93,1,univariable
2026-02-19 13:10:00,338.84,118.12,0.911,59.96,1,univariable
2026-02-19 13:20:00,345.32,118.92,0.881,59.96,1,univariable
2026-02-19 13:30:00,832.938,116.838,0.929,59.975,1,univariable
2026-02-19 13:40:00,819.01,117.98,0.926,59.96,1,univariable
2026-02-19 13:50:00,225.47,121.0,0.897,59.98,1,univariable
2026-02-19 14:00:00,406.77,119.89,0.88,59.95,1,univariable
2026-02-19 14:10:00,477.11,119.12,0.917,59.98,1,univariable
2026-02-19 14:20:00,417.82,119.2,0.893,59.97,1,univariable
2026-02-19 14:30:00,509.63,119.75,0.918,59.96,1,univariable
2026-02-19 14:40:00,1035.37,118.29,0.955,59.97,1,univariable
2026-02-19 14:50:00,738.3,118.74,0.911,59.93,1,univariable
2026-02-19 15:00:00,596.99,120.39,0.969,59.97,1,univariable
2026-02-19 15:10:00,217.67,121.44,0.846,59.97,1,univariable
2026-02-19 15:20:00,263.23,122.25,0.83,59.95,1,univariable
2026-02-19 15:30:00,321.48,120.27,0.831,59.91,1,univariable
2026-02-19 15:40:00,321.0,118.42,0.837,59.96,1,univariable
2026-02-19 15:50:00,166.325,121.7,0.822,59.938,1,univariable
2026-02-19 16:00:00,322.74,120.48,0.829,59.96,1,univariable
2026-02-19 16:10:00,165.7,120.86,0.837,59.96,1,univariable
2026-02-19 16:20:00,303.77,121.1,0.827,59.98,1,univariable
2026-02-19 16:30:00,166.04,121.85,0.828,59.94,1,univariable
2026-02-19 16:40:00,306.2,121.2,0.824,59.933,1,univariable
2026-02-19 16:50:00,168.0,122.633,0.826,59.956,1,univariable
2026-02-19 17:00:00,303.962,122.163,0.82,59.988,1,univariable
2026-02-19 17:10:00,164.92,122.18,0.827,59.97,1,univariable
2026-02-19 17:20:00,282.98,120.1,0.823,59.97,1,univariable
2026-02-19 17:30:00,167.62,121.09,0.821,59.96,1,univariable
2026-02-19 17:40:00,292.688,121.725,0.826,59.962,1,univariable
2026-02-19 17:50:00,169.03,122.54,0.808,59.97,1,univariable
2026-02-19 18:00:00,374.25,121.038,0.828,59.95,1,univariable
2026-02-19 18:10:00,179.95,120.51,0.827,59.92,1,univariable
2026-02-19 18:20:00,254.288,118.45,0.811,59.938,1,univariable
2026-02-19 18:30:00,195.09,118.81,0.807,59.95,1,univariable
2026-02-19 18:40:00,445.14,117.21,0.829,59.98,1,univariable
2026-02-19 18:50:00,531.31,116.83,0.87,59.98,1,univariable
2026-02-19 19:00:00,821.56,117.07,0.903,59.97,1,univariable
2026-02-19 19:10:00,425.47,118.38,0.875,59.94,1,univariable
2026-02-19 19:20:00,320.28,117.88,0.863,59.97,1,univariable
2026-02-19 19:30:00,571.99,117.71,0.913,59.98,1,univariable
2026-02-19 19:40:00,665.74,118.24,0.909,59.96,1,univariable
2026-02-19 19:50:00,340.3,118.09,0.901,59.93,1,univariable
2026-02-19 20:00:00,867.938,116.425,0.955,59.988,1,univariable
2026-02-19 20:10:00,579.39,118.08,0.932,59.99,1,univariable
2026-02-19 20:20:00,907.27,117.62,0.953,59.93,1,univariable
2026-02-19 20:30:00,357.26,119.28,0.902,59.95,1,univariable
2026-02-19 20:40:00,846.82,118.47,0.944,59.97,1,univariable
2026-02-19 20:50:00,309.84,120.84,0.895,59.93,1,univariable
2026-02-19 21:00:00,709.3,118.975,0.984,59.962,1,univariable
2026-02-19 21:10:00,614.82,119.6,0.948,59.95,1,univariable
2026-02-19 21:20:00,553.74,119.78,0.922,59.95,1,univariable
2026-02-19 21:30:00,463.71,118.88,0.896,59.96,1,univariable
2026-02-19 21:40:00,692.11,119.24,0.905,59.98,1,univariable
2026-02-19 21:50:00,348.99,121.16,0.875,59.96,1,univariable
2026-02-19 22:00:00,315.262,121.75,0.832,59.95,1,univariable
2026-02-19 22:10:00,259.16,121.4,0.855,59.94,1,univariable
2026-02-19 22:20:00,285.58,120.73,0.841,59.95,1,univariable
2026-02-19 22:30:00,187.362,121.188,0.842,59.95,1,univariable
2026-02-19 22:40:00,298.962,120.875,0.835,59.962,1,univariable
2026-02-19 22:50:00,227.89,120.82,0.844,59.94,1,univariable
2026-02-19 23:00:00,275.7,121.43,0.837,59.99,1,univariable
2026-02-19 23:10:00,234.44,121.96,0.842,59.95,1,univariable
2026-02-19 23:20:00,275.3,121.67,0.841,59.97,1,univariable
2026-02-19 23:30:00,220.538,121.4,0.846,59.925,1,univariable
2026-02-19 23:40:00,273.09,120.4,0.845,59.94,1,univariable
2026-02-19 23:50:00,210.88,120.08,0.842,59.95,1,univariable
2026-02-20 00:00:00,326.3,120.07,0.851,59.96,1,univariable
2026-02-20 00:10:00,207.1,119.81,0.834,59.97,1,univariable
2026-02-20 00:20:00,263.53,116.57,0.836,59.97,1,univariable
2026-02-20 00:30:00,205.57,120.31,0.84,59.97,1,univariable
2026-02-20 00:40:00,263.02,119.04,0.833,59.96,1,univariable
2026-02-20 00:50:00,205.69,121.43,0.827,59.93,1,univariable
2026-02-20 01:00:00,282.13,121.62,0.826,59.97,1,univariable
2026-02-20 01:10:00,189.49,122.19,0.837,59.96,1,univariable
2026-02-20 01:20:00,280.43,122.19,0.834,59.97,1,univariable
2026-02-20 01:30:00,188.72,121.84,0.836,59.97,1,univariable
2026-02-20 01:40:00,326.98,120.23,0.844,59.95,1,univariable
2026-02-20 01:50:00,220.27,119.49,0.848,59.97,1,univariable
2026-02-20 02:00:00,289.69,119.76,0.834,59.96,1,univariable
2026-02-20 02:10:00,173.71,121.01,0.826,59.92,1,univariable
2026-02-20 02:20:00,291.21,121.73,0.825,59.96,1,univariable
2026-02-20 02:30:00,173.07,121.54,0.839,59.94,1,univariable
2026-02-20 02:40:00,279.75,120.98,0.834,59.96,1,univariable
2026-02-20 02:50:00,318.9,119.4,0.875,59.94,1,univariable
2026-02-20 03:00:00,540.68,118.84,0.95,59.96,1,univariable
2026-02-20 03:10:00,176.01,121.05,0.829,59.97,1,univariable
2026-02-20 03:20:00,263.58,121.33,0.838,59.95,1,univariable
2026-02-20 03:30:00,328.73,121.28,0.83,59.95,1,univariable
2026-02-20 03:40:00,297.01,121.3,0.833,59.96,1,univariable
2026-02-20 03:50:00,204.22,121.25,0.838,59.93,1,univariable
2026-02-20 04:00:00,306.79,120.24,0.833,59.96,1,univariable
2026-02-20 04:10:00,172.89,120.05,0.839,59.93,1,univariable
2026-02-20 04:20:00,306.25,120.64,0.833,59.96,1,univariable
2026-02-20 04:30:00,223.78,121.08,0.849,59.94,1,univariable
2026-02-20 04:40:00,308.36,120.11,0.833,59.94,1,univariable
2026-02-20 04:50:00,174.77,121.06,0.835,59.94,1,univariable
2026-02-20 05:00:00,323.53,119.57,0.825,59.93,1,univariable
2026-02-20 05:10:00,170.988,119.262,0.83,59.938,1,univariable
2026-02-20 05:20:00,285.02,118.75,0.835,59.97,1,univariable
2026-02-20 05:30:00,221.43,119.3,0.848,59.97,1,univariable
2026-02-20 05:40:00,342.21,118.69,0.841,59.95,1,univariable
2026-02-20 05:50:00,172.49,120.11,0.837,59.93,1,univariable
2026-02-20 06:00:00,451.76,119.28,0.878,59.96,1,univariable
2026-02-20 06:10:00,237.49,119.63,0.869,59.96,1,univariable
2026-02-20 06:20:00,283.47,119.52,0.829,59.95,1,univariable
2026-02-20 06:30:00,163.52,117.5,0.837,59.98,1,univariable
2026-02-20 06:40:00,297.64,118.6,0.841,59.95,1,univariable
2026-02-20 06:50:00,213.86,119.24,0.846,59.97,1,univariable
2026-02-20 07:00:00,334.45,119.14,0.829,59.93,1,univariable
2026-02-20 07:10:00,162.55,118.49,0.834,59.95,1,univariable
2026-02-20 07:20:00,266.01,117.49,0.836,59.96,1,univariable
2026-02-20 07:30:00,164.78,114.46,0.842,59.96,1,univariable
2026-02-20 07:40:00,317.23,115.66,0.84,59.94,1,univariable
2026-02-20 07:50:00,629.43,113.06,0.951,59.99,1,univariable
2026-02-20 08:00:00,761.07,114.44,0.936,59.96,1,univariable
2026-02-20 08:10:00,261.96,116.37,0.858,59.96,1,univariable
2026-02-20 08:20:00,353.89,116.31,0.847,59.93,1,univariable
2026-02-20 08:30:00,181.22,118.24,0.84,59.95,1,univariable
2026-02-20 08:40:00,269.69,118.5,0.835,59.97,1,univariable
2026-02-20 08:50:00,259.58,118.36,0.852,59.96,1,univariable
2026-02-20 09:00:00,579.67,117.99,0.955,59.97,1,univariable
2026-02-20 09:10:00,235.26,119.63,0.843,59.96,1,univariable
2026-02-20 09:20:00,260.67,119.35,0.829,59.95,1,univariable
2026-02-20 09:30:00,460.45,118.46,0.863,59.95,1,univariable
2026-02-20 09:40:00,405.9,119.72,0.844,59.95,1,univariable
2026-02-20 09:50:00,199.13,121.34,0.826,59.98,1,univariable
2026-02-20 10:00:00,307.66,120.51,0.827,59.95,1,univariable
2026-02-20 10:10:00,212.59,119.32,0.8,59.98,1,univariable
2026-02-20 10:20:00,441.88,118.34,0.724,59.96,1,univariable
2026-02-20 10:30:00,313.41,119.92,0.777,60.0,1,univariable
2026-02-20 10:40:00,510.17,119.4,0.773,59.94,1,univariable
2026-02-20 10:50:00,693.011,119.089,0.929,59.967,1,univariable
2026-02-20 11:00:00,427.08,118.61,0.87,59.92,1,univariable
2026-02-20 11:10:00,234.74,120.06,0.849,59.96,1,univariable
2026-02-20 11:20:00,287.95,119.96,0.835,59.97,1,univariable
2026-02-20 11:30:00,186.34,119.93,0.846,59.96,1,univariable
2026-02-20 11:40:00,277.48,119.17,0.838,59.96,1,univariable
2026-02-20 11:50:00,208.55,121.062,0.84,59.975,1,univariable
2026-02-20 12:00:00,376.54,119.53,0.846,59.98,1,univariable
2026-02-20 12:10:00,512.35,119.58,0.909,59.96,1,univariable
2026-02-20 12:20:00,379.3,119.75,0.847,59.96,1,univariable
2026-02-20 12:30:00,383.34,117.96,0.891,59.96,1,univariable
2026-02-20 12:40:00,400.91,119.04,0.856,59.95,1,univariable
2026-02-20 12:50:00,336.11,120.55,0.873,59.96,1,univariable
2026-02-20 13:00:00,394.21,120.22,0.884,59.97,1,univariable
2026-02-20 13:10:00,1294.71,116.55,0.95,59.98,1,univariable
2026-02-20 13:20:00,381.79,119.4,0.908,59.93,1,univariable
2026-02-20 13:30:00,808.23,118.32,0.916,59.97,1,univariable
2026-02-20 13:40:00,383.812,118.925,0.88,59.95,1,univariable
2026-02-20 13:50:00,331.28,118.97,0.912,59.94,1,univariable
2026-02-20 14:00:00,412.66,118.06,0.886,59.95,1,univariable
2026-02-20 14:10:00,309.82,118.92,0.899,59.97,1,univariable
2026-02-20 14:20:00,455.92,118.36,0.897,59.95,1,univariable
2026-02-20 14:30:00,340.79,118.48,0.893,59.92,1,univariable
2026-02-20 14:40:00,297.4,118.75,0.865,59.94,1,univariable
2026-02-20 14:50:00,454.48,118.45,0.878,59.97,1,univariable
2026-02-20 15:00:00,566.175,118.25,0.97,59.95,1,univariable
2026-02-20 15:10:00,269.79,118.74,0.871,59.94,1,univariable
2026-02-20 15:20:00,425.4,119.1,0.876,59.95,1,univariable
2026-02-20 15:30:00,517.162,119.938,0.864,59.988,1,univariable
2026-02-20 15:40:00,342.93,120.77,0.825,59.94,1,univariable
2026-02-20 15:50:00,493.47,119.82,0.85,59.96,1,univariable
2026-02-20 16:00:00,185.97,120.64,0.844,59.95,1,univariable
2026-02-20 16:10:00,421.09,119.54,0.849,59.95,1,univariable
2026-02-20 16:20:00,195.29,119.91,0.845,59.92,1,univariable
2026-02-20 16:30:00,342.09,119.17,0.824,59.95,1,univariable
2026-02-20 16:40:00,345.89,119.48,0.85,59.93,1,univariable
2026-02-20 16:50:00,651.05,120.11,0.919,59.97,1,univariable
2026-02-20 17:00:00,409.81,120.88,0.857,59.97,1,univariable
2026-02-20 17:10:00,664.47,119.86,0.938,59.93,1,univariable
2026-02-20 17:20:00,649.84,118.51,0.896,59.97,1,univariable
2026-02-20 17:30:00,583.99,119.96,0.932,59.95,1,univariable
2026-02-20 17:40:00,520.61,120.64,0.858,59.93,1,univariable
2026-02-20 17:50:00,570.03,119.03,0.938,59.98,1,univariable
2026-02-20 18:00:00,318.47,120.19,0.823,59.96,1,univariable
2026-02-20 18:10:00,284.71,120.87,0.849,59.95,1,univariable
2026-02-20 18:20:00,284.58,120.07,0.825,59.95,1,univariable
2026-02-20 18:30:00,200.81,121.21,0.826,59.98,1,univariable
2026-02-20 18:40:00,276.37,120.13,0.822,59.95,1,univariable
2026-02-20 18:50:00,275.59,119.2,0.831,59.96,1,univariable
2026-02-20 19:00:00,359.46,118.09,0.846,59.97,1,univariable
2026-02-20 19:10:00,238.575,119.275,0.827,59.95,1,univariable
2026-02-20 19:20:00,284.0,118.86,0.848,59.97,1,univariable
2026-02-20 19:30:00,389.14,118.38,0.884,59.97,1,univariable
2026-02-20 19:40:00,331.74,118.9,0.854,59.94,1,univariable
2026-02-20 19:50:00,279.7,119.28,0.823,59.98,1,univariable
2026-02-20 20:00:00,196.06,119.33,0.807,60.0,1,univariable
2026-02-20 20:10:00,304.875,118.725,0.822,59.938,1,univariable
2026-02-20 20:20:00,222.6,119.64,0.844,59.94,1,univariable
2026-02-20 20:30:00,358.28,119.89,0.83,59.97,1,univariable
2026-02-20 20:40:00,228.77,121.26,0.847,59.95,1,univariable
2026-02-20 20:50:00,412.25,120.47,0.848,59.95,1,univariable
2026-02-20 21:00:00,554.98,121.33,0.96,59.95,1,univariable
2026-02-20 21:10:00,179.41,122.16,0.839,59.97,1,univariable
2026-02-20 21:20:00,296.288,120.125,0.836,59.95,1,univariable
2026-02-20 21:30:00,339.03,120.91,0.832,59.97,1,univariable
2026-02-20 21:40:00,386.12,120.6,0.836,59.94,1,univariable
2026-02-20 21:50:00,269.48,121.91,0.854,59.94,1,univariable
2026-02-20 22:00:00,302.73,121.78,0.836,59.96,1,univariable
2026-02-20 22:10:00,319.98,120.91,0.849,59.95,1,univariable
2026-02-20 22:20:00,307.42,120.43,0.858,59.96,1,univariable
2026-02-20 22:30:00,283.13,120.17,0.841,59.98,1,univariable
2026-02-20 22:40:00,220.52,120.46,0.843,59.95,1,univariable
2026-02-20 22:50:00,305.36,120.82,0.835,59.97,1,univariable
2026-02-20 23:00:00,207.18,121.89,0.841,59.97,1,univariable
2026-02-20 23:10:00,326.59,121.68,0.837,59.99,1,univariable
2026-02-20 23:20:00,189.17,122.0,0.851,59.94,1,univariable
2026-02-20 23:30:00,318.77,121.19,0.833,59.97,1,univariable
2026-02-20 23:40:00,235.38,121.48,0.859,59.94,1,univariable
2026-02-20 23:50:00,312.49,117.28,0.846,59.95,1,univariable
2026-02-21 00:00:00,187.01,117.93,0.846,59.97,1,univariable
2026-02-21 00:10:00,300.58,118.62,0.838,59.96,1,univariable
2026-02-21 00:20:00,241.08,118.01,0.857,59.93,1,univariable
2026-02-21 00:30:00,326.46,121.04,0.845,59.94,1,univariable
2026-02-21 00:40:00,213.25,120.9,0.834,59.962,1,univariable
2026-02-21 00:50:00,265.73,121.98,0.831,59.97,1,univariable
2026-02-21 01:00:00,225.85,122.19,0.835,59.97,1,univariable
2026-02-21 01:10:00,303.36,122.52,0.846,59.97,1,univariable
2026-02-21 01:20:00,231.72,122.06,0.83,59.95,1,univariable
2026-02-21 01:30:00,236.21,121.91,0.818,59.95,1,univariable
2026-02-21 01:40:00,232.62,121.4,0.831,59.94,1,univariable
2026-02-21 01:50:00,234.17,121.69,0.835,59.96,1,univariable
2026-02-21 02:00:00,250.27,121.53,0.829,59.95,1,univariable
2026-02-21 02:10:00,220.39,121.43,0.831,59.98,1,univariable
2026-02-21 02:20:00,297.23,121.76,0.844,59.98,1,univariable
2026-02-21 02:30:00,218.15,122.0,0.834,59.96,1,univariable
2026-02-21 02:40:00,248.63,122.03,0.828,59.97,1,univariable
2026-02-21 02:50:00,253.4,121.19,0.851,59.95,1,univariable
2026-02-21 03:00:00,596.57,119.75,0.958,59.99,1,univariable
2026-02-21 03:10:00,175.08,122.06,0.841,59.94,1,univariable
2026-02-21 03:20:00,269.07,121.97,0.832,59.93,1,univariable
2026-02-21 03:30:00,327.49,122.3,0.826,59.94,1,univariable
2026-02-21 03:40:00,325.68,121.96,0.825,59.94,1,univariable
2026-02-21 03:50:00,174.68,122.76,0.842,59.96,1,univariable
2026-02-21 04:00:00,314.66,121.23,0.831,59.96,1,univariable
2026-02-21 04:10:00,205.14,121.48,0.838,59.96,1,univariable
2026-02-21 04:20:00,316.79,121.23,0.839,59.95,1,univariable
2026-02-21 04:30:00,215.5,121.58,0.83,59.95,1,univariable
2026-02-21 04:40:00,251.1,121.98,0.825,59.98,1,univariable
2026-02-21 04:50:00,227.48,122.01,0.832,59.96,1,univariable
2026-02-21 05:00:00,234.94,121.57,0.834,59.97,1,univariable
2026-02-21 05:10:00,228.812,121.2,0.83,59.962,1,univariable
2026-02-21 05:20:00,216.48,121.23,0.829,59.92,1,univariable
2026-02-21 05:30:00,246.63,121.7,0.827,59.97,1,univariable
2026-02-21 05:40:00,201.97,121.98,0.834,59.95,1,univariable
2026-02-21 05:50:00,263.43,121.57,0.828,59.97,1,univariable
2026-02-21 06:00:00,265.07,121.57,0.867,59.98,1,univariable
2026-02-21 06:10:00,386.18,121.41,0.873,59.96,1,univariable
2026-02-21 06:20:00,369.14,120.65,0.911,59.96,1,univariable
2026-02-21 06:30:00,394.05,120.38,0.88,59.98,1,univariable
2026-02-21 06:40:00,234.94,123.21,0.855,59.98,1,univariable
2026-02-21 06:50:00,283.21,122.6,0.817,59.93,1,univariable
2026-02-21 07:00:00,165.388,122.475,0.841,59.962,1,univariable
2026-02-21 07:10:00,305.2,121.79,0.819,59.95,1,univariable
2026-02-21 07:20:00,209.95,121.28,0.828,59.97,1,univariable
2026-02-21 07:30:00,336.55,119.59,0.839,59.94,1,univariable
2026-02-21 07:40:00,183.01,119.11,0.839,59.93,1,univariable
2026-02-21 07:50:00,282.02,120.33,0.823,59.95,1,univariable
2026-02-21 08:00:00,169.09,120.45,0.828,59.94,1,univariable
2026-02-21 08:10:00,297.22,119.3,0.823,59.98,1,univariable
2026-02-21 08:20:00,168.56,119.41,0.811,59.96,1,univariable
2026-02-21 08:30:00,297.8,119.0,0.822,59.97,1,univariable
2026-02-21 08:40:00,167.48,120.07,0.82,59.96,1,univariable
2026-02-21 08:50:00,315.18,119.73,0.839,59.96,1,univariable
2026-02-21 09:00:00,534.71,118.39,0.948,59.95,1,univariable
2026-02-21 09:10:00,166.91,118.61,0.818,59.94,1,univariable
2026-02-21 09:20:00,263.77,119.22,0.826,59.94,1,univariable
2026-02-21 09:30:00,324.61,119.61,0.826,59.96,1,univariable
2026-02-21 09:40:00,352.3,118.4,0.835,59.97,1,univariable
2026-02-21 09:50:00,164.34,118.42,0.82,59.94,1,univariable
2026-02-21 10:00:00,303.79,117.78,0.83,59.94,1,univariable
2026-02-21 10:10:00,180.88,118.86,0.816,59.99,1,univariable
2026-02-21 10:20:00,274.42,118.6,0.824,59.94,1,univariable
2026-02-21 10:30:00,212.28,119.93,0.819,59.95,1,univariable
2026-02-21 10:40:00,262.087,118.688,0.825,59.975,1,univariable
2026-02-21 10:50:00,225.9,119.41,0.82,59.92,1,univariable
2026-02-21 11:00:00,213.86,119.14,0.822,59.98,1,univariable
2026-02-21 11:10:00,276.35,119.43,0.832,59.94,1,univariable
2026-02-21 11:20:00,198.95,120.04,0.823,59.96,1,univariable
2026-02-21 11:30:00,270.97,119.5,0.818,59.97,1,univariable
2026-02-21 11:40:00,185.82,120.33,0.821,59.97,1,univariable
2026-02-21 11:50:00,283.67,119.99,0.821,59.94,1,univariable
2026-02-21 12:00:00,170.23,119.87,0.821,59.98,1,univariable
2026-02-21 12:10:00,302.21,117.81,0.828,59.96,1,univariable
2026-02-21 12:20:00,163.58,119.01,0.822,59.93,1,univariable
2026-02-21 12:30:00,299.288,118.575,0.826,59.962,1,univariable
2026-02-21 12:40:00,168.36,119.08,0.83,59.98,1,univariable
2026-02-21 12:50:00,286.54,119.21,0.825,59.94,1,univariable
2026-02-21 13:00:00,183.01,120.35,0.824,59.93,1,univariable
2026-02-21 13:10:00,325.53,119.39,0.837,59.95,1,univariable
2026-02-21 13:20:00,182.74,119.83,0.823,59.98,1,univariable
2026-02-21 13:30:00,255.74,119.43,0.822,59.96,1,univariable
2026-02-21 13:40:00,202.57,121.06,0.819,59.94,1,univariable
2026-02-21 13:50:00,297.91,120.28,0.831,59.94,1,univariable
2026-02-21 14:00:00,216.79,120.94,0.826,59.98,1,univariable
2026-02-21 14:10:00,241.86,120.54,0.826,59.97,1,univariable
2026-02-21 14:20:00,215.91,120.94,0.824,59.95,1,univariable
2026-02-21 14:30:00,228.41,121.22,0.818,59.97,1,univariable
2026-02-21 14:40:00,231.42,121.53,0.827,59.95,1,univariable
2026-02-21 14:50:00,266.14,120.7,0.847,59.97,1,univariable
2026-02-21 15:00:00,537.878,120.389,0.953,59.989,1,univariable
2026-02-21 15:10:00,170.37,121.58,0.838,59.96,1,univariable
2026-02-21 15:20:00,266.58,120.04,0.84,59.94,1,univariable
2026-02-21 15:30:00,326.34,120.08,0.83,59.94,1,univariable
2026-02-21 15:40:00,325.27,120.67,0.825,59.95,1,univariable
2026-02-21 15:50:00,168.82,121.49,0.841,59.98,1,univariable
2026-02-21 16:00:00,310.64,122.25,0.825,59.95,1,univariable
2026-02-21 16:10:00,200.9,122.47,0.84,59.96,1,univariable
2026-02-21 16:20:00,265.212,120.838,0.832,59.962,1,univariable
2026-02-21 16:30:00,225.712,120.15,0.837,59.95,1,univariable
2026-02-21 16:40:00,239.44,116.75,0.84,59.96,1,univariable
2026-02-21 16:50:00,226.74,120.13,0.837,59.94,1,univariable
2026-02-21 17:00:00,281.99,121.43,0.846,59.95,1,univariable
2026-02-21 17:10:00,221.475,120.612,0.837,59.962,1,univariable
2026-02-21 17:20:00,215.3,121.08,0.836,59.96,1,univariable
2026-02-21 17:30:00,311.2,119.95,0.831,59.94,1,univariable
2026-02-21 17:40:00,206.68,116.84,0.825,59.97,1,univariable
2026-02-21 17:50:00,485.65,116.61,0.901,59.95,1,univariable
2026-02-21 18:00:00,284.167,119.878,0.883,59.967,1,univariable
2026-02-21 18:10:00,404.45,120.63,0.884,59.97,1,univariable
2026-02-21 18:20:00,278.99,119.85,0.88,59.94,1,univariable
2026-02-21 18:30:00,678.76,118.33,0.9,59.96,1,univariable
2026-02-21 18:40:00,753.82,118.61,0.9,59.96,1,univariable
2026-02-21 18:50:00,489.62,118.97,0.863,59.98,1,univariable
2026-02-21 19:00:00,300.48,119.21,0.895,59.95,1,univariable
2026-02-21 19:10:00,563.5,119.49,0.906,59.96,1,univariable
2026-02-21 19:20:00,620.73,120.38,0.911,59.95,1,univariable
2026-02-21 19:30:00,536.812,119.325,0.93,59.962,1,univariable
2026-02-21 19:40:00,626.41,118.75,0.926,59.98,1,univariable
2026-02-21 19:50:00,396.69,120.05,0.922,59.93,1,univariable
2026-02-21 20:00:00,512.87,119.49,0.927,59.95,1,univariable
2026-02-21 20:10:00,577.35,120.42,0.93,59.96,1,univariable
2026-02-21 20:20:00,395.25,120.88,0.913,59.96,1,univariable
2026-02-21 20:30:00,353.03,120.73,0.912,59.96,1,univariable
2026-02-21 20:40:00,383.04,120.56,0.909,59.95,1,univariable
2026-02-21 20:50:00,374.19,121.02,0.92,59.95,1,univariable
2026-02-21 21:00:00,620.911,121.4,0.969,59.933,1,univariable
2026-02-21 21:10:00,259.27,120.62,0.892,59.99,1,univariable
2026-02-21 21:20:00,328.31,120.76,0.878,59.96,1,univariable
2026-02-21 21:30:00,490.27,121.61,0.854,59.97,1,univariable
2026-02-21 21:40:00,340.033,122.156,0.832,59.978,1,univariable
2026-02-21 21:50:00,249.038,122.062,0.854,59.962,1,univariable
2026-02-21 22:00:00,583.38,120.77,0.879,59.97,1,univariable
2026-02-21 22:10:00,208.44,121.86,0.839,59.98,1,univariable
2026-02-21 22:20:00,333.81,121.19,0.836,59.97,1,univariable
2026-02-21 22:30:00,223.68,121.4,0.835,59.96,1,univariable
2026-02-21 22:40:00,277.09,121.83,0.837,59.96,1,univariable
2026-02-21 22:50:00,232.41,121.99,0.837,59.95,1,univariable
2026-02-21 23:00:00,274.98,120.82,0.833,59.96,1,univariable
2026-02-21 23:10:00,239.67,121.02,0.837,59.93,1,univariable
2026-02-21 23:20:00,260.86,121.7,0.833,59.96,1,univariable
2026-02-21 23:30:00,240.82,122.11,0.83,59.94,1,univariable
2026-02-21 23:40:00,239.85,122.24,0.827,59.97,1,univariable
2026-02-21 23:50:00,236.81,121.75,0.832,59.96,1,univariable
2026-02-22 00:00:00,240.13,121.24,0.834,59.94,1,univariable
2026-02-22 00:10:00,235.06,122.72,0.829,59.94,1,univariable
2026-02-22 00:20:00,237.61,122.45,0.827,59.95,1,univariable
2026-02-22 00:30:00,250.59,120.62,0.832,59.95,1,univariable
2026-02-22 00:40:00,217.13,120.18,0.838,59.94,1,univariable
2026-02-22 00:50:00,244.26,120.32,0.835,59.97,1,univariable
2026-02-22 01:00:00,218.55,120.66,0.836,59.97,1,univariable
2026-02-22 01:10:00,245.22,120.9,0.831,59.94,1,univariable
2026-02-22 01:20:00,269.61,120.32,0.848,59.93,1,univariable
2026-02-22 01:30:00,258.01,115.85,0.835,59.97,1,univariable
2026-02-22 01:40:00,258.07,120.52,0.844,59.96,1,univariable
2026-02-22 01:50:00,261.09,120.25,0.831,59.95,1,univariable
2026-02-22 02:00:00,204.95,120.8,0.841,59.96,1,univariable
2026-02-22 02:10:00,258.81,119.94,0.825,59.97,1,univariable
2026-02-22 02:20:00,192.34,120.91,0.84,59.97,1,univariable
2026-02-22 02:30:00,260.8,120.88,0.827,59.95,1,univariable
2026-02-22 02:40:00,190.45,121.22,0.832,59.96,1,univariable
2026-02-22 02:50:00,319.75,119.34,0.841,59.96,1,univariable
2026-02-22 03:00:00,599.04,119.42,0.965,59.97,1,univariable
2026-02-22 03:10:00,176.75,121.22,0.825,59.95,1,univariable
2026-02-22 03:20:00,269.78,119.47,0.833,59.95,1,univariable
2026-02-22 03:30:00,325.12,120.13,0.828,59.97,1,univariable
2026-02-22 03:40:00,263.34,120.44,0.826,59.95,1,univariable
2026-02-22 03:50:00,203.68,121.14,0.833,59.95,1,univariable
2026-02-22 04:00:00,291.87,120.18,0.828,59.95,1,univariable
2026-02-22 04:10:00,173.71,120.35,0.828,59.95,1,univariable
2026-02-22 04:20:00,358.02,120.15,0.836,59.94,1,univariable
2026-02-22 04:30:00,173.92,121.03,0.826,59.93,1,univariable
2026-02-22 04:40:00,297.26,120.55,0.824,59.98,1,univariable
2026-02-22 04:50:00,170.28,120.93,0.83,59.94,1,univariable
2026-02-22 05:00:00,342.33,120.22,0.832,59.93,1,univariable
2026-02-22 05:10:00,174.35,121.1,0.826,59.96,1,univariable
2026-02-22 05:20:00,344.1,120.51,0.833,59.96,1,univariable
2026-02-22 05:30:00,171.45,120.52,0.832,59.97,1,univariable
2026-02-22 05:40:00,405.49,119.35,0.852,59.98,1,univariable
2026-02-22 05:50:00,191.98,120.49,0.827,59.99,1,univariable
2026-02-22 06:00:00,331.09,120.34,0.837,59.95,1,univariable
2026-02-22 06:10:00,234.65,121.22,0.841,59.96,1,univariable
2026-02-22 06:20:00,255.22,119.74,0.826,59.93,1,univariable
2026-02-22 06:30:00,194.43,121.12,0.834,59.95,1,univariable
2026-02-22 06:40:00,359.86,120.98,0.849,59.94,1,univariable
2026-02-22 06:50:00,440.63,120.48,0.88,59.95,1,univariable
2026-02-22 07:00:00,351.52,121.19,0.861,59.97,1,univariable
2026-02-22 07:10:00,246.01,120.8,0.845,59.98,1,univariable
2026-02-22 07:20:00,494.51,119.04,0.884,59.97,1,univariable
2026-02-22 07:30:00,311.25,119.28,0.864,59.98,1,univariable
2026-02-22 07:40:00,344.91,119.03,0.854,59.94,1,univariable
2026-02-22 07:50:00,260.67,119.29,0.84,59.92,1,univariable
2026-02-22 08:00:00,335.34,118.58,0.849,59.94,1,univariable
2026-02-22 08:10:00,210.42,120.32,0.832,59.96,1,univariable
2026-02-22 08:20:00,225.71,119.99,0.829,59.98,1,univariable
2026-02-22 08:30:00,274.19,118.87,0.833,59.95,1,univariable
2026-02-22 08:40:00,224.49,117.6,0.825,59.98,1,univariable
2026-02-22 08:50:00,299.28,114.68,0.871,59.96,1,univariable
2026-02-22 09:00:00,501.475,116.538,0.934,59.975,1,univariable
2026-02-22 09:10:00,169.37,119.88,0.815,59.95,1,univariable
2026-02-22 09:20:00,264.61,119.66,0.827,59.91,1,univariable
2026-02-22 09:30:00,324.16,119.12,0.829,59.92,1,univariable
2026-02-22 09:40:00,260.01,120.41,0.815,59.99,1,univariable
2026-02-22 09:50:00,184.05,120.425,0.827,59.962,1,univariable
2026-02-22 10:00:00,337.3,118.87,0.837,59.99,1,univariable
2026-02-22 10:10:00,1087.122,116.556,0.956,59.967,1,univariable
2026-02-22 10:20:00,295.4,118.744,0.83,59.944,1,univariable
2026-02-22 10:30:00,226.55,119.39,0.834,59.96,1,univariable
2026-02-22 10:40:00,283.138,119.587,0.82,59.912,1,univariable
2026-02-22 10:50:00,165.2,120.3,0.831,59.96,1,univariable
2026-02-22 11:00:00,349.96,118.34,0.829,59.97,1,univariable
2026-02-22 11:10:00,242.3,118.43,0.843,59.98,1,univariable
2026-02-22 11:20:00,820.69,117.08,0.904,60.0,1,univariable
2026-02-22 11:30:00,926.2,117.22,0.954,59.95,1,univariable
2026-02-22 11:40:00,668.93,115.64,0.93,59.96,1,univariable
2026-02-22 11:50:00,486.088,118.175,0.901,59.962,1,univariable
2026-02-22 12:00:00,586.4,118.52,0.902,59.97,1,univariable
2026-02-22 12:10:00,298.29,119.67,0.884,59.96,1,univariable
2026-02-22 12:20:00,737.14,117.89,0.916,59.98,1,univariable
2026-02-22 12:30:00,709.08,118.39,0.952,59.96,1,univariable
2026-02-22 12:40:00,320.53,119.34,0.877,59.92,1,univariable
2026-02-22 12:50:00,454.067,119.678,0.909,59.956,1,univariable
2026-02-22 13:00:00,824.062,118.375,0.939,59.962,1,univariable
2026-02-22 13:10:00,351.475,118.85,0.881,59.95,1,univariable
2026-02-22 13:20:00,293.129,118.7,0.88,59.971,1,univariable
2026-02-22 13:30:00,311.889,119.356,0.876,59.933,1,univariable
2026-02-22 13:40:00,278.8,120.14,0.873,59.96,1,univariable
2026-02-22 13:50:00,475.36,119.68,0.89,59.93,1,univariable
2026-02-22 14:00:00,298.87,120.28,0.893,59.96,1,univariable
2026-02-22 14:10:00,351.62,118.96,0.87,59.97,1,univariable
2026-02-22 14:20:00,293.74,120.25,0.896,59.94,1,univariable
2026-02-22 14:30:00,362.25,119.79,0.87,59.94,1,univariable
2026-02-22 14:40:00,230.04,121.26,0.884,59.94,1,univariable
2026-02-22 14:50:00,457.8,117.64,0.892,59.98,1,univariable
2026-02-22 15:00:00,678.24,116.86,0.976,59.94,1,univariable
2026-02-22 15:10:00,331.17,122.34,0.905,59.94,1,univariable
2026-02-22 15:20:00,437.32,121.2,0.9,59.99,1,univariable
2026-02-22 15:30:00,392.97,121.77,0.87,59.96,1,univariable
2026-02-22 15:40:00,490.84,120.82,0.876,59.93,1,univariable
2026-02-22 15:50:00,228.83,119.67,0.887,59.98,1,univariable
2026-02-22 16:00:00,369.76,119.63,0.869,59.95,1,univariable
2026-02-22 16:10:00,257.63,119.42,0.883,59.94,1,univariable
2026-02-22 16:20:00,319.83,121.36,0.872,59.97,1,univariable
2026-02-22 16:30:00,300.238,121.088,0.874,59.95,1,univariable
2026-02-22 16:40:00,351.65,118.3,0.87,59.95,1,univariable
2026-02-22 16:50:00,350.1,117.14,0.882,59.96,1,univariable
2026-02-22 17:00:00,323.28,117.4,0.888,59.97,1,univariable
2026-02-22 17:10:00,318.85,119.46,0.876,59.96,1,univariable
2026-02-22 17:20:00,258.32,119.09,0.885,59.95,1,univariable
2026-02-22 17:30:00,329.82,118.98,0.874,59.96,1,univariable
2026-02-22 17:40:00,360.12,114.94,0.909,59.96,1,univariable
2026-02-22 17:50:00,363.83,117.15,0.893,59.95,1,univariable
2026-02-22 18:00:00,356.43,120.47,0.915,59.95,1,univariable
2026-02-22 18:10:00,494.38,119.89,0.883,59.94,1,univariable
2026-02-22 18:20:00,232.35,120.33,0.895,59.94,1,univariable
2026-02-22 18:30:00,355.56,119.14,0.881,59.96,1,univariable
2026-02-22 18:40:00,238.38,118.96,0.89,59.94,1,univariable
2026-02-22 18:50:00,374.111,119.467,0.883,59.967,1,univariable
2026-02-22 19:00:00,793.222,118.056,0.967,59.944,1,univariable
2026-02-22 19:10:00,754.2,119.05,0.94,59.95,1,univariable
2026-02-22 19:20:00,348.44,120.53,0.923,60.0,1,univariable
2026-02-22 19:30:00,546.167,117.311,0.923,59.944,1,univariable
2026-02-22 19:40:00,1197.289,116.822,0.971,59.944,1,univariable
2026-02-22 19:50:00,507.438,120.125,0.928,59.95,1,univariable
2026-02-22 20:00:00,397.47,119.67,0.911,59.95,1,univariable
2026-02-22 20:10:00,559.56,119.01,0.936,59.97,1,univariable
2026-02-22 20:20:00,506.88,119.14,0.911,59.94,1,univariable
2026-02-22 20:30:00,333.84,118.99,0.887,59.97,1,univariable
2026-02-22 20:40:00,367.35,119.27,0.91,59.99,1,univariable
2026-02-22 20:50:00,370.78,119.52,0.892,59.98,1,univariable
2026-02-22 21:00:00,617.23,119.39,0.968,59.94,1,univariable
2026-02-22 21:10:00,251.27,121.26,0.893,59.97,1,univariable
2026-02-22 21:20:00,398.61,120.41,0.896,59.95,1,univariable
2026-02-22 21:30:00,396.6,117.9,0.885,59.94,1,univariable
2026-02-22 21:40:00,458.188,118.075,0.9,59.95,1,univariable
2026-02-22 21:50:00,389.633,119.217,0.877,59.95,1,univariable
2026-02-22 22:00:00,702.21,117.44,0.971,59.94,1,univariable
2026-02-22 22:10:00,550.2,117.52,0.895,59.94,1,univariable
2026-02-22 22:20:00,330.38,119.96,0.869,59.97,1,univariable
2026-02-22 22:30:00,236.47,121.54,0.828,59.95,1,univariable
2026-02-22 22:40:00,269.03,121.13,0.825,59.97,1,univariable
2026-02-22 22:50:00,190.69,121.75,0.836,59.98,1,univariable
2026-02-22 23:00:00,337.92,120.75,0.834,59.96,1,univariable
2026-02-22 23:10:00,208.4,122.15,0.825,59.95,1,univariable
2026-02-22 23:20:00,251.23,121.36,0.824,59.95,1,univariable
2026-02-22 23:30:00,265.15,121.767,0.828,59.967,1,univariable
2026-02-22 23:40:00,195.28,122.23,0.831,59.98,1,univariable
2026-02-22 23:50:00,281.69,121.72,0.824,59.97,1,univariable
2026-02-23 00:00:00,209.38,122.37,0.828,59.98,1,univariable
2026-02-23 00:10:00,236.01,119.6,0.83,59.95,1,univariable
2026-02-23 00:20:00,249.01,120.67,0.825,59.95,1,univariable
2026-02-23 00:30:00,187.61,121.4,0.831,59.95,1,univariable
2026-02-23 00:40:00,279.63,119.98,0.83,59.93,1,univariable
2026-02-23 00:50:00,204.83,120.31,0.835,59.93,1,univariable
2026-02-23 01:00:00,235.99,121.21,0.828,59.94,1,univariable
2026-02-23 01:10:00,252.32,120.3,0.833,59.96,1,univariable
2026-02-23 01:20:00,259.8,120.34,0.84,59.98,1,univariable
2026-02-23 01:30:00,261.34,119.38,0.827,59.96,1,univariable
2026-02-23 01:40:00,207.72,120.64,0.827,59.98,1,univariable
2026-02-23 01:50:00,233.57,121.16,0.832,59.98,1,univariable
2026-02-23 02:00:00,351.37,120.65,0.853,59.96,1,univariable
2026-02-23 02:10:00,189.06,120.41,0.825,59.97,1,univariable
2026-02-23 02:20:00,266.82,120.48,0.831,59.96,1,univariable
2026-02-23 02:30:00,192.3,120.8,0.839,59.925,1,univariable
2026-02-23 02:40:00,246.54,120.2,0.829,59.99,1,univariable
2026-02-23 02:50:00,338.02,120.63,0.856,59.96,1,univariable
2026-02-23 03:00:00,551.1,120.19,0.951,59.97,1,univariable
2026-02-23 03:10:00,173.99,120.68,0.834,59.95,1,univariable
2026-02-23 03:20:00,270.07,120.63,0.836,59.96,1,univariable
2026-02-23 03:30:00,327.38,120.56,0.831,59.96,1,univariable
2026-02-23 03:40:00,204.64,120.44,0.826,59.99,1,univariable
2026-02-23 03:50:00,301.79,120.23,0.835,59.94,1,univariable
2026-02-23 04:00:00,235.68,121.11,0.846,59.95,1,univariable
2026-02-23 04:10:00,267.62,120.88,0.832,59.95,1,univariable
2026-02-23 04:20:00,218.76,120.35,0.833,59.97,1,univariable
2026-02-23 04:30:00,216.66,120.59,0.827,59.96,1,univariable
2026-02-23 04:40:00,254.567,119.922,0.836,59.944,1,univariable
2026-02-23 04:50:00,238.54,118.93,0.842,59.97,1,univariable
2026-02-23 05:00:00,260.26,118.71,0.834,59.95,1,univariable
2026-02-23 05:10:00,203.3,117.66,0.839,59.96,1,univariable
2026-02-23 05:20:00,230.2,118.01,0.836,59.96,1,univariable
2026-02-23 05:30:00,247.7,118.96,0.834,59.97,1,univariable
2026-02-23 05:40:00,188.5,118.89,0.828,59.94,1,univariable
2026-02-23 05:50:00,256.88,117.0,0.838,59.96,1,univariable
2026-02-23 06:00:00,324.45,117.13,0.854,59.95,1,univariable
2026-02-23 06:10:00,433.562,117.988,0.889,59.975,1,univariable
2026-02-23 06:20:00,229.41,119.61,0.838,59.96,1,univariable
2026-02-23 06:30:00,195.37,119.87,0.831,59.97,1,univariable
2026-02-23 06:40:00,358.97,119.86,0.846,59.93,1,univariable
2026-02-23 06:50:00,244.81,120.62,0.868,59.95,1,univariable
2026-02-23 07:00:00,277.6,119.71,0.842,59.95,1,univariable
2026-02-23 07:10:00,374.88,118.99,0.861,59.95,1,univariable
2026-02-23 07:20:00,415.08,117.14,0.89,59.96,1,univariable
2026-02-23 07:30:00,418.61,114.24,0.868,59.96,1,univariable
2026-02-23 07:40:00,287.6,115.78,0.841,59.93,1,univariable
2026-02-23 07:50:00,1048.32,115.84,0.944,59.98,1,univariable
2026-02-23 08:00:00,748.06,117.42,0.886,59.96,1,univariable
2026-02-23 08:10:00,494.99,118.15,0.884,59.97,1,univariable
2026-02-23 08:20:00,375.48,118.32,0.866,59.93,1,univariable
2026-02-23 08:30:00,260.24,119.79,0.839,59.97,1,univariable
2026-02-23 08:40:00,312.71,119.19,0.855,59.96,1,univariable
2026-02-23 08:50:00,422.43,118.48,0.877,59.98,1,univariable
2026-02-23 09:00:00,568.97,117.38,0.962,59.95,1,univariable
2026-02-23 09:10:00,217.9,117.211,0.846,59.944,1,univariable
2026-02-23 09:20:00,416.37,117.6,0.87,59.99,1,univariable
2026-02-23 09:30:00,324.18,119.03,0.845,59.96,1,univariable
2026-02-23 09:40:00,323.0,118.51,0.844,59.94,1,univariable
2026-02-23 09:50:00,183.17,119.53,0.84,59.96,1,univariable
2026-02-23 10:00:00,307.66,119.7,0.849,59.95,1,univariable
2026-02-23 10:10:00,219.18,121.14,0.859,59.95,1,univariable
2026-02-23 10:20:00,440.88,119.37,0.876,59.96,1,univariable
2026-02-23 10:30:00,241.46,119.47,0.866,59.93,1,univariable
2026-02-23 10:40:00,292.51,117.59,0.867,59.96,1,univariable
2026-02-23 10:50:00,269.33,117.67,0.861,59.95,1,univariable
2026-02-23 11:00:00,245.29,118.18,0.859,59.97,1,univariable
2026-02-23 11:10:00,539.39,116.61,0.906,59.94,1,univariable
2026-02-23 11:20:00,448.47,117.01,0.904,59.92,1,univariable
2026-02-23 11:30:00,338.286,118.029,0.869,59.986,1,univariable
2026-02-23 11:40:00,405.088,116.588,0.88,59.975,1,univariable
2026-02-23 11:50:00,279.44,117.93,0.871,59.97,1,univariable
2026-02-23 12:00:00,307.14,118.4,0.864,59.93,1,univariable
2026-02-23 12:10:00,197.98,120.19,0.862,59.93,1,univariable
2026-02-23 12:20:00,280.25,118.91,0.854,59.97,1,univariable
2026-02-23 12:30:00,360.35,119.42,0.864,59.91,1,univariable
2026-02-23 12:40:00,1166.16,117.24,0.939,59.96,1,univariable
2026-02-23 12:50:00,553.69,118.79,0.904,59.92,1,univariable
2026-02-23 13:00:00,273.112,119.1,0.893,59.962,1,univariable
2026-02-23 13:10:00,379.77,118.87,0.88,59.93,1,univariable
2026-02-23 13:20:00,784.686,117.014,0.946,59.914,1,univariable
2026-02-23 13:30:00,620.91,118.16,0.899,59.94,1,univariable
2026-02-23 13:40:00,255.81,120.51,0.893,59.96,1,univariable
2026-02-23 13:50:00,505.15,119.87,0.892,59.95,1,univariable
2026-02-23 14:00:00,271.28,120.38,0.893,59.96,1,univariable
2026-02-23 14:10:00,307.7,119.45,0.89,59.975,1,univariable
2026-02-23 14:20:00,368.2,119.244,0.898,59.956,1,univariable
2026-02-23 14:30:00,406.6,119.01,0.9,59.93,1,univariable
2026-02-23 14:40:00,271.9,119.1,0.855,59.97,1,univariable
2026-02-23 14:50:00,243.69,119.24,0.857,59.96,1,univariable
2026-02-23 15:00:00,724.66,117.8,0.975,59.97,1,univariable
2026-02-23 15:10:00,309.714,119.671,0.881,59.914,1,univariable
2026-02-23 15:20:00,464.32,117.09,0.887,59.97,1,univariable
2026-02-23 15:30:00,532.37,118.14,0.877,59.95,1,univariable
2026-02-23 15:40:00,372.01,118.06,0.851,59.95,1,univariable
2026-02-23 15:50:00,338.37,119.13,0.848,60.0,1,univariable
2026-02-23 16:00:00,400.56,119.06,0.893,59.95,1,univariable
2026-02-23 16:10:00,388.57,119.19,0.842,59.93,1,univariable
2026-02-23 16:20:00,210.87,120.43,0.845,59.95,1,univariable
2026-02-23 16:30:00,273.45,120.04,0.835,59.95,1,univariable
2026-02-23 16:40:00,244.13,121.29,0.835,59.97,1,univariable
2026-02-23 16:50:00,289.19,120.16,0.857,59.95,1,univariable
2026-02-23 17:00:00,331.16,115.98,0.892,60.0,1,univariable
2026-02-23 17:10:00,306.98,114.95,0.9,59.95,1,univariable
2026-02-23 17:20:00,344.86,117.61,0.887,59.95,1,univariable
2026-02-23 17:30:00,626.34,119.2,0.918,59.98,1,univariable
2026-02-23 17:40:00,1021.11,118.4,0.927,59.94,1,univariable
2026-02-23 17:50:00,345.433,121.4,0.92,60.0,1,univariable
2026-02-23 18:00:00,445.15,120.47,0.898,59.97,1,univariable
2026-02-23 18:10:00,318.167,119.933,0.907,59.933,1,univariable
2026-02-23 18:20:00,462.56,117.47,0.91,59.97,1,univariable
2026-02-23 18:30:00,442.29,117.33,0.907,59.95,1,univariable
2026-02-23 18:40:00,378.13,118.4,0.878,59.96,1,univariable
2026-02-23 18:50:00,1006.689,117.278,0.922,59.933,1,univariable
2026-02-23 19:00:00,315.0,118.65,0.867,59.93,1,univariable
2026-02-23 19:10:00,718.64,117.55,0.916,59.95,1,univariable
2026-02-23 19:20:00,353.38,118.37,0.905,59.96,1,univariable
2026-02-23 19:30:00,411.26,118.42,0.903,59.99,1,univariable
2026-02-23 19:40:00,397.16,118.9,0.901,59.96,1,univariable
2026-02-23 19:50:00,419.39,118.2,0.908,59.98,1,univariable
2026-02-23 20:00:00,487.475,114.625,0.894,60.0,1,univariable
2026-02-23 20:10:00,273.33,115.09,0.887,59.94,1,univariable
2026-02-23 20:20:00,502.4,114.51,0.899,59.94,1,univariable
2026-02-23 20:30:00,320.144,116.178,0.898,59.944,1,univariable
2026-02-23 20:40:00,543.07,114.76,0.918,59.96,1,univariable
2026-02-23 20:50:00,385.64,112.24,0.927,59.98,1,univariable
2026-02-23 21:00:00,839.53,110.71,0.985,59.96,1,univariable
2026-02-23 21:10:00,287.24,116.95,0.903,59.98,1,univariable
2026-02-23 21:20:00,335.12,116.26,0.893,59.98,1,univariable
2026-02-23 21:30:00,393.54,116.68,0.882,59.97,1,univariable
2026-02-23 21:40:00,386.667,116.189,0.884,59.922,1,univariable
2026-02-23 21:50:00,382.167,116.244,0.884,59.956,1,univariable
2026-02-23 22:00:00,470.97,115.19,0.921,59.94,1,univariable
2026-02-23 22:10:00,842.95,112.75,0.93,59.962,1,univariable
2026-02-23 22:20:00,226.48,117.65,0.848,59.98,1,univariable
2026-02-23 22:30:00,258.2,115.7,0.846,59.956,1,univariable
2026-02-23 22:40:00,261.43,114.11,0.849,59.95,1,univariable
2026-02-23 22:50:00,222.97,118.7,0.84,59.94,1,univariable
2026-02-23 23:00:00,302.33,118.6,0.838,59.98,1,univariable
2026-02-23 23:10:00,194.9,118.68,0.837,59.95,1,univariable
2026-02-23 23:20:00,323.756,118.389,0.836,59.922,1,univariable
2026-02-23 23:30:00,173.688,118.588,0.84,59.975,1,univariable
2026-02-23 23:40:00,309.19,117.56,0.84,59.95,1,univariable
2026-02-23 23:50:00,201.08,118.18,0.838,59.96,1,univariable
2026-02-24 00:00:00,371.112,117.762,0.844,59.962,1,univariable
2026-02-24 00:10:00,235.4,118.35,0.838,59.96,1,univariable
2026-02-24 00:20:00,249.83,117.69,0.839,59.98,1,univariable
2026-02-24 00:30:00,250.89,117.97,0.832,59.95,1,univariable
2026-02-24 00:40:00,249.4,118.317,0.838,59.917,1,univariable
2026-02-24 00:50:00,262.64,118.61,0.842,59.95,1,univariable
2026-02-24 01:00:00,203.73,118.53,0.843,59.99,1,univariable
2026-02-24 01:10:00,340.38,118.47,0.841,59.98,1,univariable
2026-02-24 01:20:00,185.43,118.83,0.838,59.97,1,univariable
2026-02-24 01:30:00,300.59,118.06,0.838,59.94,1,univariable
2026-02-24 01:40:00,174.46,119.09,0.841,59.97,1,univariable
2026-02-24 01:50:00,320.32,118.38,0.835,59.97,1,univariable
2026-02-24 02:00:00,170.68,118.8,0.842,59.92,1,univariable
2026-02-24 02:10:00,307.5,117.91,0.841,59.95,1,univariable
2026-02-24 02:20:00,254.112,118.438,0.859,59.938,1,univariable
2026-02-24 02:30:00,288.611,118.289,0.842,59.967,1,univariable
2026-02-24 02:40:00,188.033,118.956,0.84,60.0,1,univariable
2026-02-24 02:50:00,308.34,118.22,0.855,59.94,1,univariable
2026-02-24 03:00:00,579.75,118.19,0.974,59.97,1,univariable
2026-02-24 03:10:00,168.7,119.61,0.844,59.93,1,univariable
2026-02-24 03:20:00,330.92,118.9,0.855,59.97,1,univariable
2026-02-24 03:30:00,328.82,118.82,0.852,59.97,1,univariable
2026-02-24 03:40:00,323.32,118.63,0.84,59.95,1,univariable
2026-02-24 03:50:00,216.49,119.16,0.841,59.96,1,univariable
2026-02-24 04:00:00,279.1,118.81,0.841,59.94,1,univariable
2026-02-24 04:10:00,251.54,118.52,0.837,59.94,1,univariable
2026-02-24 04:20:00,233.86,118.61,0.842,59.96,1,univariable
2026-02-24 04:30:00,254.878,119.033,0.84,59.922,1,univariable
2026-02-24 04:40:00,201.56,118.75,0.843,59.93,1,univariable
2026-02-24 04:50:00,288.63,117.34,0.84,59.96,1,univariable
2026-02-24 05:00:00,186.29,117.42,0.836,59.94,1,univariable
2026-02-24 05:10:00,356.03,115.97,0.852,59.95,1,univariable
2026-02-24 05:20:00,172.99,118.52,0.842,59.94,1,univariable
2026-02-24 05:30:00,304.41,119.15,0.838,59.96,1,univariable
2026-02-24 05:40:00,275.0,118.5,0.859,59.96,1,univariable
2026-02-24 05:50:00,339.92,118.86,0.848,59.94,1,univariable
2026-02-24 06:00:00,237.69,115.34,0.854,59.95,1,univariable
2026-02-24 06:10:00,410.36,117.44,0.907,59.94,1,univariable
2026-02-24 06:20:00,271.26,118.01,0.901,59.97,1,univariable
2026-02-24 06:30:00,423.23,118.37,0.896,59.97,1,univariable
2026-02-24 06:40:00,216.79,119.17,0.84,59.97,1,univariable
2026-02-24 06:50:00,362.74,119.15,0.848,59.92,1,univariable
2026-02-24 07:00:00,335.08,118.56,0.874,59.93,1,univariable
2026-02-24 07:10:00,389.29,120.06,0.861,59.96,1,univariable
2026-02-24 07:20:00,203.61,118.65,0.849,59.96,1,univariable
2026-02-24 07:30:00,254.43,117.88,0.839,59.95,1,univariable
2026-02-24 07:40:00,209.52,118.67,0.835,59.98,1,univariable
2026-02-24 07:50:00,1009.87,116.79,0.929,59.97,1,univariable
2026-02-24 08:00:00,259.11,116.29,0.852,59.99,1,univariable
2026-02-24 08:10:00,227.989,117.3,0.839,59.978,1,univariable
2026-02-24 08:20:00,397.978,118.044,0.88,59.956,1,univariable
2026-02-24 08:30:00,241.475,118.638,0.838,59.975,1,univariable
2026-02-24 08:40:00,240.29,119.35,0.833,59.95,1,univariable
2026-02-24 08:50:00,205.87,118.02,0.839,59.97,1,univariable
2026-02-24 09:00:00,619.762,116.312,0.966,59.938,1,univariable
2026-02-24 09:10:00,426.15,117.03,0.872,59.96,1,univariable
2026-02-24 09:20:00,1009.83,116.2,0.932,59.94,1,univariable
2026-02-24 09:30:00,334.21,118.06,0.837,59.98,1,univariable
2026-02-24 09:40:00,319.65,118.15,0.842,59.95,1,univariable
2026-02-24 09:50:00,176.19,118.62,0.85,59.92,1,univariable
2026-02-24 10:00:00,282.0,115.17,0.843,59.96,1,univariable
2026-02-24 10:10:00,214.48,118.71,0.842,59.93,1,univariable
2026-02-24 10:20:00,302.65,117.5,0.861,59.95,1,univariable
2026-02-24 10:30:00,271.16,118.68,0.856,59.94,1,univariable
2026-02-24 10:40:00,377.48,118.53,0.862,59.96,1,univariable
2026-02-24 10:50:00,236.64,118.34,0.835,59.95,1,univariable
2026-02-24 11:00:00,208.96,118.08,0.84,59.96,1,univariable
2026-02-24 11:10:00,268.26,118.26,0.85,59.99,1,univariable
2026-02-24 11:20:00,209.5,118.85,0.854,59.98,1,univariable
2026-02-24 11:30:00,290.35,118.31,0.857,59.95,1,univariable
2026-02-24 11:40:00,223.8,119.86,0.861,59.97,1,univariable
2026-02-24 11:50:00,323.4,119.688,0.861,59.938,1,univariable
2026-02-24 12:00:00,203.32,120.3,0.86,59.97,1,univariable
2026-02-24 12:10:00,359.14,118.49,0.863,59.97,1,univariable
2026-02-24 12:20:00,242.15,119.42,0.858,59.93,1,univariable
2026-02-24 12:30:00,315.97,118.84,0.852,59.95,1,univariable
2026-02-24 12:40:00,323.47,119.99,0.866,59.97,1,univariable
2026-02-24 12:50:00,307.45,119.84,0.844,59.95,1,univariable
2026-02-24 13:00:00,314.044,119.878,0.887,59.967,1,univariable
2026-02-24 13:10:00,1007.011,116.356,0.93,59.933,1,univariable
2026-02-24 13:20:00,888.48,117.58,0.949,59.96,1,univariable
2026-02-24 13:30:00,468.467,119.2,0.891,59.911,1,univariable
2026-02-24 13:40:00,637.8,118.38,0.927,59.95,1,univariable
2026-02-24 13:50:00,742.98,118.0,0.913,59.96,1,univariable
2026-02-24 14:00:00,324.878,120.456,0.891,59.967,1,univariable
2026-02-24 14:10:00,321.488,118.188,0.883,59.962,1,univariable
2026-02-24 14:20:00,283.55,118.57,0.884,59.95,1,univariable
2026-02-24 14:30:00,302.79,119.64,0.877,59.97,1,univariable
2026-02-24 14:40:00,279.21,119.7,0.854,59.97,1,univariable
2026-02-24 14:50:00,205.488,119.612,0.835,59.975,1,univariable
2026-02-24 15:00:00,582.81,118.63,0.966,59.95,1,univariable
2026-02-24 15:10:00,168.012,121.012,0.827,59.925,1,univariable
2026-02-24 15:20:00,269.89,118.76,0.839,59.95,1,univariable
2026-02-24 15:30:00,327.85,118.88,0.836,59.97,1,univariable
2026-02-24 15:40:00,860.833,117.3,0.903,59.944,1,univariable
2026-02-24 15:50:00,547.43,117.46,0.867,59.98,1,univariable
2026-02-24 16:00:00,201.95,119.22,0.83,59.98,1,univariable
2026-02-24 16:10:00,678.3,118.4,0.887,59.92,1,univariable
2026-02-24 16:20:00,407.0,119.31,0.894,59.96,1,univariable
2026-02-24 16:30:00,449.444,119.522,0.854,59.956,1,univariable
2026-02-24 16:40:00,240.389,121.322,0.843,59.944,1,univariable
2026-02-24 16:50:00,421.16,119.62,0.868,59.96,1,univariable
2026-02-24 17:00:00,364.9,119.78,0.858,59.96,1,univariable
2026-02-24 17:10:00,373.333,120.022,0.858,59.933,1,univariable
2026-02-24 17:20:00,228.85,119.3,0.829,59.95,1,univariable
2026-02-24 17:30:00,346.378,117.189,0.85,59.978,1,univariable
2026-02-24 17:40:00,250.14,116.71,0.819,59.95,1,univariable
2026-02-24 17:50:00,208.79,117.25,0.826,59.97,1,univariable
2026-02-24 18:00:00,335.944,116.689,0.812,59.967,1,univariable
2026-02-24 18:10:00,271.99,116.51,0.814,59.96,1,univariable
2026-02-24 18:20:00,462.75,116.275,0.866,59.975,1,univariable
2026-02-24 18:30:00,309.19,115.76,0.871,59.98,1,univariable
2026-02-24 18:40:00,436.91,116.92,0.87,59.96,1,univariable
2026-02-24 18:50:00,1015.16,115.95,0.95,59.96,1,univariable
2026-02-24 19:00:00,784.66,115.57,0.927,59.94,1,univariable
2026-02-24 19:10:00,312.378,114.9,0.906,59.933,1,univariable
2026-02-24 19:20:00,425.93,114.66,0.907,59.95,1,univariable
2026-02-24 19:30:00,308.375,115.288,0.898,59.95,1,univariable
2026-02-24 19:40:00,584.12,115.05,0.925,59.97,1,univariable
2026-02-24 19:50:00,801.31,115.1,0.965,59.97,1,univariable
2026-02-24 20:00:00,634.25,116.79,0.932,59.96,1,univariable
2026-02-24 20:10:00,386.88,117.04,0.92,59.96,1,univariable
2026-02-24 20:20:00,472.76,116.76,0.917,59.94,1,univariable
2026-02-24 20:30:00,679.488,117.525,0.932,59.925,1,univariable
2026-02-24 20:40:00,612.58,117.64,0.906,59.95,1,univariable
2026-02-24 20:50:00,263.62,118.63,0.887,59.95,1,univariable
2026-02-24 21:00:00,1186.52,117.24,0.981,59.96,1,univariable
2026-02-24 21:10:00,417.24,119.77,0.926,59.96,1,univariable
2026-02-24 21:20:00,457.79,119.02,0.909,59.97,1,univariable
2026-02-24 21:30:00,401.97,116.79,0.886,59.95,1,univariable
2026-02-24 21:40:00,382.82,117.32,0.886,59.95,1,univariable
2026-02-24 21:50:00,220.3,120.73,0.877,59.96,1,univariable
2026-02-24 22:00:00,805.25,118.36,0.908,59.95,1,univariable
2026-02-24 22:10:00,235.39,120.14,0.86,59.96,1,univariable
2026-02-24 22:20:00,367.72,119.84,0.845,59.98,1,univariable
2026-02-24 22:30:00,325.6,119.6,0.875,59.96,1,univariable
2026-02-24 22:40:00,297.7,120.3,0.833,59.94,1,univariable
2026-02-24 22:50:00,184.9,120.622,0.838,59.944,1,univariable
2026-02-24 23:00:00,281.84,120.06,0.831,59.9,1,univariable
2026-02-24 23:10:00,184.14,119.71,0.837,59.95,1,univariable
2026-02-24 23:20:00,274.06,119.01,0.831,59.95,1,univariable
2026-02-24 23:30:00,183.44,120.74,0.837,59.96,1,univariable
2026-02-24 23:40:00,279.43,121.14,0.828,59.93,1,univariable
2026-02-24 23:50:00,183.89,121.08,0.837,59.94,1,univariable
2026-02-25 00:00:00,323.05,121.11,0.83,59.98,1,univariable
2026-02-25 00:10:00,186.03,121.53,0.833,59.98,1,univariable
2026-02-25 00:20:00,329.37,121.33,0.836,59.92,1,univariable
2026-02-25 00:30:00,183.82,122.13,0.84,59.91,1,univariable
2026-02-25 00:40:00,277.27,121.69,0.828,59.96,1,univariable
2026-02-25 00:50:00,236.68,121.97,0.852,59.95,1,univariable
2026-02-25 01:00:00,327.01,121.54,0.838,59.95,1,univariable
2026-02-25 01:10:00,187.03,122.31,0.837,59.96,1,univariable
2026-02-25 01:20:00,282.738,121.588,0.825,59.975,1,univariable
2026-02-25 01:30:00,172.32,121.83,0.835,59.96,1,univariable
2026-02-25 01:40:00,298.0,122.5,0.824,59.98,1,univariable
2026-02-25 01:50:00,173.28,122.05,0.834,59.94,1,univariable
2026-02-25 02:00:00,288.48,121.11,0.825,59.97,1,univariable
2026-02-25 02:10:00,173.85,121.75,0.831,59.92,1,univariable
2026-02-25 02:20:00,374.01,120.61,0.845,59.95,1,univariable
2026-02-25 02:30:00,170.54,121.72,0.837,59.94,1,univariable
2026-02-25 02:40:00,327.32,122.3,0.835,59.95,1,univariable
2026-02-25 02:50:00,171.77,121.66,0.846,59.91,1,univariable
2026-02-25 03:00:00,555.04,121.12,0.96,59.95,1,univariable
2026-02-25 03:10:00,173.27,122.15,0.837,59.94,1,univariable
2026-02-25 03:20:00,266.29,121.76,0.815,59.96,1,univariable
2026-02-25 03:30:00,354.13,121.13,0.828,59.95,1,univariable
2026-02-25 03:40:00,291.5,121.08,0.835,59.97,1,univariable
2026-02-25 03:50:00,185.5,122.63,0.844,59.9,1,univariable
2026-02-25 04:00:00,308.41,121.7,0.825,59.97,1,univariable
2026-02-25 04:10:00,174.83,122.39,0.835,59.93,1,univariable
2026-02-25 04:20:00,311.89,121.28,0.83,59.98,1,univariable
2026-02-25 04:30:00,174.011,121.133,0.837,59.944,1,univariable
2026-02-25 04:40:00,291.85,121.66,0.827,59.92,1,univariable
2026-02-25 04:50:00,168.07,120.74,0.835,59.95,1,univariable
2026-02-25 05:00:00,295.44,119.9,0.832,59.95,1,univariable
2026-02-25 05:10:00,290.51,120.88,0.868,59.95,1,univariable
2026-02-25 05:20:00,300.55,120.55,0.849,59.97,1,univariable
2026-02-25 05:30:00,236.11,120.84,0.86,59.94,1,univariable
2026-02-25 05:40:00,675.33,118.32,0.899,59.94,1,univariable
2026-02-25 05:50:00,441.14,118.46,0.894,59.94,1,univariable
2026-02-25 06:00:00,559.36,118.77,0.886,59.94,1,univariable
2026-02-25 06:10:00,230.78,117.62,0.858,59.94,1,univariable
2026-02-25 06:20:00,287.5,119.31,0.829,59.98,1,univariable
2026-02-25 06:30:00,165.82,119.72,0.834,59.98,1,univariable
2026-02-25 06:40:00,284.68,119.54,0.826,59.95,1,univariable
2026-02-25 06:50:00,162.79,119.6,0.84,59.95,1,univariable
2026-02-25 07:00:00,340.06,119.06,0.854,59.92,1,univariable
2026-02-25 07:10:00,299.97,118.46,0.861,59.96,1,univariable
2026-02-25 07:20:00,1510.844,114.144,0.968,59.978,1,univariable
2026-02-25 07:30:00,559.9,117.66,0.903,59.98,1,univariable
2026-02-25 07:40:00,323.238,119.225,0.846,59.975,1,univariable
2026-02-25 07:50:00,227.167,118.844,0.857,59.967,1,univariable
2026-02-25 08:00:00,592.9,116.58,0.893,59.94,1,univariable
2026-02-25 08:10:00,476.09,116.61,0.933,59.96,1,univariable
2026-02-25 08:20:00,342.25,118.47,0.881,59.98,1,univariable
2026-02-25 08:30:00,227.22,121.21,0.897,59.93,1,univariable
2026-02-25 08:40:00,352.97,120.86,0.877,59.95,1,univariable
2026-02-25 08:50:00,276.47,120.22,0.905,59.95,1,univariable
2026-02-25 09:00:00,1041.15,117.77,0.988,59.92,1,univariable
2026-02-25 09:10:00,724.57,117.84,0.97,59.95,1,univariable
2026-02-25 09:20:00,405.62,119.44,0.901,59.96,1,univariable
2026-02-25 09:30:00,385.63,119.43,0.88,59.96,1,univariable
2026-02-25 09:40:00,347.77,119.64,0.877,59.96,1,univariable
2026-02-25 09:50:00,346.25,118.6,0.907,59.92,1,univariable
2026-02-25 10:00:00,416.23,116.6,0.854,59.95,1,univariable
2026-02-25 10:10:00,193.04,118.54,0.828,59.96,1,univariable
2026-02-25 10:20:00,319.58,118.23,0.845,59.95,1,univariable
2026-02-25 10:30:00,258.05,117.95,0.838,59.97,1,univariable
2026-02-25 10:40:00,243.87,117.75,0.835,59.97,1,univariable
2026-02-25 10:50:00,368.36,117.56,0.853,59.97,1,univariable
2026-02-25 11:00:00,282.56,117.39,0.862,59.97,1,univariable
2026-02-25 11:10:00,412.13,115.15,0.854,59.94,1,univariable
2026-02-25 11:20:00,314.31,117.13,0.876,59.95,1,univariable
2026-02-25 11:30:00,281.13,115.76,0.84,59.94,1,univariable
2026-02-25 11:40:00,193.16,116.84,0.827,59.95,1,univariable
2026-02-25 11:50:00,352.5,116.93,0.859,59.97,1,univariable
2026-02-25 12:00:00,370.122,116.511,0.866,59.967,1,univariable
2026-02-25 12:10:00,323.54,117.51,0.874,59.97,1,univariable
2026-02-25 12:20:00,283.36,118.19,0.853,59.99,1,univariable
2026-02-25 12:30:00,1216.05,114.67,0.956,59.98,1,univariable
2026-02-25 12:40:00,1225.34,115.31,0.952,59.97,1,univariable
2026-02-25 12:50:00,314.3,118.97,0.877,59.97,1,univariable
2026-02-25 13:00:00,464.97,117.43,0.9,59.92,1,univariable
2026-02-25 13:10:00,343.45,117.53,0.912,59.97,1,univariable
2026-02-25 13:20:00,871.36,115.23,0.935,59.95,1,univariable
2026-02-25 13:30:00,436.74,117.93,0.929,59.96,1,univariable
2026-02-25 13:40:00,378.88,118.27,0.891,59.99,1,univariable
2026-02-25 13:50:00,256.01,118.74,0.895,59.96,1,univariable
2026-02-25 14:00:00,546.83,117.76,0.91,59.95,1,univariable
2026-02-25 14:10:00,423.12,119.43,0.917,59.94,1,univariable
2026-02-25 14:20:00,331.22,118.63,0.892,59.98,1,univariable
2026-02-25 14:30:00,537.19,118.69,0.923,59.92,1,univariable
2026-02-25 14:40:00,403.83,120.13,0.892,59.94,1,univariable
2026-02-25 14:50:00,235.9,119.7,0.844,59.93,1,univariable
2026-02-25 15:00:00,653.6,119.88,0.974,59.97,1,univariable
2026-02-25 15:10:00,181.33,120.82,0.856,59.97,1,univariable
2026-02-25 15:20:00,301.75,120.36,0.854,59.92,1,univariable
2026-02-25 15:30:00,372.12,119.65,0.841,59.94,1,univariable
2026-02-25 15:40:00,373.43,119.66,0.839,59.96,1,univariable
2026-02-25 15:50:00,181.46,120.51,0.837,59.99,1,univariable
2026-02-25 16:00:00,340.09,120.11,0.84,59.98,1,univariable
2026-02-25 16:10:00,265.19,120.03,0.838,59.96,1,univariable
2026-02-25 16:20:00,294.51,120.36,0.84,59.93,1,univariable
2026-02-25 16:30:00,245.48,121.42,0.819,59.94,1,univariable
2026-02-25 16:40:00,231.5,121.65,0.815,59.96,1,univariable
2026-02-25 16:50:00,256.51,121.15,0.811,59.94,1,univariable
2026-02-25 17:00:00,196.98,121.73,0.82,59.98,1,univariable
2026-02-25 17:10:00,274.63,121.53,0.822,59.97,1,univariable
2026-02-25 17:20:00,180.1,119.02,0.82,59.96,1,univariable
2026-02-25 17:30:00,331.22,118.14,0.834,59.94,1,univariable
2026-02-25 17:40:00,165.64,121.05,0.815,59.96,1,univariable
2026-02-25 17:50:00,300.84,120.13,0.821,59.97,1,univariable
2026-02-25 18:00:00,164.88,122.0,0.818,59.95,1,univariable
2026-02-25 18:10:00,861.8,117.88,0.897,59.92,1,univariable
2026-02-25 18:20:00,1380.92,116.13,0.995,59.97,1,univariable
2026-02-25 18:30:00,1176.9,115.89,0.99,59.94,1,univariable
2026-02-25 18:40:00,1039.37,115.42,0.99,59.94,1,univariable
2026-02-25 18:50:00,1932.83,113.23,0.995,59.96,1,univariable
2026-02-25 19:00:00,1616.61,114.4,0.994,59.97,1,univariable
2026-02-25 19:10:00,1227.6,115.72,0.99,59.93,1,univariable
2026-02-25 19:20:00,1283.1,115.06,0.99,59.96,1,univariable
2026-02-25 19:30:00,1269.15,111.91,0.99,59.96,1,univariable
2026-02-25 19:40:00,1420.9,113.62,0.99,59.96,1,univariable
2026-02-25 19:50:00,1393.86,114.1,0.99,59.93,1,univariable
2026-02-25 20:00:00,1342.98,113.87,0.989,59.96,1,univariable
2026-02-25 20:10:00,1256.88,115.68,0.99,59.95,1,univariable
2026-02-25 20:20:00,1456.76,115.97,0.988,59.98,1,univariable
2026-02-25 20:30:00,1258.66,116.32,0.99,59.93,1,univariable
2026-02-25 20:40:00,1352.86,117.05,0.99,59.96,1,univariable
2026-02-25 20:50:00,1165.65,117.09,0.99,59.95,1,univariable
2026-02-25 21:00:00,1556.68,117.13,0.999,59.94,1,univariable
2026-02-25 21:10:00,1196.96,118.96,0.993,59.95,1,univariable
2026-02-25 21:20:00,1221.47,116.15,0.99,59.95,1,univariable
2026-02-25 21:30:00,1494.65,115.86,0.986,59.97,1,univariable
2026-02-25 21:40:00,1275.86,113.88,0.965,59.96,1,univariable
2026-02-25 21:50:00,267.77,118.81,0.906,59.92,1,univariable
2026-02-25 22:00:00,373.57,120.06,0.894,59.98,1,univariable
2026-02-25 22:10:00,284.36,120.8,0.89,59.97,1,univariable
2026-02-25 22:20:00,323.14,120.39,0.88,59.95,1,univariable
2026-02-25 22:30:00,341.23,120.75,0.894,59.98,1,univariable
2026-02-25 22:40:00,317.84,120.29,0.881,59.95,1,univariable
2026-02-25 22:50:00,304.344,120.433,0.88,59.978,1,univariable
2026-02-25 23:00:00,298.56,119.39,0.881,59.95,1,univariable
2026-02-25 23:10:00,311.88,119.22,0.881,59.98,1,univariable
2026-02-25 23:20:00,375.078,116.422,0.899,59.989,1,univariable
2026-02-25 23:30:00,571.16,119.66,0.911,59.94,1,univariable
2026-02-25 23:40:00,287.34,120.25,0.856,59.97,1,univariable
2026-02-25 23:50:00,264.36,120.88,0.831,59.95,1,univariable
2026-02-26 00:00:00,208.26,121.26,0.833,59.98,1,univariable
2026-02-26 00:10:00,313.68,120.16,0.836,59.96,1,univariable
2026-02-26 00:20:00,191.16,121.14,0.829,59.95,1,univariable
2026-02-26 00:30:00,277.66,120.34,0.827,59.94,1,univariable
2026-02-26 00:40:00,190.27,121.36,0.835,59.96,1,univariable
2026-02-26 00:50:00,295.6,121.09,0.828,59.97,1,univariable
2026-02-26 01:00:00,175.66,122.42,0.833,59.95,1,univariable
2026-02-26 01:10:00,348.67,121.68,0.833,59.94,1,univariable
2026-02-26 01:20:00,171.94,121.5,0.837,59.96,1,univariable
2026-02-26 01:30:00,293.77,121.01,0.828,59.95,1,univariable
2026-02-26 01:40:00,174.7,121.04,0.831,59.96,1,univariable
2026-02-26 01:50:00,297.25,121.44,0.823,59.95,1,univariable
2026-02-26 02:00:00,172.25,121.76,0.838,59.97,1,univariable
2026-02-26 02:10:00,294.53,121.48,0.828,59.95,1,univariable
2026-02-26 02:20:00,198.06,122.4,0.846,59.96,1,univariable
2026-02-26 02:30:00,294.12,121.86,0.824,59.96,1,univariable
2026-02-26 02:40:00,223.83,121.97,0.852,59.94,1,univariable
2026-02-26 02:50:00,277.91,121.27,0.827,59.94,1,univariable
2026-02-26 03:00:00,598.71,120.61,0.97,59.97,1,univariable
2026-02-26 03:10:00,220.1,121.88,0.852,59.94,1,univariable
2026-02-26 03:20:00,248.89,122.35,0.837,59.93,1,univariable
2026-02-26 03:30:00,327.233,122.156,0.827,59.967,1,univariable
2026-02-26 03:40:00,265.07,122.36,0.831,59.95,1,univariable
2026-02-26 03:50:00,201.72,122.21,0.839,59.98,1,univariable
2026-02-26 04:00:00,296.67,121.73,0.826,59.97,1,univariable
2026-02-26 04:10:00,226.25,121.73,0.848,59.97,1,univariable
2026-02-26 04:20:00,309.77,121.6,0.829,59.93,1,univariable
2026-02-26 04:30:00,222.57,122.61,0.85,59.95,1,univariable
2026-02-26 04:40:00,293.41,122.73,0.824,59.97,1,univariable
2026-02-26 04:50:00,169.07,122.61,0.834,59.96,1,univariable
2026-02-26 05:00:00,277.7,121.0,0.827,59.94,1,univariable
2026-02-26 05:10:00,188.02,120.4,0.834,59.94,1,univariable
2026-02-26 05:20:00,260.73,120.39,0.831,59.92,1,univariable
2026-02-26 05:30:00,250.23,120.36,0.844,59.94,1,univariable
2026-02-26 05:40:00,1378.76,116.88,0.964,59.96,1,univariable
2026-02-26 05:50:00,215.18,120.13,0.831,59.95,1,univariable
2026-02-26 06:00:00,284.43,120.17,0.839,59.96,1,univariable
2026-02-26 06:10:00,349.53,120.19,0.868,59.93,1,univariable
2026-02-26 06:20:00,272.53,120.52,0.85,59.95,1,univariable
2026-02-26 06:30:00,225.75,120.68,0.83,59.96,1,univariable
2026-02-26 06:40:00,212.29,120.61,0.829,59.95,1,univariable
2026-02-26 06:50:00,356.61,120.41,0.842,59.96,1,univariable
2026-02-26 07:00:00,194.47,121.06,0.828,59.95,1,univariable
2026-02-26 07:10:00,446.28,119.68,0.873,59.95,1,univariable
2026-02-26 07:20:00,1106.05,117.25,0.942,59.98,1,univariable
2026-02-26 07:30:00,974.01,111.48,0.931,59.98,1,univariable
2026-02-26 07:40:00,208.52,118.54,0.834,59.94,1,univariable
2026-02-26 07:50:00,285.1,118.01,0.838,59.97,1,univariable
2026-02-26 08:00:00,242.0,117.46,0.848,59.96,1,univariable
2026-02-26 08:10:00,606.32,114.21,0.885,59.95,1,univariable
2026-02-26 08:20:00,227.98,115.13,0.855,59.94,1,univariable
2026-02-26 08:30:00,442.48,113.95,0.866,59.98,1,univariable
2026-02-26 08:40:00,165.2,118.98,0.841,59.95,1,univariable
2026-02-26 08:50:00,282.77,117.8,0.838,59.97,1,univariable
2026-02-26 09:00:00,633.278,118.8,0.969,59.944,1,univariable
2026-02-26 09:10:00,165.39,120.67,0.839,59.95,1,univariable
2026-02-26 09:20:00,245.42,120.44,0.837,59.99,1,univariable
2026-02-26 09:30:00,435.656,119.4,0.852,59.956,1,univariable
2026-02-26 09:40:00,318.122,119.278,0.836,59.944,1,univariable
2026-02-26 09:50:00,317.96,120.09,0.88,59.95,1,univariable
2026-02-26 10:00:00,517.967,120.444,0.864,59.933,1,univariable
2026-02-26 10:10:00,207.475,118.612,0.841,59.962,1,univariable
2026-02-26 10:20:00,374.95,118.18,0.857,59.97,1,univariable
2026-02-26 10:30:00,246.944,120.478,0.839,59.967,1,univariable
2026-02-26 10:40:00,229.69,120.26,0.841,59.99,1,univariable
2026-02-26 10:50:00,270.3,120.35,0.832,59.97,1,univariable
2026-02-26 11:00:00,194.29,120.91,0.835,59.93,1,univariable
2026-02-26 11:10:00,287.88,120.61,0.832,59.94,1,univariable
2026-02-26 11:20:00,338.82,120.1,0.879,59.97,1,univariable
2026-02-26 11:30:00,353.6,121.47,0.835,59.97,1,univariable
2026-02-26 11:40:00,271.5,120.47,0.863,59.97,1,univariable
2026-02-26 11:50:00,425.09,120.76,0.846,59.95,1,univariable
2026-02-26 12:00:00,256.633,121.511,0.854,59.978,1,univariable
2026-02-26 12:10:00,363.22,122.07,0.85,59.94,1,univariable
2026-02-26 12:20:00,794.69,121.91,0.945,59.95,1,univariable
2026-02-26 12:30:00,1714.99,118.57,0.978,59.96,1,univariable
2026-02-26 12:40:00,962.14,120.96,0.92,59.94,1,univariable
2026-02-26 12:50:00,331.45,122.66,0.875,59.96,1,univariable
2026-02-26 13:00:00,373.46,121.25,0.887,59.98,1,univariable
2026-02-26 13:10:00,328.19,119.3,0.894,59.94,1,univariable
2026-02-26 13:20:00,329.567,120.122,0.881,59.978,1,univariable
2026-02-26 13:30:00,464.98,121.73,0.916,59.97,1,univariable
2026-02-26 13:40:00,338.93,121.61,0.875,59.95,1,univariable
2026-02-26 13:50:00,261.69,121.81,0.89,59.97,1,univariable
2026-02-26 14:00:00,350.9,121.63,0.875,59.97,1,univariable
2026-02-26 14:10:00,452.97,121.25,0.927,59.94,1,univariable
2026-02-26 14:20:00,950.55,119.74,0.935,59.95,1,univariable
2026-02-26 14:30:00,527.56,120.94,0.917,59.98,1,univariable
2026-02-26 14:40:00,691.03,120.92,0.896,59.99,1,univariable
2026-02-26 14:50:00,664.35,120.69,0.904,59.96,1,univariable
2026-02-26 15:00:00,938.578,120.033,0.979,59.967,1,univariable
2026-02-26 15:10:00,229.12,123.25,0.868,59.93,1,univariable
2026-02-26 15:20:00,283.462,121.138,0.845,59.95,1,univariable
2026-02-26 15:30:00,339.81,120.72,0.843,59.98,1,univariable
2026-02-26 15:40:00,342.89,121.0,0.839,59.95,1,univariable
2026-02-26 15:50:00,273.24,120.98,0.834,59.95,1,univariable
2026-02-26 16:00:00,340.85,119.89,0.856,59.97,1,univariable
2026-02-26 16:10:00,348.567,119.3,0.848,59.933,1,univariable
2026-02-26 16:20:00,198.36,119.52,0.841,59.92,1,univariable
2026-02-26 16:30:00,300.68,117.84,0.838,59.96,1,univariable
2026-02-26 16:40:00,372.46,116.85,0.882,59.95,1,univariable
2026-02-26 16:50:00,315.511,118.522,0.832,59.967,1,univariable
2026-02-26 17:00:00,163.544,119.778,0.837,59.967,1,univariable
2026-02-26 17:10:00,304.011,118.433,0.836,59.978,1,univariable
2026-02-26 17:20:00,165.93,119.11,0.831,59.98,1,univariable
2026-02-26 17:30:00,285.467,119.922,0.827,59.967,1,univariable
2026-02-26 17:40:00,236.57,118.76,0.831,59.97,1,univariable
2026-02-26 17:50:00,271.27,119.16,0.818,59.98,1,univariable
2026-02-26 18:00:00,192.75,119.12,0.812,59.96,1,univariable
2026-02-26 18:10:00,277.38,119.29,0.818,59.96,1,univariable
2026-02-26 18:20:00,204.212,119.525,0.805,59.975,1,univariable
2026-02-26 18:30:00,237.35,115.783,0.82,59.95,1,univariable
2026-02-26 18:40:00,208.59,115.15,0.812,59.94,1,univariable
2026-02-26 18:50:00,252.82,115.53,0.816,59.94,1,univariable
2026-02-26 19:00:00,284.59,113.01,0.87,59.94,1,univariable
2026-02-26 19:10:00,883.62,111.08,0.938,59.96,1,univariable
2026-02-26 19:20:00,497.644,114.967,0.884,59.967,1,univariable
2026-02-26 19:30:00,324.54,114.39,0.879,59.96,1,univariable
2026-02-26 19:40:00,305.29,115.97,0.868,60.0,1,univariable
2026-02-26 19:50:00,259.15,115.13,0.866,59.95,1,univariable
2026-02-26 20:00:00,425.84,115.43,0.888,59.99,1,univariable
2026-02-26 20:10:00,323.24,115.91,0.905,59.93,1,univariable
2026-02-26 20:20:00,433.11,117.94,0.898,59.96,1,univariable
2026-02-26 20:30:00,549.17,118.42,0.904,59.97,1,univariable
2026-02-26 20:40:00,312.13,118.55,0.896,59.97,1,univariable
2026-02-26 20:50:00,362.044,117.367,0.883,59.944,1,univariable
2026-02-26 21:00:00,692.22,116.82,0.98,59.95,1,univariable
2026-02-26 21:10:00,353.45,115.94,0.906,59.96,1,univariable
2026-02-26 21:20:00,333.31,120.2,0.887,59.94,1,univariable
2026-02-26 21:30:00,462.73,117.96,0.9,59.96,1,univariable
2026-02-26 21:40:00,469.23,117.87,0.886,59.94,1,univariable
2026-02-26 21:50:00,350.225,119.775,0.874,59.975,1,univariable
2026-02-26 22:00:00,373.729,120.129,0.861,59.943,1,univariable
2026-02-26 22:10:00,259.16,120.56,0.841,59.97,1,univariable
2026-02-26 22:20:00,733.578,119.222,0.934,59.956,1,univariable
2026-02-26 22:30:00,243.178,120.689,0.847,59.967,1,univariable
2026-02-26 22:40:00,265.862,121.05,0.837,59.925,1,univariable
2026-02-26 22:50:00,260.44,119.89,0.831,59.95,1,univariable
2026-02-26 23:00:00,249.68,120.22,0.823,59.98,1,univariable
2026-02-26 23:10:00,257.167,119.822,0.827,59.967,1,univariable
2026-02-26 23:20:00,234.022,119.244,0.83,59.944,1,univariable
2026-02-26 23:30:00,272.36,120.66,0.835,59.95,1,univariable
2026-02-26 23:40:00,217.111,121.644,0.836,59.978,1,univariable
2026-02-26 23:50:00,269.95,121.38,0.831,59.96,1,univariable
2026-02-27 00:00:00,210.55,121.61,0.837,59.94,1,univariable
2026-02-27 00:10:00,267.389,121.422,0.828,59.967,1,univariable
2026-02-27 00:20:00,210.61,120.98,0.83,59.97,1,univariable
2026-02-27 00:30:00,277.68,119.31,0.836,59.98,1,univariable
2026-02-27 00:40:00,210.42,119.57,0.834,59.96,1,univariable
2026-02-27 00:50:00,278.91,121.38,0.831,59.95,1,univariable
2026-02-27 01:00:00,188.4,122.1,0.838,59.95,1,univariable
2026-02-27 01:10:00,330.57,120.82,0.838,59.98,1,univariable
2026-02-27 01:20:00,186.96,122.15,0.839,59.96,1,univariable
2026-02-27 01:30:00,267.522,121.422,0.829,59.933,1,univariable
2026-02-27 01:40:00,206.39,120.77,0.833,59.93,1,univariable
2026-02-27 01:50:00,310.06,120.47,0.839,59.98,1,univariable
2026-02-27 02:00:00,201.12,121.81,0.838,59.96,1,univariable
2026-02-27 02:10:00,262.38,120.81,0.834,59.94,1,univariable
2026-02-27 02:20:00,203.52,121.74,0.838,59.92,1,univariable
2026-02-27 02:30:00,257.94,121.77,0.828,59.96,1,univariable
2026-02-27 02:40:00,263.733,121.4,0.848,59.989,1,univariable
2026-02-27 02:50:00,256.53,120.73,0.834,59.95,1,univariable
2026-02-27 03:00:00,592.92,119.41,0.971,59.97,1,univariable
2026-02-27 03:10:00,174.61,121.9,0.835,59.96,1,univariable
2026-02-27 03:20:00,254.39,121.84,0.833,59.99,1,univariable
2026-02-27 03:30:00,395.112,121.65,0.839,60.0,1,univariable
2026-02-27 03:40:00,310.24,122.18,0.832,59.95,1,univariable
2026-02-27 03:50:00,188.89,121.86,0.846,59.96,1,univariable
2026-02-27 04:00:00,322.55,120.78,0.83,59.95,1,univariable
2026-02-27 04:10:00,174.35,121.55,0.831,59.96,1,univariable
2026-02-27 04:20:00,310.69,120.99,0.832,59.95,1,univariable
2026-02-27 04:30:00,238.36,121.48,0.859,59.95,1,univariable
2026-02-27 04:40:00,394.02,120.53,0.846,59.97,1,univariable
2026-02-27 04:50:00,183.38,119.81,0.832,59.95,1,univariable
2026-02-27 05:00:00,273.18,120.53,0.823,59.93,1,univariable
2026-02-27 05:10:00,187.43,118.99,0.832,59.96,1,univariable
2026-02-27 05:20:00,275.12,119.28,0.834,59.94,1,univariable
2026-02-27 05:30:00,189.633,119.933,0.836,59.956,1,univariable
2026-02-27 05:40:00,1110.14,117.46,0.923,59.97,1,univariable
2026-02-27 05:50:00,223.65,119.79,0.844,59.96,1,univariable
2026-02-27 06:00:00,557.589,118.933,0.893,59.944,1,univariable
2026-02-27 06:10:00,238.41,119.73,0.87,59.97,1,univariable
2026-02-27 06:20:00,320.788,119.75,0.836,59.975,1,univariable
2026-02-27 06:30:00,749.85,119.4,0.9,59.94,1,univariable
2026-02-27 06:40:00,926.35,117.94,0.918,59.98,1,univariable
2026-02-27 06:50:00,186.41,119.26,0.841,59.94,1,univariable
2026-02-27 07:00:00,291.99,118.82,0.843,59.96,1,univariable
2026-02-27 07:10:00,338.89,117.17,0.876,59.97,1,univariable
2026-02-27 07:20:00,360.78,117.69,0.846,59.97,1,univariable
2026-02-27 07:30:00,249.838,117.175,0.852,59.975,1,univariable
2026-02-27 07:40:00,445.38,116.54,0.863,59.97,1,univariable
2026-02-27 07:50:00,313.81,116.82,0.884,59.97,1,univariable
2026-02-27 08:00:00,272.038,117.862,0.83,59.938,1,univariable
2026-02-27 08:10:00,166.21,117.82,0.838,59.97,1,univariable
2026-02-27 08:20:00,281.14,118.17,0.835,59.95,1,univariable
2026-02-27 08:30:00,163.03,117.34,0.835,59.93,1,univariable
2026-02-27 08:40:00,282.85,117.25,0.834,59.97,1,univariable
2026-02-27 08:50:00,161.925,117.238,0.836,59.95,1,univariable
2026-02-27 09:00:00,568.52,117.04,0.966,59.97,1,univariable
2026-02-27 09:10:00,169.43,118.6,0.824,59.96,1,univariable
2026-02-27 09:20:00,339.43,113.71,0.852,59.96,1,univariable
2026-02-27 09:30:00,373.97,117.44,0.848,59.94,1,univariable
2026-02-27 09:40:00,319.98,117.39,0.841,59.97,1,univariable
2026-02-27 09:50:00,164.85,117.52,0.831,59.94,1,univariable
2026-02-27 10:00:00,302.34,117.99,0.84,59.95,1,univariable
2026-02-27 10:10:00,177.667,117.067,0.833,59.922,1,univariable
2026-02-27 10:20:00,284.322,117.944,0.839,59.989,1,univariable
2026-02-27 10:30:00,196.25,118.69,0.84,59.97,1,univariable
2026-02-27 10:40:00,277.925,118.362,0.84,59.938,1,univariable
2026-02-27 10:50:00,285.55,118.56,0.847,59.95,1,univariable
2026-02-27 11:00:00,259.425,118.375,0.834,59.938,1,univariable
2026-02-27 11:10:00,211.32,117.44,0.836,59.96,1,univariable
2026-02-27 11:20:00,239.76,118.42,0.841,59.95,1,univariable
2026-02-27 11:30:00,227.2,119.26,0.838,59.92,1,univariable
2026-02-27 11:40:00,228.48,118.49,0.84,59.96,1,univariable
2026-02-27 11:50:00,201.65,119.9,0.844,59.925,1,univariable
2026-02-27 12:00:00,231.87,118.86,0.843,59.96,1,univariable
2026-02-27 12:10:00,235.4,118.411,0.834,59.944,1,univariable
2026-02-27 12:20:00,211.37,119.02,0.837,59.97,1,univariable
2026-02-27 12:30:00,240.93,120.27,0.842,59.96,1,univariable
2026-02-27 12:40:00,214.66,119.98,0.845,60.0,1,univariable
2026-02-27 12:50:00,295.19,119.04,0.858,59.97,1,univariable
2026-02-27 13:00:00,321.933,119.344,0.9,59.933,1,univariable
2026-02-27 13:10:00,427.24,118.88,0.902,59.95,1,univariable
2026-02-27 13:20:00,360.29,120.01,0.908,59.96,1,univariable
2026-02-27 13:30:00,319.99,118.44,0.886,59.93,1,univariable
2026-02-27 13:40:00,480.99,117.23,0.921,59.94,1,univariable
2026-02-27 13:50:00,406.61,119.23,0.902,59.95,1,univariable
2026-02-27 14:00:00,340.94,118.82,0.894,59.98,1,univariable
2026-02-27 14:10:00,273.343,119.029,0.891,59.957,1,univariable
2026-02-27 14:20:00,290.89,118.35,0.888,59.95,1,univariable
2026-02-27 14:30:00,305.04,118.18,0.885,59.98,1,univariable
2026-02-27 14:40:00,307.812,118.6,0.886,59.975,1,univariable
2026-02-27 14:50:00,302.16,119.72,0.883,59.95,1,univariable
2026-02-27 15:00:00,643.01,118.68,0.981,59.96,1,univariable
2026-02-27 15:10:00,229.15,117.64,0.889,59.93,1,univariable
2026-02-27 15:20:00,329.825,117.975,0.884,59.975,1,univariable
2026-02-27 15:30:00,382.444,117.811,0.88,59.989,1,univariable
2026-02-27 15:40:00,380.378,116.633,0.878,59.956,1,univariable
2026-02-27 15:50:00,289.24,118.8,0.886,59.96,1,univariable
2026-02-27 16:00:00,359.889,118.978,0.873,59.944,1,univariable
2026-02-27 16:10:00,279.67,119.1,0.852,59.96,1,univariable
2026-02-27 16:20:00,260.91,119.05,0.829,59.97,1,univariable
2026-02-27 16:30:00,219.575,119.3,0.831,59.95,1,univariable
2026-02-27 16:40:00,347.56,118.31,0.855,59.97,1,univariable
2026-02-27 16:50:00,225.27,118.81,0.829,59.98,1,univariable
2026-02-27 17:00:00,202.45,119.625,0.827,59.912,1,univariable
2026-02-27 17:10:00,256.25,118.45,0.851,59.94,1,univariable
2026-02-27 17:20:00,386.07,118.25,0.882,59.99,1,univariable
2026-02-27 17:30:00,818.975,116.688,0.95,59.938,1,univariable
2026-02-27 17:40:00,516.289,117.8,0.917,59.956,1,univariable
2026-02-27 17:50:00,476.362,117.538,0.895,59.938,1,univariable
2026-02-27 18:00:00,206.65,119.138,0.838,59.938,1,univariable
2026-02-27 18:10:00,293.38,120.05,0.826,59.94,1,univariable
2026-02-27 18:20:00,1178.39,115.22,0.945,59.95,1,univariable
2026-02-27 18:30:00,585.867,119.289,0.882,59.956,1,univariable
2026-02-27 18:40:00,287.99,119.17,0.86,59.95,1,univariable
2026-02-27 18:50:00,794.2,116.975,0.95,59.962,1,univariable
2026-02-27 19:00:00,298.067,118.711,0.86,59.933,1,univariable
2026-02-27 19:10:00,608.97,116.85,0.922,59.96,1,univariable
2026-02-27 19:20:00,442.73,117.74,0.905,59.95,1,univariable
2026-02-27 19:30:00,758.79,116.91,0.941,59.96,1,univariable
2026-02-27 19:40:00,387.86,116.61,0.892,59.95,1,univariable
2026-02-27 19:50:00,703.14,116.17,0.929,59.92,1,univariable
2026-02-27 20:00:00,296.4,118.922,0.88,59.956,1,univariable
2026-02-27 20:10:00,303.5,115.762,0.875,59.95,1,univariable
2026-02-27 20:20:00,288.96,117.33,0.877,59.94,1,univariable
2026-02-27 20:30:00,346.93,119.22,0.884,59.97,1,univariable
2026-02-27 20:40:00,317.967,118.244,0.873,59.978,1,univariable
2026-02-27 20:50:00,397.556,117.111,0.882,59.967,1,univariable
2026-02-27 21:00:00,593.89,118.37,0.97,59.98,1,univariable
2026-02-27 21:10:00,172.23,119.24,0.833,59.96,1,univariable
2026-02-27 21:20:00,215.986,119.971,0.837,59.929,1,univariable
2026-02-27 21:30:00,392.1,118.388,0.845,59.975,1,univariable
2026-02-27 21:40:00,328.825,119.45,0.832,59.925,1,univariable
2026-02-27 21:50:00,223.111,120.089,0.831,59.944,1,univariable
2026-02-27 22:00:00,324.75,120.65,0.831,59.97,1,univariable
2026-02-27 22:10:00,341.82,120.89,0.842,59.96,1,univariable
2026-02-27 22:20:00,248.37,121.45,0.833,59.97,1,univariable
2026-02-27 22:30:00,231.43,118.03,0.83,59.96,1,univariable
2026-02-27 22:40:00,271.75,118.24,0.848,59.95,1,univariable
2026-02-27 22:50:00,282.62,116.98,0.844,59.94,1,univariable
2026-02-27 23:00:00,245.812,118.788,0.831,59.975,1,univariable
2026-02-27 23:10:00,261.1,120.89,0.83,59.98,1,univariable
2026-02-27 23:20:00,245.38,120.75,0.833,59.96,1,univariable
2026-02-27 23:30:00,251.76,121.34,0.831,59.94,1,univariable
2026-02-27 23:40:00,246.9,121.52,0.829,59.94,1,univariable
2026-02-27 23:50:00,252.725,121.438,0.829,59.975,1,univariable
2026-02-28 00:00:00,244.03,121.48,0.83,59.98,1,univariable
2026-02-28 00:10:00,241.22,121.09,0.827,59.95,1,univariable
2026-02-28 00:20:00,246.122,120.544,0.829,59.978,1,univariable
2026-02-28 00:30:00,287.16,121.02,0.839,59.92,1,univariable
2026-02-28 00:40:00,335.49,118.95,0.852,59.93,1,univariable
2026-02-28 00:50:00,238.478,118.822,0.83,59.967,1,univariable
2026-02-28 01:00:00,224.867,121.956,0.826,59.956,1,univariable
2026-02-28 01:10:00,233.24,121.71,0.83,59.95,1,univariable
2026-02-28 01:20:00,241.178,121.756,0.832,59.956,1,univariable
2026-02-28 01:30:00,219.13,122.44,0.832,59.97,1,univariable
2026-02-28 01:40:00,251.41,122.01,0.826,59.95,1,univariable
2026-02-28 01:50:00,218.08,121.92,0.824,59.93,1,univariable
2026-02-28 02:00:00,246.83,121.72,0.829,59.96,1,univariable
2026-02-28 02:10:00,203.06,121.66,0.833,59.96,1,univariable
2026-02-28 02:20:00,264.35,121.18,0.828,59.98,1,univariable
2026-02-28 02:30:00,201.47,122.25,0.834,59.98,1,univariable
2026-02-28 02:40:00,311.61,121.89,0.842,59.95,1,univariable
2026-02-28 02:50:00,189.98,122.32,0.833,59.96,1,univariable
2026-02-28 03:00:00,607.32,120.89,0.969,59.92,1,univariable
2026-02-28 03:10:00,177.14,121.28,0.827,59.94,1,univariable
2026-02-28 03:20:00,249.97,121.62,0.831,59.97,1,univariable
2026-02-28 03:30:00,329.7,121.1,0.831,59.99,1,univariable
2026-02-28 03:40:00,310.34,121.31,0.828,59.95,1,univariable
2026-02-28 03:50:00,191.98,122.21,0.832,59.96,1,univariable
2026-02-28 04:00:00,315.12,122.1,0.825,59.94,1,univariable
2026-02-28 04:10:00,179.171,122.529,0.827,59.929,1,univariable
2026-02-28 04:20:00,309.156,122.233,0.821,59.967,1,univariable
2026-02-28 04:30:00,173.03,122.34,0.83,59.95,1,univariable
2026-02-28 04:40:00,361.811,121.6,0.831,59.956,1,univariable
2026-02-28 04:50:00,171.73,121.36,0.836,59.97,1,univariable
2026-02-28 05:00:00,360.35,121.89,0.829,59.94,1,univariable
2026-02-28 05:10:00,250.77,122.33,0.845,59.94,1,univariable
2026-02-28 05:20:00,290.03,121.44,0.825,59.97,1,univariable
2026-02-28 05:30:00,176.88,122.48,0.832,59.94,1,univariable
2026-02-28 05:40:00,397.72,120.86,0.842,59.95,1,univariable
2026-02-28 05:50:00,171.53,121.71,0.832,59.96,1,univariable
2026-02-28 06:00:00,282.8,119.233,0.828,59.944,1,univariable
2026-02-28 06:10:00,170.66,121.54,0.82,59.97,1,univariable
2026-02-28 06:20:00,391.7,120.93,0.844,59.96,1,univariable
2026-02-28 06:30:00,670.73,118.3,0.968,59.96,1,univariable
2026-02-28 06:40:00,685.99,118.76,0.902,59.94,1,univariable
2026-02-28 06:50:00,164.44,119.83,0.835,59.96,1,univariable
2026-02-28 07:00:00,285.41,120.08,0.826,59.96,1,univariable
2026-02-28 07:10:00,666.51,118.52,0.905,59.94,1,univariable
2026-02-28 07:20:00,983.47,116.91,0.912,59.96,1,univariable
2026-02-28 07:30:00,213.5,115.61,0.842,59.98,1,univariable
2026-02-28 07:40:00,267.27,114.21,0.837,59.97,1,univariable
2026-02-28 07:50:00,166.77,119.64,0.829,59.97,1,univariable
2026-02-28 08:00:00,268.75,118.72,0.831,59.99,1,univariable
2026-02-28 08:10:00,475.18,119.91,0.908,59.96,1,univariable
2026-02-28 08:20:00,371.61,119.74,0.853,59.97,1,univariable
2026-02-28 08:30:00,423.5,120.84,0.896,59.96,1,univariable
2026-02-28 08:40:00,1286.55,117.37,0.951,59.98,1,univariable
2026-02-28 08:50:00,567.7,119.59,0.943,59.94,1,univariable
2026-02-28 09:00:00,781.35,118.31,0.984,59.98,1,univariable
2026-02-28 09:10:00,471.04,116.76,0.907,59.95,1,univariable
2026-02-28 09:20:00,341.11,115.6,0.847,59.98,1,univariable
2026-02-28 09:30:00,525.83,118.41,0.862,59.97,1,univariable
2026-02-28 09:40:00,324.01,120.25,0.823,59.97,1,univariable
2026-02-28 09:50:00,328.92,120.04,0.858,59.96,1,univariable
2026-02-28 10:00:00,432.59,119.16,0.841,59.94,1,univariable
2026-02-28 10:10:00,309.99,117.97,0.849,59.97,1,univariable
2026-02-28 10:20:00,390.5,118.36,0.843,59.93,1,univariable
2026-02-28 10:30:00,287.562,119.712,0.844,59.975,1,univariable
2026-02-28 10:40:00,247.48,120.31,0.823,59.97,1,univariable
2026-02-28 10:50:00,229.62,120.38,0.818,59.92,1,univariable
2026-02-28 11:00:00,401.35,119.688,0.861,59.95,1,univariable
2026-02-28 11:10:00,402.99,120.52,0.866,59.96,1,univariable
2026-02-28 11:20:00,468.86,118.34,0.892,59.96,1,univariable
2026-02-28 11:30:00,259.371,120.743,0.819,59.971,1,univariable
2026-02-28 11:40:00,200.03,120.87,0.83,59.96,1,univariable
2026-02-28 11:50:00,1039.06,117.08,0.918,59.95,1,univariable
2026-02-28 12:00:00,686.54,118.5,0.913,59.95,1,univariable
2026-02-28 12:10:00,358.96,120.28,0.833,59.91,1,univariable
2026-02-28 12:20:00,168.986,120.357,0.821,59.957,1,univariable
2026-02-28 12:30:00,402.288,120.562,0.842,59.988,1,univariable
2026-02-28 12:40:00,353.267,120.0,0.863,59.944,1,univariable
2026-02-28 12:50:00,300.8,119.78,0.829,59.98,1,univariable
2026-02-28 13:00:00,195.84,120.8,0.828,59.95,1,univariable
2026-02-28 13:10:00,304.51,120.88,0.831,59.93,1,univariable
2026-02-28 13:20:00,309.211,120.611,0.856,59.978,1,univariable
2026-02-28 13:30:00,504.91,120.23,0.866,59.97,1,univariable
2026-02-28 13:40:00,221.84,122.67,0.815,59.95,1,univariable
2026-02-28 13:50:00,328.08,121.54,0.856,59.95,1,univariable
2026-02-28 14:00:00,262.93,122.3,0.882,59.95,1,univariable
2026-02-28 14:10:00,388.41,121.01,0.885,59.96,1,univariable
2026-02-28 14:20:00,274.057,120.671,0.884,59.943,1,univariable
2026-02-28 14:30:00,323.6,122.011,0.871,59.944,1,univariable
2026-02-28 14:40:00,340.588,121.688,0.857,59.95,1,univariable
2026-02-28 14:50:00,311.72,120.16,0.849,59.95,1,univariable
2026-02-28 15:00:00,743.2,119.76,0.989,59.95,1,univariable
2026-02-28 15:10:00,228.622,120.911,0.849,59.922,1,univariable
2026-02-28 15:20:00,252.59,122.45,0.839,59.95,1,univariable
2026-02-28 15:30:00,331.88,123.02,0.83,59.95,1,univariable
2026-02-28 15:40:00,328.175,122.875,0.825,59.962,1,univariable
2026-02-28 15:50:00,341.367,123.2,0.885,59.95,1,univariable
2026-02-28 16:00:00,363.46,122.35,0.834,59.95,1,univariable
2026-02-28 16:10:00,265.733,122.622,0.847,59.956,1,univariable
2026-02-28 16:20:00,433.76,122.79,0.856,59.95,1,univariable
2026-02-28 16:30:00,714.01,120.52,0.926,59.93,1,univariable
2026-02-28 16:40:00,479.75,120.45,0.899,59.938,1,univariable
2026-02-28 16:50:00,384.55,120.47,0.877,59.99,1,univariable
2026-02-28 17:00:00,249.738,121.85,0.889,59.988,1,univariable
2026-02-28 17:10:00,363.188,120.3,0.872,59.95,1,univariable
2026-02-28 17:20:00,234.162,121.95,0.878,59.938,1,univariable
2026-02-28 17:30:00,424.722,120.022,0.874,59.989,1,univariable
2026-02-28 17:40:00,234.575,119.75,0.875,59.962,1,univariable
2026-02-28 17:50:00,350.611,122.011,0.862,59.956,1,univariable
2026-02-28 18:00:00,225.45,118.95,0.866,59.97,1,univariable
2026-02-28 18:10:00,454.25,120.562,0.878,59.95,1,univariable
2026-02-28 18:20:00,406.99,119.96,0.914,59.93,1,univariable
2026-02-28 18:30:00,1264.31,116.43,0.954,59.95,1,univariable
2026-02-28 18:40:00,320.64,118.91,0.895,59.98,1,univariable
2026-02-28 18:50:00,437.16,118.29,0.876,59.96,1,univariable
2026-02-28 19:00:00,388.4,118.97,0.869,59.97,1,univariable
2026-02-28 19:10:00,371.33,119.29,0.864,59.94,1,univariable
2026-02-28 19:20:00,328.52,119.73,0.869,59.97,1,univariable
2026-02-28 19:30:00,390.76,118.48,0.878,59.95,1,univariable
2026-02-28 19:40:00,262.988,120.675,0.878,59.975,1,univariable
2026-02-28 19:50:00,493.14,119.5,0.88,59.99,1,univariable
2026-02-28 20:00:00,506.72,119.22,0.921,59.96,1,univariable
2026-02-28 20:10:00,498.75,118.51,0.904,59.97,1,univariable
2026-02-28 20:20:00,423.6,119.511,0.922,59.956,1,univariable
2026-02-28 20:30:00,442.6,119.79,0.906,59.98,1,univariable
2026-02-28 20:40:00,268.99,121.62,0.896,59.95,1,univariable
2026-02-28 20:50:00,430.367,121.633,0.886,59.978,1,univariable
2026-02-28 21:00:00,687.9,121.04,0.972,59.96,1,univariable
2026-02-28 21:10:00,259.81,121.81,0.883,59.97,1,univariable
2026-02-28 21:20:00,355.812,122.138,0.88,59.962,1,univariable
2026-02-28 21:30:00,411.21,121.67,0.878,59.95,1,univariable
2026-02-28 21:40:00,400.044,121.467,0.871,60.0,1,univariable
2026-02-28 21:50:00,257.92,121.33,0.887,59.96,1,univariable
2026-02-28 22:00:00,434.39,120.64,0.879,59.95,1,univariable
2026-02-28 22:10:00,487.44,120.62,0.918,59.95,1,univariable
2026-02-28 22:20:00,464.24,120.64,0.874,59.97,1,univariable
2026-02-28 22:30:00,229.58,121.93,0.827,59.92,1,univariable
2026-02-28 22:40:00,277.74,122.18,0.828,59.95,1,univariable
2026-02-28 22:50:00,228.02,121.74,0.825,59.96,1,univariable
2026-02-28 23:00:00,271.644,122.211,0.826,59.967,1,univariable
2026-02-28 23:10:00,236.433,122.467,0.833,59.967,1,univariable
2026-02-28 23:20:00,256.03,121.27,0.83,59.96,1,univariable
2026-02-28 23:30:00,230.289,120.567,0.83,59.978,1,univariable
2026-02-28 23:40:00,326.963,117.25,0.845,59.938,1,univariable
2026-02-28 23:50:00,237.8,120.28,0.829,59.92,1,univariable
2026-03-01 00:00:00,260.33,121.07,0.827,59.96,1,univariable
2026-03-01 00:10:00,240.45,121.22,0.821,59.97,1,univariable
2026-03-01 00:20:00,259.02,121.88,0.823,59.94,1,univariable
2026-03-01 00:30:00,237.56,122.02,0.829,59.93,1,univariable
2026-03-01 00:40:00,266.678,121.511,0.827,59.956,1,univariable
2026-03-01 00:50:00,236.89,121.68,0.824,59.93,1,univariable
2026-03-01 01:00:00,300.18,121.45,0.829,59.93,1,univariable
2026-03-01 01:10:00,220.55,121.93,0.834,59.97,1,univariable
2026-03-01 01:20:00,257.556,122.5,0.83,59.967,1,univariable
2026-03-01 01:30:00,225.644,121.411,0.821,59.956,1,univariable
2026-03-01 01:40:00,266.925,121.05,0.822,59.938,1,univariable
2026-03-01 01:50:00,224.611,121.744,0.828,59.989,1,univariable
2026-03-01 02:00:00,248.83,122.27,0.829,59.92,1,univariable
2026-03-01 02:10:00,272.13,121.46,0.845,59.95,1,univariable
2026-03-01 02:20:00,317.7,121.58,0.835,59.98,1,univariable
2026-03-01 02:30:00,207.54,121.53,0.824,59.96,1,univariable
2026-03-01 02:40:00,263.0,121.58,0.825,59.94,1,univariable
2026-03-01 02:50:00,201.2,121.98,0.828,59.95,1,univariable
2026-03-01 03:00:00,603.0,120.08,0.967,59.98,1,univariable
2026-03-01 03:10:00,175.36,121.14,0.829,59.95,1,univariable
2026-03-01 03:20:00,356.45,120.93,0.846,59.97,1,univariable
2026-03-01 03:30:00,384.57,120.53,0.838,59.96,1,univariable
2026-03-01 03:40:00,328.86,121.0,0.824,59.97,1,univariable
2026-03-01 03:50:00,176.43,122.17,0.826,59.96,1,univariable
2026-03-01 04:00:00,310.94,120.84,0.826,59.92,1,univariable
2026-03-01 04:10:00,191.17,121.47,0.827,59.94,1,univariable
2026-03-01 04:20:00,287.65,121.238,0.83,59.938,1,univariable
2026-03-01 04:30:00,203.41,121.53,0.834,59.95,1,univariable
2026-03-01 04:40:00,284.14,121.31,0.827,59.94,1,univariable
2026-03-01 04:50:00,206.556,121.4,0.824,59.967,1,univariable
2026-03-01 05:00:00,262.24,120.56,0.823,59.96,1,univariable
2026-03-01 05:10:00,206.18,121.05,0.825,59.97,1,univariable
2026-03-01 05:20:00,268.1,121.16,0.826,59.93,1,univariable
2026-03-01 05:30:00,267.46,121.01,0.836,59.95,1,univariable
2026-03-01 05:40:00,315.82,120.81,0.832,59.95,1,univariable
2026-03-01 05:50:00,218.55,121.82,0.827,59.97,1,univariable
2026-03-01 06:00:00,271.04,120.97,0.843,59.96,1,univariable
2026-03-01 06:10:00,289.09,118.69,0.865,59.97,1,univariable
2026-03-01 06:20:00,306.22,121.6,0.849,59.95,1,univariable
2026-03-01 06:30:00,263.85,120.34,0.845,59.96,1,univariable
2026-03-01 06:40:00,342.92,119.73,0.845,59.96,1,univariable
2026-03-01 06:50:00,414.03,119.81,0.877,59.96,1,univariable
2026-03-01 07:00:00,255.94,121.5,0.835,59.96,1,univariable
2026-03-01 07:10:00,214.86,120.98,0.827,59.97,1,univariable
2026-03-01 07:20:00,253.878,121.389,0.822,59.956,1,univariable
2026-03-01 07:30:00,270.6,120.822,0.839,59.967,1,univariable
2026-03-01 07:40:00,235.8,119.943,0.83,59.957,1,univariable
2026-03-01 07:50:00,209.45,118.31,0.832,59.96,1,univariable
2026-03-01 08:00:00,229.689,116.733,0.832,59.911,1,univariable
2026-03-01 08:10:00,314.76,119.5,0.847,59.99,1,univariable
2026-03-01 08:20:00,342.63,119.41,0.845,59.97,1,univariable
2026-03-01 08:30:00,211.69,119.67,0.827,59.95,1,univariable
2026-03-01 08:40:00,645.93,117.62,0.91,59.95,1,univariable
2026-03-01 08:50:00,546.767,116.6,0.922,59.967,1,univariable
2026-03-01 09:00:00,905.14,115.76,0.985,59.94,1,univariable
2026-03-01 09:10:00,165.36,117.98,0.816,59.97,1,univariable
2026-03-01 09:20:00,247.84,118.28,0.829,59.99,1,univariable
2026-03-01 09:30:00,368.56,117.22,0.845,59.96,1,univariable
2026-03-01 09:40:00,355.844,116.6,0.849,59.978,1,univariable
2026-03-01 09:50:00,265.1,118.55,0.847,59.96,1,univariable
2026-03-01 10:00:00,450.69,120.26,0.847,59.99,1,univariable
2026-03-01 10:10:00,1049.84,117.01,0.937,59.94,1,univariable
2026-03-01 10:20:00,694.88,117.96,0.9,59.93,1,univariable
2026-03-01 10:30:00,394.78,119.24,0.877,59.96,1,univariable
2026-03-01 10:40:00,263.59,120.78,0.826,59.97,1,univariable
2026-03-01 10:50:00,719.54,120.12,0.946,59.99,1,univariable
2026-03-01 11:00:00,495.9,119.17,0.899,59.95,1,univariable
2026-03-01 11:10:00,392.32,119.59,0.863,59.94,1,univariable
2026-03-01 11:20:00,525.422,119.3,0.91,59.978,1,univariable
2026-03-01 11:30:00,293.28,120.18,0.875,59.96,1,univariable
2026-03-01 11:40:00,288.35,119.5,0.873,59.933,1,univariable
2026-03-01 11:50:00,291.35,119.78,0.872,59.97,1,univariable
2026-03-01 12:00:00,265.7,121.075,0.831,59.962,1,univariable
2026-03-01 12:10:00,433.41,118.38,0.876,59.95,1,univariable
2026-03-01 12:20:00,268.95,119.238,0.862,59.975,1,univariable
2026-03-01 12:30:00,524.07,118.98,0.854,59.99,1,univariable
2026-03-01 12:40:00,418.86,117.6,0.852,59.93,1,univariable
2026-03-01 12:50:00,413.17,117.03,0.869,59.97,1,univariable
2026-03-01 13:00:00,448.0,118.43,0.881,59.96,1,univariable
2026-03-01 13:10:00,470.06,118.32,0.856,59.98,1,univariable
2026-03-01 13:20:00,547.59,116.68,0.875,59.95,1,univariable
2026-03-01 13:30:00,327.7,117.311,0.847,59.956,1,univariable
2026-03-01 13:40:00,378.91,113.71,0.864,59.99,1,univariable
2026-03-01 13:50:00,328.08,113.74,0.856,59.98,1,univariable
2026-03-01 14:00:00,333.3,117.58,0.847,59.95,1,univariable
2026-03-01 14:10:00,548.58,117.79,0.881,59.96,1,univariable
2026-03-01 14:20:00,1113.74,114.88,0.938,59.95,1,univariable
2026-03-01 14:30:00,1034.15,117.22,0.929,59.96,1,univariable
2026-03-01 14:40:00,280.53,118.95,0.88,59.95,1,univariable
2026-03-01 14:50:00,384.27,117.36,0.877,59.97,1,univariable
2026-03-01 15:00:00,789.21,117.25,0.986,59.95,1,univariable
2026-03-01 15:10:00,376.08,119.11,0.914,59.96,1,univariable
2026-03-01 15:20:00,463.98,117.14,0.905,59.96,1,univariable
2026-03-01 15:30:00,648.475,117.888,0.904,59.925,1,univariable
2026-03-01 15:40:00,390.01,118.81,0.877,59.95,1,univariable
2026-03-01 15:50:00,384.667,115.267,0.887,59.967,1,univariable
2026-03-01 16:00:00,388.311,120.122,0.874,59.956,1,univariable
2026-03-01 16:10:00,382.9,120.11,0.871,59.93,1,univariable
2026-03-01 16:20:00,384.42,118.75,0.875,59.94,1,univariable
2026-03-01 16:30:00,362.42,118.88,0.894,59.95,1,univariable
2026-03-01 16:40:00,635.18,116.91,0.904,59.98,1,univariable
2026-03-01 16:50:00,380.2,118.58,0.876,59.95,1,univariable
2026-03-01 17:00:00,290.06,119.02,0.894,59.96,1,univariable
2026-03-01 17:10:00,434.744,118.744,0.877,59.967,1,univariable
2026-03-01 17:20:00,417.51,117.77,0.885,59.96,1,univariable
2026-03-01 17:30:00,368.69,118.14,0.873,59.98,1,univariable
2026-03-01 17:40:00,385.91,118.05,0.875,59.94,1,univariable
2026-03-01 17:50:00,304.76,117.97,0.875,59.97,1,univariable
2026-03-01 18:00:00,428.67,117.85,0.878,59.96,1,univariable
2026-03-01 18:10:00,320.544,118.189,0.883,59.956,1,univariable
2026-03-01 18:20:00,379.45,118.97,0.868,59.95,1,univariable
2026-03-01 18:30:00,292.8,118.76,0.869,59.95,1,univariable
2026-03-01 18:40:00,420.97,118.19,0.888,59.96,1,univariable
2026-03-01 18:50:00,1042.38,115.96,0.937,59.95,1,univariable
2026-03-01 19:00:00,826.711,117.278,0.916,59.978,1,univariable
2026-03-01 19:10:00,494.756,117.411,0.908,59.956,1,univariable
2026-03-01 19:20:00,496.31,115.32,0.895,59.96,1,univariable
2026-03-01 19:30:00,957.8,117.56,0.936,59.96,1,univariable
2026-03-01 19:40:00,845.78,112.81,0.942,59.95,1,univariable
2026-03-01 19:50:00,521.756,118.011,0.918,59.956,1,univariable
2026-03-01 20:00:00,447.83,119.49,0.9,59.99,1,univariable
2026-03-01 20:10:00,414.54,119.3,0.906,59.95,1,univariable
2026-03-01 20:20:00,366.41,117.99,0.903,59.95,1,univariable
2026-03-01 20:30:00,479.256,117.944,0.892,60.0,1,univariable
2026-03-01 20:40:00,299.889,118.011,0.887,59.922,1,univariable
2026-03-01 20:50:00,369.85,117.783,0.885,59.95,1,univariable
2026-03-01 21:00:00,851.63,117.05,0.987,59.95,1,univariable
2026-03-01 21:10:00,319.244,119.0,0.903,59.956,1,univariable
2026-03-01 21:20:00,321.612,119.375,0.899,60.0,1,univariable
2026-03-01 21:30:00,398.79,119.35,0.881,59.97,1,univariable
2026-03-01 21:40:00,458.8,119.55,0.865,59.92,1,univariable
2026-03-01 21:50:00,542.65,117.36,0.878,59.98,1,univariable
2026-03-01 22:00:00,376.61,116.6,0.853,59.98,1,univariable
2026-03-01 22:10:00,281.75,118.59,0.83,59.96,1,univariable
2026-03-01 22:20:00,241.922,118.922,0.832,59.967,1,univariable
2026-03-01 22:30:00,357.36,118.55,0.845,59.96,1,univariable
2026-03-01 22:40:00,409.68,121.58,0.881,59.96,1,univariable
2026-03-01 22:50:00,329.033,121.411,0.827,59.978,1,univariable
2026-03-01 23:00:00,273.12,121.63,0.836,59.94,1,univariable
2026-03-01 23:10:00,320.18,120.97,0.83,59.92,1,univariable
2026-03-01 23:20:00,237.467,122.5,0.823,59.967,1,univariable
2026-03-01 23:30:00,316.01,121.19,0.831,59.94,1,univariable
2026-03-01 23:40:00,245.69,122.08,0.815,59.94,1,univariable
2026-03-01 23:50:00,290.3,122.22,0.828,59.96,1,univariable
2026-03-02 00:00:00,306.01,122.08,0.834,59.92,1,univariable
2026-03-02 00:10:00,272.33,122.65,0.826,59.98,1,univariable
2026-03-02 00:20:00,257.41,123.06,0.815,59.96,1,univariable
2026-03-02 00:30:00,273.4,122.36,0.822,59.94,1,univariable
2026-03-02 00:40:00,259.34,121.46,0.822,59.96,1,univariable
2026-03-02 00:50:00,249.82,119.7,0.828,59.94,1,univariable
2026-03-02 01:00:00,298.81,120.34,0.831,59.96,1,univariable
2026-03-02 01:10:00,349.03,120.25,0.857,59.94,1,univariable
2026-03-02 01:20:00,250.05,121.25,0.824,59.98,1,univariable
2026-03-02 01:30:00,230.788,120.962,0.827,59.95,1,univariable
2026-03-02 01:40:00,247.32,120.71,0.824,59.93,1,univariable
2026-03-02 01:50:00,245.86,121.21,0.825,59.97,1,univariable
2026-03-02 02:00:00,246.61,121.36,0.828,59.96,1,univariable
2026-03-02 02:10:00,264.21,121.02,0.829,59.93,1,univariable
2026-03-02 02:20:00,233.12,120.36,0.822,59.96,1,univariable
2026-03-02 02:30:00,318.35,120.22,0.837,59.92,1,univariable
2026-03-02 02:40:00,234.26,121.47,0.827,59.96,1,univariable
2026-03-02 02:50:00,296.69,121.03,0.834,59.95,1,univariable
2026-03-02 03:00:00,643.2,119.77,0.983,59.96,1,univariable
2026-03-02 03:10:00,174.533,122.078,0.84,59.989,1,univariable
2026-03-02 03:20:00,256.32,121.27,0.836,59.94,1,univariable
2026-03-02 03:30:00,329.56,120.44,0.831,59.96,1,univariable
2026-03-02 03:40:00,327.19,119.83,0.83,59.97,1,univariable
2026-03-02 03:50:00,263.52,120.33,0.83,59.94,1,univariable
2026-03-02 04:00:00,257.314,120.2,0.83,59.971,1,univariable
2026-03-02 04:10:00,273.038,121.55,0.824,59.962,1,univariable
2026-03-02 04:20:00,221.06,121.46,0.829,59.96,1,univariable
2026-03-02 04:30:00,343.73,120.53,0.837,59.93,1,univariable
2026-03-02 04:40:00,253.81,120.21,0.845,59.95,1,univariable
2026-03-02 04:50:00,338.02,119.3,0.835,59.94,1,univariable
2026-03-02 05:00:00,206.2,119.367,0.823,59.978,1,univariable
2026-03-02 05:10:00,344.75,119.07,0.834,59.95,1,univariable
2026-03-02 05:20:00,204.3,118.98,0.833,59.93,1,univariable
2026-03-02 05:30:00,327.65,118.82,0.837,59.94,1,univariable
2026-03-02 05:40:00,266.53,117.36,0.841,59.97,1,univariable
2026-03-02 05:50:00,360.3,117.99,0.841,59.97,1,univariable
2026-03-02 06:00:00,441.94,116.33,0.886,59.95,1,univariable
2026-03-02 06:10:00,407.83,117.76,0.865,59.96,1,univariable
2026-03-02 06:20:00,367.522,119.856,0.872,59.978,1,univariable
2026-03-02 06:30:00,401.89,118.66,0.865,59.93,1,univariable
2026-03-02 06:40:00,269.11,118.94,0.858,59.99,1,univariable
2026-03-02 06:50:00,436.55,118.58,0.865,59.97,1,univariable
2026-03-02 07:00:00,391.133,117.778,0.857,59.978,1,univariable
2026-03-02 07:10:00,310.76,118.76,0.851,59.97,1,univariable
2026-03-02 07:20:00,224.778,119.389,0.848,59.956,1,univariable
2026-03-02 07:30:00,385.26,118.04,0.861,59.97,1,univariable
2026-03-02 07:40:00,216.92,115.98,0.85,59.95,1,univariable
2026-03-02 07:50:00,351.13,117.74,0.858,59.92,1,univariable
2026-03-02 08:00:00,289.17,119.38,0.851,59.96,1,univariable
2026-03-02 08:10:00,272.62,118.75,0.859,59.97,1,univariable
2026-03-02 08:20:00,269.93,118.39,0.849,59.96,1,univariable
2026-03-02 08:30:00,344.72,117.49,0.871,59.97,1,univariable
2026-03-02 08:40:00,406.17,117.68,0.867,59.95,1,univariable
2026-03-02 08:50:00,208.78,118.29,0.853,59.94,1,univariable
2026-03-02 09:00:00,617.588,115.225,0.982,59.975,1,univariable
2026-03-02 09:10:00,193.57,116.01,0.861,59.95,1,univariable
2026-03-02 09:20:00,275.456,117.756,0.859,59.956,1,univariable
2026-03-02 09:30:00,348.12,118.52,0.86,59.94,1,univariable
2026-03-02 09:40:00,341.1,117.488,0.862,59.962,1,univariable
2026-03-02 09:50:00,335.04,116.9,0.861,59.94,1,univariable
2026-03-02 10:00:00,279.6,117.589,0.858,59.989,1,univariable
2026-03-02 10:10:00,254.7,118.467,0.857,59.978,1,univariable
2026-03-02 10:20:00,318.588,117.525,0.857,59.975,1,univariable
2026-03-02 10:30:00,197.75,118.26,0.855,59.95,1,univariable
2026-03-02 10:40:00,336.18,117.32,0.854,59.98,1,univariable
2026-03-02 10:50:00,215.911,117.578,0.856,59.967,1,univariable
2026-03-02 11:00:00,301.45,115.95,0.861,59.92,1,univariable
2026-03-02 11:10:00,253.088,113.888,0.861,59.925,1,univariable
2026-03-02 11:20:00,277.14,116.22,0.857,59.95,1,univariable
2026-03-02 11:30:00,263.678,115.844,0.858,59.944,1,univariable
2026-03-02 11:40:00,232.19,118.4,0.857,59.97,1,univariable
2026-03-02 11:50:00,304.144,117.367,0.856,59.967,1,univariable
2026-03-02 12:00:00,201.3,118.275,0.851,59.962,1,univariable
2026-03-02 12:10:00,392.333,118.911,0.861,59.967,1,univariable
2026-03-02 12:20:00,184.5,120.111,0.848,59.956,1,univariable
2026-03-02 12:30:00,339.64,119.22,0.855,60.0,1,univariable
2026-03-02 12:40:00,220.922,118.567,0.858,59.978,1,univariable
2026-03-02 12:50:00,308.4,118.14,0.857,59.94,1,univariable
2026-03-02 13:00:00,1140.18,116.0,0.942,59.99,1,univariable
2026-03-02 13:10:00,561.244,116.933,0.928,59.967,1,univariable
2026-03-02 13:20:00,601.011,118.6,0.904,59.967,1,univariable
2026-03-02 13:30:00,272.61,118.72,0.898,59.95,1,univariable
2026-03-02 13:40:00,370.333,118.544,0.897,59.944,1,univariable
2026-03-02 13:50:00,295.838,118.45,0.896,59.962,1,univariable
2026-03-02 14:00:00,464.92,118.78,0.89,60.0,1,univariable
2026-03-02 14:10:00,342.26,118.91,0.861,59.98,1,univariable
2026-03-02 14:20:00,230.79,118.28,0.865,59.95,1,univariable
2026-03-02 14:30:00,321.15,118.71,0.859,59.93,1,univariable
2026-03-02 14:40:00,201.86,119.63,0.865,59.97,1,univariable
2026-03-02 14:50:00,391.58,119.14,0.86,59.96,1,univariable
2026-03-02 15:00:00,690.82,117.81,0.989,59.96,1,univariable
2026-03-02 15:10:00,180.75,119.29,0.864,59.95,1,univariable
2026-03-02 15:20:00,274.68,119.21,0.863,59.95,1,univariable
2026-03-02 15:30:00,386.812,117.762,0.87,59.975,1,univariable
2026-03-02 15:40:00,341.91,117.82,0.862,59.96,1,univariable
2026-03-02 15:50:00,1404.788,114.988,0.962,59.988,1,univariable
2026-03-02 16:00:00,232.2,118.15,0.862,59.967,1,univariable
2026-03-02 16:10:00,358.93,118.58,0.865,59.93,1,univariable
2026-03-02 16:20:00,473.34,117.54,0.894,59.94,1,univariable
2026-03-02 16:30:00,349.05,119.59,0.882,59.96,1,univariable
2026-03-02 16:40:00,308.91,119.13,0.851,59.98,1,univariable
2026-03-02 16:50:00,195.65,120.12,0.851,59.95,1,univariable
2026-03-02 17:00:00,437.53,118.47,0.863,59.96,1,univariable
2026-03-02 17:10:00,192.27,120.13,0.855,59.93,1,univariable
2026-03-02 17:20:00,357.867,119.544,0.857,59.978,1,univariable
2026-03-02 17:30:00,211.91,119.71,0.846,59.94,1,univariable
2026-03-02 17:40:00,491.42,116.89,0.881,59.96,1,univariable
2026-03-02 17:50:00,264.729,117.014,0.849,59.929,1,univariable
2026-03-02 18:00:00,306.33,118.46,0.849,59.96,1,univariable
2026-03-02 18:10:00,418.04,118.51,0.869,59.96,1,univariable
2026-03-02 18:20:00,274.39,119.39,0.851,59.97,1,univariable
2026-03-02 18:30:00,405.61,117.04,0.89,59.96,1,univariable
2026-03-02 18:40:00,257.7,117.77,0.885,59.97,1,univariable
2026-03-02 18:50:00,458.27,116.71,0.908,59.98,1,univariable
2026-03-02 19:00:00,519.14,115.34,0.915,59.94,1,univariable
2026-03-02 19:10:00,365.12,117.25,0.91,59.96,1,univariable
2026-03-02 19:20:00,464.762,116.912,0.918,59.95,1,univariable
2026-03-02 19:30:00,450.35,117.56,0.917,59.95,1,univariable
2026-03-02 19:40:00,444.62,114.62,0.916,59.98,1,univariable
2026-03-02 19:50:00,498.88,116.63,0.92,59.97,1,univariable
2026-03-02 20:00:00,397.644,115.556,0.921,59.956,1,univariable
2026-03-02 20:10:00,1129.38,115.01,0.944,59.96,1,univariable
2026-03-02 20:20:00,649.1,117.17,0.904,59.96,1,univariable
2026-03-02 20:30:00,380.85,119.8,0.885,59.96,1,univariable
2026-03-02 20:40:00,331.63,119.7,0.882,59.97,1,univariable
2026-03-02 20:50:00,398.39,118.14,0.884,59.96,1,univariable
2026-03-02 21:00:00,964.16,116.61,0.988,59.98,1,univariable
2026-03-02 21:10:00,444.63,117.88,0.939,59.96,1,univariable
2026-03-02 21:20:00,400.162,119.7,0.916,59.988,1,univariable
2026-03-02 21:30:00,551.675,115.75,0.906,59.975,1,univariable
2026-03-02 21:40:00,642.69,116.99,0.899,59.96,1,univariable
2026-03-02 21:50:00,333.22,119.09,0.841,59.95,1,univariable
2026-03-02 22:00:00,333.87,119.26,0.841,59.97,1,univariable
2026-03-02 22:10:00,209.64,119.55,0.851,59.95,1,univariable
2026-03-02 22:20:00,369.65,118.888,0.862,59.962,1,univariable
2026-03-02 22:30:00,488.312,119.962,0.869,59.95,1,univariable
2026-03-02 22:40:00,190.9,120.35,0.837,59.96,1,univariable
2026-03-02 22:50:00,325.17,119.86,0.829,59.96,1,univariable
2026-03-02 23:00:00,216.53,120.78,0.827,59.96,1,univariable
2026-03-02 23:10:00,263.46,121.4,0.828,59.93,1,univariable
2026-03-02 23:20:00,336.67,121.49,0.833,59.97,1,univariable
2026-03-02 23:30:00,212.15,121.04,0.829,59.93,1,univariable
2026-03-02 23:40:00,385.64,121.53,0.829,59.96,1,univariable
2026-03-02 23:50:00,193.98,122.35,0.834,59.91,1,univariable
2026-03-03 00:00:00,299.23,121.16,0.832,59.95,1,univariable
2026-03-03 00:10:00,241.21,121.71,0.834,59.97,1,univariable
2026-03-03 00:20:00,259.34,121.6,0.831,59.94,1,univariable
2026-03-03 00:30:00,287.12,121.93,0.831,59.95,1,univariable
2026-03-03 00:40:00,261.05,121.51,0.847,59.98,1,univariable
2026-03-03 00:50:00,326.29,121.33,0.829,59.95,1,univariable
2026-03-03 01:00:00,172.8,121.41,0.835,59.95,1,univariable
2026-03-03 01:10:00,315.27,121.33,0.832,59.93,1,univariable
2026-03-03 01:20:00,226.156,122.344,0.833,59.944,1,univariable
2026-03-03 01:30:00,316.75,120.99,0.844,59.95,1,univariable
2026-03-03 01:40:00,251.49,122.62,0.829,59.99,1,univariable
2026-03-03 01:50:00,283.66,122.38,0.846,59.96,1,univariable
2026-03-03 02:00:00,277.13,121.2,0.832,59.93,1,univariable
2026-03-03 02:10:00,300.01,121.01,0.855,59.96,1,univariable
2026-03-03 02:20:00,326.32,121.38,0.826,59.95,1,univariable
2026-03-03 02:30:00,172.456,122.122,0.847,59.978,1,univariable
2026-03-03 02:40:00,309.57,120.63,0.834,59.97,1,univariable
2026-03-03 02:50:00,200.05,121.8,0.838,59.95,1,univariable
2026-03-03 03:00:00,606.89,120.8,0.973,59.96,1,univariable
2026-03-03 03:10:00,175.65,121.92,0.844,59.97,1,univariable
2026-03-03 03:20:00,258.9,122.39,0.839,59.97,1,univariable
2026-03-03 03:30:00,332.4,121.889,0.831,59.978,1,univariable
2026-03-03 03:40:00,368.39,121.89,0.838,59.93,1,univariable
2026-03-03 03:50:00,400.143,121.671,0.839,59.971,1,univariable
2026-03-03 04:00:00,202.77,122.91,0.843,59.97,1,univariable
2026-03-03 04:10:00,300.56,121.6,0.833,59.97,1,univariable
2026-03-03 04:20:00,311.49,121.99,0.844,59.93,1,univariable
2026-03-03 04:30:00,215.58,122.27,0.838,59.95,1,univariable
2026-03-03 04:40:00,309.11,120.61,0.83,59.93,1,univariable
2026-03-03 04:50:00,173.4,121.21,0.83,59.92,1,univariable
2026-03-03 05:00:00,323.13,119.93,0.831,59.96,1,univariable
2026-03-03 05:10:00,203.18,120.73,0.834,59.95,1,univariable
2026-03-03 05:20:00,280.29,119.82,0.835,59.98,1,univariable
2026-03-03 05:30:00,279.67,119.98,0.847,59.97,1,univariable
2026-03-03 05:40:00,855.31,118.4,0.922,59.95,1,univariable
2026-03-03 05:50:00,497.36,119.0,0.863,59.98,1,univariable
2026-03-03 06:00:00,926.74,116.72,0.95,59.99,1,univariable
2026-03-03 06:10:00,310.611,118.811,0.848,59.967,1,univariable
2026-03-03 06:20:00,224.94,119.7,0.85,59.94,1,univariable
2026-03-03 06:30:00,469.88,119.88,0.847,59.94,1,univariable
2026-03-03 06:40:00,232.94,120.83,0.848,59.95,1,univariable
2026-03-03 06:50:00,277.54,119.08,0.837,59.96,1,univariable
2026-03-03 07:00:00,232.86,120.42,0.844,59.93,1,univariable
2026-03-03 07:10:00,245.47,120.99,0.844,59.96,1,univariable
2026-03-03 07:20:00,254.96,119.93,0.835,59.95,1,univariable
2026-03-03 07:30:00,477.72,118.93,0.894,59.94,1,univariable
2026-03-03 07:40:00,464.14,115.89,0.872,59.94,1,univariable
2026-03-03 07:50:00,419.17,117.32,0.896,59.99,1,univariable
2026-03-03 08:00:00,615.14,117.93,0.91,59.94,1,univariable
2026-03-03 08:10:00,325.24,120.34,0.856,59.97,1,univariable
2026-03-03 08:20:00,325.14,118.11,0.853,59.96,1,univariable
2026-03-03 08:30:00,759.92,119.57,0.935,59.97,1,univariable
2026-03-03 08:40:00,365.69,119.33,0.874,59.98,1,univariable
2026-03-03 08:50:00,268.67,118.58,0.833,59.99,1,univariable
2026-03-03 09:00:00,682.15,118.72,0.988,59.97,1,univariable
2026-03-03 09:10:00,162.69,120.12,0.839,59.98,1,univariable
2026-03-03 09:20:00,304.02,120.74,0.85,59.96,1,univariable
2026-03-03 09:30:00,377.72,120.14,0.838,59.96,1,univariable
2026-03-03 09:40:00,427.13,119.59,0.849,59.97,1,univariable
2026-03-03 09:50:00,672.19,118.77,0.886,59.97,1,univariable
2026-03-03 10:00:00,373.867,121.189,0.886,59.956,1,univariable
2026-03-03 10:10:00,623.65,119.17,0.882,59.97,1,univariable
2026-03-03 10:20:00,423.7,119.12,0.862,59.96,1,univariable
2026-03-03 10:30:00,215.29,120.69,0.839,59.96,1,univariable
2026-03-03 10:40:00,320.67,119.89,0.833,59.97,1,univariable
2026-03-03 10:50:00,232.08,119.93,0.85,59.97,1,univariable
2026-03-03 11:00:00,392.08,119.07,0.857,59.95,1,univariable
2026-03-03 11:10:00,278.2,119.06,0.849,59.99,1,univariable
2026-03-03 11:20:00,247.46,119.72,0.842,59.95,1,univariable
2026-03-03 11:30:00,408.87,118.16,0.857,59.93,1,univariable
2026-03-03 11:40:00,168.1,120.133,0.852,59.978,1,univariable
2026-03-03 11:50:00,375.6,116.45,0.857,59.95,1,univariable
2026-03-03 12:00:00,243.13,119.29,0.844,59.99,1,univariable
2026-03-03 12:10:00,254.111,118.589,0.849,59.956,1,univariable
2026-03-03 12:20:00,376.8,118.1,0.852,59.99,1,univariable
2026-03-03 12:30:00,408.14,118.72,0.889,59.95,1,univariable
2026-03-03 12:40:00,351.629,118.329,0.857,59.957,1,univariable
2026-03-03 12:50:00,392.79,116.64,0.883,59.98,1,univariable
2026-03-03 13:00:00,398.75,117.74,0.888,59.97,1,univariable
2026-03-03 13:10:00,342.812,118.038,0.885,59.962,1,univariable
2026-03-03 13:20:00,419.0,118.7,0.905,59.98,1,univariable
2026-03-03 13:30:00,386.01,118.24,0.883,59.96,1,univariable
2026-03-03 13:40:00,307.13,118.98,0.889,59.94,1,univariable
2026-03-03 13:50:00,307.1,118.98,0.891,59.97,1,univariable
2026-03-03 14:00:00,435.92,118.2,0.896,59.94,1,univariable
2026-03-03 14:10:00,257.51,119.13,0.896,59.98,1,univariable
2026-03-03 14:20:00,417.3,118.07,0.886,59.95,1,univariable
2026-03-03 14:30:00,225.58,117.84,0.9,59.97,1,univariable
2026-03-03 14:40:00,376.767,118.689,0.848,59.944,1,univariable
2026-03-03 14:50:00,207.575,119.362,0.849,59.975,1,univariable
2026-03-03 15:00:00,821.24,117.53,0.99,59.93,1,univariable
2026-03-03 15:10:00,166.71,119.75,0.842,59.95,1,univariable
2026-03-03 15:20:00,353.36,119.09,0.855,59.95,1,univariable
2026-03-03 15:30:00,477.59,117.76,0.866,59.98,1,univariable
2026-03-03 15:40:00,381.4,118.756,0.849,59.978,1,univariable
2026-03-03 15:50:00,369.88,118.35,0.848,59.96,1,univariable
2026-03-03 16:00:00,207.83,119.34,0.849,59.99,1,univariable
2026-03-03 16:10:00,249.689,119.233,0.843,59.956,1,univariable
2026-03-03 16:20:00,262.462,118.85,0.844,59.95,1,univariable
2026-03-03 16:30:00,200.17,119.9,0.847,59.96,1,univariable
2026-03-03 16:40:00,372.8,119.85,0.842,59.98,1,univariable
2026-03-03 16:50:00,217.97,120.52,0.859,60.0,1,univariable
2026-03-03 17:00:00,353.37,119.63,0.84,59.96,1,univariable
2026-03-03 17:10:00,195.79,121.01,0.834,59.95,1,univariable
2026-03-03 17:20:00,272.978,119.656,0.84,59.944,1,univariable
2026-03-03 17:30:00,225.44,119.36,0.843,59.94,1,univariable
2026-03-03 17:40:00,295.05,119.14,0.848,59.96,1,univariable
2026-03-03 17:50:00,269.1,120.056,0.828,59.978,1,univariable
2026-03-03 18:00:00,213.2,121.25,0.824,59.95,1,univariable
2026-03-03 18:10:00,396.656,119.667,0.839,59.956,1,univariable
2026-03-03 18:20:00,182.05,119.41,0.815,59.95,1,univariable
2026-03-03 18:30:00,302.57,118.16,0.823,59.94,1,univariable
2026-03-03 18:40:00,170.94,118.15,0.799,59.98,1,univariable
2026-03-03 18:50:00,304.28,118.33,0.816,59.95,1,univariable
2026-03-03 19:00:00,197.925,118.4,0.822,59.988,1,univariable
2026-03-03 19:10:00,451.525,116.838,0.874,59.912,1,univariable
2026-03-03 19:20:00,468.88,115.89,0.904,59.97,1,univariable
2026-03-03 19:30:00,909.289,116.733,0.932,59.967,1,univariable
2026-03-03 19:40:00,473.9,115.49,0.891,59.96,1,univariable
2026-03-03 19:50:00,402.28,118.04,0.871,59.95,1,univariable
2026-03-03 20:00:00,387.47,117.49,0.911,59.98,1,univariable
2026-03-03 20:10:00,446.01,116.2,0.906,59.96,1,univariable
2026-03-03 20:20:00,386.88,118.37,0.915,59.96,1,univariable
2026-03-03 20:30:00,468.438,118.3,0.916,59.962,1,univariable
2026-03-03 20:40:00,466.57,118.07,0.912,59.96,1,univariable
2026-03-03 20:50:00,472.01,117.66,0.925,59.92,1,univariable
2026-03-03 21:00:00,773.638,117.925,0.986,59.988,1,univariable
2026-03-03 21:10:00,305.557,121.243,0.919,59.914,1,univariable
2026-03-03 21:20:00,330.344,120.411,0.894,59.933,1,univariable
2026-03-03 21:30:00,404.578,119.567,0.889,59.989,1,univariable
2026-03-03 21:40:00,456.51,120.73,0.885,59.95,1,univariable
2026-03-03 21:50:00,351.95,121.34,0.849,59.97,1,univariable
2026-03-03 22:00:00,435.362,120.5,0.879,59.95,1,univariable
2026-03-03 22:10:00,346.31,120.93,0.871,59.96,1,univariable
2026-03-03 22:20:00,601.1,120.13,0.885,59.97,1,univariable
2026-03-03 22:30:00,179.62,121.56,0.849,59.96,1,univariable
2026-03-03 22:40:00,382.811,119.844,0.839,59.989,1,univariable
2026-03-03 22:50:00,219.7,118.6,0.831,59.97,1,univariable
2026-03-03 23:00:00,337.35,120.57,0.84,59.96,1,univariable
2026-03-03 23:10:00,257.96,122.0,0.83,59.98,1,univariable
2026-03-03 23:20:00,242.85,118.98,0.835,59.96,1,univariable
2026-03-03 23:30:00,284.5,121.01,0.832,59.98,1,univariable
2026-03-03 23:40:00,214.28,121.22,0.835,59.97,1,univariable
2026-03-03 23:50:00,371.678,120.444,0.843,59.978,1,univariable
2026-03-04 00:00:00,200.75,120.32,0.842,59.97,1,univariable
2026-03-04 00:10:00,332.34,121.6,0.835,59.93,1,univariable
2026-03-04 00:20:00,178.89,122.54,0.83,59.95,1,univariable
2026-03-04 00:30:00,316.85,122.29,0.827,59.99,1,univariable
2026-03-04 00:40:00,257.911,122.944,0.854,59.978,1,univariable
2026-03-04 00:50:00,293.9,122.089,0.83,59.978,1,univariable
2026-03-04 01:00:00,210.78,122.96,0.83,59.97,1,univariable
2026-03-04 01:10:00,333.54,122.34,0.839,59.96,1,univariable
2026-03-04 01:20:00,221.94,123.0,0.838,59.93,1,univariable
2026-03-04 01:30:00,284.09,121.61,0.831,59.97,1,univariable
2026-03-04 01:40:00,223.97,122.5,0.833,59.94,1,univariable
2026-03-04 01:50:00,264.36,122.77,0.829,59.96,1,univariable
2026-03-04 02:00:00,283.14,121.87,0.851,59.98,1,univariable
2026-03-04 02:10:00,247.25,121.69,0.838,59.96,1,univariable
2026-03-04 02:20:00,256.39,122.04,0.836,59.96,1,univariable
2026-03-04 02:30:00,247.89,121.87,0.836,59.97,1,univariable
2026-03-04 02:40:00,241.289,121.9,0.837,59.922,1,univariable
2026-03-04 02:50:00,251.26,122.93,0.84,59.97,1,univariable
2026-03-04 03:00:00,613.07,122.01,0.975,59.97,1,univariable
2026-03-04 03:10:00,171.78,122.9,0.836,59.95,1,univariable
2026-03-04 03:20:00,263.67,122.2,0.836,59.94,1,univariable
2026-03-04 03:30:00,332.06,122.57,0.829,59.96,1,univariable
2026-03-04 03:40:00,330.73,122.23,0.83,59.97,1,univariable
2026-03-04 03:50:00,300.744,122.578,0.827,59.978,1,univariable
2026-03-04 04:00:00,336.31,122.2,0.85,59.95,1,univariable
2026-03-04 04:10:00,295.96,121.72,0.829,59.96,1,univariable
2026-03-04 04:20:00,207.85,122.78,0.841,59.98,1,univariable
2026-03-04 04:30:00,309.289,122.667,0.827,59.967,1,univariable
2026-03-04 04:40:00,175.756,123.122,0.842,59.956,1,univariable
2026-03-04 04:50:00,376.17,121.56,0.833,59.96,1,univariable
2026-03-04 05:00:00,168.01,122.98,0.84,59.95,1,univariable
2026-03-04 05:10:00,308.38,120.86,0.833,59.95,1,univariable
2026-03-04 05:20:00,171.51,121.48,0.839,59.97,1,univariable
2026-03-04 05:30:00,290.73,120.57,0.831,59.97,1,univariable
2026-03-04 05:40:00,1116.311,118.422,0.94,59.967,1,univariable
2026-03-04 05:50:00,421.74,119.49,0.847,59.94,1,univariable
2026-03-04 06:00:00,457.84,119.84,0.895,59.95,1,univariable
2026-03-04 06:10:00,411.933,120.111,0.872,59.978,1,univariable
2026-03-04 06:20:00,250.02,119.85,0.86,59.98,1,univariable
2026-03-04 06:30:00,357.36,119.98,0.841,59.98,1,univariable
2026-03-04 06:40:00,367.64,119.84,0.887,59.95,1,univariable
2026-03-04 06:50:00,303.94,120.37,0.831,59.98,1,univariable
2026-03-04 07:00:00,280.9,118.94,0.869,59.98,1,univariable
2026-03-04 07:10:00,317.344,118.656,0.834,59.956,1,univariable
2026-03-04 07:20:00,293.21,117.52,0.855,59.98,1,univariable
2026-03-04 07:30:00,327.256,117.144,0.864,59.956,1,univariable
2026-03-04 07:40:00,291.8,116.13,0.852,59.97,1,univariable
2026-03-04 07:50:00,274.72,119.73,0.845,59.94,1,univariable
2026-03-04 08:00:00,313.87,118.34,0.834,59.97,1,univariable
2026-03-04 08:10:00,365.85,119.65,0.884,59.97,1,univariable
2026-03-04 08:20:00,502.2,118.77,0.864,59.97,1,univariable
2026-03-04 08:30:00,414.82,117.25,0.878,59.97,1,univariable
2026-03-04 08:40:00,303.8,118.44,0.827,59.96,1,univariable
2026-03-04 08:50:00,259.2,119.35,0.841,59.95,1,univariable
2026-03-04 09:00:00,705.9,115.56,0.985,59.98,1,univariable
2026-03-04 09:10:00,221.48,118.13,0.843,59.96,1,univariable
2026-03-04 09:20:00,264.29,118.2,0.842,59.95,1,univariable
2026-03-04 09:30:00,331.66,117.49,0.846,59.94,1,univariable
2026-03-04 09:40:00,330.83,117.34,0.846,59.97,1,univariable
2026-03-04 09:50:00,249.18,118.34,0.843,59.97,1,univariable
2026-03-04 10:00:00,358.811,118.4,0.858,59.922,1,univariable
2026-03-04 10:10:00,300.578,118.011,0.838,59.967,1,univariable
2026-03-04 10:20:00,180.71,117.74,0.832,59.98,1,univariable
2026-03-04 10:30:00,305.51,118.88,0.833,59.97,1,univariable
2026-03-04 10:40:00,197.5,116.83,0.837,59.98,1,univariable
2026-03-04 10:50:00,280.378,116.733,0.839,59.956,1,univariable
2026-03-04 11:00:00,180.06,117.47,0.833,59.95,1,univariable
2026-03-04 11:10:00,299.87,117.52,0.838,59.99,1,univariable
2026-03-04 11:20:00,186.12,119.15,0.833,59.96,1,univariable
2026-03-04 11:30:00,374.311,117.778,0.847,59.967,1,univariable
2026-03-04 11:40:00,227.5,118.95,0.836,59.95,1,univariable
2026-03-04 11:50:00,468.67,117.03,0.865,59.98,1,univariable
2026-03-04 12:00:00,231.75,119.23,0.842,59.99,1,univariable
2026-03-04 12:10:00,303.75,119.23,0.837,59.99,1,univariable
2026-03-04 12:20:00,181.67,121.9,0.843,59.95,1,univariable
2026-03-04 12:30:00,291.4,122.05,0.829,59.96,1,univariable
2026-03-04 12:40:00,278.9,119.9,0.857,59.967,1,univariable
2026-03-04 12:50:00,465.586,118.571,0.86,59.957,1,univariable
2026-03-04 13:00:00,519.46,116.97,0.873,59.95,1,univariable
2026-03-04 13:10:00,437.65,117.85,0.914,59.97,1,univariable
2026-03-04 13:20:00,347.256,118.044,0.884,59.956,1,univariable
2026-03-04 13:30:00,258.989,118.267,0.894,59.956,1,univariable
2026-03-04 13:40:00,386.68,118.26,0.893,59.96,1,univariable
2026-03-04 13:50:00,275.31,119.17,0.891,59.97,1,univariable
2026-03-04 14:00:00,320.3,119.17,0.884,59.95,1,univariable
2026-03-04 14:10:00,365.212,119.112,0.889,59.938,1,univariable
2026-03-04 14:20:00,388.74,118.99,0.889,59.96,1,univariable
2026-03-04 14:30:00,436.98,118.37,0.893,59.98,1,univariable
2026-03-04 14:40:00,511.44,117.53,0.925,59.97,1,univariable
2026-03-04 14:50:00,707.0,118.13,0.914,59.94,1,univariable
2026-03-04 15:00:00,702.871,118.557,0.987,59.971,1,univariable
2026-03-04 15:10:00,265.17,119.73,0.872,59.94,1,univariable
2026-03-04 15:20:00,501.6,119.889,0.893,59.956,1,univariable
2026-03-04 15:30:00,677.25,118.29,0.899,59.98,1,univariable
2026-03-04 15:40:00,569.89,116.85,0.883,59.96,1,univariable
2026-03-04 15:50:00,542.2,118.033,0.887,59.956,1,univariable
2026-03-04 16:00:00,224.344,119.967,0.846,59.989,1,univariable
2026-03-04 16:10:00,582.267,118.522,0.883,59.978,1,univariable
2026-03-04 16:20:00,228.78,119.15,0.849,59.94,1,univariable
2026-03-04 16:30:00,372.37,119.02,0.851,59.97,1,univariable
2026-03-04 16:40:00,188.011,120.711,0.847,59.956,1,univariable
2026-03-04 16:50:00,289.18,120.39,0.835,59.99,1,univariable
2026-03-04 17:00:00,220.511,121.322,0.842,60.0,1,univariable
2026-03-04 17:10:00,276.06,119.87,0.836,59.9,1,univariable
2026-03-04 17:20:00,225.26,118.82,0.836,59.95,1,univariable
2026-03-04 17:30:00,242.46,118.87,0.832,59.98,1,univariable
2026-03-04 17:40:00,252.344,118.967,0.837,59.967,1,univariable
2026-03-04 17:50:00,226.03,119.69,0.832,59.93,1,univariable
2026-03-04 18:00:00,254.16,120.09,0.825,59.96,1,univariable
2026-03-04 18:10:00,212.97,120.18,0.825,59.95,1,univariable
2026-03-04 18:20:00,701.63,115.96,0.889,59.97,1,univariable
2026-03-04 18:30:00,385.067,118.511,0.884,59.967,1,univariable
2026-03-04 18:40:00,334.54,117.54,0.867,59.95,1,univariable
2026-03-04 18:50:00,242.79,117.71,0.871,59.98,1,univariable
2026-03-04 19:00:00,364.35,116.212,0.869,59.962,1,univariable
2026-03-04 19:10:00,232.38,117.06,0.869,59.95,1,univariable
2026-03-04 19:20:00,371.7,115.5,0.864,59.95,1,univariable
2026-03-04 19:30:00,240.95,115.08,0.862,59.93,1,univariable
2026-03-04 19:40:00,381.36,117.58,0.861,59.95,1,univariable
2026-03-04 19:50:00,230.94,118.25,0.868,59.96,1,univariable
2026-03-04 20:00:00,362.756,116.956,0.864,59.989,1,univariable
2026-03-04 20:10:00,230.889,117.656,0.876,59.978,1,univariable
2026-03-04 20:20:00,369.45,117.78,0.866,59.94,1,univariable
2026-03-04 20:30:00,230.53,119.14,0.876,59.95,1,univariable
2026-03-04 20:40:00,353.7,119.111,0.863,59.967,1,univariable
2026-03-04 20:50:00,248.93,119.31,0.847,59.97,1,univariable
2026-03-04 21:00:00,743.09,117.99,0.966,59.95,1,univariable
2026-03-04 21:10:00,191.93,119.75,0.836,59.95,1,univariable
2026-03-04 21:20:00,310.78,118.78,0.85,59.97,1,univariable
2026-03-04 21:30:00,406.99,119.15,0.862,59.98,1,univariable
2026-03-04 21:40:00,377.58,120.22,0.869,59.94,1,univariable
2026-03-04 21:50:00,244.8,121.73,0.853,59.98,1,univariable
2026-03-04 22:00:00,323.98,119.95,0.844,59.97,1,univariable
2026-03-04 22:10:00,217.4,120.97,0.834,59.94,1,univariable
2026-03-04 22:20:00,335.75,120.612,0.834,59.962,1,univariable
2026-03-04 22:30:00,289.81,120.56,0.841,59.94,1,univariable
2026-03-04 22:40:00,270.088,120.012,0.83,59.95,1,univariable
2026-03-04 22:50:00,241.37,118.05,0.834,59.99,1,univariable
2026-03-04 23:00:00,441.58,119.24,0.87,59.95,1,univariable
2026-03-04 23:10:00,264.21,121.74,0.83,59.96,1,univariable
2026-03-04 23:20:00,211.675,122.312,0.836,59.962,1,univariable
2026-03-04 23:30:00,267.36,121.5,0.826,59.98,1,univariable
2026-03-04 23:40:00,215.16,121.94,0.829,59.97,1,univariable
2026-03-04 23:50:00,272.7,121.612,0.829,59.95,1,univariable
2026-03-05 00:00:00,211.71,119.64,0.841,59.93,1,univariable
2026-03-05 00:10:00,282.43,119.25,0.836,59.96,1,univariable
2026-03-05 00:20:00,248.92,122.18,0.848,59.96,1,univariable
2026-03-05 00:30:00,304.18,122.53,0.824,59.97,1,univariable
2026-03-05 00:40:00,180.789,122.311,0.831,59.967,1,univariable
2026-03-05 00:50:00,299.5,122.133,0.826,59.956,1,univariable
2026-03-05 01:00:00,177.66,122.92,0.831,59.96,1,univariable
2026-03-05 01:10:00,392.95,121.675,0.83,59.975,1,univariable
2026-03-05 01:20:00,180.875,121.675,0.834,59.962,1,univariable
2026-03-05 01:30:00,308.957,120.914,0.83,59.986,1,univariable
2026-03-05 01:40:00,179.97,121.85,0.833,59.93,1,univariable
2026-03-05 01:50:00,312.89,122.12,0.824,59.95,1,univariable
2026-03-05 02:00:00,176.97,122.16,0.842,59.95,1,univariable
2026-03-05 02:10:00,311.19,122.02,0.826,59.96,1,univariable
2026-03-05 02:20:00,179.078,121.956,0.842,59.967,1,univariable
2026-03-05 02:30:00,312.16,121.67,0.826,59.95,1,univariable
2026-03-05 02:40:00,175.46,121.98,0.839,59.93,1,univariable
2026-03-05 02:50:00,310.578,120.989,0.831,59.933,1,univariable
2026-03-05 03:00:00,653.19,120.33,0.972,59.96,1,univariable
2026-03-05 03:10:00,177.812,122.3,0.844,59.938,1,univariable
2026-03-05 03:20:00,242.22,122.19,0.838,59.95,1,univariable
2026-03-05 03:30:00,332.38,121.49,0.831,59.97,1,univariable
2026-03-05 03:40:00,310.722,120.744,0.832,59.922,1,univariable
2026-03-05 03:50:00,176.83,122.29,0.834,59.96,1,univariable
2026-03-05 04:00:00,328.756,121.489,0.83,59.978,1,univariable
2026-03-05 04:10:00,190.65,121.37,0.84,59.96,1,univariable
2026-03-05 04:20:00,302.86,120.9,0.835,59.96,1,univariable
2026-03-05 04:30:00,206.41,121.26,0.836,59.94,1,univariable
2026-03-05 04:40:00,282.15,121.26,0.834,59.97,1,univariable
2026-03-05 04:50:00,206.633,121.611,0.83,59.944,1,univariable
2026-03-05 05:00:00,265.59,121.09,0.832,59.96,1,univariable
2026-03-05 05:10:00,257.25,120.112,0.844,59.962,1,univariable
2026-03-05 05:20:00,298.54,119.18,0.834,59.95,1,univariable
2026-03-05 05:30:00,319.69,119.93,0.855,59.93,1,univariable
2026-03-05 05:40:00,1016.83,116.82,0.926,59.95,1,univariable
2026-03-05 05:50:00,215.7,119.77,0.833,59.95,1,univariable
2026-03-05 06:00:00,266.62,118.98,0.838,59.95,1,univariable
2026-03-05 06:10:00,409.133,118.856,0.883,59.978,1,univariable
2026-03-05 06:20:00,239.889,118.789,0.838,59.978,1,univariable
2026-03-05 06:30:00,209.31,120.08,0.83,59.97,1,univariable
2026-03-05 06:40:00,243.45,122.02,0.826,59.95,1,univariable
2026-03-05 06:50:00,208.06,120.06,0.831,59.96,1,univariable
2026-03-05 07:00:00,292.9,118.64,0.84,59.96,1,univariable
2026-03-05 07:10:00,212.178,119.2,0.833,59.956,1,univariable
2026-03-05 07:20:00,236.73,116.75,0.839,59.96,1,univariable
2026-03-05 07:30:00,264.411,118.156,0.85,59.967,1,univariable
2026-03-05 07:40:00,220.262,118.388,0.84,59.95,1,univariable
2026-03-05 07:50:00,244.42,117.37,0.847,59.94,1,univariable
2026-03-05 08:00:00,265.6,117.81,0.846,59.96,1,univariable
2026-03-05 08:10:00,315.79,118.5,0.843,59.95,1,univariable
2026-03-05 08:20:00,199.678,118.811,0.83,59.933,1,univariable
2026-03-05 08:30:00,542.56,115.81,0.889,59.97,1,univariable
2026-03-05 08:40:00,237.43,119.23,0.841,59.95,1,univariable
2026-03-05 08:50:00,253.17,118.2,0.83,59.96,1,univariable
2026-03-05 09:00:00,669.92,117.14,0.985,59.98,1,univariable
2026-03-05 09:10:00,160.68,118.56,0.834,59.92,1,univariable
2026-03-05 09:20:00,202.45,117.438,0.832,59.962,1,univariable
2026-03-05 09:30:00,321.878,117.867,0.841,59.944,1,univariable
2026-03-05 09:40:00,297.0,117.98,0.835,59.96,1,univariable
2026-03-05 09:50:00,277.078,118.322,0.863,59.944,1,univariable
2026-03-05 10:00:00,366.45,118.32,0.843,59.97,1,univariable
2026-03-05 10:10:00,175.82,118.52,0.838,59.98,1,univariable
2026-03-05 10:20:00,336.38,117.37,0.841,59.96,1,univariable
2026-03-05 10:30:00,178.7,118.56,0.839,60.0,1,univariable
2026-03-05 10:40:00,265.989,118.689,0.837,59.978,1,univariable
2026-03-05 10:50:00,195.79,117.65,0.832,59.98,1,univariable
2026-03-05 11:00:00,256.47,116.99,0.838,59.95,1,univariable
2026-03-05 11:10:00,203.99,116.25,0.838,59.95,1,univariable
2026-03-05 11:20:00,245.81,118.18,0.829,59.95,1,univariable
2026-03-05 11:30:00,263.64,118.89,0.855,59.95,1,univariable
2026-03-05 11:40:00,284.05,116.68,0.846,59.96,1,univariable
2026-03-05 11:50:00,492.88,117.61,0.887,59.95,1,univariable
2026-03-05 12:00:00,291.06,117.42,0.854,59.98,1,univariable
2026-03-05 12:10:00,309.77,119.15,0.847,59.95,1,univariable
2026-03-05 12:20:00,200.37,118.88,0.847,59.97,1,univariable
2026-03-05 12:30:00,296.09,118.02,0.85,59.94,1,univariable
2026-03-05 12:40:00,391.32,118.19,0.875,59.95,1,univariable
2026-03-05 12:50:00,466.44,118.54,0.858,59.96,1,univariable
2026-03-05 13:00:00,387.756,119.544,0.888,59.944,1,univariable
2026-03-05 13:10:00,488.17,118.44,0.899,59.94,1,univariable
2026-03-05 13:20:00,357.1,119.356,0.902,59.967,1,univariable
2026-03-05 13:30:00,331.63,118.44,0.886,59.97,1,univariable
2026-03-05 13:40:00,309.73,118.33,0.896,59.96,1,univariable
2026-03-05 13:50:00,331.17,119.75,0.884,59.96,1,univariable
2026-03-05 14:00:00,258.68,119.77,0.894,59.94,1,univariable
2026-03-05 14:10:00,335.57,120.14,0.88,59.96,1,univariable
2026-03-05 14:20:00,395.06,120.14,0.917,59.97,1,univariable
2026-03-05 14:30:00,434.65,119.77,0.889,59.98,1,univariable
2026-03-05 14:40:00,511.01,118.89,0.912,59.92,1,univariable
2026-03-05 14:50:00,494.333,117.967,0.88,59.967,1,univariable
2026-03-05 15:00:00,706.462,117.562,0.968,59.988,1,univariable
2026-03-05 15:10:00,462.58,118.49,0.921,59.92,1,univariable
2026-03-05 15:20:00,384.87,120.42,0.873,59.97,1,univariable
2026-03-05 15:30:00,524.86,119.5,0.867,59.97,1,univariable
2026-03-05 15:40:00,440.644,120.244,0.853,59.967,1,univariable
2026-03-05 15:50:00,462.3,120.49,0.899,59.97,1,univariable
2026-03-05 16:00:00,294.767,120.9,0.839,59.944,1,univariable
2026-03-05 16:10:00,241.38,120.73,0.838,59.98,1,univariable
2026-03-05 16:20:00,264.66,120.0,0.851,59.99,1,univariable
2026-03-05 16:30:00,254.24,120.14,0.841,59.96,1,univariable
2026-03-05 16:40:00,227.96,121.03,0.838,59.95,1,univariable
2026-03-05 16:50:00,259.91,121.61,0.824,59.95,1,univariable
2026-03-05 17:00:00,214.07,121.21,0.824,59.94,1,univariable
2026-03-05 17:10:00,254.02,121.36,0.818,59.96,1,univariable
2026-03-05 17:20:00,212.24,120.64,0.821,59.95,1,univariable
2026-03-05 17:30:00,244.933,119.311,0.824,59.956,1,univariable
2026-03-05 17:40:00,211.84,119.57,0.831,59.94,1,univariable
2026-03-05 17:50:00,256.57,119.86,0.813,59.96,1,univariable
2026-03-05 18:00:00,747.889,118.767,0.899,59.956,1,univariable
2026-03-05 18:10:00,262.24,120.42,0.817,59.95,1,univariable
2026-03-05 18:20:00,291.2,118.7,0.871,59.956,1,univariable
2026-03-05 18:30:00,319.333,118.367,0.884,59.978,1,univariable
2026-03-05 18:40:00,366.8,120.338,0.892,59.962,1,univariable
2026-03-05 18:50:00,713.711,117.9,0.919,59.978,1,univariable
2026-03-05 19:00:00,319.43,117.77,0.915,59.97,1,univariable
2026-03-05 19:10:00,447.1,116.53,0.903,59.93,1,univariable
2026-03-05 19:20:00,299.21,118.39,0.903,59.95,1,univariable
2026-03-05 19:30:00,434.689,118.956,0.897,59.967,1,univariable
2026-03-05 19:40:00,303.811,121.6,0.911,59.967,1,univariable
2026-03-05 19:50:00,451.689,118.167,0.902,59.956,1,univariable
2026-03-05 20:00:00,315.24,119.43,0.917,59.96,1,univariable
2026-03-05 20:10:00,434.17,118.72,0.883,59.94,1,univariable
2026-03-05 20:20:00,245.7,120.12,0.892,59.99,1,univariable
2026-03-05 20:30:00,483.24,120.24,0.885,59.96,1,univariable
2026-03-05 20:40:00,409.31,120.82,0.911,59.95,1,univariable
2026-03-05 20:50:00,360.7,120.11,0.849,59.93,1,univariable
2026-03-05 21:00:00,713.26,119.11,0.98,59.96,1,univariable
2026-03-05 21:10:00,235.07,119.92,0.889,59.98,1,univariable
2026-03-05 21:20:00,300.33,120.86,0.886,59.94,1,univariable
2026-03-05 21:30:00,389.412,117.875,0.88,59.975,1,univariable
2026-03-05 21:40:00,388.96,119.73,0.871,59.99,1,univariable
2026-03-05 21:50:00,266.41,116.59,0.894,59.95,1,univariable
2026-03-05 22:00:00,381.33,120.0,0.876,59.96,1,univariable
2026-03-05 22:10:00,272.43,118.47,0.893,59.96,1,univariable
2026-03-05 22:20:00,397.99,119.33,0.887,59.97,1,univariable
2026-03-05 22:30:00,257.522,119.356,0.897,59.956,1,univariable
2026-03-05 22:40:00,305.91,117.23,0.863,59.96,1,univariable
2026-03-05 22:50:00,211.0,117.49,0.851,59.95,1,univariable
2026-03-05 23:00:00,294.01,118.2,0.846,59.95,1,univariable
2026-03-05 23:10:00,391.656,121.1,0.886,59.922,1,univariable
2026-03-05 23:20:00,396.94,119.44,0.868,59.98,1,univariable
2026-03-05 23:30:00,313.67,121.05,0.867,59.98,1,univariable
2026-03-05 23:40:00,334.562,120.175,0.849,59.938,1,univariable
2026-03-05 23:50:00,207.978,121.689,0.839,59.956,1,univariable
2026-03-06 00:00:00,281.51,121.39,0.828,59.98,1,univariable
2026-03-06 00:10:00,191.667,121.978,0.843,59.978,1,univariable
2026-03-06 00:20:00,297.12,121.96,0.826,59.98,1,univariable
2026-03-06 00:30:00,187.4,121.58,0.84,59.96,1,univariable
2026-03-06 00:40:00,305.733,122.067,0.828,59.978,1,univariable
2026-03-06 00:50:00,173.233,121.833,0.848,59.978,1,univariable
2026-03-06 01:00:00,293.85,121.64,0.826,59.97,1,univariable
2026-03-06 01:10:00,170.47,122.48,0.846,59.96,1,univariable
2026-03-06 01:20:00,316.056,122.033,0.818,59.989,1,univariable
2026-03-06 01:30:00,191.3,121.833,0.842,59.978,1,univariable
2026-03-06 01:40:00,330.03,121.27,0.836,59.97,1,univariable
2026-03-06 01:50:00,205.17,122.05,0.834,59.98,1,univariable
2026-03-06 02:00:00,258.31,121.63,0.829,59.94,1,univariable
2026-03-06 02:10:00,222.667,121.511,0.84,59.989,1,univariable
2026-03-06 02:20:00,247.03,121.27,0.832,59.97,1,univariable
2026-03-06 02:30:00,248.525,121.575,0.831,59.95,1,univariable
2026-03-06 02:40:00,233.74,122.54,0.831,59.93,1,univariable
2026-03-06 02:50:00,217.271,122.7,0.834,59.971,1,univariable
2026-03-06 03:00:00,630.2,121.97,0.969,59.97,1,univariable
2026-03-06 03:10:00,171.21,122.16,0.842,59.99,1,univariable
2026-03-06 03:20:00,244.68,121.88,0.844,59.94,1,univariable
2026-03-06 03:30:00,330.556,121.133,0.833,59.978,1,univariable
2026-03-06 03:40:00,358.9,121.25,0.836,59.94,1,univariable
2026-03-06 03:50:00,187.66,122.83,0.843,59.98,1,univariable
2026-03-06 04:00:00,358.34,121.76,0.835,59.96,1,univariable
2026-03-06 04:10:00,171.85,122.238,0.845,59.95,1,univariable
2026-03-06 04:20:00,311.06,121.47,0.829,59.92,1,univariable
2026-03-06 04:30:00,171.711,121.578,0.846,59.933,1,univariable
2026-03-06 04:40:00,308.04,121.4,0.829,59.96,1,univariable
2026-03-06 04:50:00,171.644,121.211,0.838,59.944,1,univariable
2026-03-06 05:00:00,339.63,121.29,0.837,59.92,1,univariable
2026-03-06 05:10:00,229.46,121.11,0.844,59.92,1,univariable
2026-03-06 05:20:00,284.989,120.178,0.831,59.967,1,univariable
2026-03-06 05:30:00,244.311,120.656,0.847,59.933,1,univariable
2026-03-06 05:40:00,304.39,118.94,0.835,59.94,1,univariable
2026-03-06 05:50:00,616.31,118.39,0.9,59.95,1,univariable
2026-03-06 06:00:00,659.71,116.21,0.896,59.96,1,univariable
2026-03-06 06:10:00,242.212,117.988,0.869,59.962,1,univariable
2026-03-06 06:20:00,335.83,118.97,0.842,59.97,1,univariable
2026-03-06 06:30:00,176.19,120.01,0.831,59.99,1,univariable
2026-03-06 06:40:00,266.62,120.06,0.828,59.96,1,univariable
2026-03-06 06:50:00,185.838,120.275,0.839,59.925,1,univariable
2026-03-06 07:00:00,429.6,118.222,0.866,59.933,1,univariable
2026-03-06 07:10:00,191.79,118.48,0.838,59.96,1,univariable
2026-03-06 07:20:00,434.86,118.57,0.848,59.95,1,univariable
2026-03-06 07:30:00,163.21,117.97,0.842,59.94,1,univariable
2026-03-06 07:40:00,328.04,118.92,0.833,59.98,1,univariable
2026-03-06 07:50:00,293.23,118.87,0.833,59.96,1,univariable
2026-03-06 08:00:00,389.371,117.871,0.897,59.971,1,univariable
2026-03-06 08:10:00,635.633,118.567,0.889,59.956,1,univariable
2026-03-06 08:20:00,187.71,120.09,0.84,59.95,1,univariable
2026-03-06 08:30:00,469.17,118.95,0.851,59.95,1,univariable
2026-03-06 08:40:00,363.86,118.64,0.852,59.96,1,univariable
2026-03-06 08:50:00,441.17,118.89,0.853,59.99,1,univariable
2026-03-06 09:00:00,655.77,119.44,0.968,59.96,1,univariable
2026-03-06 09:10:00,262.97,121.02,0.859,59.91,1,univariable
2026-03-06 09:20:00,340.8,118.6,0.867,59.93,1,univariable
2026-03-06 09:30:00,321.03,119.19,0.831,59.95,1,univariable
2026-03-06 09:40:00,346.29,119.99,0.83,59.95,1,univariable
2026-03-06 09:50:00,365.2,120.95,0.828,59.95,1,univariable
2026-03-06 10:00:00,310.37,121.26,0.84,59.92,1,univariable
2026-03-06 10:10:00,238.24,120.16,0.832,59.97,1,univariable
2026-03-06 10:20:00,257.23,119.65,0.828,59.95,1,univariable
2026-03-06 10:30:00,226.08,120.29,0.831,59.97,1,univariable
2026-03-06 10:40:00,273.66,119.19,0.831,59.98,1,univariable
2026-03-06 10:50:00,212.4,120.19,0.825,59.95,1,univariable
2026-03-06 11:00:00,271.49,120.51,0.824,59.97,1,univariable
2026-03-06 11:10:00,212.55,119.98,0.832,59.95,1,univariable
2026-03-06 11:20:00,287.411,120.622,0.836,59.944,1,univariable
2026-03-06 11:30:00,213.68,120.18,0.843,59.98,1,univariable
2026-03-06 11:40:00,282.633,119.378,0.832,59.967,1,univariable
2026-03-06 11:50:00,183.05,119.5,0.836,59.975,1,univariable
2026-03-06 12:00:00,258.7,119.438,0.826,59.975,1,univariable
2026-03-06 12:10:00,202.556,120.056,0.833,59.967,1,univariable
2026-03-06 12:20:00,255.78,119.53,0.836,59.96,1,univariable
2026-03-06 12:30:00,224.37,119.66,0.839,59.95,1,univariable
2026-03-06 12:40:00,397.42,119.77,0.878,59.96,1,univariable
2026-03-06 12:50:00,475.74,119.19,0.918,59.92,1,univariable
2026-03-06 13:00:00,353.89,120.3,0.889,59.96,1,univariable
2026-03-06 13:10:00,399.61,119.73,0.902,59.93,1,univariable
2026-03-06 13:20:00,469.817,118.55,0.897,59.967,1,univariable
2026-03-06 13:30:00,1399.13,114.67,0.965,59.95,1,univariable
2026-03-06 13:40:00,848.39,116.94,0.926,59.96,1,univariable
2026-03-06 13:50:00,286.28,119.43,0.889,59.96,1,univariable
2026-03-06 14:00:00,321.68,119.58,0.881,59.98,1,univariable
2026-03-06 14:10:00,278.311,119.367,0.887,59.944,1,univariable
2026-03-06 14:20:00,367.68,119.84,0.883,59.95,1,univariable
2026-03-06 14:30:00,490.68,119.58,0.903,59.96,1,univariable
2026-03-06 14:40:00,481.722,120.444,0.899,59.978,1,univariable
2026-03-06 14:50:00,512.989,119.811,0.916,59.944,1,univariable
2026-03-06 15:00:00,617.91,118.85,0.974,59.99,1,univariable
2026-03-06 15:10:00,161.76,119.29,0.841,59.97,1,univariable
2026-03-06 15:20:00,218.544,118.789,0.848,59.967,1,univariable
2026-03-06 15:30:00,464.738,117.738,0.866,59.95,1,univariable
2026-03-06 15:40:00,318.9,119.26,0.834,59.97,1,univariable
2026-03-06 15:50:00,249.189,120.733,0.828,59.944,1,univariable
2026-03-06 16:00:00,324.212,120.212,0.844,59.962,1,univariable
2026-03-06 16:10:00,250.278,120.867,0.823,59.933,1,univariable
2026-03-06 16:20:00,287.0,121.06,0.826,59.95,1,univariable
2026-03-06 16:30:00,199.889,121.378,0.84,59.967,1,univariable
2026-03-06 16:40:00,386.25,120.425,0.856,59.975,1,univariable
2026-03-06 16:50:00,239.078,119.8,0.826,59.956,1,univariable
2026-03-06 17:00:00,302.32,119.74,0.833,59.98,1,univariable
2026-03-06 17:10:00,341.83,120.27,0.856,59.92,1,univariable
2026-03-06 17:20:00,295.344,120.422,0.838,59.967,1,univariable
2026-03-06 17:30:00,239.044,122.289,0.83,59.967,1,univariable
2026-03-06 17:40:00,277.88,121.85,0.829,59.99,1,univariable
2026-03-06 17:50:00,238.589,120.411,0.826,59.956,1,univariable
2026-03-06 18:00:00,344.31,120.27,0.844,59.95,1,univariable
2026-03-06 18:10:00,269.267,120.311,0.85,59.944,1,univariable
2026-03-06 18:20:00,284.08,120.65,0.832,59.94,1,univariable
2026-03-06 18:30:00,204.76,120.0,0.826,59.95,1,univariable
2026-03-06 18:40:00,304.17,120.06,0.83,59.92,1,univariable
2026-03-06 18:50:00,251.22,118.12,0.845,59.97,1,univariable
2026-03-06 19:00:00,315.056,119.067,0.84,59.956,1,univariable
2026-03-06 19:10:00,291.678,120.033,0.867,59.978,1,univariable
2026-03-06 19:20:00,966.13,116.1,0.924,59.95,1,univariable
2026-03-06 19:30:00,239.54,120.74,0.885,59.95,1,univariable
2026-03-06 19:40:00,418.56,119.94,0.877,59.98,1,univariable
2026-03-06 19:50:00,241.744,121.2,0.888,59.956,1,univariable
2026-03-06 20:00:00,378.744,119.856,0.876,59.944,1,univariable
2026-03-06 20:10:00,289.39,120.25,0.902,59.96,1,univariable
2026-03-06 20:20:00,345.022,119.589,0.871,59.967,1,univariable
2026-03-06 20:30:00,252.422,116.778,0.858,59.978,1,univariable
2026-03-06 20:40:00,275.48,119.34,0.837,59.91,1,univariable
2026-03-06 20:50:00,302.88,119.05,0.846,59.95,1,univariable
2026-03-06 21:00:00,601.314,120.386,0.969,59.929,1,univariable
2026-03-06 21:10:00,166.683,121.033,0.845,60.0,1,univariable
2026-03-06 21:20:00,247.744,119.133,0.839,59.933,1,univariable
2026-03-06 21:30:00,383.3,120.97,0.837,59.95,1,univariable
2026-03-06 21:40:00,325.15,120.19,0.829,59.95,1,univariable
2026-03-06 21:50:00,193.63,122.96,0.846,59.96,1,univariable
2026-03-06 22:00:00,331.17,121.73,0.824,59.98,1,univariable
2026-03-06 22:10:00,362.456,122.367,0.881,59.933,1,univariable
2026-03-06 22:20:00,536.244,121.156,0.866,59.944,1,univariable
2026-03-06 22:30:00,186.57,121.85,0.838,59.95,1,univariable
2026-03-06 22:40:00,293.3,121.53,0.824,59.96,1,univariable
2026-03-06 22:50:00,192.46,121.92,0.833,59.92,1,univariable
2026-03-06 23:00:00,417.544,121.556,0.836,59.967,1,univariable
2026-03-06 23:10:00,222.35,121.99,0.851,59.98,1,univariable
2026-03-06 23:20:00,315.433,121.967,0.827,59.989,1,univariable
2026-03-06 23:30:00,182.37,121.8,0.837,59.95,1,univariable
2026-03-06 23:40:00,301.98,120.96,0.829,59.97,1,univariable
2026-03-06 23:50:00,232.79,122.3,0.85,59.97,1,univariable
2026-03-07 00:00:00,336.433,121.911,0.828,59.989,1,univariable
2026-03-07 00:10:00,179.912,122.775,0.837,59.95,1,univariable
2026-03-07 00:20:00,303.74,121.86,0.832,59.98,1,univariable
2026-03-07 00:30:00,297.52,122.42,0.884,59.97,1,univariable
2026-03-07 00:40:00,573.79,121.32,0.915,59.98,1,univariable
2026-03-07 00:50:00,547.55,120.54,0.93,59.94,1,univariable
2026-03-07 01:00:00,400.5,121.44,0.896,59.96,1,univariable
2026-03-07 01:10:00,272.944,122.389,0.87,59.944,1,univariable
2026-03-07 01:20:00,261.76,122.91,0.829,59.96,1,univariable
2026-03-07 01:30:00,282.11,122.77,0.831,59.95,1,univariable
2026-03-07 01:40:00,283.722,121.311,0.833,59.978,1,univariable
2026-03-07 01:50:00,232.2,120.83,0.833,59.95,1,univariable
2026-03-07 02:00:00,205.856,120.6,0.834,59.956,1,univariable
2026-03-07 02:10:00,254.767,120.367,0.831,59.978,1,univariable
2026-03-07 02:20:00,203.389,121.378,0.839,59.956,1,univariable
2026-03-07 02:30:00,255.74,120.23,0.832,59.99,1,univariable
2026-03-07 02:40:00,184.8,121.57,0.837,59.97,1,univariable
2026-03-07 02:50:00,274.67,120.46,0.831,59.98,1,univariable
2026-03-07 03:00:00,696.089,119.967,0.986,59.967,1,univariable
2026-03-07 03:10:00,170.9,120.66,0.836,59.98,1,univariable
2026-03-07 03:20:00,227.467,120.422,0.838,59.978,1,univariable
2026-03-07 03:30:00,324.85,120.712,0.831,59.938,1,univariable
2026-03-07 03:40:00,285.788,120.988,0.829,59.962,1,univariable
2026-03-07 03:50:00,192.656,121.767,0.843,59.978,1,univariable
2026-03-07 04:00:00,292.73,120.61,0.831,59.94,1,univariable
2026-03-07 04:10:00,190.944,120.778,0.838,59.944,1,univariable
2026-03-07 04:20:00,292.48,120.7,0.831,59.97,1,univariable
2026-03-07 04:30:00,194.388,120.7,0.839,59.962,1,univariable
2026-03-07 04:40:00,292.46,119.96,0.833,59.95,1,univariable
2026-03-07 04:50:00,186.07,120.61,0.83,59.97,1,univariable
2026-03-07 05:00:00,276.04,119.91,0.829,59.94,1,univariable
2026-03-07 05:10:00,232.92,120.86,0.847,59.93,1,univariable
2026-03-07 05:20:00,288.789,120.456,0.829,59.956,1,univariable
2026-03-07 05:30:00,204.55,121.11,0.836,59.98,1,univariable
2026-03-07 05:40:00,278.829,120.486,0.827,59.957,1,univariable
2026-03-07 05:50:00,218.48,120.13,0.83,59.95,1,univariable
2026-03-07 06:00:00,249.05,119.75,0.839,59.93,1,univariable
2026-03-07 06:10:00,205.31,118.97,0.831,59.94,1,univariable
2026-03-07 06:20:00,244.862,121.225,0.826,59.962,1,univariable
2026-03-07 06:30:00,469.425,120.738,0.874,59.988,1,univariable
2026-03-07 06:40:00,229.611,121.778,0.851,59.978,1,univariable
2026-03-07 06:50:00,242.89,120.1,0.836,59.99,1,univariable
2026-03-07 07:00:00,299.24,120.69,0.84,59.96,1,univariable
2026-03-07 07:10:00,318.38,119.56,0.835,59.94,1,univariable
2026-03-07 07:20:00,280.68,120.11,0.855,59.94,1,univariable
2026-03-07 07:30:00,282.13,118.74,0.826,59.94,1,univariable
2026-03-07 07:40:00,164.056,119.822,0.826,59.944,1,univariable
2026-03-07 07:50:00,368.43,119.45,0.847,59.96,1,univariable
2026-03-07 08:00:00,165.58,119.29,0.84,59.93,1,univariable
2026-03-07 08:10:00,265.078,118.367,0.823,59.944,1,univariable
2026-03-07 08:20:00,211.86,116.35,0.832,59.97,1,univariable
2026-03-07 08:30:00,322.51,119.49,0.838,59.97,1,univariable
2026-03-07 08:40:00,244.5,119.622,0.853,59.967,1,univariable
2026-03-07 08:50:00,321.77,119.15,0.837,59.92,1,univariable
2026-03-07 09:00:00,597.54,119.14,0.969,59.94,1,univariable
2026-03-07 09:10:00,175.0,118.956,0.813,59.956,1,univariable
2026-03-07 09:20:00,388.2,118.33,0.862,59.96,1,univariable
2026-03-07 09:30:00,476.42,119.77,0.851,59.97,1,univariable
2026-03-07 09:40:00,321.41,120.74,0.82,59.96,1,univariable
2026-03-07 09:50:00,195.01,121.44,0.821,59.93,1,univariable
2026-03-07 10:00:00,393.0,119.99,0.842,59.94,1,univariable
2026-03-07 10:10:00,270.162,119.938,0.816,59.95,1,univariable
2026-03-07 10:20:00,276.92,119.48,0.823,59.94,1,univariable
2026-03-07 10:30:00,193.72,120.62,0.825,59.98,1,univariable
2026-03-07 10:40:00,364.91,120.86,0.851,59.96,1,univariable
2026-03-07 10:50:00,199.444,120.656,0.827,59.956,1,univariable
2026-03-07 11:00:00,378.18,121.54,0.839,59.94,1,univariable
2026-03-07 11:10:00,574.389,119.7,0.933,59.978,1,univariable
2026-03-07 11:20:00,524.8,119.26,0.881,59.96,1,univariable
2026-03-07 11:30:00,571.0,120.011,0.928,59.978,1,univariable
2026-03-07 11:40:00,488.9,119.73,0.868,59.93,1,univariable
2026-03-07 11:50:00,572.311,119.556,0.934,59.967,1,univariable
2026-03-07 12:00:00,339.61,120.61,0.837,59.94,1,univariable
2026-03-07 12:10:00,665.589,118.611,0.969,59.956,1,univariable
2026-03-07 12:20:00,288.43,119.37,0.828,59.94,1,univariable
2026-03-07 12:30:00,164.86,122.44,0.829,59.93,1,univariable
2026-03-07 12:40:00,288.9,121.967,0.817,59.956,1,univariable
2026-03-07 12:50:00,224.856,122.6,0.851,59.944,1,univariable
2026-03-07 13:00:00,416.722,121.433,0.846,59.956,1,univariable
2026-03-07 13:10:00,257.29,121.94,0.894,59.95,1,univariable
2026-03-07 13:20:00,354.756,121.4,0.878,59.978,1,univariable
2026-03-07 13:30:00,270.58,122.54,0.889,59.97,1,univariable
2026-03-07 13:40:00,375.3,121.475,0.891,59.962,1,univariable
2026-03-07 13:50:00,370.333,122.667,0.869,59.967,1,univariable
2026-03-07 14:00:00,277.52,122.28,0.837,59.96,1,univariable
2026-03-07 14:10:00,214.278,122.678,0.837,59.933,1,univariable
2026-03-07 14:20:00,242.22,122.09,0.828,59.94,1,univariable
2026-03-07 14:30:00,226.0,122.275,0.84,59.975,1,univariable
2026-03-07 14:40:00,280.44,121.52,0.843,59.94,1,univariable
2026-03-07 14:50:00,265.79,121.57,0.843,59.96,1,univariable
2026-03-07 15:00:00,680.55,121.575,0.975,60.0,1,univariable
2026-03-07 15:10:00,233.03,123.13,0.895,59.95,1,univariable
2026-03-07 15:20:00,299.8,123.344,0.887,59.922,1,univariable
2026-03-07 15:30:00,397.3,121.289,0.877,59.956,1,univariable
2026-03-07 15:40:00,380.1,121.65,0.876,59.93,1,univariable
2026-03-07 15:50:00,207.63,122.53,0.834,59.98,1,univariable
2026-03-07 16:00:00,342.71,121.91,0.832,59.96,1,univariable
2026-03-07 16:10:00,208.756,121.511,0.847,59.944,1,univariable
2026-03-07 16:20:00,343.15,121.325,0.864,59.988,1,univariable
2026-03-07 16:30:00,285.4,121.457,0.87,59.943,1,univariable
2026-03-07 16:40:00,347.07,121.83,0.864,59.98,1,univariable
2026-03-07 16:50:00,204.87,122.51,0.856,59.92,1,univariable
2026-03-07 17:00:00,317.367,120.889,0.856,59.944,1,univariable
2026-03-07 17:10:00,196.417,122.15,0.843,59.983,1,univariable
2026-03-07 17:20:00,535.262,120.3,0.871,59.95,1,univariable
2026-03-07 17:30:00,237.589,121.456,0.842,59.989,1,univariable
2026-03-07 17:40:00,346.522,120.133,0.851,59.956,1,univariable
2026-03-07 17:50:00,230.38,121.12,0.832,59.96,1,univariable
2026-03-07 18:00:00,386.12,121.41,0.866,59.95,1,univariable
2026-03-07 18:10:00,403.74,120.93,0.862,59.99,1,univariable
2026-03-07 18:20:00,452.38,119.03,0.87,59.97,1,univariable
2026-03-07 18:30:00,372.02,118.84,0.874,59.94,1,univariable
2026-03-07 18:40:00,424.733,119.167,0.881,59.956,1,univariable
2026-03-07 18:50:00,376.256,120.033,0.896,59.967,1,univariable
2026-03-07 19:00:00,333.14,118.88,0.887,59.95,1,univariable
2026-03-07 19:10:00,406.43,117.15,0.864,59.96,1,univariable
2026-03-07 19:20:00,296.35,120.92,0.859,59.99,1,univariable
2026-03-07 19:30:00,533.767,116.367,0.891,59.956,1,univariable
2026-03-07 19:40:00,416.96,120.58,0.889,59.98,1,univariable
2026-03-07 19:50:00,614.37,120.26,0.89,59.96,1,univariable
2026-03-07 20:00:00,809.7,119.16,0.926,59.97,1,univariable
2026-03-07 20:10:00,453.55,120.6,0.881,59.97,1,univariable
2026-03-07 20:20:00,221.47,121.58,0.865,59.98,1,univariable
2026-03-07 20:30:00,822.556,118.833,0.92,59.956,1,univariable
2026-03-07 20:40:00,386.73,120.49,0.879,59.95,1,univariable
2026-03-07 20:50:00,332.47,121.15,0.867,59.96,1,univariable
2026-03-07 21:00:00,687.36,120.11,0.969,59.96,1,univariable
2026-03-07 21:10:00,221.022,121.289,0.859,59.967,1,univariable
2026-03-07 21:20:00,292.044,123.578,0.867,59.922,1,univariable
2026-03-07 21:30:00,440.1,120.25,0.885,59.96,1,univariable
2026-03-07 21:40:00,572.32,116.9,0.911,59.94,1,univariable
2026-03-07 21:50:00,477.95,118.28,0.917,59.95,1,univariable
2026-03-07 22:00:00,321.66,122.42,0.897,59.96,1,univariable
2026-03-07 22:10:00,424.97,115.98,0.894,59.96,1,univariable
2026-03-07 22:20:00,660.01,120.06,0.944,59.97,1,univariable
2026-03-07 22:30:00,336.689,122.378,0.851,59.989,1,univariable
2026-03-07 22:40:00,236.438,122.588,0.847,59.975,1,univariable
2026-03-07 22:50:00,384.478,122.522,0.844,59.944,1,univariable
2026-03-07 23:00:00,223.46,122.09,0.847,59.97,1,univariable
2026-03-07 23:10:00,300.04,122.69,0.843,59.96,1,univariable
2026-03-07 23:20:00,239.73,122.94,0.843,59.97,1,univariable
2026-03-07 23:30:00,281.96,122.1,0.843,59.96,1,univariable
2026-03-07 23:40:00,314.112,122.8,0.86,59.962,1,univariable
2026-03-07 23:50:00,267.88,122.09,0.844,59.94,1,univariable
2026-03-08 00:00:00,250.488,121.35,0.845,60.0,1,univariable
2026-03-08 00:10:00,250.38,120.88,0.841,59.95,1,univariable
2026-03-08 00:20:00,283.11,120.88,0.843,59.95,1,univariable
2026-03-08 00:30:00,225.975,121.212,0.842,59.912,1,univariable
2026-03-08 00:40:00,296.2,121.47,0.843,59.94,1,univariable
2026-03-08 00:50:00,204.22,121.38,0.841,59.96,1,univariable
2026-03-08 01:00:00,326.69,121.25,0.842,59.96,1,univariable
2026-03-08 01:10:00,187.69,121.17,0.849,59.95,1,univariable
2026-03-08 01:20:00,365.333,120.567,0.854,59.967,1,univariable
2026-03-08 01:30:00,206.478,121.411,0.842,59.944,1,univariable
2026-03-08 01:40:00,297.33,120.94,0.843,59.96,1,univariable
2026-03-08 01:50:00,288.01,121.82,0.857,59.94,1,univariable
2026-03-08 02:00:00,246.862,121.8,0.845,59.988,1,univariable
2026-03-08 02:10:00,248.12,121.42,0.841,59.98,1,univariable
2026-03-08 02:20:00,297.167,122.1,0.851,59.967,1,univariable
2026-03-08 02:30:00,290.19,120.84,0.837,59.94,1,univariable
2026-03-08 02:40:00,225.789,120.956,0.847,59.978,1,univariable
2026-03-08 02:50:00,292.38,120.89,0.84,59.98,1,univariable
2026-03-08 03:00:00,676.2,119.91,0.969,59.99,1,univariable
2026-03-08 03:10:00,188.02,122.09,0.843,59.95,1,univariable
2026-03-08 03:20:00,253.84,121.69,0.848,59.96,1,univariable
2026-03-08 03:30:00,394.21,120.66,0.855,59.97,1,univariable
2026-03-08 03:40:00,326.96,120.36,0.846,59.96,1,univariable
2026-03-08 03:50:00,263.17,120.15,0.848,59.97,1,univariable
2026-03-08 04:00:00,322.92,119.94,0.849,59.95,1,univariable
2026-03-08 04:10:00,205.933,120.0,0.843,59.944,1,univariable
2026-03-08 04:20:00,307.37,119.36,0.846,59.94,1,univariable
2026-03-08 04:30:00,255.16,119.77,0.853,59.96,1,univariable
2026-03-08 04:40:00,307.78,120.41,0.844,59.95,1,univariable
2026-03-08 04:50:00,203.84,120.89,0.843,59.97,1,univariable
2026-03-08 05:00:00,293.5,120.8,0.84,59.98,1,univariable
2026-03-08 05:10:00,265.93,120.41,0.85,59.99,1,univariable
2026-03-08 05:20:00,284.256,119.544,0.844,59.922,1,univariable
2026-03-08 05:30:00,234.89,120.22,0.845,59.96,1,univariable
2026-03-08 05:40:00,261.1,119.73,0.839,59.98,1,univariable
2026-03-08 05:50:00,251.32,120.4,0.846,59.98,1,univariable
2026-03-08 06:00:00,242.67,120.17,0.843,59.99,1,univariable
2026-03-08 06:10:00,256.45,118.09,0.842,59.95,1,univariable
2026-03-08 06:20:00,223.66,120.9,0.839,59.99,1,univariable
2026-03-08 06:30:00,323.68,121.15,0.845,59.99,1,univariable
2026-03-08 06:40:00,365.94,120.77,0.871,59.96,1,univariable
2026-03-08 06:50:00,442.43,120.07,0.858,59.96,1,univariable
2026-03-08 07:00:00,300.09,120.66,0.865,59.94,1,univariable
2026-03-08 07:10:00,334.06,120.16,0.85,59.95,1,univariable
2026-03-08 07:20:00,229.73,119.95,0.854,59.96,1,univariable
2026-03-08 07:30:00,292.556,118.978,0.84,59.989,1,univariable
2026-03-08 07:40:00,180.09,118.24,0.836,59.99,1,univariable
2026-03-08 07:50:00,282.02,118.7,0.839,59.97,1,univariable
2026-03-08 08:00:00,213.53,119.53,0.839,59.94,1,univariable
2026-03-08 08:10:00,316.91,119.16,0.849,59.94,1,univariable
2026-03-08 08:20:00,268.556,117.467,0.853,59.956,1,univariable
2026-03-08 08:30:00,302.67,116.7,0.853,59.97,1,univariable
2026-03-08 08:40:00,239.34,117.06,0.827,59.93,1,univariable
2026-03-08 08:50:00,240.95,117.54,0.84,59.94,1,univariable
2026-03-08 09:00:00,647.69,116.75,0.969,59.95,1,univariable
2026-03-08 09:10:00,194.46,118.96,0.851,59.98,1,univariable
2026-03-08 09:20:00,253.4,118.28,0.852,59.97,1,univariable
2026-03-08 09:30:00,478.844,117.889,0.879,59.933,1,univariable
2026-03-08 09:40:00,568.72,116.88,0.893,59.96,1,univariable
2026-03-08 09:50:00,702.45,118.06,0.924,59.97,1,univariable
2026-03-08 10:00:00,444.89,120.11,0.898,59.97,1,univariable
2026-03-08 10:10:00,356.7,120.49,0.86,59.98,1,univariable
2026-03-08 10:20:00,682.58,119.44,0.953,59.96,1,univariable
2026-03-08 10:30:00,290.26,120.27,0.842,59.96,1,univariable
2026-03-08 10:40:00,696.978,118.022,0.964,59.989,1,univariable
2026-03-08 10:50:00,731.01,118.46,0.905,59.94,1,univariable
2026-03-08 11:00:00,338.675,120.462,0.84,59.962,1,univariable
2026-03-08 11:10:00,647.322,116.044,0.933,59.967,1,univariable
2026-03-08 11:20:00,730.86,119.01,0.942,59.98,1,univariable
2026-03-08 11:30:00,452.925,117.038,0.89,59.962,1,univariable
2026-03-08 11:40:00,426.58,120.92,0.891,59.96,1,univariable
2026-03-08 11:50:00,244.79,122.07,0.893,59.98,1,univariable
2026-03-08 12:00:00,454.09,120.98,0.888,59.96,1,univariable
2026-03-08 12:10:00,259.04,121.2,0.893,59.95,1,univariable
2026-03-08 12:20:00,449.83,121.22,0.895,59.98,1,univariable
2026-03-08 12:30:00,305.87,121.91,0.895,59.96,1,univariable
2026-03-08 12:40:00,756.18,119.61,0.923,59.94,1,univariable
2026-03-08 12:50:00,523.66,117.87,0.931,59.97,1,univariable
2026-03-08 13:00:00,329.311,121.122,0.886,59.967,1,univariable
2026-03-08 13:10:00,634.378,121.078,0.933,59.967,1,univariable
2026-03-08 13:20:00,402.9,121.675,0.894,59.925,1,univariable
2026-03-08 13:30:00,813.64,120.4,0.953,59.94,1,univariable
2026-03-08 13:40:00,511.35,121.7,0.904,59.962,1,univariable
2026-03-08 13:50:00,291.044,121.9,0.848,59.956,1,univariable
2026-03-08 14:00:00,264.55,120.86,0.853,59.97,1,univariable
2026-03-08 14:10:00,319.556,121.933,0.851,59.978,1,univariable
2026-03-08 14:20:00,438.66,119.14,0.863,59.95,1,univariable
2026-03-08 14:30:00,694.09,118.43,0.907,59.98,1,univariable
2026-03-08 14:40:00,820.8,120.76,0.912,59.95,1,univariable
2026-03-08 14:50:00,408.4,121.65,0.88,59.97,1,univariable
2026-03-08 15:00:00,1199.54,118.96,0.99,59.96,1,univariable
2026-03-08 15:10:00,367.762,120.025,0.909,59.962,1,univariable
2026-03-08 15:20:00,410.06,120.59,0.9,59.98,1,univariable
2026-03-08 15:30:00,615.43,121.41,0.902,59.96,1,univariable
2026-03-08 15:40:00,409.075,122.2,0.879,59.962,1,univariable
2026-03-08 15:50:00,451.58,121.54,0.885,59.96,1,univariable
2026-03-08 16:00:00,455.089,119.044,0.891,59.967,1,univariable
2026-03-08 16:10:00,322.31,118.74,0.898,59.97,1,univariable
2026-03-08 16:20:00,396.275,121.025,0.878,59.962,1,univariable
2026-03-08 16:30:00,243.538,121.762,0.891,59.95,1,univariable
2026-03-08 16:40:00,556.27,120.62,0.894,59.98,1,univariable
2026-03-08 16:50:00,588.656,120.967,0.943,59.933,1,univariable
2026-03-08 17:00:00,384.7,121.071,0.89,59.971,1,univariable
2026-03-08 17:10:00,319.13,121.35,0.902,59.96,1,univariable
2026-03-08 17:20:00,381.49,120.98,0.889,59.96,1,univariable
2026-03-08 17:30:00,288.62,120.15,0.889,59.98,1,univariable
2026-03-08 17:40:00,374.211,119.822,0.888,59.967,1,univariable
2026-03-08 17:50:00,308.42,117.59,0.896,59.96,1,univariable
2026-03-08 18:00:00,398.3,120.45,0.894,59.95,1,univariable
2026-03-08 18:10:00,361.14,120.76,0.918,59.93,1,univariable
2026-03-08 18:20:00,391.3,119.52,0.914,59.95,1,univariable
2026-03-08 18:30:00,393.77,117.78,0.919,59.97,1,univariable
2026-03-08 18:40:00,388.27,120.37,0.913,59.96,1,univariable
2026-03-08 18:50:00,522.6,120.71,0.915,59.94,1,univariable
2026-03-08 19:00:00,355.41,117.78,0.909,59.98,1,univariable
2026-03-08 19:10:00,465.189,115.356,0.927,59.967,1,univariable
2026-03-08 19:20:00,387.77,114.95,0.919,59.95,1,univariable
2026-03-08 19:30:00,540.2,118.73,0.919,59.96,1,univariable
2026-03-08 19:40:00,397.09,118.97,0.921,59.96,1,univariable
2026-03-08 19:50:00,566.74,117.69,0.924,59.94,1,univariable
2026-03-08 20:00:00,1134.91,115.77,0.962,59.96,1,univariable
2026-03-08 20:10:00,361.711,119.533,0.892,59.956,1,univariable
2026-03-08 20:20:00,360.75,120.41,0.898,59.98,1,univariable
2026-03-08 20:30:00,489.45,120.162,0.914,59.95,1,univariable
2026-03-08 20:40:00,529.24,117.65,0.924,59.97,1,univariable
2026-03-08 20:50:00,568.062,117.938,0.929,59.962,1,univariable
2026-03-08 21:00:00,838.94,119.16,0.98,59.96,1,univariable
2026-03-08 21:10:00,381.211,120.544,0.922,59.956,1,univariable
2026-03-08 21:20:00,386.62,120.51,0.916,59.96,1,univariable
2026-03-08 21:30:00,483.32,120.46,0.911,59.97,1,univariable
2026-03-08 21:40:00,482.74,121.15,0.91,59.96,1,univariable
2026-03-08 21:50:00,409.77,121.67,0.913,59.95,1,univariable
2026-03-08 22:00:00,432.66,121.39,0.919,59.99,1,univariable
2026-03-08 22:10:00,456.522,121.489,0.912,59.989,1,univariable
2026-03-08 22:20:00,294.48,121.95,0.897,59.96,1,univariable
2026-03-08 22:30:00,536.76,121.37,0.895,59.97,1,univariable
2026-03-08 22:40:00,293.06,121.31,0.888,59.96,1,univariable
2026-03-08 22:50:00,740.2,119.35,0.924,59.96,1,univariable
2026-03-08 23:00:00,237.722,120.989,0.857,59.978,1,univariable
2026-03-08 23:10:00,309.74,121.15,0.84,59.97,1,univariable
2026-03-08 23:20:00,214.5,120.744,0.842,59.989,1,univariable
2026-03-08 23:30:00,331.95,120.07,0.847,59.95,1,univariable
2026-03-08 23:40:00,212.21,121.14,0.838,59.96,1,univariable
2026-03-08 23:50:00,315.62,120.39,0.844,59.96,1,univariable
2026-03-09 00:00:00,214.289,121.189,0.841,59.956,1,univariable
2026-03-09 00:10:00,312.54,120.69,0.843,59.94,1,univariable
2026-03-09 00:20:00,222.63,121.0,0.847,59.96,1,univariable
2026-03-09 00:30:00,310.978,120.967,0.846,59.956,1,univariable
2026-03-09 00:40:00,223.48,121.26,0.843,59.97,1,univariable
2026-03-09 00:50:00,301.18,120.76,0.848,59.93,1,univariable
2026-03-09 01:00:00,212.312,121.338,0.849,59.962,1,univariable
2026-03-09 01:10:00,293.82,120.01,0.847,59.96,1,univariable
2026-03-09 01:20:00,224.16,121.62,0.848,59.94,1,univariable
2026-03-09 01:30:00,282.68,121.31,0.841,59.97,1,univariable
2026-03-09 01:40:00,272.544,120.644,0.838,59.978,1,univariable
2026-03-09 01:50:00,323.51,121.23,0.847,59.94,1,univariable
2026-03-09 02:00:00,235.98,120.55,0.848,59.95,1,univariable
2026-03-09 02:10:00,329.26,119.5,0.85,59.94,1,univariable
2026-03-09 02:20:00,235.34,120.21,0.846,59.96,1,univariable
2026-03-09 02:30:00,273.74,120.28,0.849,59.98,1,univariable
2026-03-09 02:40:00,272.03,121.89,0.857,59.95,1,univariable
2026-03-09 02:50:00,265.47,121.76,0.839,59.96,1,univariable
2026-03-09 03:00:00,615.76,119.85,0.966,59.95,1,univariable
2026-03-09 03:10:00,188.69,121.87,0.848,59.95,1,univariable
2026-03-09 03:20:00,253.31,121.14,0.851,59.98,1,univariable
2026-03-09 03:30:00,398.07,120.54,0.858,59.98,1,univariable
2026-03-09 03:40:00,341.76,120.56,0.85,59.94,1,univariable
2026-03-09 03:50:00,202.06,121.02,0.848,59.96,1,univariable
2026-03-09 04:00:00,327.43,120.99,0.85,59.96,1,univariable
2026-03-09 04:10:00,221.811,121.622,0.84,59.922,1,univariable
2026-03-09 04:20:00,297.2,120.95,0.844,59.98,1,univariable
2026-03-09 04:30:00,234.1,121.19,0.844,59.96,1,univariable
2026-03-09 04:40:00,329.4,120.01,0.856,59.97,1,univariable
2026-03-09 04:50:00,332.66,119.65,0.861,59.94,1,univariable
2026-03-09 05:00:00,260.51,119.1,0.844,59.94,1,univariable
2026-03-09 05:10:00,228.28,119.66,0.846,59.93,1,univariable
2026-03-09 05:20:00,260.7,119.5,0.851,59.94,1,univariable
2026-03-09 05:30:00,246.68,118.13,0.842,59.94,1,univariable
2026-03-09 05:40:00,295.93,118.35,0.855,59.94,1,univariable
2026-03-09 05:50:00,245.52,118.41,0.845,59.97,1,univariable
2026-03-09 06:00:00,351.078,117.378,0.879,59.989,1,univariable
2026-03-09 06:10:00,349.45,118.03,0.882,59.97,1,univariable
2026-03-09 06:20:00,298.54,120.98,0.861,59.96,1,univariable
2026-03-09 06:30:00,290.95,120.97,0.845,59.94,1,univariable
2026-03-09 06:40:00,245.0,121.19,0.84,59.95,1,univariable
2026-03-09 06:50:00,247.911,121.122,0.837,59.956,1,univariable
2026-03-09 07:00:00,307.922,120.256,0.856,59.956,1,univariable
2026-03-09 07:10:00,306.56,119.02,0.854,59.95,1,univariable
2026-03-09 07:20:00,289.73,118.27,0.857,59.97,1,univariable
2026-03-09 07:30:00,335.06,114.54,0.863,59.95,1,univariable
2026-03-09 07:40:00,293.86,118.48,0.845,59.96,1,univariable
2026-03-09 07:50:00,239.56,119.61,0.836,59.97,1,univariable
2026-03-09 08:00:00,329.64,120.19,0.85,59.96,1,univariable
2026-03-09 08:10:00,418.04,119.35,0.86,59.97,1,univariable
2026-03-09 08:20:00,245.12,117.86,0.851,59.98,1,univariable
2026-03-09 08:30:00,334.87,118.1,0.854,59.95,1,univariable
2026-03-09 08:40:00,594.744,118.722,0.936,59.967,1,univariable
2026-03-09 08:50:00,766.43,117.16,0.94,59.97,1,univariable
2026-03-09 09:00:00,575.47,116.53,0.97,59.97,1,univariable
2026-03-09 09:10:00,276.64,119.29,0.869,59.96,1,univariable
2026-03-09 09:20:00,245.95,118.63,0.845,59.98,1,univariable
2026-03-09 09:30:00,339.96,119.3,0.853,59.95,1,univariable
2026-03-09 09:40:00,391.21,119.5,0.858,59.94,1,univariable
2026-03-09 09:50:00,272.87,120.12,0.847,59.97,1,univariable
2026-03-09 10:00:00,326.73,118.76,0.866,59.98,1,univariable
2026-03-09 10:10:00,305.84,119.13,0.865,59.95,1,univariable
2026-03-09 10:20:00,261.1,118.71,0.86,59.96,1,univariable
2026-03-09 10:30:00,542.92,117.59,0.887,59.95,1,univariable
2026-03-09 10:40:00,182.267,118.889,0.848,59.989,1,univariable
2026-03-09 10:50:00,434.87,117.66,0.872,59.98,1,univariable
2026-03-09 11:00:00,250.17,118.94,0.855,59.96,1,univariable
2026-03-09 11:10:00,365.46,118.8,0.867,59.97,1,univariable
2026-03-09 11:20:00,471.612,120.838,0.905,59.938,1,univariable
2026-03-09 11:30:00,396.533,121.344,0.868,59.944,1,univariable
2026-03-09 11:40:00,295.72,120.76,0.857,59.95,1,univariable
2026-03-09 11:50:00,258.63,121.07,0.854,59.97,1,univariable
2026-03-09 12:00:00,458.75,120.86,0.889,59.97,1,univariable
2026-03-09 12:10:00,666.27,120.02,0.907,59.97,1,univariable
2026-03-09 12:20:00,393.833,121.878,0.84,59.944,1,univariable
2026-03-09 12:30:00,560.89,121.0,0.883,59.98,1,univariable
2026-03-09 12:40:00,1308.95,118.74,0.954,59.96,1,univariable
2026-03-09 12:50:00,275.42,122.36,0.861,59.94,1,univariable
2026-03-09 13:00:00,498.43,121.33,0.899,59.94,1,univariable
2026-03-09 13:10:00,258.422,122.633,0.898,59.967,1,univariable
2026-03-09 13:20:00,537.54,121.67,0.896,59.94,1,univariable
2026-03-09 13:30:00,247.9,122.04,0.893,59.93,1,univariable
2026-03-09 13:40:00,364.2,121.322,0.883,59.967,1,univariable
2026-03-09 13:50:00,359.36,121.85,0.898,59.97,1,univariable
2026-03-09 14:00:00,293.238,121.088,0.857,59.975,1,univariable
2026-03-09 14:10:00,258.4,120.36,0.842,59.95,1,univariable
2026-03-09 14:20:00,335.78,120.54,0.859,59.96,1,univariable
2026-03-09 14:30:00,273.0,121.76,0.838,59.99,1,univariable
2026-03-09 14:40:00,213.67,122.25,0.845,59.95,1,univariable
2026-03-09 14:50:00,305.311,122.356,0.838,59.978,1,univariable
2026-03-09 15:00:00,663.512,121.1,0.982,59.975,1,univariable
2026-03-09 15:10:00,246.488,122.012,0.852,59.95,1,univariable
2026-03-09 15:20:00,370.162,120.175,0.879,59.962,1,univariable
2026-03-09 15:30:00,293.13,122.24,0.834,59.92,1,univariable
2026-03-09 15:40:00,444.43,120.93,0.861,59.95,1,univariable
2026-03-09 15:50:00,306.233,121.322,0.853,59.933,1,univariable
2026-03-09 16:00:00,305.611,122.067,0.863,59.967,1,univariable
2026-03-09 16:10:00,333.71,121.37,0.857,59.94,1,univariable
2026-03-09 16:20:00,209.95,118.73,0.853,59.96,1,univariable
2026-03-09 16:30:00,385.844,119.8,0.867,59.967,1,univariable
2026-03-09 16:40:00,256.933,121.356,0.861,59.967,1,univariable
2026-03-09 16:50:00,379.13,119.43,0.866,59.94,1,univariable
2026-03-09 17:00:00,210.1,121.156,0.851,59.967,1,univariable
2026-03-09 17:10:00,331.88,120.46,0.847,59.96,1,univariable
2026-03-09 17:20:00,208.09,118.52,0.827,59.99,1,univariable
2026-03-09 17:30:00,314.4,119.95,0.851,59.95,1,univariable
2026-03-09 17:40:00,259.54,119.88,0.854,59.97,1,univariable
2026-03-09 17:50:00,314.96,120.5,0.851,59.97,1,univariable
2026-03-09 18:00:00,226.24,121.05,0.842,59.95,1,univariable
2026-03-09 18:10:00,351.433,119.9,0.851,59.944,1,univariable
2026-03-09 18:20:00,321.6,119.5,0.884,59.978,1,univariable
2026-03-09 18:30:00,430.089,117.7,0.904,59.956,1,univariable
2026-03-09 18:40:00,337.26,118.23,0.907,60.0,1,univariable
2026-03-09 18:50:00,987.93,113.76,0.948,59.96,1,univariable
2026-03-09 19:00:00,600.99,117.6,0.912,59.93,1,univariable
2026-03-09 19:10:00,371.875,116.525,0.884,59.962,1,univariable
2026-03-09 19:20:00,288.95,117.31,0.874,59.96,1,univariable
2026-03-09 19:30:00,433.644,117.8,0.886,59.967,1,univariable
2026-03-09 19:40:00,306.543,118.0,0.877,59.971,1,univariable
2026-03-09 19:50:00,399.26,116.08,0.892,59.98,1,univariable
2026-03-09 20:00:00,438.075,116.525,0.902,59.988,1,univariable
2026-03-09 20:10:00,336.67,117.73,0.897,59.98,1,univariable
2026-03-09 20:20:00,314.36,116.58,0.894,59.95,1,univariable
2026-03-09 20:30:00,343.84,116.07,0.897,59.97,1,univariable
2026-03-09 20:40:00,422.58,118.28,0.903,59.96,1,univariable
2026-03-09 20:50:00,313.05,118.51,0.891,59.96,1,univariable
2026-03-09 21:00:00,596.457,119.443,0.954,59.943,1,univariable
2026-03-09 21:10:00,444.71,120.29,0.934,59.98,1,univariable
2026-03-09 21:20:00,269.95,121.19,0.903,59.96,1,univariable
2026-03-09 21:30:00,419.04,119.45,0.89,59.96,1,univariable
2026-03-09 21:40:00,412.233,117.944,0.891,60.0,1,univariable
2026-03-09 21:50:00,410.4,118.778,0.901,59.944,1,univariable
2026-03-09 22:00:00,319.15,118.65,0.904,59.96,1,univariable
2026-03-09 22:10:00,436.85,118.888,0.905,59.95,1,univariable
2026-03-09 22:20:00,292.55,119.54,0.905,59.94,1,univariable
2026-03-09 22:30:00,389.05,119.12,0.902,59.95,1,univariable
2026-03-09 22:40:00,262.7,119.989,0.89,59.944,1,univariable
2026-03-09 22:50:00,526.59,119.29,0.893,59.96,1,univariable
2026-03-09 23:00:00,267.33,120.29,0.862,59.97,1,univariable
2026-03-09 23:10:00,297.62,120.51,0.848,59.96,1,univariable
2026-03-09 23:20:00,225.556,120.956,0.85,59.956,1,univariable
2026-03-09 23:30:00,296.33,120.01,0.85,59.93,1,univariable
2026-03-09 23:40:00,221.94,121.13,0.849,59.97,1,univariable
2026-03-09 23:50:00,345.94,119.71,0.855,59.94,1,univariable
2026-03-10 00:00:00,217.13,116.24,0.855,59.93,1,univariable
2026-03-10 00:10:00,330.69,118.5,0.868,59.97,1,univariable
2026-03-10 00:20:00,237.52,119.68,0.854,59.96,1,univariable
2026-03-10 00:30:00,279.64,119.52,0.853,59.97,1,univariable
2026-03-10 00:40:00,304.35,119.97,0.862,59.97,1,univariable
2026-03-10 00:50:00,257.378,120.111,0.849,59.933,1,univariable
2026-03-10 01:00:00,227.9,120.388,0.847,59.95,1,univariable
2026-03-10 01:10:00,263.49,119.94,0.848,59.94,1,univariable
2026-03-10 01:20:00,256.457,120.157,0.853,59.943,1,univariable
2026-03-10 01:30:00,250.93,119.6,0.852,59.94,1,univariable
2026-03-10 01:40:00,244.783,120.267,0.847,59.95,1,univariable
2026-03-10 01:50:00,250.53,120.01,0.855,59.98,1,univariable
2026-03-10 02:00:00,264.0,120.26,0.855,59.95,1,univariable
2026-03-10 02:10:00,230.26,120.57,0.845,59.98,1,univariable
2026-03-10 02:20:00,326.45,120.06,0.853,59.98,1,univariable
2026-03-10 02:30:00,281.289,121.078,0.861,59.978,1,univariable
2026-03-10 02:40:00,281.43,121.41,0.854,59.96,1,univariable
2026-03-10 02:50:00,219.38,121.23,0.849,59.96,1,univariable
2026-03-10 03:00:00,492.57,120.46,0.934,59.95,1,univariable
2026-03-10 03:10:00,332.99,120.49,0.893,59.97,1,univariable
2026-03-10 03:20:00,200.5,120.04,0.849,59.96,1,univariable
2026-03-10 03:30:00,352.875,120.588,0.86,59.975,1,univariable
2026-03-10 03:40:00,398.45,120.09,0.866,59.99,1,univariable
2026-03-10 03:50:00,250.91,121.03,0.858,59.94,1,univariable
2026-03-10 04:00:00,284.11,121.3,0.855,59.95,1,univariable
2026-03-10 04:10:00,267.14,120.61,0.852,59.94,1,univariable
2026-03-10 04:20:00,250.96,120.58,0.855,59.96,1,univariable
2026-03-10 04:30:00,268.57,120.02,0.853,59.97,1,univariable
2026-03-10 04:40:00,285.43,119.45,0.865,59.94,1,univariable
2026-03-10 04:50:00,315.5,120.01,0.851,59.95,1,univariable
2026-03-10 05:00:00,237.367,119.311,0.847,59.944,1,univariable
2026-03-10 05:10:00,267.12,119.77,0.849,59.95,1,univariable
2026-03-10 05:20:00,289.09,119.5,0.85,59.95,1,univariable
2026-03-10 05:30:00,266.95,118.78,0.854,59.97,1,univariable
2026-03-10 05:40:00,457.85,117.98,0.897,59.93,1,univariable
2026-03-10 05:50:00,281.378,118.822,0.889,60.0,1,univariable
2026-03-10 06:00:00,318.99,117.16,0.885,59.96,1,univariable
2026-03-10 06:10:00,405.59,116.24,0.911,59.95,1,univariable
2026-03-10 06:20:00,365.77,118.82,0.884,59.97,1,univariable
2026-03-10 06:30:00,275.28,120.48,0.898,59.96,1,univariable
2026-03-10 06:40:00,349.478,120.667,0.89,59.944,1,univariable
2026-03-10 06:50:00,320.867,121.044,0.907,59.956,1,univariable
2026-03-10 07:00:00,344.067,119.356,0.894,59.967,1,univariable
2026-03-10 07:10:00,272.2,118.76,0.895,59.98,1,univariable
2026-03-10 07:20:00,351.68,118.79,0.896,59.98,1,univariable
2026-03-10 07:30:00,201.04,118.51,0.852,59.95,1,univariable
2026-03-10 07:40:00,384.944,118.322,0.894,59.978,1,univariable
2026-03-10 07:50:00,343.033,118.289,0.896,59.956,1,univariable
2026-03-10 08:00:00,293.3,119.167,0.86,59.956,1,univariable
2026-03-10 08:10:00,224.15,118.81,0.855,59.94,1,univariable
2026-03-10 08:20:00,400.022,118.278,0.876,59.967,1,univariable
2026-03-10 08:30:00,221.04,118.47,0.856,59.95,1,univariable
2026-03-10 08:40:00,338.378,117.967,0.871,59.967,1,univariable
2026-03-10 08:50:00,226.06,119.32,0.864,59.96,1,univariable
2026-03-10 09:00:00,540.29,117.97,0.94,59.94,1,univariable
2026-03-10 09:10:00,387.16,119.51,0.895,59.98,1,univariable
2026-03-10 09:20:00,206.188,119.712,0.854,59.938,1,univariable
2026-03-10 09:30:00,345.48,118.95,0.857,59.95,1,univariable
2026-03-10 09:40:00,336.64,118.91,0.851,59.99,1,univariable
2026-03-10 09:50:00,198.225,116.4,0.851,59.938,1,univariable
2026-03-10 10:00:00,285.97,118.16,0.856,59.97,1,univariable
2026-03-10 10:10:00,230.333,117.822,0.842,59.967,1,univariable
2026-03-10 10:20:00,274.82,118.74,0.856,59.96,1,univariable
2026-03-10 10:30:00,226.16,118.41,0.852,59.93,1,univariable
2026-03-10 10:40:00,261.74,118.88,0.854,59.96,1,univariable
2026-03-10 10:50:00,239.78,118.63,0.853,59.97,1,univariable
2026-03-10 11:00:00,258.31,119.1,0.853,59.97,1,univariable
2026-03-10 11:10:00,243.5,119.0,0.856,59.96,1,univariable
2026-03-10 11:20:00,259.6,118.98,0.859,59.94,1,univariable
2026-03-10 11:30:00,226.98,118.71,0.856,59.96,1,univariable
2026-03-10 11:40:00,256.59,119.03,0.855,59.98,1,univariable
2026-03-10 11:50:00,226.66,119.51,0.851,60.0,1,univariable
2026-03-10 12:00:00,335.144,119.056,0.867,59.967,1,univariable
2026-03-10 12:10:00,233.75,119.31,0.848,59.97,1,univariable
2026-03-10 12:20:00,267.689,118.878,0.848,59.956,1,univariable
2026-03-10 12:30:00,285.29,120.77,0.854,59.98,1,univariable
2026-03-10 12:40:00,286.122,120.056,0.851,59.944,1,univariable
2026-03-10 12:50:00,209.57,120.16,0.851,59.95,1,univariable
2026-03-10 13:00:00,364.86,118.14,0.872,59.97,1,univariable
2026-03-10 13:10:00,966.322,116.422,0.959,59.933,1,univariable
2026-03-10 13:20:00,1116.91,116.88,0.951,59.96,1,univariable
2026-03-10 13:30:00,421.089,118.4,0.897,59.944,1,univariable
2026-03-10 13:40:00,477.622,119.1,0.899,59.989,1,univariable
2026-03-10 13:50:00,268.34,120.3,0.893,59.95,1,univariable
2026-03-10 14:00:00,454.811,120.311,0.894,59.922,1,univariable
2026-03-10 14:10:00,353.51,119.53,0.893,59.98,1,univariable
2026-03-10 14:20:00,329.611,120.2,0.889,59.956,1,univariable
2026-03-10 14:30:00,290.644,119.744,0.886,59.956,1,univariable
2026-03-10 14:40:00,328.178,119.922,0.889,59.933,1,univariable
2026-03-10 14:50:00,258.41,119.84,0.896,59.95,1,univariable
2026-03-10 15:00:00,363.25,119.27,0.891,59.97,1,univariable
2026-03-10 15:10:00,767.662,118.262,0.986,59.975,1,univariable
2026-03-10 15:20:00,439.82,119.26,0.908,59.97,1,univariable
2026-03-10 15:30:00,368.611,119.133,0.874,59.978,1,univariable
2026-03-10 15:40:00,342.46,119.52,0.85,59.95,1,univariable
2026-03-10 15:50:00,260.4,119.475,0.839,59.962,1,univariable
2026-03-10 16:00:00,320.35,119.94,0.872,59.99,1,univariable
2026-03-10 16:10:00,321.73,120.21,0.877,59.94,1,univariable
2026-03-10 16:20:00,349.967,120.522,0.887,59.944,1,univariable
2026-03-10 16:30:00,354.88,120.05,0.883,59.92,1,univariable
2026-03-10 16:40:00,502.689,118.989,0.881,59.967,1,univariable
2026-03-10 16:50:00,407.3,119.09,0.892,59.93,1,univariable
2026-03-10 17:00:00,311.8,118.12,0.878,59.96,1,univariable
2026-03-10 17:10:00,403.56,118.52,0.895,59.96,1,univariable
2026-03-10 17:20:00,346.25,117.44,0.882,59.95,1,univariable
2026-03-10 17:30:00,257.8,119.06,0.877,59.96,1,univariable
2026-03-10 17:40:00,348.22,118.26,0.88,59.95,1,univariable
2026-03-10 17:50:00,314.44,118.23,0.887,59.97,1,univariable
2026-03-10 18:00:00,422.967,118.478,0.889,59.944,1,univariable
2026-03-10 18:10:00,379.29,117.96,0.881,59.92,1,univariable
2026-03-10 18:20:00,433.31,116.11,0.913,59.97,1,univariable
2026-03-10 18:30:00,344.4,116.62,0.905,59.95,1,univariable
2026-03-10 18:40:00,443.28,114.48,0.913,59.94,1,univariable
2026-03-10 18:50:00,386.39,115.1,0.883,59.96,1,univariable
2026-03-10 19:00:00,310.856,114.767,0.883,59.967,1,univariable
2026-03-10 19:10:00,544.233,114.778,0.92,59.967,1,univariable
2026-03-10 19:20:00,435.18,114.71,0.922,59.96,1,univariable
2026-03-10 19:30:00,385.4,114.93,0.894,59.95,1,univariable
2026-03-10 19:40:00,515.778,114.422,0.919,59.956,1,univariable
2026-03-10 19:50:00,364.311,115.678,0.889,59.922,1,univariable
2026-03-10 20:00:00,273.52,115.91,0.885,59.97,1,univariable
2026-03-10 20:10:00,413.73,115.37,0.891,59.96,1,univariable
2026-03-10 20:20:00,285.56,114.46,0.887,59.98,1,univariable
2026-03-10 20:30:00,352.16,116.42,0.887,59.98,1,univariable
2026-03-10 20:40:00,306.03,116.25,0.883,59.97,1,univariable
2026-03-10 20:50:00,317.13,117.06,0.886,59.95,1,univariable
2026-03-10 21:00:00,331.85,115.13,0.893,59.95,1,univariable
2026-03-10 21:10:00,705.17,116.26,0.982,59.94,1,univariable
2026-03-10 21:20:00,254.92,119.38,0.897,59.95,1,univariable
2026-03-10 21:30:00,353.52,119.32,0.899,59.96,1,univariable
2026-03-10 21:40:00,430.933,118.733,0.901,59.944,1,univariable
2026-03-10 21:50:00,373.44,118.34,0.904,59.96,1,univariable
2026-03-10 22:00:00,318.97,118.15,0.91,59.96,1,univariable
2026-03-10 22:10:00,446.356,117.911,0.918,59.944,1,univariable
2026-03-10 22:20:00,591.29,116.06,0.939,59.94,1,univariable
2026-03-10 22:30:00,486.44,120.28,0.918,59.95,1,univariable
2026-03-10 22:40:00,337.54,120.8,0.907,59.97,1,univariable
2026-03-10 22:50:00,278.98,121.58,0.86,59.95,1,univariable
2026-03-10 23:00:00,267.64,119.94,0.855,59.95,1,univariable
2026-03-10 23:10:00,233.29,119.69,0.848,59.98,1,univariable
2026-03-10 23:20:00,273.278,120.089,0.85,59.956,1,univariable
2026-03-10 23:30:00,220.49,118.86,0.85,59.96,1,univariable
2026-03-10 23:40:00,312.7,118.59,0.853,59.97,1,univariable
2026-03-10 23:50:00,190.59,119.69,0.847,59.95,1,univariable
2026-03-11 00:00:00,295.58,119.42,0.852,59.97,1,univariable
2026-03-11 00:10:00,209.433,119.933,0.852,59.989,1,univariable
2026-03-11 00:20:00,296.57,119.58,0.853,59.98,1,univariable
2026-03-11 00:30:00,211.35,118.7,0.846,59.95,1,univariable
2026-03-11 00:40:00,259.6,119.4,0.852,59.933,1,univariable
2026-03-11 00:50:00,319.13,120.3,0.877,59.96,1,univariable
2026-03-11 01:00:00,252.744,119.978,0.86,59.944,1,univariable
2026-03-11 01:10:00,345.444,120.944,0.852,59.978,1,univariable
2026-03-11 01:20:00,225.822,120.644,0.848,59.989,1,univariable
2026-03-11 01:30:00,300.8,119.54,0.854,59.96,1,univariable
2026-03-11 01:40:00,192.54,120.29,0.849,59.98,1,univariable
2026-03-11 01:50:00,304.6,120.075,0.852,59.938,1,univariable
2026-03-11 02:00:00,258.6,120.34,0.859,59.96,1,univariable
2026-03-11 02:10:00,294.77,119.81,0.854,59.98,1,univariable
2026-03-11 02:20:00,273.44,119.88,0.862,59.96,1,univariable
2026-03-11 02:30:00,270.37,120.34,0.849,59.93,1,univariable
2026-03-11 02:40:00,254.29,120.43,0.85,59.94,1,univariable
2026-03-11 02:50:00,235.02,120.43,0.848,59.96,1,univariable
2026-03-11 03:00:00,283.25,119.75,0.856,59.94,1,univariable
2026-03-11 03:10:00,654.29,118.68,0.981,59.94,1,univariable
2026-03-11 03:20:00,193.08,119.67,0.845,59.94,1,univariable
2026-03-11 03:30:00,281.17,119.83,0.854,59.97,1,univariable
2026-03-11 03:40:00,351.288,119.85,0.86,59.962,1,univariable
2026-03-11 03:50:00,305.162,119.325,0.856,59.938,1,univariable
2026-03-11 04:00:00,257.82,120.64,0.853,59.95,1,univariable
2026-03-11 04:10:00,296.089,120.156,0.858,59.956,1,univariable
2026-03-11 04:20:00,255.22,118.71,0.854,59.97,1,univariable
2026-03-11 04:30:00,273.32,119.31,0.855,59.93,1,univariable
2026-03-11 04:40:00,270.12,118.79,0.853,59.97,1,univariable
2026-03-11 04:50:00,235.36,119.41,0.849,59.93,1,univariable
2026-03-11 05:00:00,272.35,119.462,0.852,59.95,1,univariable
2026-03-11 05:10:00,223.38,118.39,0.845,59.95,1,univariable
2026-03-11 05:20:00,296.92,117.78,0.858,59.95,1,univariable
2026-03-11 05:30:00,195.88,118.25,0.849,59.96,1,univariable
2026-03-11 05:40:00,440.97,118.65,0.886,59.95,1,univariable
2026-03-11 05:50:00,252.788,119.812,0.885,59.988,1,univariable
2026-03-11 06:00:00,442.16,119.11,0.894,59.95,1,univariable
2026-03-11 06:10:00,279.85,118.76,0.876,59.95,1,univariable
2026-03-11 06:20:00,300.47,118.06,0.866,59.97,1,univariable
2026-03-11 06:30:00,227.189,120.367,0.852,59.956,1,univariable
2026-03-11 06:40:00,270.25,120.22,0.858,59.96,1,univariable
2026-03-11 06:50:00,264.678,120.7,0.864,59.967,1,univariable
2026-03-11 07:00:00,340.17,119.68,0.883,59.96,1,univariable
2026-03-11 07:10:00,270.65,118.34,0.862,59.99,1,univariable
2026-03-11 07:20:00,323.36,118.01,0.879,59.96,1,univariable
2026-03-11 07:30:00,298.11,117.73,0.862,59.96,1,univariable
2026-03-11 07:40:00,312.044,116.5,0.886,59.944,1,univariable
2026-03-11 07:50:00,301.69,117.75,0.87,59.94,1,univariable
2026-03-11 08:00:00,180.33,116.81,0.842,59.94,1,univariable
2026-03-11 08:10:00,289.01,116.31,0.856,59.98,1,univariable
2026-03-11 08:20:00,196.65,117.48,0.846,59.97,1,univariable
2026-03-11 08:30:00,279.456,118.089,0.849,59.956,1,univariable
2026-03-11 08:40:00,234.467,117.8,0.848,59.956,1,univariable
2026-03-11 08:50:00,238.71,118.69,0.849,59.97,1,univariable
2026-03-11 09:00:00,239.26,116.08,0.848,59.96,1,univariable
2026-03-11 09:10:00,618.79,114.82,0.98,59.96,1,univariable
2026-03-11 09:20:00,183.82,115.43,0.851,59.98,1,univariable
2026-03-11 09:30:00,259.533,117.478,0.851,59.933,1,univariable
2026-03-11 09:40:00,337.48,116.07,0.863,59.97,1,univariable
2026-03-11 09:50:00,271.47,116.41,0.856,59.97,1,univariable
2026-03-11 10:00:00,243.01,116.81,0.853,59.97,1,univariable
2026-03-11 10:10:00,258.13,116.6,0.851,59.94,1,univariable
2026-03-11 10:20:00,245.15,117.57,0.85,59.94,1,univariable
2026-03-11 10:30:00,296.97,118.48,0.842,59.98,1,univariable
2026-03-11 10:40:00,261.66,118.29,0.851,59.93,1,univariable
2026-03-11 10:50:00,227.38,120.1,0.851,59.96,1,univariable
2026-03-11 11:00:00,279.34,120.11,0.851,59.97,1,univariable
2026-03-11 11:10:00,212.22,119.42,0.85,59.95,1,univariable
2026-03-11 11:20:00,282.6,118.733,0.85,59.956,1,univariable
2026-03-11 11:30:00,203.237,119.125,0.846,59.95,1,univariable
2026-03-11 11:40:00,290.19,120.03,0.849,59.94,1,univariable
2026-03-11 11:50:00,183.838,120.812,0.854,59.95,1,univariable
2026-03-11 12:00:00,308.122,120.878,0.851,59.989,1,univariable
2026-03-11 12:10:00,213.52,121.79,0.849,59.99,1,univariable
2026-03-11 12:20:00,535.088,120.012,0.892,59.95,1,univariable
2026-03-11 12:30:00,400.99,118.89,0.893,59.95,1,univariable
2026-03-11 12:40:00,388.167,119.278,0.91,59.956,1,univariable
2026-03-11 12:50:00,451.367,119.678,0.894,59.967,1,univariable
2026-03-11 13:00:00,434.09,119.43,0.929,59.93,1,univariable
2026-03-11 13:10:00,335.35,119.24,0.895,59.94,1,univariable
2026-03-11 13:20:00,338.77,119.83,0.896,59.98,1,univariable
2026-03-11 13:30:00,377.19,122.11,0.892,59.94,1,univariable
2026-03-11 13:40:00,329.29,120.71,0.89,59.95,1,univariable
2026-03-11 13:50:00,291.32,121.25,0.892,59.94,1,univariable
2026-03-11 14:00:00,354.39,121.46,0.889,59.96,1,univariable
2026-03-11 14:10:00,319.822,121.556,0.904,59.944,1,univariable
2026-03-11 14:20:00,350.34,120.3,0.891,59.98,1,univariable
2026-03-11 14:30:00,342.17,120.15,0.908,59.98,1,univariable
2026-03-11 14:40:00,599.25,119.57,0.899,59.93,1,univariable
2026-03-11 14:50:00,247.27,120.19,0.85,59.95,1,univariable
2026-03-11 15:00:00,353.067,120.344,0.858,59.989,1,univariable
2026-03-11 15:10:00,663.92,119.44,0.981,59.97,1,univariable
2026-03-11 15:20:00,193.59,121.3,0.844,59.97,1,univariable
2026-03-11 15:30:00,306.4,121.425,0.852,59.962,1,univariable
2026-03-11 15:40:00,359.84,121.06,0.852,59.93,1,univariable
2026-03-11 15:50:00,315.033,123.033,0.85,59.944,1,univariable
2026-03-11 16:00:00,243.0,123.9,0.851,59.97,1,univariable
2026-03-11 16:10:00,337.03,122.47,0.854,59.93,1,univariable
2026-03-11 16:20:00,289.42,121.15,0.865,59.95,1,univariable
2026-03-11 16:30:00,280.644,121.889,0.85,59.944,1,univariable
2026-03-11 16:40:00,258.42,122.52,0.836,59.96,1,univariable
2026-03-11 16:50:00,256.29,121.05,0.84,59.96,1,univariable
2026-03-11 17:00:00,282.81,119.44,0.854,59.93,1,univariable
2026-03-11 17:10:00,225.222,119.911,0.85,59.956,1,univariable
2026-03-11 17:20:00,324.438,118.938,0.854,59.95,1,univariable
2026-03-11 17:30:00,195.96,119.73,0.832,59.95,1,univariable
2026-03-11 17:40:00,318.54,119.77,0.846,59.96,1,univariable
2026-03-11 17:50:00,211.5,120.2,0.84,59.989,1,univariable
2026-03-11 18:00:00,312.93,120.26,0.848,59.97,1,univariable
2026-03-11 18:10:00,210.0,119.83,0.836,59.94,1,univariable
2026-03-11 18:20:00,284.22,116.31,0.847,59.99,1,univariable
2026-03-11 18:30:00,293.39,116.58,0.843,59.95,1,univariable
2026-03-11 18:40:00,824.32,115.17,0.914,59.92,1,univariable
2026-03-11 18:50:00,903.022,113.978,0.939,59.944,1,univariable
2026-03-11 19:00:00,1041.9,115.07,0.949,59.95,1,univariable
2026-03-11 19:10:00,495.84,117.45,0.89,59.96,1,univariable
2026-03-11 19:20:00,336.778,117.533,0.881,59.967,1,univariable
2026-03-11 19:30:00,369.86,117.36,0.876,59.97,1,univariable
2026-03-11 19:40:00,295.47,117.96,0.871,59.96,1,univariable
2026-03-11 19:50:00,410.71,116.15,0.887,59.98,1,univariable
2026-03-11 20:00:00,310.32,116.35,0.885,59.95,1,univariable
2026-03-11 20:10:00,328.91,117.42,0.886,59.95,1,univariable
2026-03-11 20:20:00,574.933,116.922,0.921,60.0,1,univariable
2026-03-11 20:30:00,668.45,115.97,0.911,60.0,1,univariable
2026-03-11 20:40:00,617.0,116.767,0.92,59.956,1,univariable
2026-03-11 20:50:00,234.91,112.97,0.847,59.96,1,univariable
2026-03-11 21:00:00,304.622,115.022,0.849,59.967,1,univariable
2026-03-11 21:10:00,673.62,118.71,0.979,59.95,1,univariable
2026-03-11 21:20:00,204.489,119.856,0.838,59.956,1,univariable
2026-03-11 21:30:00,324.88,119.52,0.851,59.96,1,univariable
2026-03-11 21:40:00,361.19,120.14,0.846,59.98,1,univariable
2026-03-11 21:50:00,301.322,119.378,0.847,59.956,1,univariable
2026-03-11 22:00:00,231.657,116.4,0.849,59.957,1,univariable
2026-03-11 22:10:00,291.022,117.344,0.854,59.944,1,univariable
2026-03-11 22:20:00,235.05,117.79,0.851,59.97,1,univariable
2026-03-11 22:30:00,265.8,118.55,0.851,59.95,1,univariable
2026-03-11 22:40:00,427.938,120.65,0.888,59.962,1,univariable
2026-03-11 22:50:00,353.05,120.45,0.863,59.97,1,univariable
2026-03-11 23:00:00,276.5,119.91,0.847,59.96,1,univariable
2026-03-11 23:10:00,238.99,119.74,0.848,59.98,1,univariable
2026-03-11 23:20:00,286.03,120.92,0.843,59.92,1,univariable
2026-03-11 23:30:00,224.55,120.8,0.836,59.96,1,univariable
2026-03-11 23:40:00,278.186,120.2,0.844,59.929,1,univariable
2026-03-11 23:50:00,192.278,120.911,0.843,59.944,1,univariable
2026-03-12 00:00:00,319.37,121.13,0.845,59.95,1,univariable
2026-03-12 00:10:00,193.14,121.78,0.845,59.96,1,univariable
2026-03-12 00:20:00,298.9,121.05,0.844,59.97,1,univariable
2026-03-12 00:30:00,226.3,121.46,0.842,59.96,1,univariable
2026-03-12 00:40:00,273.18,121.53,0.846,59.96,1,univariable
2026-03-12 00:50:00,242.19,121.52,0.84,59.94,1,univariable
2026-03-12 01:00:00,262.944,121.333,0.846,59.989,1,univariable
2026-03-12 01:10:00,291.05,121.362,0.842,59.95,1,univariable
2026-03-12 01:20:00,223.46,121.55,0.842,59.98,1,univariable
2026-03-12 01:30:00,335.67,121.7,0.848,59.92,1,univariable
2026-03-12 01:40:00,209.2,122.63,0.839,59.98,1,univariable
2026-03-12 01:50:00,315.1,122.022,0.846,59.967,1,univariable
2026-03-12 02:00:00,193.422,122.011,0.841,59.933,1,univariable
2026-03-12 02:10:00,288.362,121.362,0.845,59.975,1,univariable
2026-03-12 02:20:00,205.03,121.53,0.843,59.94,1,univariable
2026-03-12 02:30:00,285.05,121.95,0.843,59.94,1,univariable
2026-03-12 02:40:00,239.37,122.57,0.841,59.95,1,univariable
2026-03-12 02:50:00,255.97,121.68,0.838,59.97,1,univariable
2026-03-12 03:00:00,258.044,122.444,0.838,59.956,1,univariable
2026-03-12 03:10:00,594.18,121.35,0.953,59.96,1,univariable
2026-03-12 03:20:00,242.93,121.3,0.852,59.96,1,univariable
2026-03-12 03:30:00,282.64,122.2,0.847,59.97,1,univariable
2026-03-12 03:40:00,348.84,120.45,0.851,59.95,1,univariable
2026-03-12 03:50:00,266.5,119.75,0.845,59.96,1,univariable
2026-03-12 04:00:00,304.84,120.52,0.858,59.95,1,univariable
2026-03-12 04:10:00,270.69,120.05,0.847,59.97,1,univariable
2026-03-12 04:20:00,251.72,119.79,0.852,59.95,1,univariable
2026-03-12 04:30:00,251.87,119.18,0.842,59.96,1,univariable
2026-03-12 04:40:00,269.82,118.47,0.846,59.96,1,univariable
2026-03-12 04:50:00,334.82,118.17,0.867,59.95,1,univariable
2026-03-12 05:00:00,272.48,118.64,0.858,59.94,1,univariable
2026-03-12 05:10:00,231.29,118.25,0.85,59.95,1,univariable
2026-03-12 05:20:00,302.8,117.4,0.86,59.989,1,univariable
2026-03-12 05:30:00,253.61,117.14,0.845,59.95,1,univariable
2026-03-12 05:40:00,311.72,117.68,0.855,59.93,1,univariable
2026-03-12 05:50:00,188.57,119.63,0.842,59.94,1,univariable
2026-03-12 06:00:00,606.211,118.422,0.904,59.944,1,univariable
2026-03-12 06:10:00,206.1,118.83,0.857,59.94,1,univariable
2026-03-12 06:20:00,296.65,119.65,0.855,59.94,1,univariable
2026-03-12 06:30:00,198.43,120.5,0.84,59.95,1,univariable
2026-03-12 06:40:00,277.77,120.92,0.829,59.96,1,univariable
2026-03-12 06:50:00,216.08,120.16,0.841,59.98,1,univariable
2026-03-12 07:00:00,235.57,118.01,0.843,59.93,1,univariable
2026-03-12 07:10:00,240.51,118.15,0.843,59.96,1,univariable
2026-03-12 07:20:00,223.73,118.29,0.841,59.96,1,univariable
2026-03-12 07:30:00,415.156,116.044,0.891,59.956,1,univariable
2026-03-12 07:40:00,266.26,118.59,0.848,59.98,1,univariable
2026-03-12 07:50:00,435.34,116.97,0.876,59.94,1,univariable
2026-03-12 08:00:00,194.96,119.47,0.847,59.93,1,univariable
2026-03-12 08:10:00,421.29,120.17,0.87,59.97,1,univariable
2026-03-12 08:20:00,754.14,118.91,0.923,59.96,1,univariable
2026-03-12 08:30:00,1666.6,116.2,0.992,59.944,1,univariable
2026-03-12 08:40:00,215.03,120.11,0.847,59.97,1,univariable
2026-03-12 08:50:00,373.13,118.55,0.871,59.96,1,univariable
2026-03-12 09:00:00,351.075,119.9,0.871,59.962,1,univariable
2026-03-12 09:10:00,675.84,118.91,0.971,59.98,1,univariable
2026-03-12 09:20:00,216.26,119.69,0.846,59.94,1,univariable
2026-03-12 09:30:00,318.078,121.522,0.854,59.956,1,univariable
2026-03-12 09:40:00,354.362,121.312,0.856,59.938,1,univariable
2026-03-12 09:50:00,284.2,119.98,0.857,59.99,1,univariable
2026-03-12 10:00:00,505.84,119.76,0.906,59.98,1,univariable
2026-03-12 10:10:00,661.55,118.46,0.901,59.95,1,univariable
2026-03-12 10:20:00,622.11,117.84,0.899,59.95,1,univariable
2026-03-12 10:30:00,426.289,117.622,0.89,60.0,1,univariable
2026-03-12 10:40:00,406.57,118.08,0.874,59.96,1,univariable
2026-03-12 10:50:00,256.32,118.75,0.838,59.95,1,univariable
2026-03-12 11:00:00,506.75,117.98,0.895,59.96,1,univariable
2026-03-12 11:10:00,466.31,117.65,0.877,59.96,1,univariable
2026-03-12 11:20:00,501.05,117.39,0.887,59.98,1,univariable
2026-03-12 11:30:00,964.38,115.91,0.924,59.98,1,univariable
2026-03-12 11:40:00,467.875,117.6,0.865,59.962,1,univariable
2026-03-12 11:50:00,440.92,119.64,0.865,59.96,1,univariable
2026-03-12 12:00:00,185.56,121.44,0.839,59.95,1,univariable
2026-03-12 12:10:00,424.24,120.08,0.863,59.97,1,univariable
2026-03-12 12:20:00,316.3,119.96,0.862,59.97,1,univariable
2026-03-12 12:30:00,295.19,119.45,0.856,59.96,1,univariable
2026-03-12 12:40:00,499.36,115.61,0.904,59.95,1,univariable
2026-03-12 12:50:00,286.1,120.26,0.878,59.94,1,univariable
2026-03-12 13:00:00,334.91,117.86,0.896,59.98,1,univariable
2026-03-12 13:10:00,527.92,118.81,0.916,59.96,1,univariable
2026-03-12 13:20:00,490.222,120.1,0.909,59.967,1,univariable
2026-03-12 13:30:00,306.32,120.24,0.894,59.94,1,univariable
2026-03-12 13:40:00,351.1,120.29,0.887,59.95,1,univariable
2026-03-12 13:50:00,276.04,119.36,0.89,59.99,1,univariable
2026-03-12 14:00:00,619.52,116.41,0.919,59.96,1,univariable
2026-03-12 14:10:00,411.28,118.58,0.913,59.95,1,univariable
2026-03-12 14:20:00,382.71,120.59,0.887,59.94,1,univariable
2026-03-12 14:30:00,244.56,120.88,0.892,59.95,1,univariable
2026-03-12 14:40:00,393.4,117.2,0.896,59.95,1,univariable
2026-03-12 14:50:00,254.23,119.28,0.868,59.99,1,univariable
2026-03-12 15:00:00,404.99,119.2,0.863,59.95,1,univariable
2026-03-12 15:10:00,665.47,117.94,0.971,59.98,1,univariable
2026-03-12 15:20:00,278.92,121.65,0.868,59.97,1,univariable
2026-03-12 15:30:00,301.82,120.55,0.852,59.95,1,univariable
2026-03-12 15:40:00,499.88,120.55,0.871,59.97,1,univariable
2026-03-12 15:50:00,344.529,122.0,0.847,59.971,1,univariable
2026-03-12 16:00:00,333.03,122.37,0.858,59.93,1,univariable
2026-03-12 16:10:00,278.8,122.47,0.838,59.94,1,univariable
2026-03-12 16:20:00,278.71,121.99,0.844,59.96,1,univariable
2026-03-12 16:30:00,239.422,121.567,0.843,59.933,1,univariable
2026-03-12 16:40:00,311.79,121.51,0.845,59.96,1,univariable
2026-03-12 16:50:00,251.6,121.8,0.837,59.95,1,univariable
2026-03-12 17:00:00,317.32,120.27,0.841,59.96,1,univariable
2026-03-12 17:10:00,184.82,121.33,0.838,59.95,1,univariable
2026-03-12 17:20:00,338.489,120.044,0.843,59.933,1,univariable
2026-03-12 17:30:00,193.57,120.78,0.847,59.98,1,univariable
2026-03-12 17:40:00,316.322,120.756,0.852,59.989,1,univariable
2026-03-12 17:50:00,201.91,121.17,0.841,59.97,1,univariable
2026-03-12 18:00:00,780.01,118.91,0.924,59.96,1,univariable
2026-03-12 18:10:00,403.6,119.25,0.902,59.95,1,univariable
2026-03-12 18:20:00,815.175,117.575,0.931,59.925,1,univariable
2026-03-12 18:30:00,421.56,119.68,0.899,59.96,1,univariable
2026-03-12 18:40:00,823.01,118.51,0.946,59.97,1,univariable
2026-03-12 18:50:00,1219.79,117.47,0.964,59.95,1,univariable
2026-03-12 19:00:00,1580.44,115.27,0.972,59.95,1,univariable
2026-03-12 19:10:00,457.02,118.58,0.921,59.95,1,univariable
2026-03-12 19:20:00,563.544,118.722,0.93,59.989,1,univariable
2026-03-12 19:30:00,422.988,119.412,0.896,59.962,1,univariable
2026-03-12 19:40:00,274.28,120.29,0.879,59.98,1,univariable
2026-03-12 19:50:00,1482.96,115.09,0.969,59.97,1,univariable
2026-03-12 20:00:00,1468.83,116.37,0.987,59.97,1,univariable
2026-03-12 20:10:00,849.878,115.911,0.937,59.989,1,univariable
2026-03-12 20:20:00,551.089,116.378,0.919,59.967,1,univariable
2026-03-12 20:30:00,367.24,117.57,0.889,59.98,1,univariable
2026-03-12 20:40:00,346.66,118.05,0.89,59.97,1,univariable
2026-03-12 20:50:00,480.16,119.23,0.9,59.92,1,univariable
2026-03-12 21:00:00,499.4,118.57,0.918,59.99,1,univariable
2026-03-12 21:10:00,858.912,118.012,0.974,59.912,1,univariable
2026-03-12 21:20:00,280.5,119.94,0.896,59.95,1,univariable
2026-03-12 21:30:00,386.5,119.27,0.902,59.98,1,univariable
2026-03-12 21:40:00,430.725,120.338,0.898,59.925,1,univariable
2026-03-12 21:50:00,479.02,119.92,0.902,59.96,1,univariable
2026-03-12 22:00:00,377.57,120.31,0.899,59.92,1,univariable
2026-03-12 22:10:00,317.95,120.55,0.898,59.95,1,univariable
2026-03-12 22:20:00,526.42,119.82,0.906,59.96,1,univariable
2026-03-12 22:30:00,438.51,120.53,0.899,59.96,1,univariable
2026-03-12 22:40:00,418.57,116.97,0.889,59.96,1,univariable
2026-03-12 22:50:00,477.5,117.51,0.916,59.96,1,univariable
2026-03-12 23:00:00,365.84,118.28,0.898,59.94,1,univariable
2026-03-12 23:10:00,665.07,121.37,0.938,59.97,1,univariable
2026-03-12 23:20:00,428.83,120.96,0.871,59.94,1,univariable
2026-03-12 23:30:00,218.325,120.762,0.856,59.975,1,univariable
2026-03-12 23:40:00,317.67,120.42,0.85,59.96,1,univariable
2026-03-12 23:50:00,216.422,121.278,0.848,59.956,1,univariable
2026-03-13 00:00:00,311.022,120.867,0.85,59.989,1,univariable
2026-03-13 00:10:00,194.1,122.171,0.849,59.986,1,univariable
2026-03-13 00:20:00,422.744,119.556,0.864,59.967,1,univariable
2026-03-13 00:30:00,199.61,119.7,0.841,59.98,1,univariable
2026-03-13 00:40:00,339.022,119.544,0.861,59.956,1,univariable
2026-03-13 00:50:00,196.244,120.067,0.847,59.956,1,univariable
2026-03-13 01:00:00,327.75,119.33,0.851,59.96,1,univariable
2026-03-13 01:10:00,193.11,120.42,0.848,59.96,1,univariable
2026-03-13 01:20:00,342.625,120.512,0.85,59.95,1,univariable
2026-03-13 01:30:00,200.5,120.262,0.84,59.962,1,univariable
2026-03-13 01:40:00,331.43,119.71,0.851,59.97,1,univariable
2026-03-13 01:50:00,198.4,120.58,0.847,59.93,1,univariable
2026-03-13 02:00:00,312.656,119.5,0.85,59.978,1,univariable
2026-03-13 02:10:00,243.72,120.15,0.854,59.95,1,univariable
2026-03-13 02:20:00,307.933,120.033,0.853,59.967,1,univariable
2026-03-13 02:30:00,197.41,119.61,0.848,59.95,1,univariable
2026-03-13 02:40:00,314.67,120.15,0.85,59.94,1,univariable
2026-03-13 02:50:00,193.078,121.422,0.85,60.0,1,univariable
2026-03-13 03:00:00,328.85,119.862,0.85,59.95,1,univariable
2026-03-13 03:10:00,729.46,118.78,0.983,59.95,1,univariable
2026-03-13 03:20:00,191.825,119.838,0.846,59.938,1,univariable
2026-03-13 03:30:00,258.54,119.4,0.851,59.97,1,univariable
2026-03-13 03:40:00,462.344,119.456,0.872,59.922,1,univariable
2026-03-13 03:50:00,312.07,120.31,0.851,59.98,1,univariable
2026-03-13 04:00:00,208.467,119.989,0.859,59.933,1,univariable
2026-03-13 04:10:00,351.46,119.72,0.86,59.98,1,univariable
2026-03-13 04:20:00,198.41,120.48,0.842,59.97,1,univariable
2026-03-13 04:30:00,333.778,118.867,0.859,59.944,1,univariable
2026-03-13 04:40:00,208.64,119.53,0.846,59.96,1,univariable
2026-03-13 04:50:00,298.77,119.36,0.85,59.97,1,univariable
2026-03-13 05:00:00,205.59,119.37,0.841,59.92,1,univariable
2026-03-13 05:10:00,341.45,118.64,0.851,59.97,1,univariable
2026-03-13 05:20:00,280.489,118.722,0.862,59.978,1,univariable
2026-03-13 05:30:00,411.93,117.76,0.865,59.94,1,univariable
2026-03-13 05:40:00,889.57,117.15,0.915,59.95,1,univariable
2026-03-13 05:50:00,357.34,118.12,0.868,59.96,1,univariable
2026-03-13 06:00:00,435.044,115.567,0.893,59.978,1,univariable
2026-03-13 06:10:00,311.6,115.244,0.873,59.967,1,univariable
2026-03-13 06:20:00,452.744,117.044,0.911,59.967,1,univariable
2026-03-13 06:30:00,278.767,119.767,0.896,59.967,1,univariable
2026-03-13 06:40:00,450.46,118.83,0.909,59.96,1,univariable
2026-03-13 06:50:00,490.6,117.7,0.921,59.95,1,univariable
2026-03-13 07:00:00,1400.82,114.5,0.976,59.95,1,univariable
2026-03-13 07:10:00,701.11,116.07,0.939,59.97,1,univariable
2026-03-13 07:20:00,380.07,118.35,0.883,59.97,1,univariable
2026-03-13 07:30:00,227.9,115.77,0.846,59.94,1,univariable
2026-03-13 07:40:00,259.31,118.59,0.846,59.95,1,univariable
2026-03-13 07:50:00,228.38,119.92,0.848,59.96,1,univariable
2026-03-13 08:00:00,240.538,115.288,0.851,59.95,1,univariable
2026-03-13 08:10:00,228.489,116.256,0.842,59.956,1,univariable
2026-03-13 08:20:00,222.788,117.712,0.84,59.925,1,univariable
2026-03-13 08:30:00,248.433,117.178,0.849,59.978,1,univariable
2026-03-13 08:40:00,243.85,117.19,0.851,59.97,1,univariable
2026-03-13 08:50:00,241.87,116.69,0.843,59.99,1,univariable
2026-03-13 09:00:00,245.157,116.857,0.837,59.957,1,univariable
2026-03-13 09:10:00,692.7,116.575,0.981,59.95,1,univariable
2026-03-13 09:20:00,200.51,118.4,0.846,59.94,1,univariable
2026-03-13 09:30:00,258.622,118.222,0.847,59.967,1,univariable
2026-03-13 09:40:00,341.55,116.975,0.86,59.95,1,univariable
2026-03-13 09:50:00,322.456,119.233,0.843,59.956,1,univariable
2026-03-13 10:00:00,187.15,120.63,0.841,59.96,1,univariable
2026-03-13 10:10:00,344.389,120.333,0.851,59.956,1,univariable
2026-03-13 10:20:00,204.378,119.744,0.837,59.933,1,univariable
2026-03-13 10:30:00,323.789,118.7,0.853,60.0,1,univariable
2026-03-13 10:40:00,203.91,119.34,0.84,59.96,1,univariable
2026-03-13 10:50:00,290.63,118.49,0.848,59.95,1,univariable
2026-03-13 11:00:00,219.956,118.389,0.842,59.967,1,univariable
2026-03-13 11:10:00,277.87,118.78,0.85,59.95,1,univariable
2026-03-13 11:20:00,234.61,119.08,0.844,60.0,1,univariable
2026-03-13 11:30:00,256.978,119.578,0.841,59.933,1,univariable
2026-03-13 11:40:00,243.333,120.333,0.839,59.933,1,univariable
2026-03-13 11:50:00,254.222,119.933,0.844,60.0,1,univariable
2026-03-13 12:00:00,227.29,118.64,0.832,59.94,1,univariable
2026-03-13 12:10:00,263.22,118.61,0.821,59.93,1,univariable
2026-03-13 12:20:00,348.92,119.91,0.861,59.98,1,univariable
2026-03-13 12:30:00,308.34,120.13,0.846,59.98,1,univariable
2026-03-13 12:40:00,248.39,121.72,0.845,59.96,1,univariable
2026-03-13 12:50:00,246.38,120.26,0.852,59.96,1,univariable
2026-03-13 13:00:00,254.122,120.678,0.851,59.967,1,univariable
2026-03-13 13:10:00,968.978,116.967,0.936,59.922,1,univariable
2026-03-13 13:20:00,1305.55,117.575,0.976,59.988,1,univariable
2026-03-13 13:30:00,588.65,120.59,0.921,59.95,1,univariable
2026-03-13 13:40:00,362.0,120.8,0.901,59.95,1,univariable
2026-03-13 13:50:00,440.48,119.76,0.897,59.98,1,univariable
2026-03-13 14:00:00,349.667,117.422,0.902,59.944,1,univariable
2026-03-13 14:10:00,356.49,117.88,0.901,59.96,1,univariable
2026-03-13 14:20:00,307.97,120.93,0.896,59.94,1,univariable
2026-03-13 14:30:00,329.463,120.962,0.891,59.95,1,univariable
2026-03-13 14:40:00,320.8,120.6,0.888,59.956,1,univariable
2026-03-13 14:50:00,412.2,119.156,0.904,59.989,1,univariable
2026-03-13 15:00:00,609.511,119.278,0.94,59.967,1,univariable
2026-03-13 15:10:00,731.9,118.356,0.978,59.967,1,univariable
2026-03-13 15:20:00,205.83,119.99,0.861,59.91,1,univariable
2026-03-13 15:30:00,250.07,119.24,0.856,59.97,1,univariable
2026-03-13 15:40:00,350.767,117.322,0.871,59.978,1,univariable
2026-03-13 15:50:00,342.062,119.762,0.86,59.95,1,univariable
2026-03-13 16:00:00,223.68,119.8,0.843,59.98,1,univariable
2026-03-13 16:10:00,285.425,118.675,0.861,59.975,1,univariable
2026-03-13 16:20:00,247.66,118.66,0.846,59.97,1,univariable
2026-03-13 16:30:00,312.73,118.42,0.868,59.96,1,univariable
2026-03-13 16:40:00,318.9,118.98,0.863,59.98,1,univariable
2026-03-13 16:50:00,353.378,120.022,0.872,59.944,1,univariable
2026-03-13 17:00:00,279.09,120.01,0.847,59.96,1,univariable
2026-03-13 17:10:00,445.83,117.96,0.888,59.96,1,univariable
2026-03-13 17:20:00,659.33,117.66,0.909,59.97,1,univariable
2026-03-13 17:30:00,845.067,116.911,0.958,59.944,1,univariable
2026-03-13 17:40:00,727.05,117.3,0.891,59.97,1,univariable
2026-03-13 17:50:00,342.078,118.156,0.862,59.933,1,univariable
2026-03-13 18:00:00,233.533,119.017,0.835,59.917,1,univariable
2026-03-13 18:10:00,346.1,119.043,0.86,59.929,1,univariable
2026-03-13 18:20:00,326.633,117.844,0.889,59.956,1,univariable
2026-03-13 18:30:00,299.412,118.525,0.898,59.988,1,univariable
2026-03-13 18:40:00,452.511,118.411,0.894,59.944,1,univariable
2026-03-13 18:50:00,349.725,118.588,0.892,59.95,1,univariable
2026-03-13 19:00:00,378.222,118.556,0.874,59.944,1,univariable
2026-03-13 19:10:00,201.79,116.96,0.834,59.97,1,univariable
2026-03-13 19:20:00,344.06,119.83,0.853,59.96,1,univariable
2026-03-13 19:30:00,204.84,120.34,0.826,59.94,1,univariable
2026-03-13 19:40:00,332.25,119.062,0.855,59.938,1,univariable
2026-03-13 19:50:00,265.175,120.188,0.856,59.95,1,univariable
2026-03-13 20:00:00,311.19,119.97,0.844,59.94,1,univariable
2026-03-13 20:10:00,207.23,119.61,0.846,59.96,1,univariable
2026-03-13 20:20:00,308.38,115.37,0.856,59.95,1,univariable
2026-03-13 20:30:00,210.3,119.69,0.847,59.99,1,univariable
2026-03-13 20:40:00,302.13,120.32,0.843,59.93,1,univariable
2026-03-13 20:50:00,244.14,121.33,0.86,59.96,1,univariable
2026-03-13 21:00:00,413.77,120.54,0.887,59.96,1,univariable
2026-03-13 21:10:00,680.312,118.7,0.969,59.975,1,univariable
2026-03-13 21:20:00,253.09,120.9,0.888,59.97,1,univariable
2026-03-13 21:30:00,303.756,119.5,0.89,59.933,1,univariable
2026-03-13 21:40:00,950.814,116.9,0.941,59.957,1,univariable
2026-03-13 21:50:00,1019.87,116.91,0.949,59.95,1,univariable
2026-03-13 22:00:00,530.24,118.86,0.927,59.96,1,univariable
2026-03-13 22:10:00,578.15,120.3,0.894,59.96,1,univariable
2026-03-13 22:20:00,274.5,120.57,0.853,59.97,1,univariable
2026-03-13 22:30:00,330.25,117.79,0.862,59.97,1,univariable
2026-03-13 22:40:00,471.967,119.389,0.9,59.944,1,univariable
2026-03-13 22:50:00,287.95,119.663,0.846,59.988,1,univariable
2026-03-13 23:00:00,256.63,119.88,0.84,59.95,1,univariable
2026-03-13 23:10:00,222.767,121.383,0.843,59.967,1,univariable
2026-03-13 23:20:00,271.85,121.125,0.844,59.962,1,univariable
2026-03-13 23:30:00,236.95,121.712,0.849,59.975,1,univariable
2026-03-13 23:40:00,277.644,120.9,0.84,59.956,1,univariable
2026-03-13 23:50:00,214.843,121.086,0.846,59.943,1,univariable
2026-03-14 00:00:00,278.456,121.389,0.846,59.944,1,univariable
2026-03-14 00:10:00,271.044,121.144,0.858,59.956,1,univariable
2026-03-14 00:20:00,283.32,121.12,0.844,59.95,1,univariable
2026-03-14 00:30:00,227.82,121.41,0.843,59.96,1,univariable
2026-03-14 00:40:00,285.67,121.27,0.841,59.97,1,univariable
2026-03-14 00:50:00,225.98,122.35,0.844,59.94,1,univariable
2026-03-14 01:00:00,333.82,121.68,0.849,59.97,1,univariable
2026-03-14 01:10:00,221.84,121.94,0.844,59.96,1,univariable
2026-03-14 01:20:00,443.93,120.46,0.885,59.94,1,univariable
2026-03-14 01:30:00,403.92,120.02,0.89,59.97,1,univariable
2026-03-14 01:40:00,395.033,119.489,0.866,59.978,1,univariable
2026-03-14 01:50:00,223.244,120.533,0.847,59.967,1,univariable
2026-03-14 02:00:00,288.456,120.256,0.852,59.944,1,univariable
2026-03-14 02:10:00,219.98,120.04,0.852,59.95,1,univariable
2026-03-14 02:20:00,287.733,120.033,0.849,59.944,1,univariable
2026-03-14 02:30:00,231.212,119.762,0.846,59.95,1,univariable
2026-03-14 02:40:00,274.111,119.622,0.85,59.933,1,univariable
2026-03-14 02:50:00,206.6,120.07,0.847,59.95,1,univariable
2026-03-14 03:00:00,263.288,120.038,0.846,59.95,1,univariable
2026-03-14 03:10:00,721.562,118.912,0.968,59.95,1,univariable
2026-03-14 03:20:00,238.59,120.36,0.858,59.99,1,univariable
2026-03-14 03:30:00,264.829,120.329,0.853,59.943,1,univariable
2026-03-14 03:40:00,353.05,119.81,0.855,59.99,1,univariable
2026-03-14 03:50:00,301.612,119.712,0.849,59.988,1,univariable
2026-03-14 04:00:00,207.03,119.72,0.848,59.97,1,univariable
2026-03-14 04:10:00,325.32,119.16,0.849,59.96,1,univariable
2026-03-14 04:20:00,190.55,119.5,0.842,59.96,1,univariable
2026-03-14 04:30:00,325.811,119.922,0.853,59.956,1,univariable
2026-03-14 04:40:00,194.611,120.733,0.847,59.967,1,univariable
2026-03-14 04:50:00,313.63,120.46,0.849,59.95,1,univariable
2026-03-14 05:00:00,209.756,118.856,0.839,59.933,1,univariable
2026-03-14 05:10:00,280.0,116.938,0.854,59.95,1,univariable
2026-03-14 05:20:00,270.288,119.512,0.862,59.95,1,univariable
2026-03-14 05:30:00,267.925,119.088,0.851,59.962,1,univariable
2026-03-14 05:40:00,193.85,118.875,0.842,59.95,1,univariable
2026-03-14 05:50:00,319.46,119.42,0.857,59.97,1,univariable
2026-03-14 06:00:00,264.18,119.71,0.873,59.96,1,univariable
2026-03-14 06:10:00,242.99,119.37,0.844,59.93,1,univariable
2026-03-14 06:20:00,233.822,121.111,0.836,59.967,1,univariable
2026-03-14 06:30:00,255.878,120.578,0.839,59.967,1,univariable
2026-03-14 06:40:00,243.97,120.77,0.839,59.95,1,univariable
2026-03-14 06:50:00,385.856,119.456,0.88,59.967,1,univariable
2026-03-14 07:00:00,326.53,119.69,0.876,59.98,1,univariable
2026-03-14 07:10:00,289.622,120.278,0.857,59.933,1,univariable
2026-03-14 07:20:00,223.162,119.788,0.832,59.975,1,univariable
2026-03-14 07:30:00,383.83,119.88,0.87,59.96,1,univariable
2026-03-14 07:40:00,264.87,119.31,0.848,59.96,1,univariable
2026-03-14 07:50:00,314.6,119.0,0.869,59.93,1,univariable
2026-03-14 08:00:00,255.76,119.8,0.843,59.97,1,univariable
2026-03-14 08:10:00,217.833,119.111,0.844,59.944,1,univariable
2026-03-14 08:20:00,258.81,119.99,0.843,59.97,1,univariable
2026-03-14 08:30:00,332.2,119.289,0.87,59.956,1,univariable
2026-03-14 08:40:00,384.111,119.9,0.867,59.978,1,univariable
2026-03-14 08:50:00,249.48,118.2,0.855,59.96,1,univariable
2026-03-14 09:00:00,711.4,117.922,0.903,59.978,1,univariable
2026-03-14 09:10:00,1207.5,117.111,0.99,59.944,1,univariable
2026-03-14 09:20:00,333.61,120.3,0.872,59.97,1,univariable
2026-03-14 09:30:00,353.656,116.222,0.843,59.967,1,univariable
2026-03-14 09:40:00,343.856,118.533,0.851,59.956,1,univariable
2026-03-14 09:50:00,309.84,119.34,0.844,59.97,1,univariable
2026-03-14 10:00:00,201.22,118.9,0.836,59.95,1,univariable
2026-03-14 10:10:00,317.15,117.33,0.849,59.97,1,univariable
2026-03-14 10:20:00,234.28,117.57,0.849,59.94,1,univariable
2026-03-14 10:30:00,324.84,118.87,0.849,59.96,1,univariable
2026-03-14 10:40:00,290.53,118.6,0.857,59.95,1,univariable
2026-03-14 10:50:00,293.33,119.15,0.839,59.94,1,univariable
2026-03-14 11:00:00,216.98,119.38,0.836,59.98,1,univariable
2026-03-14 11:10:00,376.033,118.85,0.858,59.967,1,univariable
2026-03-14 11:20:00,348.725,119.65,0.872,59.925,1,univariable
2026-03-14 11:30:00,724.2,116.475,0.925,59.962,1,univariable
2026-03-14 11:40:00,517.057,118.557,0.916,59.971,1,univariable
2026-03-14 11:50:00,419.111,116.922,0.872,59.944,1,univariable
2026-03-14 12:00:00,292.4,118.211,0.85,59.967,1,univariable
2026-03-14 12:10:00,822.4,118.59,0.921,59.95,1,univariable
2026-03-14 12:20:00,1109.544,116.844,0.953,59.956,1,univariable
2026-03-14 12:30:00,472.157,119.557,0.883,59.957,1,univariable
2026-03-14 12:40:00,276.9,119.129,0.847,59.971,1,univariable
2026-03-14 12:50:00,321.767,118.844,0.876,59.989,1,univariable
2026-03-14 13:00:00,847.762,117.25,0.948,59.975,1,univariable
2026-03-14 13:10:00,781.81,118.62,0.965,59.97,1,univariable
