Fase,FechaMedicion,Voltaje,Corriente,Potencia,FactorPotencia,Frecuencia,EnergiaActiva
1,2026-02-15 13:10:00,119.81,3.86,405.89,0.877,59.97,0.159
1,2026-02-15 13:20:00,120.038,3.536,369.512,0.874,59.962,0.222
1,2026-02-15 13:30:00,118.86,4.576,499.55,0.909,59.97,0.297
1,2026-02-15 13:40:00,118.33,8.893,1003.49,0.934,59.95,0.452
1,2026-02-15 13:50:00,119.23,6.094,696.68,0.937,59.96,0.585
1,2026-02-15 14:00:00,118.78,4.23,435.45,0.856,59.91,0.649
1,2026-02-15 14:10:00,120.16,2.584,279.79,0.872,59.95,0.704
1,2026-02-15 14:20:00,119.1,3.693,375.04,0.846,59.94,0.766
1,2026-02-15 14:30:00,120.07,2.871,303.42,0.88,59.96,0.814
1,2026-02-15 14:40:00,119.73,4.023,429.61,0.888,59.96,0.879
1,2026-02-15 14:50:00,119.96,3.58,401.47,0.92,59.95,0.948
1,2026-02-15 15:00:00,119.78,5.162,605.0,0.971,59.97,1.052
1,2026-02-15 15:10:00,120.75,2.131,230.52,0.898,59.97,1.092
1,2026-02-15 15:20:00,119.89,4.726,513.25,0.901,59.95,1.166
1,2026-02-15 15:30:00,119.84,3.764,395.53,0.876,59.96,1.233
1,2026-02-15 15:40:00,119.18,4.94,522.03,0.883,59.95,1.323
1,2026-02-15 15:50:00,119.87,3.751,394.37,0.878,59.98,1.388
1,2026-02-15 16:00:00,118.9,2.918,306.42,0.885,59.94,1.455
1,2026-02-15 16:10:00,119.35,3.938,419.29,0.889,59.97,1.52
1,2026-02-15 16:20:00,119.33,4.094,428.35,0.88,59.92,1.593
1,2026-02-15 16:30:00,119.7,3.821,405.84,0.887,59.96,1.66
1,2026-02-15 16:40:00,119.87,3.856,425.51,0.911,59.97,1.733
1,2026-02-15 16:50:00,119.73,3.349,350.56,0.875,59.95,1.796
1,2026-02-15 17:00:00,119.54,2.486,262.03,0.884,59.95,1.843
1,2026-02-15 17:10:00,119.45,3.794,403.03,0.882,59.96,1.908
1,2026-02-15 17:20:00,119.38,3.314,360.67,0.899,59.94,1.962
1,2026-02-15 17:30:00,118.1,3.457,359.85,0.882,59.98,2.03
1,2026-02-15 17:40:00,119.47,2.466,258.66,0.878,59.94,2.079
1,2026-02-15 17:50:00,118.16,3.606,383.15,0.899,59.96,2.144
1,2026-02-15 18:00:00,116.46,4.584,495.86,0.925,59.96,2.218
1,2026-02-15 18:10:00,119.74,3.173,346.79,0.916,59.93,2.276
1,2026-02-15 18:20:00,118.88,3.9,420.46,0.909,59.93,2.346
1,2026-02-15 18:30:00,118.08,2.897,313.13,0.917,59.95,2.402
1,2026-02-15 18:40:00,117.73,3.96,424.07,0.911,59.96,2.483
1,2026-02-15 18:50:00,116.78,3.113,330.57,0.913,59.97,2.546
1,2026-02-15 19:00:00,119.67,4.413,481.07,0.908,59.97,2.626
1,2026-02-15 19:10:00,118.95,2.972,324.66,0.918,59.96,2.678
1,2026-02-15 19:20:00,117.771,4.043,433.829,0.911,59.957,2.75
1,2026-02-15 19:30:00,117.83,3.586,392.76,0.925,59.96,2.809
1,2026-02-15 19:40:00,119.04,4.129,449.25,0.915,59.97,2.878
1,2026-02-15 19:50:00,116.92,5.088,560.93,0.931,59.95,2.952
1,2026-02-15 20:00:00,115.98,11.439,1293.27,0.963,59.96,3.157
1,2026-02-15 20:10:00,119.21,3.847,421.17,0.902,59.97,3.228
1,2026-02-15 20:20:00,119.57,4.892,538.84,0.912,59.96,3.314
1,2026-02-15 20:30:00,119.14,4.772,530.5,0.925,59.94,3.401
1,2026-02-15 20:40:00,120.43,3.186,346.81,0.905,59.93,3.46
1,2026-02-15 20:50:00,120.44,3.226,353.57,0.906,59.96,3.519
1,2026-02-15 21:00:00,119.88,5.723,671.08,0.972,59.99,3.631
1,2026-02-15 21:10:00,121.29,2.22,242.57,0.899,59.96,3.673
1,2026-02-15 21:20:00,119.39,5.67,613.53,0.906,59.94,3.759
1,2026-02-15 21:30:00,118.77,4.698,500.41,0.892,59.99,3.851
1,2026-02-15 21:40:00,119.5,3.346,340.21,0.85,59.93,3.908
1,2026-02-15 21:50:00,119.778,2.499,264.722,0.871,59.933,3.943
1,2026-02-15 22:00:00,120.15,3.177,323.82,0.85,59.93,4.001
1,2026-02-15 22:10:00,120.54,4.546,516.05,0.922,59.96,4.088
1,2026-02-15 22:20:00,120.85,2.959,298.91,0.839,59.96,4.141
1,2026-02-15 22:30:00,121.02,2.42,255.17,0.857,59.98,4.176
1,2026-02-15 22:40:00,120.28,2.857,287.83,0.838,59.98,4.227
1,2026-02-15 22:50:00,120.61,2.114,214.3,0.843,59.98,4.265
1,2026-02-15 23:00:00,120.39,2.752,277.12,0.838,59.97,4.311
1,2026-02-15 23:10:00,121.29,2.41,245.16,0.839,59.97,4.352
1,2026-02-15 23:20:00,120.68,2.856,294.45,0.844,59.95,4.395
1,2026-02-15 23:30:00,120.48,2.713,272.36,0.832,59.94,4.442
1,2026-02-15 23:40:00,120.79,2.1,212.82,0.838,59.98,4.48
1,2026-02-15 23:50:00,120.41,2.847,285.11,0.834,59.97,4.528
1,2026-02-16 00:00:00,121.88,2.362,246.69,0.839,59.97,4.57
1,2026-02-16 00:10:00,121.34,2.959,294.91,0.823,59.97,4.619
1,2026-02-16 00:20:00,121.83,1.762,177.02,0.825,59.96,4.65
1,2026-02-16 00:30:00,120.16,3.248,328.4,0.829,59.96,4.7
1,2026-02-16 00:40:00,120.55,2.11,210.812,0.829,59.95,4.734
1,2026-02-16 00:50:00,120.98,2.504,250.56,0.828,59.96,4.778
1,2026-02-16 01:00:00,121.83,2.364,238.82,0.83,59.94,4.817
1,2026-02-16 01:10:00,122.075,1.874,190.2,0.835,59.962,4.858
1,2026-02-16 01:20:00,121.53,3.101,318.0,0.836,59.98,4.902
1,2026-02-16 01:30:00,121.47,2.125,220.37,0.844,59.96,4.937
1,2026-02-16 01:40:00,120.41,2.782,277.0,0.829,59.98,4.984
1,2026-02-16 01:50:00,121.53,1.72,174.4,0.834,59.96,5.015
1,2026-02-16 02:00:00,120.85,2.793,278.75,0.829,59.97,5.068
1,2026-02-16 02:10:00,121.47,2.461,256.52,0.841,59.96,5.104
1,2026-02-16 02:20:00,121.47,2.582,258.32,0.827,59.95,5.15
1,2026-02-16 02:30:00,121.07,2.603,270.26,0.843,59.97,5.195
1,2026-02-16 02:40:00,120.89,2.296,230.09,0.832,59.95,5.235
1,2026-02-16 02:50:00,120.67,2.713,281.37,0.846,59.94,5.282
1,2026-02-16 03:00:00,120.88,4.323,504.39,0.941,59.93,5.375
1,2026-02-16 03:10:00,121.41,1.982,207.26,0.845,59.98,5.405
1,2026-02-16 03:20:00,121.03,3.241,340.25,0.857,59.95,5.452
1,2026-02-16 03:30:00,120.67,3.295,329.77,0.83,59.95,5.507
1,2026-02-16 03:40:00,120.52,2.632,261.52,0.827,59.95,5.554
1,2026-02-16 03:50:00,121.21,2.33,233.92,0.829,59.98,5.595
1,2026-02-16 04:00:00,121.15,2.63,263.17,0.827,59.97,5.641
1,2026-02-16 04:10:00,121.24,2.136,214.66,0.832,59.93,5.678
1,2026-02-16 04:20:00,121.06,2.479,247.41,0.824,59.95,5.721
1,2026-02-16 04:30:00,121.07,2.463,250.6,0.838,59.95,5.76
1,2026-02-16 04:40:00,120.27,2.32,229.57,0.821,59.98,5.801
1,2026-02-16 04:50:00,119.74,2.939,296.52,0.831,59.95,5.843
1,2026-02-16 05:00:00,120.66,2.197,218.09,0.825,59.97,5.881
1,2026-02-16 05:10:00,120.83,3.069,312.45,0.832,59.95,5.926
1,2026-02-16 05:20:00,121.36,1.856,186.83,0.831,59.98,5.961
1,2026-02-16 05:30:00,120.68,2.787,277.11,0.824,59.99,6.01
1,2026-02-16 05:40:00,119.24,2.57,271.81,0.855,59.98,6.051
1,2026-02-16 05:50:00,119.13,2.773,273.51,0.827,59.95,6.1
1,2026-02-16 06:00:00,118.26,1.955,193.18,0.833,59.95,6.131
1,2026-02-16 06:10:00,119.11,3.072,309.98,0.837,59.96,6.184
1,2026-02-16 06:20:00,121.23,2.357,244.26,0.837,59.98,6.228
1,2026-02-16 06:30:00,122.45,2.402,240.98,0.824,59.94,6.269
1,2026-02-16 06:40:00,121.79,2.65,275.94,0.844,59.98,6.314
1,2026-02-16 06:50:00,122.23,2.064,208.2,0.828,59.96,6.35
1,2026-02-16 07:00:00,121.73,2.557,255.36,0.822,59.98,6.393
1,2026-02-16 07:10:00,122.33,1.764,180.04,0.835,59.97,6.426
1,2026-02-16 07:20:00,120.84,3.22,328.88,0.842,59.92,6.487
1,2026-02-16 07:30:00,120.41,2.116,211.14,0.831,59.95,6.525
1,2026-02-16 07:40:00,119.73,2.655,266.65,0.838,59.96,6.568
1,2026-02-16 07:50:00,119.38,2.875,302.34,0.884,59.93,6.611
1,2026-02-16 08:00:00,119.04,4.187,450.05,0.901,59.95,6.678
1,2026-02-16 08:10:00,119.98,2.235,227.72,0.852,59.97,6.722
1,2026-02-16 08:20:00,120.25,2.581,269.27,0.856,59.94,6.779
1,2026-02-16 08:30:00,119.16,2.603,258.16,0.834,59.94,6.824
1,2026-02-16 08:40:00,119.24,1.931,191.65,0.836,59.97,6.858
1,2026-02-16 08:50:00,117.32,3.644,381.17,0.87,59.96,6.928
1,2026-02-16 09:00:00,115.83,8.029,913.38,0.985,59.99,7.083
1,2026-02-16 09:10:00,117.87,4.16,461.58,0.912,59.97,7.145
1,2026-02-16 09:20:00,114.62,13.244,1467.54,0.937,59.97,7.358
1,2026-02-16 09:30:00,119.12,4.176,426.48,0.846,59.91,7.439
1,2026-02-16 09:40:00,119.88,6.257,670.88,0.884,59.94,7.551
1,2026-02-16 09:50:00,119.69,5.878,662.47,0.942,59.96,7.648
1,2026-02-16 10:00:00,118.85,3.754,389.2,0.859,59.96,7.719
1,2026-02-16 10:10:00,119.76,2.961,309.94,0.852,59.96,7.771
1,2026-02-16 10:20:00,119.83,2.718,269.48,0.828,59.93,7.82
1,2026-02-16 10:30:00,121.61,2.014,203.67,0.834,59.99,7.856
1,2026-02-16 10:40:00,120.033,3.696,381.533,0.849,59.956,7.918
1,2026-02-16 10:50:00,120.73,3.451,381.2,0.883,59.96,7.971
1,2026-02-16 11:00:00,122.26,4.584,490.44,0.856,59.96,8.035
1,2026-02-16 11:10:00,122.5,5.596,632.13,0.911,59.96,8.141
1,2026-02-16 11:20:00,121.29,3.398,355.09,0.846,59.94,8.198
1,2026-02-16 11:30:00,120.64,4.848,548.92,0.922,59.95,8.296
1,2026-02-16 11:40:00,120.62,4.644,488.02,0.857,59.98,8.361
1,2026-02-16 11:50:00,120.71,3.867,430.62,0.893,59.96,8.44
1,2026-02-16 12:00:00,120.91,6.035,652.1,0.882,59.95,8.543
1,2026-02-16 12:10:00,122.33,2.404,263.14,0.864,59.97,8.588
1,2026-02-16 12:20:00,121.52,3.658,367.08,0.821,60.0,8.651
1,2026-02-16 12:30:00,121.28,2.528,271.93,0.862,59.94,8.693
1,2026-02-16 12:40:00,118.03,3.574,366.01,0.852,59.97,8.753
1,2026-02-16 12:50:00,117.5,3.145,323.02,0.864,59.98,8.81
1,2026-02-16 13:00:00,115.94,4.711,513.63,0.914,59.94,8.879
1,2026-02-16 13:10:00,119.68,7.358,838.98,0.925,59.96,9.035
1,2026-02-16 13:20:00,120.61,2.696,285.95,0.882,59.97,9.085
1,2026-02-16 13:30:00,121.12,3.006,317.87,0.872,59.97,9.136
1,2026-02-16 13:40:00,121.61,4.19,469.48,0.909,59.98,9.211
1,2026-02-16 13:50:00,121.59,4.472,491.41,0.894,59.98,9.297
1,2026-02-16 14:00:00,121.55,3.43,375.75,0.892,59.94,9.354
1,2026-02-16 14:10:00,121.59,3.406,357.03,0.845,59.98,9.419
1,2026-02-16 14:20:00,123.0,2.204,223.21,0.828,59.95,9.458
1,2026-02-16 14:30:00,122.66,2.571,259.14,0.824,59.97,9.501
1,2026-02-16 14:40:00,122.53,2.236,226.73,0.833,59.97,9.54
1,2026-02-16 14:50:00,122.89,2.776,292.18,0.845,59.98,9.589
1,2026-02-16 15:00:00,122.39,5.087,609.61,0.974,59.95,9.689
1,2026-02-16 15:10:00,123.05,2.166,234.36,0.864,59.98,9.734
1,2026-02-16 15:20:00,121.9,4.067,444.333,0.882,59.978,9.797
1,2026-02-16 15:30:00,122.667,3.266,335.267,0.838,59.944,9.86
1,2026-02-16 15:40:00,119.85,3.267,330.45,0.845,59.98,9.916
1,2026-02-16 15:50:00,118.81,3.162,333.75,0.874,59.97,9.968
1,2026-02-16 16:00:00,119.54,2.637,267.14,0.849,59.95,10.013
1,2026-02-16 16:10:00,119.09,3.367,347.18,0.854,59.96,10.078
1,2026-02-16 16:20:00,120.87,3.735,404.32,0.872,59.97,10.141
1,2026-02-16 16:30:00,121.02,3.347,350.11,0.848,59.97,10.212
1,2026-02-16 16:40:00,120.09,3.8,403.37,0.865,59.97,10.283
1,2026-02-16 16:50:00,121.38,3.025,315.22,0.85,59.96,10.343
1,2026-02-16 17:00:00,122.0,2.944,312.14,0.87,59.97,10.394
1,2026-02-16 17:10:00,121.97,3.631,362.55,0.819,59.96,10.455
1,2026-02-16 17:20:00,122.04,4.635,411.76,0.736,59.95,10.524
1,2026-02-16 17:30:00,120.76,4.344,388.18,0.747,59.95,10.591
1,2026-02-16 17:40:00,119.82,4.563,403.59,0.744,59.95,10.66
1,2026-02-16 17:50:00,119.63,5.032,479.04,0.796,59.94,10.738
1,2026-02-16 18:00:00,120.42,5.484,517.73,0.784,59.98,10.824
1,2026-02-16 18:10:00,121.16,4.511,429.53,0.792,59.93,10.897
1,2026-02-16 18:20:00,120.41,4.25,459.15,0.896,59.96,10.975
1,2026-02-16 18:30:00,120.79,4.25,466.85,0.908,59.97,11.051
1,2026-02-16 18:40:00,119.54,5.666,544.31,0.808,59.98,11.139
1,2026-02-16 18:50:00,118.98,4.624,461.87,0.846,59.96,11.219
1,2026-02-16 19:00:00,118.17,5.786,564.51,0.828,59.96,11.312
1,2026-02-16 19:10:00,118.22,8.122,882.13,0.915,59.96,11.455
1,2026-02-16 19:20:00,120.22,5.317,565.65,0.888,59.98,11.559
1,2026-02-16 19:30:00,120.93,2.961,328.26,0.917,59.96,11.615
1,2026-02-16 19:40:00,120.07,5.461,607.74,0.917,59.95,11.703
1,2026-02-16 19:50:00,119.02,8.934,1027.9,0.952,59.94,11.906
1,2026-02-16 20:00:00,120.06,4.287,468.38,0.905,59.98,11.974
1,2026-02-16 20:10:00,120.75,2.812,308.91,0.904,59.93,12.029
1,2026-02-16 20:20:00,120.371,5.782,623.2,0.894,60.0,12.105
1,2026-02-16 20:30:00,121.29,2.218,240.56,0.893,59.98,12.169
1,2026-02-16 20:40:00,118.31,3.494,363.07,0.881,59.94,12.231
1,2026-02-16 20:50:00,120.36,3.024,337.73,0.913,59.95,12.283
1,2026-02-16 21:00:00,121.92,4.913,582.63,0.962,59.96,12.388
1,2026-02-16 21:10:00,122.88,2.269,248.37,0.892,59.94,12.429
1,2026-02-16 21:20:00,121.71,5.682,630.05,0.906,59.94,12.533
1,2026-02-16 21:30:00,120.16,4.83,527.45,0.897,59.93,12.635
1,2026-02-16 21:40:00,122.75,3.41,350.775,0.837,59.95,12.696
1,2026-02-16 21:50:00,122.7,1.95,202.88,0.849,59.93,12.732
1,2026-02-16 22:00:00,121.244,3.859,395.922,0.846,59.944,12.788
1,2026-02-16 22:10:00,121.97,4.829,555.46,0.929,59.96,12.884
1,2026-02-16 22:20:00,123.5,3.122,315.91,0.822,59.94,12.935
1,2026-02-16 22:30:00,123.35,1.865,191.57,0.834,59.96,12.968
1,2026-02-16 22:40:00,121.74,3.127,312.47,0.823,59.96,13.023
1,2026-02-16 22:50:00,121.53,1.676,169.25,0.829,59.96,13.053
1,2026-02-16 23:00:00,120.86,3.951,400.98,0.829,59.96,13.104
1,2026-02-16 23:10:00,121.61,1.642,168.29,0.844,59.93,13.135
1,2026-02-16 23:20:00,119.59,2.927,291.88,0.836,59.98,13.189
1,2026-02-16 23:30:00,119.33,1.997,199.8,0.839,59.96,13.222
1,2026-02-16 23:40:00,117.32,2.833,280.25,0.844,59.96,13.271
1,2026-02-16 23:50:00,120.83,2.469,261.06,0.86,59.96,13.306
1,2026-02-17 00:00:00,121.28,2.648,268.32,0.841,59.97,13.354
1,2026-02-17 00:10:00,121.59,2.183,222.25,0.841,59.96,13.39
1,2026-02-17 00:20:00,121.47,2.486,250.73,0.834,59.97,13.435
1,2026-02-17 00:30:00,121.28,2.34,236.93,0.839,59.97,13.475
1,2026-02-17 00:40:00,122.34,2.351,238.28,0.832,59.97,13.515
1,2026-02-17 00:50:00,121.8,2.606,262.144,0.828,59.978,13.554
1,2026-02-17 01:00:00,122.244,1.844,187.867,0.836,59.967,13.596
1,2026-02-17 01:10:00,121.86,2.75,274.97,0.824,59.97,13.646
1,2026-02-17 01:20:00,122.22,1.783,182.72,0.844,59.97,13.679
1,2026-02-17 01:30:00,121.27,2.869,286.64,0.828,59.96,13.726
1,2026-02-17 01:40:00,121.77,1.69,171.85,0.837,59.97,13.756
1,2026-02-17 01:50:00,121.23,3.185,324.55,0.834,59.95,13.808
1,2026-02-17 02:00:00,121.89,1.98,200.7,0.834,59.95,13.841
1,2026-02-17 02:10:00,121.53,2.548,255.38,0.832,59.98,13.885
1,2026-02-17 02:20:00,121.29,2.088,211.73,0.842,59.95,13.921
1,2026-02-17 02:30:00,120.98,2.685,277.22,0.843,59.96,13.963
1,2026-02-17 02:40:00,121.53,2.324,232.98,0.829,59.97,14.003
1,2026-02-17 02:50:00,121.57,2.49,261.15,0.847,59.93,14.047
1,2026-02-17 03:00:00,120.72,4.756,554.24,0.941,59.96,14.145
1,2026-02-17 03:10:00,121.66,1.623,165.37,0.838,59.95,14.174
1,2026-02-17 03:20:00,121.53,2.595,262.29,0.834,59.94,14.224
1,2026-02-17 03:30:00,120.97,3.248,325.67,0.829,59.96,14.279
1,2026-02-17 03:40:00,121.22,3.153,324.83,0.84,59.94,14.333
1,2026-02-17 03:50:00,121.225,2.256,226.838,0.83,59.95,14.37
1,2026-02-17 04:00:00,121.58,2.601,261.49,0.829,59.95,14.416
1,2026-02-17 04:10:00,121.7,2.212,223.275,0.831,59.938,14.453
1,2026-02-17 04:20:00,120.88,2.807,289.84,0.841,59.98,14.497
1,2026-02-17 04:30:00,121.17,2.276,229.93,0.837,59.97,14.534
1,2026-02-17 04:40:00,121.11,2.712,278.24,0.839,59.98,14.576
1,2026-02-17 04:50:00,121.2,2.476,248.34,0.83,59.97,14.617
1,2026-02-17 05:00:00,121.43,2.134,214.1,0.828,59.94,14.655
1,2026-02-17 05:10:00,119.66,2.599,258.6,0.833,59.95,14.698
1,2026-02-17 05:20:00,121.16,1.963,198.0,0.834,59.95,14.732
1,2026-02-17 05:30:00,120.4,2.74,272.52,0.83,59.94,14.778
1,2026-02-17 05:40:00,121.52,1.852,187.1,0.834,59.94,14.81
1,2026-02-17 05:50:00,120.93,2.72,271.81,0.828,59.99,14.858
1,2026-02-17 06:00:00,121.28,1.661,168.5,0.837,59.96,14.887
1,2026-02-17 06:10:00,118.41,2.685,263.41,0.83,59.96,14.933
1,2026-02-17 06:20:00,122.19,1.877,191.05,0.838,59.99,14.962
1,2026-02-17 06:30:00,121.95,3.526,366.27,0.842,59.95,15.029
1,2026-02-17 06:40:00,122.2,1.762,180.67,0.842,59.96,15.07
1,2026-02-17 06:50:00,121.66,2.49,248.92,0.826,59.95,15.113
1,2026-02-17 07:00:00,121.86,2.079,210.92,0.836,59.95,15.147
1,2026-02-17 07:10:00,121.79,2.208,222.62,0.833,59.94,15.187
1,2026-02-17 07:20:00,121.32,2.192,220.44,0.835,59.96,15.225
1,2026-02-17 07:30:00,121.23,2.046,207.84,0.842,59.97,15.261
1,2026-02-17 07:40:00,117.07,10.324,1177.72,0.947,59.96,15.436
1,2026-02-17 07:50:00,120.26,2.495,260.81,0.854,59.95,15.492
1,2026-02-17 08:00:00,118.56,2.537,250.39,0.836,59.97,15.535
1,2026-02-17 08:10:00,118.97,2.181,226.29,0.856,59.93,15.572
1,2026-02-17 08:20:00,118.09,5.145,549.33,0.889,59.94,15.673
1,2026-02-17 08:30:00,117.71,8.335,956.25,0.968,59.97,15.845
1,2026-02-17 08:40:00,119.41,5.998,633.39,0.879,59.96,15.964
1,2026-02-17 08:50:00,117.18,11.351,1303.87,0.983,59.96,16.175
1,2026-02-17 09:00:00,116.64,9.536,1081.55,0.974,59.95,16.365
1,2026-02-17 09:10:00,116.61,5.407,608.15,0.957,59.92,16.469
1,2026-02-17 09:20:00,119.02,4.759,509.14,0.876,59.92,16.553
1,2026-02-17 09:30:00,118.81,6.664,715.74,0.894,59.95,16.677
1,2026-02-17 09:40:00,119.41,3.034,298.96,0.825,59.96,16.727
1,2026-02-17 09:50:00,119.78,3.037,328.52,0.874,59.98,16.776
1,2026-02-17 10:00:00,120.27,3.007,297.6,0.824,59.95,16.828
1,2026-02-17 10:10:00,119.11,2.84,291.21,0.852,59.95,16.871
1,2026-02-17 10:20:00,120.16,2.219,221.93,0.837,59.98,16.916
1,2026-02-17 10:30:00,120.2,2.375,236.62,0.829,59.97,16.955
1,2026-02-17 10:40:00,119.92,3.514,372.43,0.865,59.99,17.014
1,2026-02-17 10:50:00,120.07,2.985,306.98,0.847,59.98,17.065
1,2026-02-17 11:00:00,119.8,2.504,257.41,0.845,59.94,17.103
1,2026-02-17 11:10:00,118.87,3.904,405.74,0.856,59.95,17.168
1,2026-02-17 11:20:00,119.1,3.691,400.96,0.884,59.97,17.224
1,2026-02-17 11:30:00,119.99,2.831,278.88,0.823,59.94,17.273
1,2026-02-17 11:40:00,119.83,2.098,207.39,0.825,59.98,17.31
1,2026-02-17 11:50:00,119.32,3.077,305.96,0.834,59.99,17.359
1,2026-02-17 12:00:00,118.84,3.274,351.36,0.871,59.95,17.41
1,2026-02-17 12:10:00,118.94,3.956,411.97,0.864,59.95,17.493
1,2026-02-17 12:20:00,118.97,3.588,394.52,0.894,59.96,17.564
1,2026-02-17 12:30:00,119.48,5.29,566.28,0.884,59.94,17.656
1,2026-02-17 12:40:00,119.55,3.424,360.61,0.866,59.94,17.72
1,2026-02-17 12:50:00,119.25,2.861,296.43,0.86,59.95,17.773
1,2026-02-17 13:00:00,119.65,3.051,301.46,0.826,59.95,17.823
1,2026-02-17 13:10:00,120.6,1.703,172.41,0.84,59.97,17.854
1,2026-02-17 13:20:00,119.62,2.999,296.08,0.827,59.94,17.903
1,2026-02-17 13:30:00,119.171,1.654,165.286,0.837,59.986,17.933
1,2026-02-17 13:40:00,118.88,3.387,338.76,0.835,59.99,17.983
1,2026-02-17 13:50:00,120.42,1.594,161.69,0.844,59.94,18.011
1,2026-02-17 14:00:00,119.11,2.854,282.19,0.83,59.94,18.061
1,2026-02-17 14:10:00,118.01,2.548,259.33,0.85,59.93,18.103
1,2026-02-17 14:20:00,118.49,3.303,339.93,0.855,59.96,18.162
1,2026-02-17 14:30:00,119.14,2.7,274.98,0.846,59.94,18.201
1,2026-02-17 14:40:00,120.98,2.392,239.78,0.832,59.95,18.243
1,2026-02-17 14:50:00,120.76,2.475,258.77,0.852,59.97,18.285
1,2026-02-17 15:00:00,119.59,4.587,533.13,0.958,59.97,18.378
1,2026-02-17 15:10:00,121.59,2.64,290.75,0.877,59.91,18.42
1,2026-02-17 15:20:00,121.12,3.559,376.93,0.858,59.95,18.484
1,2026-02-17 15:30:00,121.06,3.883,398.54,0.84,59.98,18.552
1,2026-02-17 15:40:00,120.74,3.348,336.03,0.832,59.93,18.608
1,2026-02-17 15:50:00,121.6,1.731,174.89,0.829,59.98,18.64
1,2026-02-17 16:00:00,121.03,4.652,487.43,0.85,59.95,18.713
1,2026-02-17 16:10:00,120.62,6.158,704.73,0.951,59.98,18.823
1,2026-02-17 16:20:00,121.488,2.953,295.088,0.821,59.975,18.881
1,2026-02-17 16:30:00,121.467,1.946,193.744,0.819,59.933,18.912
1,2026-02-17 16:40:00,120.844,3.137,311.289,0.82,59.944,18.965
1,2026-02-17 16:50:00,121.68,2.469,258.68,0.863,59.96,19.008
1,2026-02-17 17:00:00,121.97,3.471,369.06,0.873,59.96,19.07
1,2026-02-17 17:10:00,121.83,2.666,287.72,0.886,59.94,19.12
1,2026-02-17 17:20:00,117.84,3.474,363.03,0.885,59.96,19.181
1,2026-02-17 17:30:00,124.76,4.112,439.4,0.859,59.97,19.248
1,2026-02-17 17:40:00,121.23,5.538,524.93,0.787,59.93,19.335
1,2026-02-17 17:50:00,122.52,2.92,326.59,0.914,59.94,19.396
1,2026-02-17 18:00:00,121.71,3.808,417.32,0.901,59.97,19.468
1,2026-02-17 18:10:00,119.54,3.96,402.84,0.852,59.96,19.536
1,2026-02-17 18:20:00,119.34,5.498,517.78,0.794,59.97,19.622
1,2026-02-17 18:30:00,119.52,4.202,415.72,0.831,59.97,19.694
1,2026-02-17 18:40:00,118.77,5.311,505.46,0.809,59.96,19.779
1,2026-02-17 18:50:00,117.99,2.727,286.47,0.889,59.95,19.829
1,2026-02-17 19:00:00,116.8,4.677,502.638,0.915,59.962,19.885
1,2026-02-17 19:10:00,114.48,10.127,1131.55,0.968,59.93,20.083
1,2026-02-17 19:20:00,115.889,10.67,1187.622,0.943,59.989,20.271
1,2026-02-17 19:30:00,119.267,3.215,351.283,0.903,59.917,20.325
1,2026-02-17 19:40:00,117.844,4.002,422.444,0.896,59.933,20.397
1,2026-02-17 19:50:00,118.93,2.442,261.04,0.899,59.93,20.442
1,2026-02-17 20:00:00,118.738,4.694,504.262,0.901,59.95,20.533
1,2026-02-17 20:10:00,119.11,3.552,395.62,0.925,59.97,20.593
1,2026-02-17 20:20:00,118.52,5.053,545.52,0.91,59.93,20.686
1,2026-02-17 20:30:00,120.29,2.162,233.06,0.898,59.97,20.726
1,2026-02-17 20:40:00,119.79,3.566,373.95,0.875,59.95,20.788
1,2026-02-17 20:50:00,120.44,3.789,433.27,0.937,59.94,20.864
1,2026-02-17 21:00:00,120.07,6.879,804.44,0.969,59.94,20.996
1,2026-02-17 21:10:00,122.06,2.6,289.56,0.903,59.92,21.048
1,2026-02-17 21:20:00,122.16,3.104,331.99,0.879,59.96,21.103
1,2026-02-17 21:30:00,121.62,5.446,591.97,0.889,59.96,21.21
1,2026-02-17 21:40:00,122.04,5.943,646.28,0.88,59.98,21.323
1,2026-02-17 21:50:00,124.51,1.682,178.88,0.854,59.96,21.356
1,2026-02-17 22:00:00,120.48,3.301,328.89,0.827,59.98,21.41
1,2026-02-17 22:10:00,118.33,2.276,231.96,0.844,59.94,21.448
1,2026-02-17 22:20:00,118.69,2.935,288.78,0.828,59.98,21.496
1,2026-02-17 22:30:00,120.56,1.818,184.34,0.839,59.94,21.53
1,2026-02-17 22:40:00,119.412,2.619,259.45,0.832,59.95,21.577
1,2026-02-17 22:50:00,117.02,1.816,178.99,0.844,59.95,21.609
1,2026-02-17 23:00:00,116.03,3.253,325.26,0.852,59.94,21.655
1,2026-02-17 23:10:00,120.55,1.888,190.325,0.837,59.912,21.689
1,2026-02-17 23:20:00,120.125,2.749,276.425,0.837,59.962,21.737
1,2026-02-17 23:30:00,120.94,2.075,209.24,0.835,59.96,21.772
1,2026-02-17 23:40:00,120.29,3.282,334.8,0.84,59.93,21.82
1,2026-02-17 23:50:00,121.37,2.05,208.88,0.842,59.99,21.854
1,2026-02-18 00:00:00,120.92,2.813,283.61,0.836,59.96,21.902
1,2026-02-18 00:10:00,121.125,2.458,259.05,0.851,59.975,21.942
1,2026-02-18 00:20:00,121.34,2.81,281.02,0.824,59.99,21.988
1,2026-02-18 00:30:00,121.07,2.29,237.88,0.838,59.98,22.03
1,2026-02-18 00:40:00,120.77,2.779,276.11,0.822,59.97,22.077
1,2026-02-18 00:50:00,121.85,1.852,187.28,0.832,59.91,22.109
1,2026-02-18 01:00:00,121.18,2.893,288.04,0.825,59.98,22.156
1,2026-02-18 01:10:00,121.66,1.726,174.6,0.832,59.97,22.188
1,2026-02-18 01:20:00,120.87,3.013,303.12,0.831,59.94,22.24
1,2026-02-18 01:30:00,121.19,1.693,170.81,0.831,59.94,22.27
1,2026-02-18 01:40:00,120.8,2.897,288.31,0.824,59.98,22.319
1,2026-02-18 01:50:00,121.38,1.664,168.45,0.835,59.93,22.348
1,2026-02-18 02:00:00,120.68,2.897,288.37,0.826,59.97,22.396
1,2026-02-18 02:10:00,121.16,1.811,183.4,0.837,59.98,22.426
1,2026-02-18 02:20:00,121.39,2.738,272.96,0.824,59.95,22.474
1,2026-02-18 02:30:00,121.51,1.812,184.21,0.838,59.98,22.505
1,2026-02-18 02:40:00,121.23,2.767,275.93,0.823,59.96,22.551
1,2026-02-18 02:50:00,121.26,2.02,214.07,0.85,59.98,22.587
1,2026-02-18 03:00:00,119.96,4.285,496.73,0.942,59.95,22.677
1,2026-02-18 03:10:00,120.84,2.086,219.39,0.849,59.94,22.707
1,2026-02-18 03:20:00,121.14,2.624,264.54,0.833,59.98,22.751
1,2026-02-18 03:30:00,120.77,3.209,321.25,0.83,59.95,22.806
1,2026-02-18 03:40:00,121.08,3.101,310.38,0.826,59.94,22.858
1,2026-02-18 03:50:00,121.89,1.836,186.15,0.83,59.95,22.89
1,2026-02-18 04:00:00,120.85,3.236,328.64,0.836,59.97,22.944
1,2026-02-18 04:10:00,121.32,1.664,168.87,0.836,59.96,22.972
1,2026-02-18 04:20:00,120.58,3.092,308.51,0.829,59.95,23.03
1,2026-02-18 04:30:00,121.52,1.67,168.92,0.832,59.95,23.059
1,2026-02-18 04:40:00,120.61,3.063,305.28,0.826,59.92,23.11
1,2026-02-18 04:50:00,119.58,1.682,166.11,0.826,59.95,23.138
1,2026-02-18 05:00:00,120.19,2.869,284.14,0.826,59.94,23.188
1,2026-02-18 05:10:00,118.72,1.698,168.5,0.836,59.94,23.216
1,2026-02-18 05:20:00,119.43,2.894,286.03,0.829,59.96,23.266
1,2026-02-18 05:30:00,119.47,2.169,221.88,0.838,59.94,23.295
1,2026-02-18 05:40:00,117.65,4.365,448.04,0.855,59.91,23.357
1,2026-02-18 05:50:00,118.81,1.777,175.95,0.832,60.0,23.387
1,2026-02-18 06:00:00,117.19,5.338,564.6,0.893,59.94,23.472
1,2026-02-18 06:10:00,116.82,3.202,343.26,0.899,59.94,23.524
1,2026-02-18 06:20:00,118.72,2.984,308.69,0.872,59.99,23.577
1,2026-02-18 06:30:00,118.788,2.225,237.15,0.898,59.962,23.618
1,2026-02-18 06:40:00,117.31,4.923,527.99,0.908,59.96,23.693
1,2026-02-18 06:50:00,118.95,3.071,340.52,0.919,59.97,23.751
1,2026-02-18 07:00:00,118.85,3.25,344.47,0.895,59.94,23.81
1,2026-02-18 07:10:00,117.38,2.26,240.5,0.907,59.98,23.852
1,2026-02-18 07:20:00,118.3,3.241,341.94,0.894,59.95,23.91
1,2026-02-18 07:30:00,120.33,2.235,243.44,0.906,59.94,23.952
1,2026-02-18 07:40:00,117.57,3.228,336.85,0.89,59.94,24.01
1,2026-02-18 07:50:00,118.26,2.109,222.71,0.895,59.94,24.051
1,2026-02-18 08:00:00,117.82,3.893,406.81,0.888,59.97,24.113
1,2026-02-18 08:10:00,118.12,2.088,222.51,0.904,59.95,24.151
1,2026-02-18 08:20:00,117.3,4.012,426.06,0.896,59.95,24.218
1,2026-02-18 08:30:00,117.14,2.98,322.64,0.908,59.94,24.288
1,2026-02-18 08:40:00,117.06,3.113,309.75,0.843,59.96,24.341
1,2026-02-18 08:50:00,119.14,2.409,258.74,0.87,59.97,24.375
1,2026-02-18 09:00:00,116.54,4.988,563.86,0.958,59.98,24.475
1,2026-02-18 09:10:00,118.06,1.629,160.86,0.837,59.97,24.502
1,2026-02-18 09:20:00,115.72,3.068,304.48,0.85,59.94,24.547
1,2026-02-18 09:30:00,111.78,9.448,1007.97,0.928,59.96,24.716
1,2026-02-18 09:40:00,116.48,6.175,665.08,0.876,59.98,24.841
1,2026-02-18 09:50:00,119.22,2.42,247.73,0.839,59.96,24.891
1,2026-02-18 10:00:00,119.36,3.026,300.24,0.831,59.95,24.942
1,2026-02-18 10:10:00,118.08,1.616,160.06,0.838,59.97,24.97
1,2026-02-18 10:20:00,116.74,4.388,448.94,0.864,59.98,25.044
1,2026-02-18 10:30:00,119.4,1.646,164.9,0.84,59.96,25.072
1,2026-02-18 10:40:00,118.79,3.048,302.86,0.837,59.98,25.122
1,2026-02-18 10:50:00,119.17,2.117,219.35,0.849,59.98,25.158
1,2026-02-18 11:00:00,117.8,3.942,402.05,0.855,59.95,25.223
1,2026-02-18 11:10:00,115.22,2.466,254.41,0.883,59.93,25.266
1,2026-02-18 11:20:00,115.98,5.41,564.4,0.897,59.98,25.343
1,2026-02-18 11:30:00,117.73,4.416,493.37,0.93,59.94,25.424
1,2026-02-18 11:40:00,117.81,4.482,481.72,0.908,59.98,25.51
1,2026-02-18 11:50:00,117.95,3.081,328.49,0.899,59.96,25.569
1,2026-02-18 12:00:00,117.69,2.896,302.07,0.888,59.97,25.633
1,2026-02-18 12:10:00,118.5,2.793,292.86,0.888,59.97,25.681
1,2026-02-18 12:20:00,118.56,3.388,354.74,0.889,59.92,25.742
1,2026-02-18 12:30:00,117.92,3.784,404.78,0.9,59.97,25.804
1,2026-02-18 12:40:00,119.08,3.203,341.46,0.894,59.99,25.862
1,2026-02-18 12:50:00,119.61,3.299,354.82,0.897,59.95,25.924
1,2026-02-18 13:00:00,119.23,3.208,345.46,0.899,59.94,25.981
1,2026-02-18 13:10:00,119.57,2.88,304.36,0.888,59.95,26.037
1,2026-02-18 13:20:00,119.17,3.771,406.61,0.899,59.93,26.104
1,2026-02-18 13:30:00,118.838,3.618,395.45,0.91,59.962,26.179
1,2026-02-18 13:40:00,119.3,3.345,355.93,0.892,59.97,26.234
1,2026-02-18 13:50:00,119.28,3.151,338.24,0.896,59.99,26.29
1,2026-02-18 14:00:00,118.28,3.674,381.42,0.88,59.97,26.355
1,2026-02-18 14:10:00,119.34,3.382,364.21,0.879,59.95,26.413
1,2026-02-18 14:20:00,119.39,5.791,627.77,0.9,59.96,26.487
1,2026-02-18 14:30:00,119.33,2.725,288.47,0.885,59.98,26.545
1,2026-02-18 14:40:00,118.75,3.639,373.11,0.853,59.93,26.605
1,2026-02-18 14:50:00,118.25,2.317,239.55,0.856,59.95,26.644
1,2026-02-18 15:00:00,118.33,4.578,528.01,0.959,59.95,26.75
1,2026-02-18 15:10:00,118.42,3.377,368.44,0.895,59.96,26.803
1,2026-02-18 15:20:00,116.29,9.737,1157.71,0.963,59.95,26.999
1,2026-02-18 15:30:00,117.07,7.528,837.48,0.927,59.97,27.177
1,2026-02-18 15:40:00,118.29,6.641,734.84,0.913,59.96,27.294
1,2026-02-18 15:50:00,119.2,6.571,750.75,0.94,59.97,27.436
1,2026-02-18 16:00:00,120.26,4.264,459.35,0.879,59.94,27.536
1,2026-02-18 16:10:00,118.97,5.004,560.65,0.914,59.95,27.646
1,2026-02-18 16:20:00,120.06,2.926,294.8,0.835,59.99,27.699
1,2026-02-18 16:30:00,119.54,3.748,409.89,0.886,59.94,27.763
1,2026-02-18 16:40:00,120.7,2.932,289.85,0.82,59.92,27.811
1,2026-02-18 16:50:00,120.65,1.825,180.89,0.822,59.96,27.843
1,2026-02-18 17:00:00,120.64,2.94,291.26,0.823,59.96,27.891
1,2026-02-18 17:10:00,121.17,1.811,180.42,0.823,59.94,27.926
1,2026-02-18 17:20:00,119.83,4.27,441.61,0.844,59.96,27.993
1,2026-02-18 17:30:00,120.64,2.669,282.17,0.847,59.99,28.044
1,2026-02-18 17:40:00,120.26,2.927,288.93,0.821,59.97,28.093
1,2026-02-18 17:50:00,121.93,1.656,166.34,0.824,59.98,28.123
1,2026-02-18 18:00:00,120.01,7.544,849.59,0.887,59.99,28.268
1,2026-02-18 18:10:00,120.48,3.026,330.17,0.878,59.97,28.327
1,2026-02-18 18:20:00,119.05,4.464,463.15,0.857,59.96,28.398
1,2026-02-18 18:30:00,118.87,2.22,225.48,0.83,59.97,28.438
1,2026-02-18 18:40:00,118.26,3.758,380.34,0.85,59.97,28.506
1,2026-02-18 18:50:00,118.39,1.83,178.75,0.826,59.95,28.536
1,2026-02-18 19:00:00,116.88,3.08,301.66,0.837,59.97,28.589
1,2026-02-18 19:10:00,118.74,1.863,184.79,0.836,59.94,28.62
1,2026-02-18 19:20:00,119.25,3.058,305.49,0.839,59.95,28.673
1,2026-02-18 19:30:00,118.78,1.83,182.66,0.838,59.97,28.704
1,2026-02-18 19:40:00,118.06,3.072,303.79,0.839,59.97,28.755
1,2026-02-18 19:50:00,117.9,1.842,180.02,0.828,59.98,28.787
1,2026-02-18 20:00:00,117.68,3.055,300.78,0.837,59.98,28.837
1,2026-02-18 20:10:00,118.56,2.293,236.12,0.846,59.97,28.878
1,2026-02-18 20:20:00,117.33,3.678,379.28,0.879,59.95,28.948
1,2026-02-18 20:30:00,116.73,2.366,245.42,0.89,59.95,28.991
1,2026-02-18 20:40:00,113.22,5.087,518.92,0.896,59.97,29.073
1,2026-02-18 20:50:00,116.13,3.166,340.78,0.913,59.95,29.125
1,2026-02-18 21:00:00,115.87,5.397,607.3,0.962,59.98,29.232
1,2026-02-18 21:10:00,118.1,2.938,315.812,0.9,59.988,29.268
1,2026-02-18 21:20:00,116.76,7.016,775.1,0.925,59.96,29.411
1,2026-02-18 21:30:00,118.722,6.237,684.8,0.906,59.967,29.516
1,2026-02-18 21:40:00,119.21,4.043,423.75,0.874,59.95,29.582
1,2026-02-18 21:50:00,121.75,1.889,195.0,0.851,59.95,29.615
1,2026-02-18 22:00:00,119.87,5.874,632.26,0.887,59.97,29.722
1,2026-02-18 22:10:00,117.84,1.907,190.49,0.849,59.96,29.759
1,2026-02-18 22:20:00,119.41,2.969,295.45,0.836,59.93,29.807
1,2026-02-18 22:30:00,119.86,2.866,301.69,0.857,59.95,29.848
1,2026-02-18 22:40:00,120.04,2.821,280.54,0.829,59.94,29.894
1,2026-02-18 22:50:00,120.52,2.006,201.44,0.834,59.96,29.929
1,2026-02-18 23:00:00,119.68,4.553,482.83,0.868,59.96,30.002
1,2026-02-18 23:10:00,121.4,2.008,202.73,0.834,59.99,30.037
1,2026-02-18 23:20:00,120.78,2.79,279.67,0.83,59.95,30.085
1,2026-02-18 23:30:00,120.42,2.922,312.13,0.866,59.98,30.13
1,2026-02-18 23:40:00,119.91,2.871,288.97,0.841,59.94,30.184
1,2026-02-18 23:50:00,120.37,2.077,211.6,0.848,59.93,30.219
1,2026-02-19 00:00:00,120.89,2.872,291.19,0.84,59.94,30.267
1,2026-02-19 00:10:00,120.35,1.969,199.27,0.843,59.95,30.303
1,2026-02-19 00:20:00,120.06,2.833,286.28,0.841,59.93,30.349
1,2026-02-19 00:30:00,120.77,2.346,247.64,0.858,59.96,30.385
1,2026-02-19 00:40:00,120.99,2.851,288.82,0.838,59.98,30.432
1,2026-02-19 00:50:00,120.85,1.913,194.82,0.844,59.95,30.465
1,2026-02-19 01:00:00,120.23,2.808,280.18,0.832,59.93,30.514
1,2026-02-19 01:10:00,121.32,1.904,192.11,0.832,59.98,30.546
1,2026-02-19 01:20:00,121.17,3.407,343.24,0.829,59.96,30.593
1,2026-02-19 01:30:00,121.6,2.171,227.85,0.842,59.98,30.631
1,2026-02-19 01:40:00,121.0,2.935,293.23,0.827,59.95,30.678
1,2026-02-19 01:50:00,120.7,1.704,171.72,0.835,59.96,30.708
1,2026-02-19 02:00:00,120.43,2.775,276.59,0.828,59.98,30.757
1,2026-02-19 02:10:00,121.05,1.658,167.8,0.836,59.96,30.786
1,2026-02-19 02:20:00,121.37,2.718,271.81,0.825,59.96,30.833
1,2026-02-19 02:30:00,121.49,1.705,172.28,0.833,59.97,30.863
1,2026-02-19 02:40:00,121.37,2.924,293.53,0.828,59.96,30.911
1,2026-02-19 02:50:00,121.14,2.061,218.86,0.853,59.95,30.945
1,2026-02-19 03:00:00,120.43,4.719,551.46,0.952,59.97,31.042
1,2026-02-19 03:10:00,121.362,1.662,167.738,0.831,59.962,31.07
1,2026-02-19 03:20:00,121.1,2.629,265.26,0.832,59.93,31.115
1,2026-02-19 03:30:00,121.67,3.236,326.27,0.829,59.97,31.171
1,2026-02-19 03:40:00,121.35,3.368,344.3,0.833,59.93,31.225
1,2026-02-19 03:50:00,121.75,2.008,203.54,0.833,59.95,31.257
1,2026-02-19 04:00:00,120.56,2.937,293.44,0.829,59.92,31.31
1,2026-02-19 04:10:00,121.28,1.712,172.82,0.832,59.96,31.339
1,2026-02-19 04:20:00,121.1,2.956,296.87,0.832,59.93,31.391
1,2026-02-19 04:30:00,121.68,1.672,170.76,0.839,59.96,31.42
1,2026-02-19 04:40:00,120.91,3.351,345.35,0.843,59.95,31.484
1,2026-02-19 04:50:00,121.37,1.682,170.13,0.834,59.96,31.512
1,2026-02-19 05:00:00,120.41,2.896,288.32,0.825,59.96,31.562
1,2026-02-19 05:10:00,119.61,2.16,223.33,0.843,59.97,31.599
1,2026-02-19 05:20:00,119.36,2.902,287.86,0.831,59.97,31.647
1,2026-02-19 05:30:00,119.28,1.708,169.24,0.829,59.93,31.677
1,2026-02-19 05:40:00,116.6,9.751,1099.53,0.933,59.96,31.858
1,2026-02-19 05:50:00,119.72,2.565,272.42,0.854,59.95,31.911
1,2026-02-19 06:00:00,118.52,3.962,418.93,0.882,59.95,31.971
1,2026-02-19 06:10:00,119.0,2.706,290.69,0.875,59.96,32.018
1,2026-02-19 06:20:00,118.84,2.91,289.0,0.836,59.95,32.065
1,2026-02-19 06:30:00,120.11,1.659,165.99,0.832,59.99,32.093
1,2026-02-19 06:40:00,118.94,2.889,284.73,0.828,59.96,32.14
1,2026-02-19 06:50:00,120.46,2.046,214.25,0.85,59.93,32.177
1,2026-02-19 07:00:00,119.17,3.792,390.03,0.851,59.98,32.235
1,2026-02-19 07:10:00,118.91,2.021,202.79,0.846,59.96,32.268
1,2026-02-19 07:20:00,118.14,2.845,288.21,0.85,59.97,32.317
1,2026-02-19 07:30:00,117.22,3.672,388.1,0.881,59.97,32.38
1,2026-02-19 07:40:00,117.55,2.827,286.81,0.85,59.96,32.424
1,2026-02-19 07:50:00,117.37,2.989,298.97,0.846,59.94,32.482
1,2026-02-19 08:00:00,117.7,2.273,224.41,0.842,59.94,32.532
1,2026-02-19 08:10:00,117.38,3.166,324.44,0.852,59.96,32.587
1,2026-02-19 08:20:00,116.92,2.301,223.71,0.836,59.93,32.625
1,2026-02-19 08:30:00,117.49,4.02,418.65,0.868,59.93,32.694
1,2026-02-19 08:40:00,118.28,2.765,282.15,0.849,59.95,32.746
1,2026-02-19 08:50:00,118.76,3.003,314.46,0.863,59.96,32.792
1,2026-02-19 09:00:00,117.1,5.584,633.31,0.951,59.93,32.912
1,2026-02-19 09:10:00,119.53,2.657,284.84,0.863,59.97,32.954
1,2026-02-19 09:20:00,119.29,3.076,313.85,0.843,60.0,33.009
1,2026-02-19 09:30:00,119.71,3.291,330.5,0.836,59.97,33.065
1,2026-02-19 09:40:00,119.55,2.794,276.48,0.828,59.97,33.114
1,2026-02-19 09:50:00,118.48,2.419,245.43,0.839,59.96,33.147
1,2026-02-19 10:00:00,119.64,3.361,339.03,0.837,59.95,33.207
1,2026-02-19 10:10:00,119.73,2.232,230.98,0.844,59.94,33.247
1,2026-02-19 10:20:00,119.4,6.373,688.42,0.9,59.97,33.368
1,2026-02-19 10:30:00,120.96,1.646,165.31,0.831,59.93,33.403
1,2026-02-19 10:40:00,119.44,2.906,286.29,0.826,59.94,33.454
1,2026-02-19 10:50:00,120.311,2.08,218.811,0.853,59.956,33.491
1,2026-02-19 11:00:00,117.38,6.884,740.97,0.916,59.95,33.608
1,2026-02-19 11:10:00,119.77,2.043,212.87,0.849,59.92,33.651
1,2026-02-19 11:20:00,119.85,2.869,283.03,0.825,59.92,33.7
1,2026-02-19 11:30:00,120.28,1.671,168.66,0.84,59.96,33.729
1,2026-02-19 11:40:00,119.19,2.845,283.12,0.836,59.95,33.777
1,2026-02-19 11:50:00,119.233,1.823,181.956,0.836,59.956,33.807
1,2026-02-19 12:00:00,118.71,2.739,272.22,0.838,59.95,33.855
1,2026-02-19 12:10:00,117.56,2.274,234.17,0.857,59.96,33.904
1,2026-02-19 12:20:00,116.58,3.266,316.17,0.836,59.95,33.959
1,2026-02-19 12:30:00,117.62,2.278,235.57,0.861,59.95,33.996
1,2026-02-19 12:40:00,118.98,2.914,290.14,0.836,59.98,34.055
1,2026-02-19 12:50:00,116.7,7.525,851.25,0.942,59.95,34.214
1,2026-02-19 13:00:00,115.06,10.41,1154.2,0.947,59.93,34.397
1,2026-02-19 13:10:00,118.12,3.092,338.84,0.911,59.96,34.458
1,2026-02-19 13:20:00,118.92,3.309,345.32,0.881,59.96,34.52
1,2026-02-19 13:30:00,116.838,7.416,832.938,0.929,59.975,34.621
1,2026-02-19 13:40:00,117.98,7.31,819.01,0.926,59.96,34.763
1,2026-02-19 13:50:00,121.0,2.078,225.47,0.897,59.98,34.802
1,2026-02-19 14:00:00,119.89,3.838,406.77,0.88,59.95,34.867
1,2026-02-19 14:10:00,119.12,4.309,477.11,0.917,59.98,34.927
1,2026-02-19 14:20:00,119.2,3.896,417.82,0.893,59.97,34.986
1,2026-02-19 14:30:00,119.75,4.597,509.63,0.918,59.96,35.094
1,2026-02-19 14:40:00,118.29,9.011,1035.37,0.955,59.97,35.254
1,2026-02-19 14:50:00,118.74,6.662,738.3,0.911,59.93,35.384
1,2026-02-19 15:00:00,120.39,5.072,596.99,0.969,59.97,35.495
1,2026-02-19 15:10:00,121.44,2.069,217.67,0.846,59.97,35.528
1,2026-02-19 15:20:00,122.25,2.599,263.23,0.83,59.95,35.574
1,2026-02-19 15:30:00,120.27,3.213,321.48,0.831,59.91,35.628
1,2026-02-19 15:40:00,118.42,3.241,321.0,0.837,59.96,35.683
1,2026-02-19 15:50:00,121.7,1.66,166.325,0.822,59.938,35.707
1,2026-02-19 16:00:00,120.48,3.229,322.74,0.829,59.96,35.767
1,2026-02-19 16:10:00,120.86,1.64,165.7,0.837,59.96,35.797
1,2026-02-19 16:20:00,121.1,3.038,303.77,0.827,59.98,35.849
1,2026-02-19 16:30:00,121.85,1.642,166.04,0.828,59.94,35.883
1,2026-02-19 16:40:00,121.2,3.064,306.2,0.824,59.933,35.927
1,2026-02-19 16:50:00,122.633,1.663,168.0,0.826,59.956,35.963
1,2026-02-19 17:00:00,122.163,3.038,303.962,0.82,59.988,36.014
1,2026-02-19 17:10:00,122.18,1.634,164.92,0.827,59.97,36.043
1,2026-02-19 17:20:00,120.1,2.865,282.98,0.823,59.97,36.093
1,2026-02-19 17:30:00,121.09,1.686,167.62,0.821,59.96,36.121
1,2026-02-19 17:40:00,121.725,2.912,292.688,0.826,59.962,36.171
1,2026-02-19 17:50:00,122.54,1.708,169.03,0.808,59.97,36.199
1,2026-02-19 18:00:00,121.038,3.653,374.25,0.828,59.95,36.249
1,2026-02-19 18:10:00,120.51,1.805,179.95,0.827,59.92,36.279
1,2026-02-19 18:20:00,118.45,2.641,254.288,0.811,59.938,36.338
1,2026-02-19 18:30:00,118.81,2.03,195.09,0.807,59.95,36.371
1,2026-02-19 18:40:00,117.21,4.38,445.14,0.829,59.98,36.439
1,2026-02-19 18:50:00,116.83,4.942,531.31,0.87,59.98,36.549
1,2026-02-19 19:00:00,117.07,7.45,821.56,0.903,59.97,36.699
1,2026-02-19 19:10:00,118.38,4.001,425.47,0.875,59.94,36.767
1,2026-02-19 19:20:00,117.88,3.151,320.28,0.863,59.97,36.822
1,2026-02-19 19:30:00,117.71,5.256,571.99,0.913,59.98,36.907
1,2026-02-19 19:40:00,118.24,6.133,665.74,0.909,59.96,37.028
1,2026-02-19 19:50:00,118.09,3.199,340.3,0.901,59.93,37.087
1,2026-02-19 20:00:00,116.425,7.818,867.938,0.955,59.988,37.228
1,2026-02-19 20:10:00,118.08,5.228,579.39,0.932,59.99,37.326
1,2026-02-19 20:20:00,117.62,8.131,907.27,0.953,59.93,37.474
1,2026-02-19 20:30:00,119.28,3.305,357.26,0.902,59.95,37.533
1,2026-02-19 20:40:00,118.47,7.601,846.82,0.944,59.97,37.675
1,2026-02-19 20:50:00,120.84,2.828,309.84,0.895,59.93,37.728
1,2026-02-19 21:00:00,118.975,6.055,709.3,0.984,59.962,37.824
1,2026-02-19 21:10:00,119.6,5.365,614.82,0.948,59.95,37.94
1,2026-02-19 21:20:00,119.78,4.976,553.74,0.922,59.95,38.03
1,2026-02-19 21:30:00,118.88,4.334,463.71,0.896,59.96,38.104
1,2026-02-19 21:40:00,119.24,6.371,692.11,0.905,59.98,38.21
1,2026-02-19 21:50:00,121.16,3.198,348.99,0.875,59.96,38.285
1,2026-02-19 22:00:00,121.75,3.113,315.262,0.832,59.95,38.343
1,2026-02-19 22:10:00,121.4,2.457,259.16,0.855,59.94,38.383
1,2026-02-19 22:20:00,120.73,2.819,285.58,0.841,59.95,38.43
1,2026-02-19 22:30:00,121.188,1.831,187.362,0.842,59.95,38.47
1,2026-02-19 22:40:00,120.875,2.96,298.962,0.835,59.962,38.518
1,2026-02-19 22:50:00,120.82,2.24,227.89,0.844,59.94,38.557
1,2026-02-19 23:00:00,121.43,2.712,275.7,0.837,59.99,38.604
1,2026-02-19 23:10:00,121.96,2.284,234.44,0.842,59.95,38.643
1,2026-02-19 23:20:00,121.67,2.695,275.3,0.841,59.97,38.69
1,2026-02-19 23:30:00,121.4,2.151,220.538,0.846,59.925,38.729
1,2026-02-19 23:40:00,120.4,2.691,273.09,0.845,59.94,38.775
1,2026-02-19 23:50:00,120.08,2.088,210.88,0.842,59.95,38.813
1,2026-02-20 00:00:00,120.07,3.158,326.3,0.851,59.96,38.861
1,2026-02-20 00:10:00,119.81,2.07,207.1,0.834,59.97,38.898
1,2026-02-20 00:20:00,116.57,2.698,263.53,0.836,59.97,38.942
1,2026-02-20 00:30:00,120.31,2.041,205.57,0.84,59.97,38.979
1,2026-02-20 00:40:00,119.04,2.652,263.02,0.833,59.96,39.023
1,2026-02-20 00:50:00,121.43,2.052,205.69,0.827,59.93,39.059
1,2026-02-20 01:00:00,121.62,2.813,282.13,0.826,59.97,39.106
1,2026-02-20 01:10:00,122.19,1.857,189.49,0.837,59.96,39.139
1,2026-02-20 01:20:00,122.19,2.762,280.43,0.834,59.97,39.187
1,2026-02-20 01:30:00,121.84,1.853,188.72,0.836,59.97,39.219
1,2026-02-20 01:40:00,120.23,3.188,326.98,0.844,59.95,39.267
1,2026-02-20 01:50:00,119.49,2.121,220.27,0.848,59.97,39.302
1,2026-02-20 02:00:00,119.76,2.899,289.69,0.834,59.96,39.349
1,2026-02-20 02:10:00,121.01,1.738,173.71,0.826,59.92,39.381
1,2026-02-20 02:20:00,121.73,2.897,291.21,0.825,59.96,39.429
1,2026-02-20 02:30:00,121.54,1.696,173.07,0.839,59.94,39.46
1,2026-02-20 02:40:00,120.98,2.783,279.75,0.834,59.96,39.508
1,2026-02-20 02:50:00,119.4,2.932,318.9,0.875,59.94,39.556
1,2026-02-20 03:00:00,118.84,4.69,540.68,0.95,59.96,39.649
1,2026-02-20 03:10:00,121.05,1.753,176.01,0.829,59.97,39.68
1,2026-02-20 03:20:00,121.33,2.602,263.58,0.838,59.95,39.724
1,2026-02-20 03:30:00,121.28,3.259,328.73,0.83,59.95,39.781
1,2026-02-20 03:40:00,121.3,2.945,297.01,0.833,59.96,39.831
1,2026-02-20 03:50:00,121.25,2.01,204.22,0.838,59.93,39.865
1,2026-02-20 04:00:00,120.24,3.06,306.79,0.833,59.96,39.918
1,2026-02-20 04:10:00,120.05,1.716,172.89,0.839,59.93,39.947
1,2026-02-20 04:20:00,120.64,3.05,306.25,0.833,59.96,40.001
1,2026-02-20 04:30:00,121.08,2.13,223.78,0.849,59.94,40.039
1,2026-02-20 04:40:00,120.11,3.085,308.36,0.833,59.94,40.09
1,2026-02-20 04:50:00,121.06,1.727,174.77,0.835,59.94,40.12
1,2026-02-20 05:00:00,119.57,3.304,323.53,0.825,59.93,40.169
1,2026-02-20 05:10:00,119.262,1.726,170.988,0.83,59.938,40.2
1,2026-02-20 05:20:00,118.75,2.878,285.02,0.835,59.97,40.248
1,2026-02-20 05:30:00,119.3,2.14,221.43,0.848,59.97,40.281
1,2026-02-20 05:40:00,118.69,3.397,342.21,0.841,59.95,40.348
1,2026-02-20 05:50:00,120.11,1.718,172.49,0.837,59.93,40.377
1,2026-02-20 06:00:00,119.28,4.248,451.76,0.878,59.96,40.457
1,2026-02-20 06:10:00,119.63,2.244,237.49,0.869,59.96,40.503
1,2026-02-20 06:20:00,119.52,2.87,283.47,0.829,59.95,40.55
1,2026-02-20 06:30:00,117.5,1.662,163.52,0.837,59.98,40.579
1,2026-02-20 06:40:00,118.6,2.996,297.64,0.841,59.95,40.631
1,2026-02-20 06:50:00,119.24,2.064,213.86,0.846,59.97,40.668
1,2026-02-20 07:00:00,119.14,3.339,334.45,0.829,59.93,40.721
1,2026-02-20 07:10:00,118.49,1.647,162.55,0.834,59.95,40.749
1,2026-02-20 07:20:00,117.49,2.709,266.01,0.836,59.96,40.796
1,2026-02-20 07:30:00,114.46,1.713,164.78,0.842,59.96,40.825
1,2026-02-20 07:40:00,115.66,3.215,317.23,0.84,59.94,40.877
1,2026-02-20 07:50:00,113.06,5.825,629.43,0.951,59.99,40.983
1,2026-02-20 08:00:00,114.44,7.131,761.07,0.936,59.96,41.113
1,2026-02-20 08:10:00,116.37,2.532,261.96,0.858,59.96,41.161
1,2026-02-20 08:20:00,116.31,3.563,353.89,0.847,59.93,41.223
1,2026-02-20 08:30:00,118.24,1.824,181.22,0.84,59.95,41.253
1,2026-02-20 08:40:00,118.5,2.732,269.69,0.835,59.97,41.298
1,2026-02-20 08:50:00,118.36,2.462,259.58,0.852,59.96,41.334
1,2026-02-20 09:00:00,117.99,5.064,579.67,0.955,59.97,41.453
1,2026-02-20 09:10:00,119.63,2.277,235.26,0.843,59.96,41.491
1,2026-02-20 09:20:00,119.35,2.629,260.67,0.829,59.95,41.537
1,2026-02-20 09:30:00,118.46,4.449,460.45,0.863,59.95,41.606
1,2026-02-20 09:40:00,119.72,3.973,405.9,0.844,59.95,41.664
1,2026-02-20 09:50:00,121.34,1.984,199.13,0.826,59.98,41.699
1,2026-02-20 10:00:00,120.51,3.089,307.66,0.827,59.95,41.756
1,2026-02-20 10:10:00,119.32,2.259,212.59,0.8,59.98,41.792
1,2026-02-20 10:20:00,118.34,5.179,441.88,0.724,59.96,41.868
1,2026-02-20 10:30:00,119.92,3.36,313.41,0.777,60.0,41.921
1,2026-02-20 10:40:00,119.4,5.468,510.17,0.773,59.94,42.009
1,2026-02-20 10:50:00,119.089,6.076,693.011,0.929,59.967,42.086
1,2026-02-20 11:00:00,118.61,4.019,427.08,0.87,59.92,42.166
1,2026-02-20 11:10:00,120.06,2.255,234.74,0.849,59.96,42.196
1,2026-02-20 11:20:00,119.96,2.883,287.95,0.835,59.97,42.244
1,2026-02-20 11:30:00,119.93,1.844,186.34,0.846,59.96,42.275
1,2026-02-20 11:40:00,119.17,2.787,277.48,0.838,59.96,42.322
1,2026-02-20 11:50:00,121.062,2.055,208.55,0.84,59.975,42.374
1,2026-02-20 12:00:00,119.53,3.699,376.54,0.846,59.98,42.444
1,2026-02-20 12:10:00,119.58,4.604,512.35,0.909,59.96,42.53
1,2026-02-20 12:20:00,119.75,3.71,379.3,0.847,59.96,42.596
1,2026-02-20 12:30:00,117.96,3.535,383.34,0.891,59.96,42.656
1,2026-02-20 12:40:00,119.04,3.884,400.91,0.856,59.95,42.716
1,2026-02-20 12:50:00,120.55,3.123,336.11,0.873,59.96,42.781
1,2026-02-20 13:00:00,120.22,3.69,394.21,0.884,59.97,42.853
1,2026-02-20 13:10:00,116.55,11.522,1294.71,0.95,59.98,43.067
1,2026-02-20 13:20:00,119.4,3.496,381.79,0.908,59.93,43.13
1,2026-02-20 13:30:00,118.32,7.425,808.23,0.916,59.97,43.258
1,2026-02-20 13:40:00,118.925,3.674,383.812,0.88,59.95,43.328
1,2026-02-20 13:50:00,118.97,3.012,331.28,0.912,59.94,43.378
1,2026-02-20 14:00:00,118.06,3.942,412.66,0.886,59.95,43.448
1,2026-02-20 14:10:00,118.92,2.888,309.82,0.899,59.97,43.498
1,2026-02-20 14:20:00,118.36,4.261,455.92,0.897,59.95,43.566
1,2026-02-20 14:30:00,118.48,3.216,340.79,0.893,59.92,43.625
1,2026-02-20 14:40:00,118.75,2.908,297.4,0.865,59.94,43.672
1,2026-02-20 14:50:00,118.45,4.289,454.48,0.878,59.97,43.736
1,2026-02-20 15:00:00,118.25,4.896,566.175,0.97,59.95,43.835
1,2026-02-20 15:10:00,118.74,2.526,269.79,0.871,59.94,43.873
1,2026-02-20 15:20:00,119.1,4.018,425.4,0.876,59.95,43.945
1,2026-02-20 15:30:00,119.938,4.915,517.162,0.864,59.988,44.026
1,2026-02-20 15:40:00,120.77,3.455,342.93,0.825,59.94,44.081
1,2026-02-20 15:50:00,119.82,4.729,493.47,0.85,59.96,44.155
1,2026-02-20 16:00:00,120.64,1.829,185.97,0.844,59.95,44.185
1,2026-02-20 16:10:00,119.54,4.101,421.09,0.849,59.95,44.242
1,2026-02-20 16:20:00,119.91,1.937,195.29,0.845,59.92,44.276
1,2026-02-20 16:30:00,119.17,3.512,342.09,0.824,59.95,44.328
1,2026-02-20 16:40:00,119.48,3.327,345.89,0.85,59.93,44.378
1,2026-02-20 16:50:00,120.11,5.861,651.05,0.919,59.97,44.493
1,2026-02-20 17:00:00,120.88,3.884,409.81,0.857,59.97,44.562
1,2026-02-20 17:10:00,119.86,5.892,664.47,0.938,59.93,44.663
1,2026-02-20 17:20:00,118.51,6.059,649.84,0.896,59.97,44.765
1,2026-02-20 17:30:00,119.96,5.143,583.99,0.932,59.95,44.865
1,2026-02-20 17:40:00,120.64,4.952,520.61,0.858,59.93,44.949
1,2026-02-20 17:50:00,119.03,5.017,570.03,0.938,59.98,45.051
1,2026-02-20 18:00:00,120.19,3.222,318.47,0.823,59.96,45.103
1,2026-02-20 18:10:00,120.87,2.694,284.71,0.849,59.95,45.145
1,2026-02-20 18:20:00,120.07,2.878,284.58,0.825,59.95,45.198
1,2026-02-20 18:30:00,121.21,2.006,200.81,0.826,59.98,45.233
1,2026-02-20 18:40:00,120.13,2.806,276.37,0.822,59.95,45.278
1,2026-02-20 18:50:00,119.2,2.74,275.59,0.831,59.96,45.325
1,2026-02-20 19:00:00,118.09,3.564,359.46,0.846,59.97,45.38
1,2026-02-20 19:10:00,119.275,2.412,238.575,0.827,59.95,45.42
1,2026-02-20 19:20:00,118.86,2.798,284.0,0.848,59.97,45.482
1,2026-02-20 19:30:00,118.38,3.695,389.14,0.884,59.97,45.544
1,2026-02-20 19:40:00,118.9,3.261,331.74,0.854,59.94,45.6
1,2026-02-20 19:50:00,119.28,2.848,279.7,0.823,59.98,45.65
1,2026-02-20 20:00:00,119.33,2.034,196.06,0.807,60.0,45.683
1,2026-02-20 20:10:00,118.725,3.124,304.875,0.822,59.938,45.734
1,2026-02-20 20:20:00,119.64,2.15,222.6,0.844,59.94,45.764
1,2026-02-20 20:30:00,119.89,3.559,358.28,0.83,59.97,45.818
1,2026-02-20 20:40:00,121.26,2.164,228.77,0.847,59.95,45.851
1,2026-02-20 20:50:00,120.47,3.966,412.25,0.848,59.95,45.909
1,2026-02-20 21:00:00,121.33,4.696,554.98,0.96,59.95,46.007
1,2026-02-20 21:10:00,122.16,1.753,179.41,0.839,59.97,46.038
1,2026-02-20 21:20:00,120.125,2.955,296.288,0.836,59.95,46.083
1,2026-02-20 21:30:00,120.91,3.362,339.03,0.832,59.97,46.14
1,2026-02-20 21:40:00,120.6,3.795,386.12,0.836,59.94,46.197
1,2026-02-20 21:50:00,121.91,2.553,269.48,0.854,59.94,46.242
1,2026-02-20 22:00:00,121.78,2.973,302.73,0.836,59.96,46.292
1,2026-02-20 22:10:00,120.91,3.1,319.98,0.849,59.95,46.342
1,2026-02-20 22:20:00,120.43,2.935,307.42,0.858,59.96,46.402
1,2026-02-20 22:30:00,120.17,2.796,283.13,0.841,59.98,46.45
1,2026-02-20 22:40:00,120.46,2.18,220.52,0.843,59.95,46.489
1,2026-02-20 22:50:00,120.82,3.025,305.36,0.835,59.97,46.541
1,2026-02-20 23:00:00,121.89,2.022,207.18,0.841,59.97,46.574
1,2026-02-20 23:10:00,121.68,3.205,326.59,0.837,59.99,46.63
1,2026-02-20 23:20:00,122.0,1.819,189.17,0.851,59.94,46.661
1,2026-02-20 23:30:00,121.19,3.159,318.77,0.833,59.97,46.716
1,2026-02-20 23:40:00,121.48,2.209,235.38,0.859,59.94,46.748
1,2026-02-20 23:50:00,117.28,3.147,312.49,0.846,59.95,46.8
1,2026-02-21 00:00:00,117.93,1.878,187.01,0.846,59.97,46.833
1,2026-02-21 00:10:00,118.62,3.022,300.58,0.838,59.96,46.883
1,2026-02-21 00:20:00,118.01,2.343,241.08,0.857,59.93,46.924
1,2026-02-21 00:30:00,121.04,3.174,326.46,0.845,59.94,46.973
1,2026-02-21 00:40:00,120.9,2.121,213.25,0.834,59.962,47.015
1,2026-02-21 00:50:00,121.98,2.63,265.73,0.831,59.97,47.06
1,2026-02-21 01:00:00,122.19,2.219,225.85,0.835,59.97,47.098
1,2026-02-21 01:10:00,122.52,2.896,303.36,0.846,59.97,47.14
1,2026-02-21 01:20:00,122.06,2.3,231.72,0.83,59.95,47.18
1,2026-02-21 01:30:00,121.91,2.368,236.21,0.818,59.95,47.219
1,2026-02-21 01:40:00,121.4,2.309,232.62,0.831,59.94,47.261
1,2026-02-21 01:50:00,121.69,2.315,234.17,0.835,59.96,47.3
1,2026-02-21 02:00:00,121.53,2.489,250.27,0.829,59.95,47.342
1,2026-02-21 02:10:00,121.43,2.185,220.39,0.831,59.98,47.38
1,2026-02-21 02:20:00,121.76,2.858,297.23,0.844,59.98,47.427
1,2026-02-21 02:30:00,122.0,2.145,218.15,0.834,59.96,47.463
1,2026-02-21 02:40:00,122.03,2.465,248.63,0.828,59.97,47.507
1,2026-02-21 02:50:00,121.19,2.409,253.4,0.851,59.95,47.546
1,2026-02-21 03:00:00,119.75,5.125,596.57,0.958,59.99,47.647
1,2026-02-21 03:10:00,122.06,1.706,175.08,0.841,59.94,47.676
1,2026-02-21 03:20:00,121.97,2.654,269.07,0.832,59.93,47.721
1,2026-02-21 03:30:00,122.3,3.24,327.49,0.826,59.94,47.777
1,2026-02-21 03:40:00,121.96,3.237,325.68,0.825,59.94,47.832
1,2026-02-21 03:50:00,122.76,1.694,174.68,0.842,59.96,47.864
1,2026-02-21 04:00:00,121.23,3.126,314.66,0.831,59.96,47.915
1,2026-02-21 04:10:00,121.48,2.02,205.14,0.838,59.96,47.951
1,2026-02-21 04:20:00,121.23,3.095,316.79,0.839,59.95,48.0
1,2026-02-21 04:30:00,121.58,2.138,215.5,0.83,59.95,48.04
1,2026-02-21 04:40:00,121.98,2.493,251.1,0.825,59.98,48.082
1,2026-02-21 04:50:00,122.01,2.256,227.48,0.832,59.96,48.122
1,2026-02-21 05:00:00,121.57,2.327,234.94,0.834,59.97,48.161
1,2026-02-21 05:10:00,121.2,2.281,228.812,0.83,59.962,48.204
1,2026-02-21 05:20:00,121.23,2.157,216.48,0.829,59.92,48.239
1,2026-02-21 05:30:00,121.7,2.456,246.63,0.827,59.97,48.284
1,2026-02-21 05:40:00,121.98,1.988,201.97,0.834,59.95,48.319
1,2026-02-21 05:50:00,121.57,2.62,263.43,0.828,59.97,48.364
1,2026-02-21 06:00:00,121.57,2.471,265.07,0.867,59.98,48.401
1,2026-02-21 06:10:00,121.41,3.628,386.18,0.873,59.96,48.467
1,2026-02-21 06:20:00,120.65,3.32,369.14,0.911,59.96,48.517
1,2026-02-21 06:30:00,120.38,3.701,394.05,0.88,59.98,48.58
1,2026-02-21 06:40:00,123.21,2.175,234.94,0.855,59.98,48.625
1,2026-02-21 06:50:00,122.6,2.832,283.21,0.817,59.93,48.673
1,2026-02-21 07:00:00,122.475,1.606,165.388,0.841,59.962,48.71
1,2026-02-21 07:10:00,121.79,3.055,305.2,0.819,59.95,48.762
1,2026-02-21 07:20:00,121.28,2.106,209.95,0.828,59.97,48.806
1,2026-02-21 07:30:00,119.59,3.32,336.55,0.839,59.94,48.857
1,2026-02-21 07:40:00,119.11,1.832,183.01,0.839,59.93,48.887
1,2026-02-21 07:50:00,120.33,2.85,282.02,0.823,59.95,48.937
1,2026-02-21 08:00:00,120.45,1.692,169.09,0.828,59.94,48.966
1,2026-02-21 08:10:00,119.3,3.026,297.22,0.823,59.98,49.015
1,2026-02-21 08:20:00,119.41,1.741,168.56,0.811,59.96,49.044
1,2026-02-21 08:30:00,119.0,3.041,297.8,0.822,59.97,49.093
1,2026-02-21 08:40:00,120.07,1.698,167.48,0.82,59.96,49.122
1,2026-02-21 08:50:00,119.73,3.095,315.18,0.839,59.96,49.171
1,2026-02-21 09:00:00,118.39,4.668,534.71,0.948,59.95,49.266
1,2026-02-21 09:10:00,118.61,1.723,166.91,0.818,59.94,49.295
1,2026-02-21 09:20:00,119.22,2.675,263.77,0.826,59.94,49.339
1,2026-02-21 09:30:00,119.61,3.285,324.61,0.826,59.96,49.393
1,2026-02-21 09:40:00,118.4,3.523,352.3,0.835,59.97,49.446
1,2026-02-21 09:50:00,118.42,1.691,164.34,0.82,59.94,49.475
1,2026-02-21 10:00:00,117.78,3.109,303.79,0.83,59.94,49.526
1,2026-02-21 10:10:00,118.86,1.865,180.88,0.816,59.99,49.559
1,2026-02-21 10:20:00,118.6,2.798,274.42,0.824,59.94,49.602
1,2026-02-21 10:30:00,119.93,2.161,212.28,0.819,59.95,49.64
1,2026-02-21 10:40:00,118.688,2.668,262.087,0.825,59.975,49.679
1,2026-02-21 10:50:00,119.41,2.308,225.9,0.82,59.92,49.72
1,2026-02-21 11:00:00,119.14,2.184,213.86,0.822,59.98,49.755
1,2026-02-21 11:10:00,119.43,2.769,276.35,0.832,59.94,49.8
1,2026-02-21 11:20:00,120.04,2.014,198.95,0.823,59.96,49.833
1,2026-02-21 11:30:00,119.5,2.761,270.97,0.818,59.97,49.879
1,2026-02-21 11:40:00,120.33,1.878,185.82,0.821,59.97,49.91
1,2026-02-21 11:50:00,119.99,2.878,283.67,0.821,59.94,49.958
1,2026-02-21 12:00:00,119.87,1.73,170.23,0.821,59.98,49.987
1,2026-02-21 12:10:00,117.81,3.095,302.21,0.828,59.96,50.036
1,2026-02-21 12:20:00,119.01,1.675,163.58,0.822,59.93,50.065
1,2026-02-21 12:30:00,118.575,3.055,299.288,0.826,59.962,50.115
1,2026-02-21 12:40:00,119.08,1.705,168.36,0.83,59.98,50.144
1,2026-02-21 12:50:00,119.21,2.91,286.54,0.825,59.94,50.192
1,2026-02-21 13:00:00,120.35,1.849,183.01,0.824,59.93,50.222
1,2026-02-21 13:10:00,119.39,3.213,325.53,0.837,59.95,50.268
1,2026-02-21 13:20:00,119.83,1.854,182.74,0.823,59.98,50.301
1,2026-02-21 13:30:00,119.43,2.602,255.74,0.822,59.96,50.344
1,2026-02-21 13:40:00,121.06,2.046,202.57,0.819,59.94,50.38
1,2026-02-21 13:50:00,120.28,2.933,297.91,0.831,59.94,50.421
1,2026-02-21 14:00:00,120.94,2.177,216.79,0.826,59.98,50.458
1,2026-02-21 14:10:00,120.54,2.434,241.86,0.826,59.97,50.498
1,2026-02-21 14:20:00,120.94,2.172,215.91,0.824,59.95,50.537
1,2026-02-21 14:30:00,121.22,2.306,228.41,0.818,59.97,50.575
1,2026-02-21 14:40:00,121.53,2.314,231.42,0.827,59.95,50.615
1,2026-02-21 14:50:00,120.7,2.563,266.14,0.847,59.97,50.655
1,2026-02-21 15:00:00,120.389,4.605,537.878,0.953,59.989,50.748
1,2026-02-21 15:10:00,121.58,1.674,170.37,0.838,59.96,50.777
1,2026-02-21 15:20:00,120.04,2.652,266.58,0.84,59.94,50.82
1,2026-02-21 15:30:00,120.08,3.27,326.34,0.83,59.94,50.876
1,2026-02-21 15:40:00,120.67,3.266,325.27,0.825,59.95,50.93
1,2026-02-21 15:50:00,121.49,1.653,168.82,0.841,59.98,50.96
1,2026-02-21 16:00:00,122.25,3.078,310.64,0.825,59.95,51.011
1,2026-02-21 16:10:00,122.47,1.962,200.9,0.84,59.96,51.046
1,2026-02-21 16:20:00,120.838,2.637,265.212,0.832,59.962,51.092
1,2026-02-21 16:30:00,120.15,2.249,225.712,0.837,59.95,51.128
1,2026-02-21 16:40:00,116.75,2.444,239.44,0.84,59.96,51.17
1,2026-02-21 16:50:00,120.13,2.272,226.74,0.837,59.94,51.208
1,2026-02-21 17:00:00,121.43,2.712,281.99,0.846,59.95,51.247
1,2026-02-21 17:10:00,120.612,2.204,221.475,0.837,59.962,51.288
1,2026-02-21 17:20:00,121.08,2.131,215.3,0.836,59.96,51.324
1,2026-02-21 17:30:00,119.95,3.073,311.2,0.831,59.94,51.369
1,2026-02-21 17:40:00,116.84,2.123,206.68,0.825,59.97,51.402
1,2026-02-21 17:50:00,116.61,4.544,485.65,0.901,59.95,51.482
1,2026-02-21 18:00:00,119.878,2.685,284.167,0.883,59.967,51.53
1,2026-02-21 18:10:00,120.63,3.785,404.45,0.884,59.97,51.617
1,2026-02-21 18:20:00,119.85,2.649,278.99,0.88,59.94,51.663
1,2026-02-21 18:30:00,118.33,6.279,678.76,0.9,59.96,51.764
1,2026-02-21 18:40:00,118.61,6.702,753.82,0.9,59.96,51.916
1,2026-02-21 18:50:00,118.97,4.69,489.62,0.863,59.98,51.983
1,2026-02-21 19:00:00,119.21,2.806,300.48,0.895,59.95,52.031
1,2026-02-21 19:10:00,119.49,5.202,563.5,0.906,59.96,52.118
1,2026-02-21 19:20:00,120.38,5.584,620.73,0.911,59.95,52.2
1,2026-02-21 19:30:00,119.325,4.776,536.812,0.93,59.962,52.337
1,2026-02-21 19:40:00,118.75,5.714,626.41,0.926,59.98,52.464
1,2026-02-21 19:50:00,120.05,3.586,396.69,0.922,59.93,52.527
1,2026-02-21 20:00:00,119.49,4.619,512.87,0.927,59.95,52.615
1,2026-02-21 20:10:00,120.42,5.139,577.35,0.93,59.96,52.702
1,2026-02-21 20:20:00,120.88,3.593,395.25,0.913,59.96,52.771
1,2026-02-21 20:30:00,120.73,3.216,353.03,0.912,59.96,52.831
1,2026-02-21 20:40:00,120.56,3.504,383.04,0.909,59.95,52.897
1,2026-02-21 20:50:00,121.02,3.346,374.19,0.92,59.95,52.958
1,2026-02-21 21:00:00,121.4,5.238,620.911,0.969,59.933,53.067
1,2026-02-21 21:10:00,120.62,2.413,259.27,0.892,59.99,53.111
1,2026-02-21 21:20:00,120.76,3.109,328.31,0.878,59.96,53.164
1,2026-02-21 21:30:00,121.61,4.659,490.27,0.854,59.97,53.251
1,2026-02-21 21:40:00,122.156,3.355,340.033,0.832,59.978,53.301
1,2026-02-21 21:50:00,122.062,2.324,249.038,0.854,59.962,53.351
1,2026-02-21 22:00:00,120.77,5.404,583.38,0.879,59.97,53.457
1,2026-02-21 22:10:00,121.86,2.045,208.44,0.839,59.98,53.493
1,2026-02-21 22:20:00,121.19,3.264,333.81,0.836,59.97,53.54
1,2026-02-21 22:30:00,121.4,2.213,223.68,0.835,59.96,53.578
1,2026-02-21 22:40:00,121.83,2.729,277.09,0.837,59.96,53.625
1,2026-02-21 22:50:00,121.99,2.286,232.41,0.837,59.95,53.666
1,2026-02-21 23:00:00,120.82,2.739,274.98,0.833,59.96,53.709
1,2026-02-21 23:10:00,121.02,2.374,239.67,0.837,59.93,53.751
1,2026-02-21 23:20:00,121.7,2.578,260.86,0.833,59.96,53.793
1,2026-02-21 23:30:00,122.11,2.38,240.82,0.83,59.94,53.835
1,2026-02-21 23:40:00,122.24,2.378,239.85,0.827,59.97,53.883
1,2026-02-21 23:50:00,121.75,2.346,236.81,0.832,59.96,53.927
1,2026-02-22 00:00:00,121.24,2.381,240.13,0.834,59.94,53.966
1,2026-02-22 00:10:00,122.72,2.327,235.06,0.829,59.94,54.009
1,2026-02-22 00:20:00,122.45,2.35,237.61,0.827,59.95,54.047
1,2026-02-22 00:30:00,120.62,2.5,250.59,0.832,59.95,54.089
1,2026-02-22 00:40:00,120.18,2.162,217.13,0.838,59.94,54.127
1,2026-02-22 00:50:00,120.32,2.442,244.26,0.835,59.97,54.168
1,2026-02-22 01:00:00,120.66,2.168,218.55,0.836,59.97,54.205
1,2026-02-22 01:10:00,120.9,2.454,245.22,0.831,59.94,54.249
1,2026-02-22 01:20:00,120.32,2.6,269.61,0.848,59.93,54.291
1,2026-02-22 01:30:00,115.85,2.66,258.01,0.835,59.97,54.334
1,2026-02-22 01:40:00,120.52,2.485,258.07,0.844,59.96,54.372
1,2026-02-22 01:50:00,120.25,2.622,261.09,0.831,59.95,54.416
1,2026-02-22 02:00:00,120.8,2.021,204.95,0.841,59.96,54.45
1,2026-02-22 02:10:00,119.94,2.618,258.81,0.825,59.97,54.495
1,2026-02-22 02:20:00,120.91,1.898,192.34,0.84,59.97,54.528
1,2026-02-22 02:30:00,120.88,2.612,260.8,0.827,59.95,54.575
1,2026-02-22 02:40:00,121.22,1.888,190.45,0.832,59.96,54.607
1,2026-02-22 02:50:00,119.34,3.139,319.75,0.841,59.96,54.656
1,2026-02-22 03:00:00,119.42,5.146,599.04,0.965,59.97,54.759
1,2026-02-22 03:10:00,121.22,1.768,176.75,0.825,59.95,54.788
1,2026-02-22 03:20:00,119.47,2.711,269.78,0.833,59.95,54.832
1,2026-02-22 03:30:00,120.13,3.267,325.12,0.828,59.97,54.886
1,2026-02-22 03:40:00,120.44,2.65,263.34,0.826,59.95,54.934
1,2026-02-22 03:50:00,121.14,2.024,203.68,0.833,59.95,54.967
1,2026-02-22 04:00:00,120.18,2.936,291.87,0.828,59.95,55.018
1,2026-02-22 04:10:00,120.35,1.743,173.71,0.828,59.95,55.047
1,2026-02-22 04:20:00,120.15,3.534,358.02,0.836,59.94,55.109
1,2026-02-22 04:30:00,121.03,1.74,173.92,0.826,59.93,55.137
1,2026-02-22 04:40:00,120.55,2.993,297.26,0.824,59.98,55.189
1,2026-02-22 04:50:00,120.93,1.698,170.28,0.83,59.94,55.218
1,2026-02-22 05:00:00,120.22,3.386,342.33,0.832,59.93,55.274
1,2026-02-22 05:10:00,121.1,1.743,174.35,0.826,59.96,55.305
1,2026-02-22 05:20:00,120.51,3.395,344.1,0.833,59.96,55.354
1,2026-02-22 05:30:00,120.52,1.712,171.45,0.832,59.97,55.384
1,2026-02-22 05:40:00,119.35,3.918,405.49,0.852,59.98,55.45
1,2026-02-22 05:50:00,120.49,1.927,191.98,0.827,59.99,55.483
1,2026-02-22 06:00:00,120.34,3.258,331.09,0.837,59.95,55.529
1,2026-02-22 06:10:00,121.22,2.251,234.65,0.841,59.96,55.569
1,2026-02-22 06:20:00,119.74,2.585,255.22,0.826,59.93,55.611
1,2026-02-22 06:30:00,121.12,1.932,194.43,0.834,59.95,55.646
1,2026-02-22 06:40:00,120.98,3.442,359.86,0.849,59.94,55.705
1,2026-02-22 06:50:00,120.48,4.054,440.63,0.88,59.95,55.777
1,2026-02-22 07:00:00,121.19,3.325,351.52,0.861,59.97,55.833
1,2026-02-22 07:10:00,120.8,2.368,246.01,0.845,59.98,55.876
1,2026-02-22 07:20:00,119.04,4.615,494.51,0.884,59.97,55.95
1,2026-02-22 07:30:00,119.28,2.951,311.25,0.864,59.98,56.015
1,2026-02-22 07:40:00,119.03,3.328,344.91,0.854,59.94,56.084
1,2026-02-22 07:50:00,119.29,2.564,260.67,0.84,59.92,56.14
1,2026-02-22 08:00:00,118.58,3.262,335.34,0.849,59.94,56.2
1,2026-02-22 08:10:00,120.32,2.108,210.42,0.832,59.96,56.237
1,2026-02-22 08:20:00,119.99,2.276,225.71,0.829,59.98,56.274
1,2026-02-22 08:30:00,118.87,2.714,274.19,0.833,59.95,56.313
1,2026-02-22 08:40:00,117.6,2.318,224.49,0.825,59.98,56.349
1,2026-02-22 08:50:00,114.68,2.937,299.28,0.871,59.96,56.39
1,2026-02-22 09:00:00,116.538,4.484,501.475,0.934,59.975,56.481
1,2026-02-22 09:10:00,119.88,1.733,169.37,0.815,59.95,56.511
1,2026-02-22 09:20:00,119.66,2.668,264.61,0.827,59.91,56.553
1,2026-02-22 09:30:00,119.12,3.286,324.16,0.829,59.92,56.608
1,2026-02-22 09:40:00,120.41,2.648,260.01,0.815,59.99,56.653
1,2026-02-22 09:50:00,120.425,1.847,184.05,0.827,59.962,56.687
1,2026-02-22 10:00:00,118.87,3.347,337.3,0.837,59.99,56.736
1,2026-02-22 10:10:00,116.556,9.512,1087.122,0.956,59.967,56.887
1,2026-02-22 10:20:00,118.744,3.001,295.4,0.83,59.944,56.942
1,2026-02-22 10:30:00,119.39,2.238,226.55,0.834,59.96,56.975
1,2026-02-22 10:40:00,119.587,2.886,283.138,0.82,59.912,57.026
1,2026-02-22 10:50:00,120.3,1.653,165.2,0.831,59.96,57.055
1,2026-02-22 11:00:00,118.34,3.551,349.96,0.829,59.97,57.103
1,2026-02-22 11:10:00,118.43,2.392,242.3,0.843,59.98,57.139
1,2026-02-22 11:20:00,117.08,7.532,820.69,0.904,60.0,57.258
1,2026-02-22 11:30:00,117.22,8.249,926.2,0.954,59.95,57.441
1,2026-02-22 11:40:00,115.64,6.213,668.93,0.93,59.96,57.544
1,2026-02-22 11:50:00,118.175,4.494,486.088,0.901,59.962,57.605
1,2026-02-22 12:00:00,118.52,5.443,586.4,0.902,59.97,57.698
1,2026-02-22 12:10:00,119.67,2.792,298.29,0.884,59.96,57.745
1,2026-02-22 12:20:00,117.89,6.789,737.14,0.916,59.98,57.853
1,2026-02-22 12:30:00,118.39,6.275,709.08,0.952,59.96,57.976
1,2026-02-22 12:40:00,119.34,3.075,320.53,0.877,59.92,58.028
1,2026-02-22 12:50:00,119.678,4.123,454.067,0.909,59.956,58.11
1,2026-02-22 13:00:00,118.375,7.419,824.062,0.939,59.962,58.243
1,2026-02-22 13:10:00,118.85,3.325,351.475,0.881,59.95,58.302
1,2026-02-22 13:20:00,118.7,2.818,293.129,0.88,59.971,58.35
1,2026-02-22 13:30:00,119.356,2.994,311.889,0.876,59.933,58.401
1,2026-02-22 13:40:00,120.14,2.663,278.8,0.873,59.96,58.451
1,2026-02-22 13:50:00,119.68,4.44,475.36,0.89,59.93,58.537
1,2026-02-22 14:00:00,120.28,2.759,298.87,0.893,59.96,58.585
1,2026-02-22 14:10:00,118.96,3.401,351.62,0.87,59.97,58.644
1,2026-02-22 14:20:00,120.25,2.705,293.74,0.896,59.94,58.7
1,2026-02-22 14:30:00,119.79,3.484,362.25,0.87,59.94,58.763
1,2026-02-22 14:40:00,121.26,2.147,230.04,0.884,59.94,58.801
1,2026-02-22 14:50:00,117.64,4.344,457.8,0.892,59.98,58.868
1,2026-02-22 15:00:00,116.86,5.925,678.24,0.976,59.94,58.985
1,2026-02-22 15:10:00,122.34,2.941,331.17,0.905,59.94,59.028
1,2026-02-22 15:20:00,121.2,3.98,437.32,0.9,59.99,59.11
1,2026-02-22 15:30:00,121.77,3.711,392.97,0.87,59.96,59.176
1,2026-02-22 15:40:00,120.82,4.596,490.84,0.876,59.93,59.248
1,2026-02-22 15:50:00,119.67,2.156,228.83,0.887,59.98,59.288
1,2026-02-22 16:00:00,119.63,3.559,369.76,0.869,59.95,59.35
1,2026-02-22 16:10:00,119.42,2.458,257.63,0.883,59.94,59.395
1,2026-02-22 16:20:00,121.36,3.034,319.83,0.872,59.97,59.449
1,2026-02-22 16:30:00,121.088,2.848,300.238,0.874,59.95,59.5
1,2026-02-22 16:40:00,118.3,3.473,351.65,0.87,59.95,59.548
1,2026-02-22 16:50:00,117.14,3.376,350.1,0.882,59.96,59.606
1,2026-02-22 17:00:00,117.4,3.073,323.28,0.888,59.97,59.656
1,2026-02-22 17:10:00,119.46,3.06,318.85,0.876,59.96,59.712
1,2026-02-22 17:20:00,119.09,2.456,258.32,0.885,59.95,59.754
1,2026-02-22 17:30:00,118.98,3.185,329.82,0.874,59.96,59.811
1,2026-02-22 17:40:00,114.94,3.406,360.12,0.909,59.96,59.871
1,2026-02-22 17:50:00,117.15,3.489,363.83,0.893,59.95,59.933
1,2026-02-22 18:00:00,120.47,3.191,356.43,0.915,59.95,59.987
1,2026-02-22 18:10:00,119.89,4.637,494.38,0.883,59.94,60.061
1,2026-02-22 18:20:00,120.33,2.159,232.35,0.895,59.94,60.103
1,2026-02-22 18:30:00,119.14,3.398,355.56,0.881,59.96,60.162
1,2026-02-22 18:40:00,118.96,2.254,238.38,0.89,59.94,60.206
1,2026-02-22 18:50:00,119.467,3.539,374.111,0.883,59.967,60.266
1,2026-02-22 19:00:00,118.056,6.954,793.222,0.967,59.944,60.392
1,2026-02-22 19:10:00,119.05,6.722,754.2,0.94,59.95,60.5
1,2026-02-22 19:20:00,120.53,3.129,348.44,0.923,60.0,60.572
1,2026-02-22 19:30:00,117.311,4.993,546.167,0.923,59.944,60.653
1,2026-02-22 19:40:00,116.822,10.503,1197.289,0.971,59.944,60.884
1,2026-02-22 19:50:00,120.125,4.523,507.438,0.928,59.95,60.972
1,2026-02-22 20:00:00,119.67,3.655,397.47,0.911,59.95,61.04
1,2026-02-22 20:10:00,119.01,5.004,559.56,0.936,59.97,61.126
1,2026-02-22 20:20:00,119.14,4.619,506.88,0.911,59.94,61.2
1,2026-02-22 20:30:00,118.99,3.177,333.84,0.887,59.97,61.256
1,2026-02-22 20:40:00,119.27,3.343,367.35,0.91,59.99,61.317
1,2026-02-22 20:50:00,119.52,3.449,370.78,0.892,59.98,61.373
1,2026-02-22 21:00:00,119.39,5.298,617.23,0.968,59.94,61.484
1,2026-02-22 21:10:00,121.26,2.32,251.27,0.893,59.97,61.525
1,2026-02-22 21:20:00,120.41,3.68,398.61,0.896,59.95,61.586
1,2026-02-22 21:30:00,117.9,3.799,396.6,0.885,59.94,61.653
1,2026-02-22 21:40:00,118.075,4.243,458.188,0.9,59.95,61.719
1,2026-02-22 21:50:00,119.217,3.72,389.633,0.877,59.95,61.781
1,2026-02-22 22:00:00,117.44,6.16,702.21,0.971,59.94,61.895
1,2026-02-22 22:10:00,117.52,5.157,550.2,0.895,59.94,61.977
1,2026-02-22 22:20:00,119.96,3.122,330.38,0.869,59.97,62.032
1,2026-02-22 22:30:00,121.54,2.355,236.47,0.828,59.95,62.073
1,2026-02-22 22:40:00,121.13,2.689,269.03,0.825,59.97,62.117
1,2026-02-22 22:50:00,121.75,1.878,190.69,0.836,59.98,62.15
1,2026-02-22 23:00:00,120.75,3.318,337.92,0.834,59.96,62.198
1,2026-02-22 23:10:00,122.15,2.066,208.4,0.825,59.95,62.232
1,2026-02-22 23:20:00,121.36,2.513,251.23,0.824,59.95,62.275
1,2026-02-22 23:30:00,121.767,2.635,265.15,0.828,59.967,62.32
1,2026-02-22 23:40:00,122.23,1.923,195.28,0.831,59.98,62.354
1,2026-02-22 23:50:00,121.72,2.813,281.69,0.824,59.97,62.401
1,2026-02-23 00:00:00,122.37,2.068,209.38,0.828,59.98,62.434
1,2026-02-23 00:10:00,119.6,2.375,236.01,0.83,59.95,62.477
1,2026-02-23 00:20:00,120.67,2.495,249.01,0.825,59.95,62.518
1,2026-02-23 00:30:00,121.4,1.862,187.61,0.831,59.95,62.552
1,2026-02-23 00:40:00,119.98,2.818,279.63,0.83,59.93,62.598
1,2026-02-23 00:50:00,120.31,2.042,204.83,0.835,59.93,62.631
1,2026-02-23 01:00:00,121.21,2.354,235.99,0.828,59.94,62.673
1,2026-02-23 01:10:00,120.3,2.524,252.32,0.833,59.96,62.715
1,2026-02-23 01:20:00,120.34,2.496,259.8,0.84,59.98,62.749
1,2026-02-23 01:30:00,119.38,2.65,261.34,0.827,59.96,62.794
1,2026-02-23 01:40:00,120.64,2.081,207.72,0.827,59.98,62.827
1,2026-02-23 01:50:00,121.16,2.321,233.57,0.832,59.98,62.869
1,2026-02-23 02:00:00,120.65,3.354,351.37,0.853,59.96,62.92
1,2026-02-23 02:10:00,120.41,1.903,189.06,0.825,59.97,62.954
1,2026-02-23 02:20:00,120.48,2.666,266.82,0.831,59.96,62.999
1,2026-02-23 02:30:00,120.8,1.901,192.3,0.839,59.925,63.031
1,2026-02-23 02:40:00,120.2,2.476,246.54,0.829,59.99,63.074
1,2026-02-23 02:50:00,120.63,3.188,338.02,0.856,59.96,63.122
1,2026-02-23 03:00:00,120.19,4.722,551.1,0.951,59.97,63.22
1,2026-02-23 03:10:00,120.68,1.727,173.99,0.834,59.95,63.251
1,2026-02-23 03:20:00,120.63,2.68,270.07,0.836,59.96,63.296
1,2026-02-23 03:30:00,120.56,3.267,327.38,0.831,59.96,63.35
1,2026-02-23 03:40:00,120.44,2.057,204.64,0.826,59.99,63.393
1,2026-02-23 03:50:00,120.23,3.004,301.79,0.835,59.94,63.443
1,2026-02-23 04:00:00,121.11,2.249,235.68,0.846,59.95,63.475
1,2026-02-23 04:10:00,120.88,2.667,267.62,0.832,59.95,63.528
1,2026-02-23 04:20:00,120.35,2.183,218.76,0.833,59.97,63.565
1,2026-02-23 04:30:00,120.59,2.17,216.66,0.827,59.96,63.605
1,2026-02-23 04:40:00,119.922,2.547,254.567,0.836,59.944,63.643
1,2026-02-23 04:50:00,118.93,2.332,238.54,0.842,59.97,63.681
1,2026-02-23 05:00:00,118.71,2.63,260.26,0.834,59.95,63.725
1,2026-02-23 05:10:00,117.66,2.063,203.3,0.839,59.96,63.76
1,2026-02-23 05:20:00,118.01,2.338,230.2,0.836,59.96,63.8
1,2026-02-23 05:30:00,118.96,2.5,247.7,0.834,59.97,63.842
1,2026-02-23 05:40:00,118.89,1.91,188.5,0.828,59.94,63.876
1,2026-02-23 05:50:00,117.0,2.626,256.88,0.838,59.96,63.92
1,2026-02-23 06:00:00,117.13,3.173,324.45,0.854,59.95,63.963
1,2026-02-23 06:10:00,117.988,4.062,433.562,0.889,59.975,64.033
1,2026-02-23 06:20:00,119.61,2.298,229.41,0.838,59.96,64.071
1,2026-02-23 06:30:00,119.87,1.965,195.37,0.831,59.97,64.105
1,2026-02-23 06:40:00,119.86,3.487,358.97,0.846,59.93,64.163
1,2026-02-23 06:50:00,120.62,2.306,244.81,0.868,59.95,64.21
1,2026-02-23 07:00:00,119.71,2.732,277.6,0.842,59.95,64.258
1,2026-02-23 07:10:00,118.99,3.574,374.88,0.861,59.95,64.323
1,2026-02-23 07:20:00,117.14,3.879,415.08,0.89,59.96,64.394
1,2026-02-23 07:30:00,114.24,4.145,418.61,0.868,59.96,64.466
1,2026-02-23 07:40:00,115.78,2.96,287.6,0.841,59.93,64.528
1,2026-02-23 07:50:00,115.84,9.334,1048.32,0.944,59.98,64.72
1,2026-02-23 08:00:00,117.42,6.897,748.06,0.886,59.96,64.851
1,2026-02-23 08:10:00,118.15,4.639,494.99,0.884,59.97,64.926
1,2026-02-23 08:20:00,118.32,3.585,375.48,0.866,59.93,64.987
1,2026-02-23 08:30:00,119.79,2.594,260.24,0.839,59.97,65.038
1,2026-02-23 08:40:00,119.19,2.985,312.71,0.855,59.96,65.085
1,2026-02-23 08:50:00,118.48,3.982,422.43,0.877,59.98,65.142
1,2026-02-23 09:00:00,117.38,4.97,568.97,0.962,59.95,65.24
1,2026-02-23 09:10:00,117.211,2.149,217.9,0.846,59.944,65.283
1,2026-02-23 09:20:00,117.6,3.982,416.37,0.87,59.99,65.35
1,2026-02-23 09:30:00,119.03,3.219,324.18,0.845,59.96,65.405
1,2026-02-23 09:40:00,118.51,3.225,323.0,0.844,59.94,65.46
1,2026-02-23 09:50:00,119.53,1.824,183.17,0.84,59.96,65.493
1,2026-02-23 10:00:00,119.7,3.042,307.66,0.849,59.95,65.546
1,2026-02-23 10:10:00,121.14,2.112,219.18,0.859,59.95,65.587
1,2026-02-23 10:20:00,119.37,4.168,440.88,0.876,59.96,65.649
1,2026-02-23 10:30:00,119.47,2.343,241.46,0.866,59.93,65.687
1,2026-02-23 10:40:00,117.59,2.839,292.51,0.867,59.96,65.731
1,2026-02-23 10:50:00,117.67,2.656,269.33,0.861,59.95,65.784
1,2026-02-23 11:00:00,118.18,2.369,245.29,0.859,59.97,65.825
1,2026-02-23 11:10:00,116.61,5.069,539.39,0.906,59.94,65.911
1,2026-02-23 11:20:00,117.01,4.158,448.47,0.904,59.92,65.977
1,2026-02-23 11:30:00,118.029,3.277,338.286,0.869,59.986,66.062
1,2026-02-23 11:40:00,116.588,3.9,405.088,0.88,59.975,66.124
1,2026-02-23 11:50:00,117.93,2.681,279.44,0.871,59.97,66.175
1,2026-02-23 12:00:00,118.4,3.007,307.14,0.864,59.93,66.228
1,2026-02-23 12:10:00,120.19,1.908,197.98,0.862,59.93,66.264
1,2026-02-23 12:20:00,118.91,2.761,280.25,0.854,59.97,66.316
1,2026-02-23 12:30:00,119.42,3.356,360.35,0.864,59.91,66.369
1,2026-02-23 12:40:00,117.24,10.346,1166.16,0.939,59.96,66.556
1,2026-02-23 12:50:00,118.79,5.11,553.69,0.904,59.92,66.641
1,2026-02-23 13:00:00,119.1,2.574,273.112,0.893,59.962,66.693
1,2026-02-23 13:10:00,118.87,3.634,379.77,0.88,59.93,66.76
1,2026-02-23 13:20:00,117.014,6.901,784.686,0.946,59.914,66.866
1,2026-02-23 13:30:00,118.16,5.704,620.91,0.899,59.94,66.976
1,2026-02-23 13:40:00,120.51,2.388,255.81,0.893,59.96,67.022
1,2026-02-23 13:50:00,119.87,4.691,505.15,0.892,59.95,67.1
1,2026-02-23 14:00:00,120.38,2.534,271.28,0.893,59.96,67.15
1,2026-02-23 14:10:00,119.45,2.907,307.7,0.89,59.975,67.19
1,2026-02-23 14:20:00,119.244,3.435,368.2,0.898,59.956,67.262
1,2026-02-23 14:30:00,119.01,3.775,406.6,0.9,59.93,67.329
1,2026-02-23 14:40:00,119.1,2.671,271.9,0.855,59.97,67.379
1,2026-02-23 14:50:00,119.24,2.332,243.69,0.857,59.96,67.414
1,2026-02-23 15:00:00,117.8,6.279,724.66,0.975,59.97,67.532
1,2026-02-23 15:10:00,119.671,2.837,309.714,0.881,59.914,67.58
1,2026-02-23 15:20:00,117.09,4.424,464.32,0.887,59.97,67.643
1,2026-02-23 15:30:00,118.14,5.08,532.37,0.877,59.95,67.745
1,2026-02-23 15:40:00,118.06,3.671,372.01,0.851,59.95,67.809
1,2026-02-23 15:50:00,119.13,3.322,338.37,0.848,60.0,67.861
1,2026-02-23 16:00:00,119.06,3.666,400.56,0.893,59.95,67.932
1,2026-02-23 16:10:00,119.19,3.851,388.57,0.842,59.93,67.99
1,2026-02-23 16:20:00,120.43,2.083,210.87,0.845,59.95,68.028
1,2026-02-23 16:30:00,120.04,2.721,273.45,0.835,59.95,68.073
1,2026-02-23 16:40:00,121.29,2.417,244.13,0.835,59.97,68.117
1,2026-02-23 16:50:00,120.16,2.769,289.19,0.857,59.95,68.166
1,2026-02-23 17:00:00,115.98,3.211,331.16,0.892,60.0,68.222
1,2026-02-23 17:10:00,114.95,2.944,306.98,0.9,59.95,68.276
1,2026-02-23 17:20:00,117.61,3.315,344.86,0.887,59.95,68.337
1,2026-02-23 17:30:00,119.2,5.641,626.34,0.918,59.98,68.427
1,2026-02-23 17:40:00,118.4,9.194,1021.11,0.927,59.94,68.608
1,2026-02-23 17:50:00,121.4,3.076,345.433,0.92,60.0,68.668
1,2026-02-23 18:00:00,120.47,4.116,445.15,0.898,59.97,68.741
1,2026-02-23 18:10:00,119.933,2.932,318.167,0.907,59.933,68.795
1,2026-02-23 18:20:00,117.47,4.304,462.56,0.91,59.97,68.87
1,2026-02-23 18:30:00,117.33,4.066,442.29,0.907,59.95,68.954
1,2026-02-23 18:40:00,118.4,3.63,378.13,0.878,59.96,69.015
1,2026-02-23 18:50:00,117.278,9.037,1006.689,0.922,59.933,69.204
1,2026-02-23 19:00:00,118.65,3.022,315.0,0.867,59.93,69.256
1,2026-02-23 19:10:00,117.55,6.638,718.64,0.916,59.95,69.369
1,2026-02-23 19:20:00,118.37,3.301,353.38,0.905,59.96,69.429
1,2026-02-23 19:30:00,118.42,3.848,411.26,0.903,59.99,69.498
1,2026-02-23 19:40:00,118.9,3.707,397.16,0.901,59.96,69.565
1,2026-02-23 19:50:00,118.2,3.922,419.39,0.908,59.98,69.635
1,2026-02-23 20:00:00,114.625,4.759,487.475,0.894,60.0,69.709
1,2026-02-23 20:10:00,115.09,2.679,273.33,0.887,59.94,69.754
1,2026-02-23 20:20:00,114.51,4.854,502.4,0.899,59.94,69.841
1,2026-02-23 20:30:00,116.178,3.039,320.144,0.898,59.944,69.893
1,2026-02-23 20:40:00,114.76,5.148,543.07,0.918,59.96,69.973
1,2026-02-23 20:50:00,112.24,3.685,385.64,0.927,59.98,70.031
1,2026-02-23 21:00:00,110.71,7.715,839.53,0.985,59.96,70.173
1,2026-02-23 21:10:00,116.95,2.699,287.24,0.903,59.98,70.225
1,2026-02-23 21:20:00,116.26,3.234,335.12,0.893,59.98,70.278
1,2026-02-23 21:30:00,116.68,3.813,393.54,0.882,59.97,70.343
1,2026-02-23 21:40:00,116.189,3.757,386.667,0.884,59.922,70.41
1,2026-02-23 21:50:00,116.244,3.716,382.167,0.884,59.956,70.474
1,2026-02-23 22:00:00,115.19,4.395,470.97,0.921,59.94,70.544
1,2026-02-23 22:10:00,112.75,8.052,842.95,0.93,59.962,70.669
1,2026-02-23 22:20:00,117.65,2.262,226.48,0.848,59.98,70.716
1,2026-02-23 22:30:00,115.7,2.64,258.2,0.846,59.956,70.76
1,2026-02-23 22:40:00,114.11,2.698,261.43,0.849,59.95,70.806
1,2026-02-23 22:50:00,118.7,2.239,222.97,0.84,59.94,70.843
1,2026-02-23 23:00:00,118.6,3.048,302.33,0.838,59.98,70.895
1,2026-02-23 23:10:00,118.68,1.964,194.9,0.837,59.95,70.927
1,2026-02-23 23:20:00,118.389,3.275,323.756,0.836,59.922,70.981
1,2026-02-23 23:30:00,118.588,1.745,173.688,0.84,59.975,71.006
1,2026-02-23 23:40:00,117.56,3.136,309.19,0.84,59.95,71.063
1,2026-02-23 23:50:00,118.18,2.033,201.08,0.838,59.96,71.099
1,2026-02-24 00:00:00,117.762,3.689,371.112,0.844,59.962,71.145
1,2026-02-24 00:10:00,118.35,2.375,235.4,0.838,59.96,71.185
1,2026-02-24 00:20:00,117.69,2.531,249.83,0.839,59.98,71.227
1,2026-02-24 00:30:00,117.97,2.555,250.89,0.832,59.95,71.271
1,2026-02-24 00:40:00,118.317,2.523,249.4,0.838,59.917,71.308
1,2026-02-24 00:50:00,118.61,2.643,262.64,0.842,59.95,71.358
1,2026-02-24 01:00:00,118.53,2.042,203.73,0.843,59.99,71.391
1,2026-02-24 01:10:00,118.47,3.383,340.38,0.841,59.98,71.45
1,2026-02-24 01:20:00,118.83,1.865,185.43,0.838,59.97,71.48
1,2026-02-24 01:30:00,118.06,3.042,300.59,0.838,59.94,71.532
1,2026-02-24 01:40:00,119.09,1.74,174.46,0.841,59.97,71.562
1,2026-02-24 01:50:00,118.38,3.235,320.32,0.835,59.97,71.614
1,2026-02-24 02:00:00,118.8,1.704,170.68,0.842,59.92,71.645
1,2026-02-24 02:10:00,117.91,3.107,307.5,0.841,59.95,71.695
1,2026-02-24 02:20:00,118.438,2.441,254.112,0.859,59.938,71.734
1,2026-02-24 02:30:00,118.289,2.904,288.611,0.842,59.967,71.779
1,2026-02-24 02:40:00,118.956,1.879,188.033,0.84,60.0,71.819
1,2026-02-24 02:50:00,118.22,3.01,308.34,0.855,59.94,71.864
1,2026-02-24 03:00:00,118.19,5.001,579.75,0.974,59.97,71.964
1,2026-02-24 03:10:00,119.61,1.672,168.7,0.844,59.93,71.993
1,2026-02-24 03:20:00,118.9,3.212,330.92,0.855,59.97,72.042
1,2026-02-24 03:30:00,118.82,3.257,328.82,0.852,59.97,72.098
1,2026-02-24 03:40:00,118.63,3.254,323.32,0.84,59.95,72.152
1,2026-02-24 03:50:00,119.16,2.164,216.49,0.841,59.96,72.19
1,2026-02-24 04:00:00,118.81,2.796,279.1,0.841,59.94,72.234
1,2026-02-24 04:10:00,118.52,2.534,251.54,0.837,59.94,72.277
1,2026-02-24 04:20:00,118.61,2.341,233.86,0.842,59.96,72.316
1,2026-02-24 04:30:00,119.033,2.555,254.878,0.84,59.922,72.362
1,2026-02-24 04:40:00,118.75,2.015,201.56,0.843,59.93,72.396
1,2026-02-24 04:50:00,117.34,2.937,288.63,0.84,59.96,72.449
1,2026-02-24 05:00:00,117.42,1.9,186.29,0.836,59.94,72.478
1,2026-02-24 05:10:00,115.97,3.573,356.03,0.852,59.95,72.531
1,2026-02-24 05:20:00,118.52,1.736,172.99,0.842,59.94,72.56
1,2026-02-24 05:30:00,119.15,3.056,304.41,0.838,59.96,72.611
1,2026-02-24 05:40:00,118.5,2.61,275.0,0.859,59.96,72.665
1,2026-02-24 05:50:00,118.86,3.333,339.92,0.848,59.94,72.717
1,2026-02-24 06:00:00,115.34,2.37,237.69,0.854,59.95,72.765
1,2026-02-24 06:10:00,117.44,3.83,410.36,0.907,59.94,72.842
1,2026-02-24 06:20:00,118.01,2.559,271.26,0.901,59.97,72.888
1,2026-02-24 06:30:00,118.37,3.954,423.23,0.896,59.97,72.952
1,2026-02-24 06:40:00,119.17,2.168,216.79,0.84,59.97,72.989
1,2026-02-24 06:50:00,119.15,3.562,362.74,0.848,59.92,73.039
1,2026-02-24 07:00:00,118.56,3.175,335.08,0.874,59.93,73.094
1,2026-02-24 07:10:00,120.06,3.737,389.29,0.861,59.96,73.161
1,2026-02-24 07:20:00,118.65,2.028,203.61,0.849,59.96,73.198
1,2026-02-24 07:30:00,117.88,2.579,254.43,0.839,59.95,73.241
1,2026-02-24 07:40:00,118.67,2.118,209.52,0.835,59.98,73.276
1,2026-02-24 07:50:00,116.79,8.989,1009.87,0.929,59.97,73.462
1,2026-02-24 08:00:00,116.29,2.575,259.11,0.852,59.99,73.503
1,2026-02-24 08:10:00,117.3,2.318,227.989,0.839,59.978,73.541
1,2026-02-24 08:20:00,118.044,3.75,397.978,0.88,59.956,73.605
1,2026-02-24 08:30:00,118.638,2.435,241.475,0.838,59.975,73.644
1,2026-02-24 08:40:00,119.35,2.416,240.29,0.833,59.95,73.684
1,2026-02-24 08:50:00,118.02,2.084,205.87,0.839,59.97,73.72
1,2026-02-24 09:00:00,116.312,5.444,619.762,0.966,59.938,73.845
1,2026-02-24 09:10:00,117.03,3.891,426.15,0.872,59.96,73.908
1,2026-02-24 09:20:00,116.2,9.035,1009.83,0.932,59.94,74.11
1,2026-02-24 09:30:00,118.06,3.395,334.21,0.837,59.98,74.181
1,2026-02-24 09:40:00,118.15,3.215,319.65,0.842,59.95,74.236
1,2026-02-24 09:50:00,118.62,1.75,176.19,0.85,59.92,74.267
1,2026-02-24 10:00:00,115.17,2.899,282.0,0.843,59.96,74.317
1,2026-02-24 10:10:00,118.71,2.153,214.48,0.842,59.93,74.353
1,2026-02-24 10:20:00,117.5,2.957,302.65,0.861,59.95,74.402
1,2026-02-24 10:30:00,118.68,2.636,271.16,0.856,59.94,74.444
1,2026-02-24 10:40:00,118.53,3.601,377.48,0.862,59.96,74.501
1,2026-02-24 10:50:00,118.34,2.395,236.64,0.835,59.95,74.542
1,2026-02-24 11:00:00,118.08,2.112,208.96,0.84,59.96,74.577
1,2026-02-24 11:10:00,118.26,2.68,268.26,0.85,59.99,74.623
1,2026-02-24 11:20:00,118.85,2.067,209.5,0.854,59.98,74.658
1,2026-02-24 11:30:00,118.31,2.863,290.35,0.857,59.95,74.708
1,2026-02-24 11:40:00,119.86,2.172,223.8,0.861,59.97,74.743
1,2026-02-24 11:50:00,119.688,3.137,323.4,0.861,59.938,74.795
1,2026-02-24 12:00:00,120.3,1.969,203.32,0.86,59.97,74.828
1,2026-02-24 12:10:00,118.49,3.487,359.14,0.863,59.97,74.887
1,2026-02-24 12:20:00,119.42,2.319,242.15,0.858,59.93,74.933
1,2026-02-24 12:30:00,118.84,3.122,315.97,0.852,59.95,74.988
1,2026-02-24 12:40:00,119.99,3.044,323.47,0.866,59.97,75.04
1,2026-02-24 12:50:00,119.84,3.049,307.45,0.844,59.95,75.097
1,2026-02-24 13:00:00,119.878,2.962,314.044,0.887,59.967,75.154
1,2026-02-24 13:10:00,116.356,9.078,1007.011,0.93,59.933,75.326
1,2026-02-24 13:20:00,117.58,7.785,888.48,0.949,59.96,75.5
1,2026-02-24 13:30:00,119.2,4.393,468.467,0.891,59.911,75.579
1,2026-02-24 13:40:00,118.38,5.67,637.8,0.927,59.95,75.702
1,2026-02-24 13:50:00,118.0,6.719,742.98,0.913,59.96,75.822
1,2026-02-24 14:00:00,120.456,3.003,324.878,0.891,59.967,75.88
1,2026-02-24 14:10:00,118.188,3.098,321.488,0.883,59.962,75.933
1,2026-02-24 14:20:00,118.57,2.711,283.55,0.884,59.95,75.99
1,2026-02-24 14:30:00,119.64,2.883,302.79,0.877,59.97,76.04
1,2026-02-24 14:40:00,119.7,2.71,279.21,0.854,59.97,76.087
1,2026-02-24 14:50:00,119.612,2.062,205.488,0.835,59.975,76.124
1,2026-02-24 15:00:00,118.63,5.03,582.81,0.966,59.95,76.227
1,2026-02-24 15:10:00,121.012,1.676,168.012,0.827,59.925,76.256
1,2026-02-24 15:20:00,118.76,2.701,269.89,0.839,59.95,76.298
1,2026-02-24 15:30:00,118.88,3.302,327.85,0.836,59.97,76.353
1,2026-02-24 15:40:00,117.3,7.875,860.833,0.903,59.944,76.498
1,2026-02-24 15:50:00,117.46,5.126,547.43,0.867,59.98,76.594
1,2026-02-24 16:00:00,119.22,2.032,201.95,0.83,59.98,76.628
1,2026-02-24 16:10:00,118.4,6.388,678.3,0.887,59.92,76.736
1,2026-02-24 16:20:00,119.31,3.71,407.0,0.894,59.96,76.813
1,2026-02-24 16:30:00,119.522,4.323,449.444,0.854,59.956,76.875
1,2026-02-24 16:40:00,121.322,2.299,240.389,0.843,59.944,76.937
1,2026-02-24 16:50:00,119.62,3.985,421.16,0.868,59.96,77.009
1,2026-02-24 17:00:00,119.78,3.453,364.9,0.858,59.96,77.064
1,2026-02-24 17:10:00,120.022,3.546,373.333,0.858,59.933,77.118
1,2026-02-24 17:20:00,119.3,2.312,228.85,0.829,59.95,77.161
1,2026-02-24 17:30:00,117.189,3.404,346.378,0.85,59.978,77.215
1,2026-02-24 17:40:00,116.71,2.634,250.14,0.819,59.95,77.26
1,2026-02-24 17:50:00,117.25,2.148,208.79,0.826,59.97,77.296
1,2026-02-24 18:00:00,116.689,3.578,335.944,0.812,59.967,77.354
1,2026-02-24 18:10:00,116.51,2.797,271.99,0.814,59.96,77.392
1,2026-02-24 18:20:00,116.275,4.569,462.75,0.866,59.975,77.463
1,2026-02-24 18:30:00,115.76,3.03,309.19,0.871,59.98,77.508
1,2026-02-24 18:40:00,116.92,4.275,436.91,0.87,59.96,77.572
1,2026-02-24 18:50:00,115.95,8.991,1015.16,0.95,59.96,77.754
1,2026-02-24 19:00:00,115.57,7.2,784.66,0.927,59.94,77.888
1,2026-02-24 19:10:00,114.9,3.006,312.378,0.906,59.933,77.945
1,2026-02-24 19:20:00,114.66,4.103,425.93,0.907,59.95,78.017
1,2026-02-24 19:30:00,115.288,2.974,308.375,0.898,59.95,78.072
1,2026-02-24 19:40:00,115.05,5.451,584.12,0.925,59.97,78.165
1,2026-02-24 19:50:00,115.1,7.176,801.31,0.965,59.97,78.294
1,2026-02-24 20:00:00,116.79,5.797,634.25,0.932,59.96,78.402
1,2026-02-24 20:10:00,117.04,3.576,386.88,0.92,59.96,78.46
1,2026-02-24 20:20:00,116.76,4.412,472.76,0.917,59.94,78.531
1,2026-02-24 20:30:00,117.525,6.052,679.488,0.932,59.925,78.628
1,2026-02-24 20:40:00,117.64,5.601,612.58,0.906,59.95,78.753
1,2026-02-24 20:50:00,118.63,2.507,263.62,0.887,59.95,78.8
1,2026-02-24 21:00:00,117.24,10.312,1186.52,0.981,59.96,79.012
1,2026-02-24 21:10:00,119.77,3.727,417.24,0.926,59.96,79.076
1,2026-02-24 21:20:00,119.02,4.199,457.79,0.909,59.97,79.145
1,2026-02-24 21:30:00,116.79,3.88,401.97,0.886,59.95,79.214
1,2026-02-24 21:40:00,117.32,3.689,382.82,0.886,59.95,79.28
1,2026-02-24 21:50:00,120.73,2.072,220.3,0.877,59.96,79.32
1,2026-02-24 22:00:00,118.36,7.491,805.25,0.908,59.95,79.451
1,2026-02-24 22:10:00,120.14,2.234,235.39,0.86,59.96,79.495
1,2026-02-24 22:20:00,119.84,3.6,367.72,0.845,59.98,79.548
1,2026-02-24 22:30:00,119.6,2.996,325.6,0.875,59.96,79.609
1,2026-02-24 22:40:00,120.3,2.982,297.7,0.833,59.94,79.658
1,2026-02-24 22:50:00,120.622,1.832,184.9,0.838,59.944,79.691
1,2026-02-24 23:00:00,120.06,2.832,281.84,0.831,59.9,79.739
1,2026-02-24 23:10:00,119.71,1.841,184.14,0.837,59.95,79.771
1,2026-02-24 23:20:00,119.01,2.773,274.06,0.831,59.95,79.818
1,2026-02-24 23:30:00,120.74,1.816,183.44,0.837,59.96,79.851
1,2026-02-24 23:40:00,121.14,2.794,279.43,0.828,59.93,79.898
1,2026-02-24 23:50:00,121.08,1.82,183.89,0.837,59.94,79.932
1,2026-02-25 00:00:00,121.11,3.207,323.05,0.83,59.98,79.978
1,2026-02-25 00:10:00,121.53,1.84,186.03,0.833,59.98,80.013
1,2026-02-25 00:20:00,121.33,3.223,329.37,0.836,59.92,80.059
1,2026-02-25 00:30:00,122.13,1.794,183.82,0.84,59.91,80.093
1,2026-02-25 00:40:00,121.69,2.753,277.27,0.828,59.96,80.142
1,2026-02-25 00:50:00,121.97,2.235,236.68,0.852,59.95,80.175
1,2026-02-25 01:00:00,121.54,3.171,327.01,0.838,59.95,80.223
1,2026-02-25 01:10:00,122.31,1.831,187.03,0.837,59.96,80.256
1,2026-02-25 01:20:00,121.588,2.823,282.738,0.825,59.975,80.304
1,2026-02-25 01:30:00,121.83,1.692,172.32,0.835,59.96,80.335
1,2026-02-25 01:40:00,122.5,2.96,298.0,0.824,59.98,80.385
1,2026-02-25 01:50:00,122.05,1.704,173.28,0.834,59.94,80.415
1,2026-02-25 02:00:00,121.11,2.889,288.48,0.825,59.97,80.464
1,2026-02-25 02:10:00,121.75,1.718,173.85,0.831,59.92,80.494
1,2026-02-25 02:20:00,120.61,3.604,374.01,0.845,59.95,80.546
1,2026-02-25 02:30:00,121.72,1.675,170.54,0.837,59.94,80.576
1,2026-02-25 02:40:00,122.3,3.18,327.32,0.835,59.95,80.635
1,2026-02-25 02:50:00,121.66,1.673,171.77,0.846,59.91,80.665
1,2026-02-25 03:00:00,121.12,4.7,555.04,0.96,59.95,80.764
1,2026-02-25 03:10:00,122.15,1.694,173.27,0.837,59.94,80.795
1,2026-02-25 03:20:00,121.76,2.693,266.29,0.815,59.96,80.839
1,2026-02-25 03:30:00,121.13,3.538,354.13,0.828,59.95,80.895
1,2026-02-25 03:40:00,121.08,2.898,291.5,0.835,59.97,80.946
1,2026-02-25 03:50:00,122.63,1.799,185.5,0.844,59.9,80.979
1,2026-02-25 04:00:00,121.7,3.069,308.41,0.825,59.97,81.031
1,2026-02-25 04:10:00,122.39,1.715,174.83,0.835,59.93,81.061
1,2026-02-25 04:20:00,121.28,3.1,311.89,0.83,59.98,81.114
1,2026-02-25 04:30:00,121.133,1.723,174.011,0.837,59.944,81.144
1,2026-02-25 04:40:00,121.66,2.908,291.85,0.827,59.92,81.195
1,2026-02-25 04:50:00,120.74,1.667,168.07,0.835,59.95,81.225
1,2026-02-25 05:00:00,119.9,2.956,295.44,0.832,59.95,81.276
1,2026-02-25 05:10:00,120.88,2.683,290.51,0.868,59.95,81.319
1,2026-02-25 05:20:00,120.55,2.946,300.55,0.849,59.97,81.371
1,2026-02-25 05:30:00,120.84,2.222,236.11,0.86,59.94,81.409
1,2026-02-25 05:40:00,118.32,6.092,675.33,0.899,59.94,81.54
1,2026-02-25 05:50:00,118.46,3.996,441.14,0.894,59.94,81.623
1,2026-02-25 06:00:00,118.77,5.247,559.36,0.886,59.94,81.707
1,2026-02-25 06:10:00,117.62,2.228,230.78,0.858,59.94,81.749
1,2026-02-25 06:20:00,119.31,2.905,287.5,0.829,59.98,81.797
1,2026-02-25 06:30:00,119.72,1.661,165.82,0.834,59.98,81.826
1,2026-02-25 06:40:00,119.54,2.886,284.68,0.826,59.95,81.872
1,2026-02-25 06:50:00,119.6,1.622,162.79,0.84,59.95,81.902
1,2026-02-25 07:00:00,119.06,3.315,340.06,0.854,59.92,81.958
1,2026-02-25 07:10:00,118.46,2.833,299.97,0.861,59.96,81.998
1,2026-02-25 07:20:00,114.144,13.772,1510.844,0.968,59.978,82.241
1,2026-02-25 07:30:00,117.66,5.037,559.9,0.903,59.98,82.326
1,2026-02-25 07:40:00,119.225,3.189,323.238,0.846,59.975,82.38
1,2026-02-25 07:50:00,118.844,2.178,227.167,0.857,59.967,82.411
1,2026-02-25 08:00:00,116.58,5.64,592.9,0.893,59.94,82.496
1,2026-02-25 08:10:00,116.61,4.301,476.09,0.933,59.96,82.571
1,2026-02-25 08:20:00,118.47,3.288,342.25,0.881,59.98,82.63
1,2026-02-25 08:30:00,121.21,2.088,227.22,0.897,59.93,82.669
1,2026-02-25 08:40:00,120.86,3.346,352.97,0.877,59.95,82.728
1,2026-02-25 08:50:00,120.22,2.516,276.47,0.905,59.95,82.776
1,2026-02-25 09:00:00,117.77,8.968,1041.15,0.988,59.92,82.947
1,2026-02-25 09:10:00,117.84,6.327,724.57,0.97,59.95,83.069
1,2026-02-25 09:20:00,119.44,3.73,405.62,0.901,59.96,83.146
1,2026-02-25 09:30:00,119.43,3.68,385.63,0.88,59.96,83.212
1,2026-02-25 09:40:00,119.64,3.317,347.77,0.877,59.96,83.273
1,2026-02-25 09:50:00,118.6,3.186,346.25,0.907,59.92,83.323
1,2026-02-25 10:00:00,116.6,4.128,416.23,0.854,59.95,83.386
1,2026-02-25 10:10:00,118.54,1.964,193.04,0.828,59.96,83.425
1,2026-02-25 10:20:00,118.23,3.157,319.58,0.845,59.95,83.473
1,2026-02-25 10:30:00,117.95,2.576,258.05,0.838,59.97,83.518
1,2026-02-25 10:40:00,117.75,2.482,243.87,0.835,59.97,83.564
1,2026-02-25 10:50:00,117.56,3.601,368.36,0.853,59.97,83.628
1,2026-02-25 11:00:00,117.39,2.701,282.56,0.862,59.97,83.677
1,2026-02-25 11:10:00,115.15,4.164,412.13,0.854,59.94,83.746
1,2026-02-25 11:20:00,117.13,2.938,314.31,0.876,59.95,83.796
1,2026-02-25 11:30:00,115.76,2.893,281.13,0.84,59.94,83.848
1,2026-02-25 11:40:00,116.84,1.995,193.16,0.827,59.95,83.884
1,2026-02-25 11:50:00,116.93,3.455,352.5,0.859,59.97,83.946
1,2026-02-25 12:00:00,116.511,3.607,370.122,0.866,59.967,83.999
1,2026-02-25 12:10:00,117.51,3.077,323.54,0.874,59.97,84.063
1,2026-02-25 12:20:00,118.19,2.815,283.36,0.853,59.99,84.113
1,2026-02-25 12:30:00,114.67,10.883,1216.05,0.956,59.98,84.319
1,2026-02-25 12:40:00,115.31,10.914,1225.34,0.952,59.97,84.487
1,2026-02-25 12:50:00,118.97,2.925,314.3,0.877,59.97,84.532
1,2026-02-25 13:00:00,117.43,4.378,464.97,0.9,59.92,84.604
1,2026-02-25 13:10:00,117.53,3.158,343.45,0.912,59.97,84.65
1,2026-02-25 13:20:00,115.23,8.076,871.36,0.935,59.95,84.795
1,2026-02-25 13:30:00,117.93,3.926,436.74,0.929,59.96,84.875
1,2026-02-25 13:40:00,118.27,3.599,378.88,0.891,59.99,84.938
1,2026-02-25 13:50:00,118.74,2.407,256.01,0.895,59.96,84.985
1,2026-02-25 14:00:00,117.76,5.077,546.83,0.91,59.95,85.077
1,2026-02-25 14:10:00,119.43,3.811,423.12,0.917,59.94,85.136
1,2026-02-25 14:20:00,118.63,3.137,331.22,0.892,59.98,85.193
1,2026-02-25 14:30:00,118.69,4.857,537.19,0.923,59.92,85.282
1,2026-02-25 14:40:00,120.13,3.758,403.83,0.892,59.94,85.346
1,2026-02-25 14:50:00,119.7,2.338,235.9,0.844,59.93,85.39
1,2026-02-25 15:00:00,119.88,5.56,653.6,0.974,59.97,85.502
1,2026-02-25 15:10:00,120.82,1.758,181.33,0.856,59.97,85.534
1,2026-02-25 15:20:00,120.36,2.905,301.75,0.854,59.92,85.586
1,2026-02-25 15:30:00,119.65,3.67,372.12,0.841,59.94,85.648
1,2026-02-25 15:40:00,119.66,3.689,373.43,0.839,59.96,85.703
1,2026-02-25 15:50:00,120.51,1.804,181.46,0.837,59.99,85.735
1,2026-02-25 16:00:00,120.11,3.343,340.09,0.84,59.98,85.789
1,2026-02-25 16:10:00,120.03,2.586,265.19,0.838,59.96,85.835
1,2026-02-25 16:20:00,120.36,2.867,294.51,0.84,59.93,85.882
1,2026-02-25 16:30:00,121.42,2.467,245.48,0.819,59.94,85.925
1,2026-02-25 16:40:00,121.65,2.339,231.5,0.815,59.96,85.962
1,2026-02-25 16:50:00,121.15,2.611,256.51,0.811,59.94,86.007
1,2026-02-25 17:00:00,121.73,1.976,196.98,0.82,59.98,86.042
1,2026-02-25 17:10:00,121.53,2.758,274.63,0.822,59.97,86.09
1,2026-02-25 17:20:00,119.02,1.843,180.1,0.82,59.96,86.12
1,2026-02-25 17:30:00,118.14,3.321,331.22,0.834,59.94,86.179
1,2026-02-25 17:40:00,121.05,1.68,165.64,0.815,59.96,86.207
1,2026-02-25 17:50:00,120.13,3.048,300.84,0.821,59.97,86.259
1,2026-02-25 18:00:00,122.0,1.655,164.88,0.818,59.95,86.288
1,2026-02-25 18:10:00,117.88,7.829,861.8,0.897,59.92,86.417
1,2026-02-25 18:20:00,116.13,12.005,1380.92,0.995,59.97,86.63
1,2026-02-25 18:30:00,115.89,10.292,1176.9,0.99,59.94,86.825
1,2026-02-25 18:40:00,115.42,9.067,1039.37,0.99,59.94,87.003
1,2026-02-25 18:50:00,113.23,17.272,1932.83,0.995,59.96,87.319
1,2026-02-25 19:00:00,114.4,14.272,1616.61,0.994,59.97,87.601
1,2026-02-25 19:10:00,115.72,10.73,1227.6,0.99,59.93,87.804
1,2026-02-25 19:20:00,115.06,11.268,1283.1,0.99,59.96,88.022
1,2026-02-25 19:30:00,111.91,11.46,1269.15,0.99,59.96,88.231
1,2026-02-25 19:40:00,113.62,12.64,1420.9,0.99,59.96,88.458
1,2026-02-25 19:50:00,114.1,12.335,1393.86,0.99,59.93,88.684
1,2026-02-25 20:00:00,113.87,11.956,1342.98,0.989,59.96,88.914
1,2026-02-25 20:10:00,115.68,10.96,1256.88,0.99,59.95,89.123
1,2026-02-25 20:20:00,115.97,12.731,1456.76,0.988,59.98,89.365
1,2026-02-25 20:30:00,116.32,10.901,1258.66,0.99,59.93,89.574
1,2026-02-25 20:40:00,117.05,11.675,1352.86,0.99,59.96,89.798
1,2026-02-25 20:50:00,117.09,10.022,1165.65,0.99,59.95,89.997
1,2026-02-25 21:00:00,117.13,13.338,1556.68,0.999,59.94,90.259
1,2026-02-25 21:10:00,118.96,10.109,1196.96,0.993,59.95,90.459
1,2026-02-25 21:20:00,116.15,10.598,1221.47,0.99,59.95,90.664
1,2026-02-25 21:30:00,115.86,13.078,1494.65,0.986,59.97,90.912
1,2026-02-25 21:40:00,113.88,11.471,1275.86,0.965,59.96,91.099
1,2026-02-25 21:50:00,118.81,2.495,267.77,0.906,59.92,91.145
1,2026-02-25 22:00:00,120.06,3.49,373.57,0.894,59.98,91.21
1,2026-02-25 22:10:00,120.8,2.657,284.36,0.89,59.97,91.258
1,2026-02-25 22:20:00,120.39,3.062,323.14,0.88,59.95,91.313
1,2026-02-25 22:30:00,120.75,3.147,341.23,0.894,59.98,91.362
1,2026-02-25 22:40:00,120.29,3.01,317.84,0.881,59.95,91.415
1,2026-02-25 22:50:00,120.433,2.881,304.344,0.88,59.978,91.468
1,2026-02-25 23:00:00,119.39,2.846,298.56,0.881,59.95,91.517
1,2026-02-25 23:10:00,119.22,2.974,311.88,0.881,59.98,91.571
1,2026-02-25 23:20:00,116.422,3.548,375.078,0.899,59.989,91.625
1,2026-02-25 23:30:00,119.66,5.174,571.16,0.911,59.94,91.716
1,2026-02-25 23:40:00,120.25,2.747,287.34,0.856,59.97,91.767
1,2026-02-25 23:50:00,120.88,2.637,264.36,0.831,59.95,91.813
1,2026-02-26 00:00:00,121.26,2.066,208.26,0.833,59.98,91.847
1,2026-02-26 00:10:00,120.16,3.089,313.68,0.836,59.96,91.903
1,2026-02-26 00:20:00,121.14,1.907,191.16,0.829,59.95,91.935
1,2026-02-26 00:30:00,120.34,2.796,277.66,0.827,59.94,91.984
1,2026-02-26 00:40:00,121.36,1.878,190.27,0.835,59.96,92.014
1,2026-02-26 00:50:00,121.09,2.948,295.6,0.828,59.97,92.065
1,2026-02-26 01:00:00,122.42,1.721,175.66,0.833,59.95,92.096
1,2026-02-26 01:10:00,121.68,3.404,348.67,0.833,59.94,92.153
1,2026-02-26 01:20:00,121.5,1.692,171.94,0.837,59.96,92.182
1,2026-02-26 01:30:00,121.01,2.936,293.77,0.828,59.95,92.233
1,2026-02-26 01:40:00,121.04,1.735,174.7,0.831,59.96,92.262
1,2026-02-26 01:50:00,121.44,2.978,297.25,0.823,59.95,92.313
1,2026-02-26 02:00:00,121.76,1.688,172.25,0.838,59.97,92.344
1,2026-02-26 02:10:00,121.48,2.937,294.53,0.828,59.95,92.393
1,2026-02-26 02:20:00,122.4,1.888,198.06,0.846,59.96,92.428
1,2026-02-26 02:30:00,121.86,2.93,294.12,0.824,59.96,92.477
1,2026-02-26 02:40:00,121.97,2.106,223.83,0.852,59.94,92.51
1,2026-02-26 02:50:00,121.27,2.773,277.91,0.827,59.94,92.555
1,2026-02-26 03:00:00,120.61,5.067,598.71,0.97,59.97,92.658
1,2026-02-26 03:10:00,121.88,2.073,220.1,0.852,59.94,92.688
1,2026-02-26 03:20:00,122.35,2.44,248.89,0.837,59.93,92.732
1,2026-02-26 03:30:00,122.156,3.233,327.233,0.827,59.967,92.781
1,2026-02-26 03:40:00,122.36,2.618,265.07,0.831,59.95,92.834
1,2026-02-26 03:50:00,122.21,1.971,201.72,0.839,59.98,92.869
1,2026-02-26 04:00:00,121.73,2.948,296.67,0.826,59.97,92.92
1,2026-02-26 04:10:00,121.73,2.145,226.25,0.848,59.97,92.958
1,2026-02-26 04:20:00,121.6,3.081,309.77,0.829,59.93,93.009
1,2026-02-26 04:30:00,122.61,2.086,222.57,0.85,59.95,93.039
1,2026-02-26 04:40:00,122.73,2.909,293.41,0.824,59.97,93.089
1,2026-02-26 04:50:00,122.61,1.653,169.07,0.834,59.96,93.12
1,2026-02-26 05:00:00,121.0,2.779,277.7,0.827,59.94,93.171
1,2026-02-26 05:10:00,120.4,1.878,188.02,0.834,59.94,93.204
1,2026-02-26 05:20:00,120.39,2.617,260.73,0.831,59.92,93.248
1,2026-02-26 05:30:00,120.36,2.422,250.23,0.844,59.94,93.291
1,2026-02-26 05:40:00,116.88,12.098,1378.76,0.964,59.96,93.48
1,2026-02-26 05:50:00,120.13,2.158,215.18,0.831,59.95,93.52
1,2026-02-26 06:00:00,120.17,2.783,284.43,0.839,59.96,93.569
1,2026-02-26 06:10:00,120.19,3.324,349.53,0.868,59.93,93.622
1,2026-02-26 06:20:00,120.52,2.617,272.53,0.85,59.95,93.668
1,2026-02-26 06:30:00,120.68,2.256,225.75,0.83,59.96,93.711
1,2026-02-26 06:40:00,120.61,2.124,212.29,0.829,59.95,93.745
1,2026-02-26 06:50:00,120.41,3.46,356.61,0.842,59.96,93.795
1,2026-02-26 07:00:00,121.06,1.944,194.47,0.828,59.95,93.828
1,2026-02-26 07:10:00,119.68,4.169,446.28,0.873,59.95,93.896
1,2026-02-26 07:20:00,117.25,9.724,1106.05,0.942,59.98,94.07
1,2026-02-26 07:30:00,111.48,9.086,974.01,0.931,59.98,94.237
1,2026-02-26 07:40:00,118.54,2.111,208.52,0.834,59.94,94.271
1,2026-02-26 07:50:00,118.01,2.844,285.1,0.838,59.97,94.319
1,2026-02-26 08:00:00,117.46,2.401,242.0,0.848,59.96,94.356
1,2026-02-26 08:10:00,114.21,5.729,606.32,0.885,59.95,94.46
1,2026-02-26 08:20:00,115.13,2.29,227.98,0.855,59.94,94.491
1,2026-02-26 08:30:00,113.95,4.438,442.48,0.866,59.98,94.561
1,2026-02-26 08:40:00,118.98,1.649,165.2,0.841,59.95,94.588
1,2026-02-26 08:50:00,117.8,2.867,282.77,0.838,59.97,94.636
1,2026-02-26 09:00:00,118.8,5.44,633.278,0.969,59.944,94.751
1,2026-02-26 09:10:00,120.67,1.637,165.39,0.839,59.95,94.782
1,2026-02-26 09:20:00,120.44,2.44,245.42,0.837,59.99,94.829
1,2026-02-26 09:30:00,119.4,4.225,435.656,0.852,59.956,94.893
1,2026-02-26 09:40:00,119.278,3.19,318.122,0.836,59.944,94.95
1,2026-02-26 09:50:00,120.09,2.897,317.96,0.88,59.95,95.001
1,2026-02-26 10:00:00,120.444,4.908,517.967,0.864,59.933,95.074
1,2026-02-26 10:10:00,118.612,2.087,207.475,0.841,59.962,95.114
1,2026-02-26 10:20:00,118.18,3.65,374.95,0.857,59.97,95.174
1,2026-02-26 10:30:00,120.478,2.456,246.944,0.839,59.967,95.217
1,2026-02-26 10:40:00,120.26,2.278,229.69,0.841,59.99,95.257
1,2026-02-26 10:50:00,120.35,2.702,270.3,0.832,59.97,95.304
1,2026-02-26 11:00:00,120.91,1.925,194.29,0.835,59.93,95.338
1,2026-02-26 11:10:00,120.61,2.87,287.88,0.832,59.94,95.39
1,2026-02-26 11:20:00,120.1,3.106,338.82,0.879,59.97,95.446
1,2026-02-26 11:30:00,121.47,3.462,353.6,0.835,59.97,95.517
1,2026-02-26 11:40:00,120.47,2.522,271.5,0.863,59.97,95.567
1,2026-02-26 11:50:00,120.76,4.104,425.09,0.846,59.95,95.632
1,2026-02-26 12:00:00,121.511,2.428,256.633,0.854,59.978,95.68
1,2026-02-26 12:10:00,122.07,3.454,363.22,0.85,59.94,95.745
1,2026-02-26 12:20:00,121.91,6.942,794.69,0.945,59.95,95.878
1,2026-02-26 12:30:00,118.57,14.784,1714.99,0.978,59.96,96.154
1,2026-02-26 12:40:00,120.96,8.318,962.14,0.92,59.94,96.312
1,2026-02-26 12:50:00,122.66,3.066,331.45,0.875,59.96,96.374
1,2026-02-26 13:00:00,121.25,3.457,373.46,0.887,59.98,96.44
1,2026-02-26 13:10:00,119.3,3.06,328.19,0.894,59.94,96.487
1,2026-02-26 13:20:00,120.122,3.131,329.567,0.881,59.978,96.544
1,2026-02-26 13:30:00,121.73,4.117,464.98,0.916,59.97,96.625
1,2026-02-26 13:40:00,121.61,3.195,338.93,0.875,59.95,96.687
1,2026-02-26 13:50:00,121.81,2.425,261.69,0.89,59.97,96.728
1,2026-02-26 14:00:00,121.63,3.31,350.9,0.875,59.97,96.794
1,2026-02-26 14:10:00,121.25,3.979,452.97,0.927,59.94,96.872
1,2026-02-26 14:20:00,119.74,8.398,950.55,0.935,59.95,97.009
1,2026-02-26 14:30:00,120.94,4.64,527.56,0.917,59.98,97.087
1,2026-02-26 14:40:00,120.92,6.204,691.03,0.896,59.99,97.214
1,2026-02-26 14:50:00,120.69,5.81,664.35,0.904,59.96,97.345
1,2026-02-26 15:00:00,120.033,7.989,938.578,0.979,59.967,97.505
1,2026-02-26 15:10:00,123.25,2.104,229.12,0.868,59.93,97.541
1,2026-02-26 15:20:00,121.138,2.77,283.462,0.845,59.95,97.588
1,2026-02-26 15:30:00,120.72,3.337,339.81,0.843,59.98,97.645
1,2026-02-26 15:40:00,121.0,3.379,342.89,0.839,59.95,97.702
1,2026-02-26 15:50:00,120.98,2.712,273.24,0.834,59.95,97.75
1,2026-02-26 16:00:00,119.89,3.243,340.85,0.856,59.97,97.797
1,2026-02-26 16:10:00,119.3,3.417,348.567,0.848,59.933,97.854
1,2026-02-26 16:20:00,119.52,1.974,198.36,0.841,59.92,97.886
1,2026-02-26 16:30:00,117.84,3.042,300.68,0.838,59.96,97.937
1,2026-02-26 16:40:00,116.85,3.487,372.46,0.882,59.95,97.985
1,2026-02-26 16:50:00,118.522,3.197,315.511,0.832,59.967,98.039
1,2026-02-26 17:00:00,119.778,1.633,163.544,0.837,59.967,98.067
1,2026-02-26 17:10:00,118.433,3.079,304.011,0.836,59.978,98.117
1,2026-02-26 17:20:00,119.11,1.677,165.93,0.831,59.98,98.147
1,2026-02-26 17:30:00,119.922,2.887,285.467,0.827,59.967,98.195
1,2026-02-26 17:40:00,118.76,2.34,236.57,0.831,59.97,98.229
1,2026-02-26 17:50:00,119.16,2.776,271.27,0.818,59.98,98.275
1,2026-02-26 18:00:00,119.12,1.984,192.75,0.812,59.96,98.308
1,2026-02-26 18:10:00,119.29,2.836,277.38,0.818,59.96,98.353
1,2026-02-26 18:20:00,119.525,2.119,204.212,0.805,59.975,98.385
1,2026-02-26 18:30:00,115.783,2.504,237.35,0.82,59.95,98.42
1,2026-02-26 18:40:00,115.15,2.233,208.59,0.812,59.94,98.466
1,2026-02-26 18:50:00,115.53,2.67,252.82,0.816,59.94,98.508
1,2026-02-26 19:00:00,113.01,2.896,284.59,0.87,59.94,98.561
1,2026-02-26 19:10:00,111.08,8.235,883.62,0.938,59.96,98.701
1,2026-02-26 19:20:00,114.967,4.741,497.644,0.884,59.967,98.796
1,2026-02-26 19:30:00,114.39,3.205,324.54,0.879,59.96,98.85
1,2026-02-26 19:40:00,115.97,3.037,305.29,0.868,60.0,98.903
1,2026-02-26 19:50:00,115.13,2.589,259.15,0.866,59.95,98.947
1,2026-02-26 20:00:00,115.43,4.097,425.84,0.888,59.99,99.017
1,2026-02-26 20:10:00,115.91,3.084,323.24,0.905,59.93,99.071
1,2026-02-26 20:20:00,117.94,4.077,433.11,0.898,59.96,99.152
1,2026-02-26 20:30:00,118.42,5.081,549.17,0.904,59.97,99.239
1,2026-02-26 20:40:00,118.55,2.913,312.13,0.896,59.97,99.302
1,2026-02-26 20:50:00,117.367,3.493,362.044,0.883,59.944,99.361
1,2026-02-26 21:00:00,116.82,6.029,692.22,0.98,59.95,99.48
1,2026-02-26 21:10:00,115.94,3.317,353.45,0.906,59.96,99.55
1,2026-02-26 21:20:00,120.2,3.13,333.31,0.887,59.94,99.608
1,2026-02-26 21:30:00,117.96,4.348,462.73,0.9,59.96,99.686
1,2026-02-26 21:40:00,117.87,4.47,469.23,0.886,59.94,99.766
1,2026-02-26 21:50:00,119.775,3.26,350.225,0.874,59.975,99.822
1,2026-02-26 22:00:00,120.129,3.565,373.729,0.861,59.943,99.881
1,2026-02-26 22:10:00,120.56,2.564,259.16,0.841,59.97,99.937
1,2026-02-26 22:20:00,119.222,6.587,733.578,0.934,59.956,100.058
1,2026-02-26 22:30:00,120.689,2.393,243.178,0.847,59.967,100.102
1,2026-02-26 22:40:00,121.05,2.638,265.862,0.837,59.925,100.144
1,2026-02-26 22:50:00,119.89,2.62,260.44,0.831,59.95,100.189
1,2026-02-26 23:00:00,120.22,2.518,249.68,0.823,59.98,100.229
1,2026-02-26 23:10:00,119.822,2.59,257.167,0.827,59.967,100.275
1,2026-02-26 23:20:00,119.244,2.361,234.022,0.83,59.944,100.312
1,2026-02-26 23:30:00,120.66,2.708,272.36,0.835,59.95,100.358
1,2026-02-26 23:40:00,121.644,2.137,217.111,0.836,59.978,100.395
1,2026-02-26 23:50:00,121.38,2.68,269.95,0.831,59.96,100.442
1,2026-02-27 00:00:00,121.61,2.073,210.55,0.837,59.94,100.477
1,2026-02-27 00:10:00,121.422,2.663,267.389,0.828,59.967,100.525
1,2026-02-27 00:20:00,120.98,2.094,210.61,0.83,59.97,100.56
1,2026-02-27 00:30:00,119.31,2.785,277.68,0.836,59.98,100.607
1,2026-02-27 00:40:00,119.57,2.113,210.42,0.834,59.96,100.64
1,2026-02-27 00:50:00,121.38,2.78,278.91,0.831,59.95,100.687
1,2026-02-27 01:00:00,122.1,1.841,188.4,0.838,59.95,100.72
1,2026-02-27 01:10:00,120.82,3.237,330.57,0.838,59.98,100.771
1,2026-02-27 01:20:00,122.15,1.826,186.96,0.839,59.96,100.804
1,2026-02-27 01:30:00,121.422,2.664,267.522,0.829,59.933,100.849
1,2026-02-27 01:40:00,120.77,2.056,206.39,0.833,59.93,100.882
1,2026-02-27 01:50:00,120.47,3.041,310.06,0.839,59.98,100.932
1,2026-02-27 02:00:00,121.81,1.977,201.12,0.838,59.96,100.964
1,2026-02-27 02:10:00,120.81,2.618,262.38,0.834,59.94,101.009
1,2026-02-27 02:20:00,121.74,1.993,203.52,0.838,59.92,101.041
1,2026-02-27 02:30:00,121.77,2.561,257.94,0.828,59.96,101.088
1,2026-02-27 02:40:00,121.4,2.518,263.733,0.848,59.989,101.128
1,2026-02-27 02:50:00,120.73,2.557,256.53,0.834,59.95,101.172
1,2026-02-27 03:00:00,119.41,5.074,592.92,0.971,59.97,101.273
1,2026-02-27 03:10:00,121.9,1.715,174.61,0.835,59.96,101.303
1,2026-02-27 03:20:00,121.84,2.511,254.39,0.833,59.99,101.345
1,2026-02-27 03:30:00,121.65,3.836,395.112,0.839,60.0,101.409
1,2026-02-27 03:40:00,122.18,3.066,310.24,0.832,59.95,101.461
1,2026-02-27 03:50:00,121.86,1.838,188.89,0.846,59.96,101.49
1,2026-02-27 04:00:00,120.78,3.222,322.55,0.83,59.95,101.545
1,2026-02-27 04:10:00,121.55,1.727,174.35,0.831,59.96,101.579
1,2026-02-27 04:20:00,120.99,3.093,310.69,0.832,59.95,101.629
1,2026-02-27 04:30:00,121.48,2.235,238.36,0.859,59.95,101.672
1,2026-02-27 04:40:00,120.53,3.812,394.02,0.846,59.97,101.725
1,2026-02-27 04:50:00,119.81,1.842,183.38,0.832,59.95,101.757
1,2026-02-27 05:00:00,120.53,2.75,273.18,0.823,59.93,101.802
1,2026-02-27 05:10:00,118.99,1.892,187.43,0.832,59.96,101.836
1,2026-02-27 05:20:00,119.28,2.763,275.12,0.834,59.94,101.881
1,2026-02-27 05:30:00,119.933,1.898,189.633,0.836,59.956,101.916
1,2026-02-27 05:40:00,117.46,9.929,1110.14,0.923,59.97,102.087
1,2026-02-27 05:50:00,119.79,2.164,223.65,0.844,59.96,102.119
1,2026-02-27 06:00:00,118.933,5.182,557.589,0.893,59.944,102.201
1,2026-02-27 06:10:00,119.73,2.245,238.41,0.87,59.97,102.247
1,2026-02-27 06:20:00,119.75,3.208,320.788,0.836,59.975,102.305
1,2026-02-27 06:30:00,119.4,6.568,749.85,0.9,59.94,102.425
1,2026-02-27 06:40:00,117.94,8.237,926.35,0.918,59.98,102.595
1,2026-02-27 06:50:00,119.26,1.872,186.41,0.841,59.94,102.646
1,2026-02-27 07:00:00,118.82,2.923,291.99,0.843,59.96,102.694
1,2026-02-27 07:10:00,117.17,3.181,338.89,0.876,59.97,102.749
1,2026-02-27 07:20:00,117.69,3.584,360.78,0.846,59.97,102.823
1,2026-02-27 07:30:00,117.175,2.453,249.838,0.852,59.975,102.869
1,2026-02-27 07:40:00,116.54,4.377,445.38,0.863,59.97,102.933
1,2026-02-27 07:50:00,116.82,2.926,313.81,0.884,59.97,102.98
1,2026-02-27 08:00:00,117.862,2.782,272.038,0.83,59.938,103.033
1,2026-02-27 08:10:00,117.82,1.682,166.21,0.838,59.97,103.061
1,2026-02-27 08:20:00,118.17,2.855,281.14,0.835,59.95,103.109
1,2026-02-27 08:30:00,117.34,1.664,163.03,0.835,59.93,103.137
1,2026-02-27 08:40:00,117.25,2.888,282.85,0.834,59.97,103.184
1,2026-02-27 08:50:00,117.238,1.656,161.925,0.836,59.95,103.213
1,2026-02-27 09:00:00,117.04,4.968,568.52,0.966,59.97,103.309
1,2026-02-27 09:10:00,118.6,1.736,169.43,0.824,59.96,103.338
1,2026-02-27 09:20:00,113.71,3.398,339.43,0.852,59.96,103.384
1,2026-02-27 09:30:00,117.44,3.731,373.97,0.848,59.94,103.447
1,2026-02-27 09:40:00,117.39,3.242,319.98,0.841,59.97,103.5
1,2026-02-27 09:50:00,117.52,1.69,164.85,0.831,59.94,103.531
1,2026-02-27 10:00:00,117.99,3.05,302.34,0.84,59.95,103.58
1,2026-02-27 10:10:00,117.067,1.819,177.667,0.833,59.922,103.61
1,2026-02-27 10:20:00,117.944,2.869,284.322,0.839,59.989,103.659
1,2026-02-27 10:30:00,118.69,1.972,196.25,0.84,59.97,103.693
1,2026-02-27 10:40:00,118.362,2.8,277.925,0.84,59.938,103.735
1,2026-02-27 10:50:00,118.56,2.793,285.55,0.847,59.95,103.78
1,2026-02-27 11:00:00,118.375,2.627,259.425,0.834,59.938,103.821
1,2026-02-27 11:10:00,117.44,2.151,211.32,0.836,59.96,103.858
1,2026-02-27 11:20:00,118.42,2.412,239.76,0.841,59.95,103.898
1,2026-02-27 11:30:00,119.26,2.277,227.2,0.838,59.92,103.937
1,2026-02-27 11:40:00,118.49,2.301,228.48,0.84,59.96,103.974
1,2026-02-27 11:50:00,119.9,2.004,201.65,0.844,59.925,104.015
1,2026-02-27 12:00:00,118.86,2.319,231.87,0.843,59.96,104.052
1,2026-02-27 12:10:00,118.411,2.381,235.4,0.834,59.944,104.093
1,2026-02-27 12:20:00,119.02,2.126,211.37,0.837,59.97,104.131
1,2026-02-27 12:30:00,120.27,2.391,240.93,0.842,59.96,104.172
1,2026-02-27 12:40:00,119.98,2.122,214.66,0.845,60.0,104.208
1,2026-02-27 12:50:00,119.04,2.887,295.19,0.858,59.97,104.263
1,2026-02-27 13:00:00,119.344,2.976,321.933,0.9,59.933,104.312
1,2026-02-27 13:10:00,118.88,3.952,427.24,0.902,59.95,104.384
1,2026-02-27 13:20:00,120.01,3.273,360.29,0.908,59.96,104.439
1,2026-02-27 13:30:00,118.44,3.057,319.99,0.886,59.93,104.494
1,2026-02-27 13:40:00,117.23,4.386,480.99,0.921,59.94,104.571
1,2026-02-27 13:50:00,119.23,3.742,406.61,0.902,59.95,104.646
1,2026-02-27 14:00:00,118.82,3.217,340.94,0.894,59.98,104.698
1,2026-02-27 14:10:00,119.029,2.587,273.343,0.891,59.957,104.753
1,2026-02-27 14:20:00,118.35,2.78,290.89,0.888,59.95,104.801
1,2026-02-27 14:30:00,118.18,2.922,305.04,0.885,59.98,104.858
1,2026-02-27 14:40:00,118.6,2.939,307.812,0.886,59.975,104.905
1,2026-02-27 14:50:00,119.72,2.867,302.16,0.883,59.95,104.956
1,2026-02-27 15:00:00,118.68,5.509,643.01,0.981,59.96,105.066
1,2026-02-27 15:10:00,117.64,2.189,229.15,0.889,59.93,105.104
1,2026-02-27 15:20:00,117.975,3.169,329.825,0.884,59.975,105.156
1,2026-02-27 15:30:00,117.811,3.691,382.444,0.88,59.989,105.222
1,2026-02-27 15:40:00,116.633,3.714,380.378,0.878,59.956,105.285
1,2026-02-27 15:50:00,118.8,2.72,289.24,0.886,59.96,105.334
1,2026-02-27 16:00:00,118.978,3.467,359.889,0.873,59.944,105.392
1,2026-02-27 16:10:00,119.1,2.699,279.67,0.852,59.96,105.438
1,2026-02-27 16:20:00,119.05,2.641,260.91,0.829,59.97,105.481
1,2026-02-27 16:30:00,119.3,2.219,219.575,0.831,59.95,105.513
1,2026-02-27 16:40:00,118.31,3.36,347.56,0.855,59.97,105.575
1,2026-02-27 16:50:00,118.81,2.286,225.27,0.829,59.98,105.614
1,2026-02-27 17:00:00,119.625,2.049,202.45,0.827,59.912,105.641
1,2026-02-27 17:10:00,118.45,2.55,256.25,0.851,59.94,105.7
1,2026-02-27 17:20:00,118.25,3.648,386.07,0.882,59.99,105.756
1,2026-02-27 17:30:00,116.688,7.409,818.975,0.95,59.938,105.863
1,2026-02-27 17:40:00,117.8,4.713,516.289,0.917,59.956,105.98
1,2026-02-27 17:50:00,117.538,4.489,476.362,0.895,59.938,106.056
1,2026-02-27 18:00:00,119.138,2.067,206.65,0.838,59.938,106.088
1,2026-02-27 18:10:00,120.05,2.968,293.38,0.826,59.94,106.142
1,2026-02-27 18:20:00,115.22,10.531,1178.39,0.945,59.95,106.305
1,2026-02-27 18:30:00,119.289,5.321,585.867,0.882,59.956,106.4
1,2026-02-27 18:40:00,119.17,2.81,287.99,0.86,59.95,106.45
1,2026-02-27 18:50:00,116.975,7.184,794.2,0.95,59.962,106.569
1,2026-02-27 19:00:00,118.711,2.916,298.067,0.86,59.933,106.623
1,2026-02-27 19:10:00,116.85,5.594,608.97,0.922,59.96,106.724
1,2026-02-27 19:20:00,117.74,4.102,442.73,0.905,59.95,106.797
1,2026-02-27 19:30:00,116.91,6.898,758.79,0.941,59.96,106.915
1,2026-02-27 19:40:00,116.61,3.703,387.86,0.892,59.95,106.976
1,2026-02-27 19:50:00,116.17,6.497,703.14,0.929,59.92,107.1
1,2026-02-27 20:00:00,118.922,2.841,296.4,0.88,59.956,107.147
1,2026-02-27 20:10:00,115.762,2.977,303.5,0.875,59.95,107.198
1,2026-02-27 20:20:00,117.33,2.81,288.96,0.877,59.94,107.245
1,2026-02-27 20:30:00,119.22,3.285,346.93,0.884,59.97,107.302
1,2026-02-27 20:40:00,118.244,3.087,317.967,0.873,59.978,107.352
1,2026-02-27 20:50:00,117.111,3.782,397.556,0.882,59.967,107.416
1,2026-02-27 21:00:00,118.37,5.112,593.89,0.97,59.98,107.518
1,2026-02-27 21:10:00,119.24,1.733,172.23,0.833,59.96,107.548
1,2026-02-27 21:20:00,119.971,2.155,215.986,0.837,59.929,107.589
1,2026-02-27 21:30:00,118.388,3.882,392.1,0.845,59.975,107.634
1,2026-02-27 21:40:00,119.45,3.317,328.825,0.832,59.925,107.698
1,2026-02-27 21:50:00,120.089,2.242,223.111,0.831,59.944,107.743
1,2026-02-27 22:00:00,120.65,3.222,324.75,0.831,59.97,107.799
1,2026-02-27 22:10:00,120.89,3.289,341.82,0.842,59.96,107.865
1,2026-02-27 22:20:00,121.45,2.468,248.37,0.833,59.97,107.906
1,2026-02-27 22:30:00,118.03,2.357,231.43,0.83,59.96,107.948
1,2026-02-27 22:40:00,118.24,2.693,271.75,0.848,59.95,107.987
1,2026-02-27 22:50:00,116.98,2.799,282.62,0.844,59.94,108.029
1,2026-02-27 23:00:00,118.788,2.487,245.812,0.831,59.975,108.068
1,2026-02-27 23:10:00,120.89,2.608,261.1,0.83,59.98,108.113
1,2026-02-27 23:20:00,120.75,2.444,245.38,0.833,59.96,108.152
1,2026-02-27 23:30:00,121.34,2.508,251.76,0.831,59.94,108.196
1,2026-02-27 23:40:00,121.52,2.455,246.9,0.829,59.94,108.235
1,2026-02-27 23:50:00,121.438,2.52,252.725,0.829,59.975,108.279
1,2026-02-28 00:00:00,121.48,2.426,244.03,0.83,59.98,108.318
1,2026-02-28 00:10:00,121.09,2.41,241.22,0.827,59.95,108.361
1,2026-02-28 00:20:00,120.544,2.468,246.122,0.829,59.978,108.4
1,2026-02-28 00:30:00,121.02,2.785,287.16,0.839,59.92,108.442
1,2026-02-28 00:40:00,118.95,3.252,335.49,0.852,59.93,108.487
1,2026-02-28 00:50:00,118.822,2.423,238.478,0.83,59.967,108.526
1,2026-02-28 01:00:00,121.956,2.236,224.867,0.826,59.956,108.565
1,2026-02-28 01:10:00,121.71,2.321,233.24,0.83,59.95,108.605
1,2026-02-28 01:20:00,121.756,2.388,241.178,0.832,59.956,108.639
1,2026-02-28 01:30:00,122.44,2.163,219.13,0.832,59.97,108.687
1,2026-02-28 01:40:00,122.01,2.499,251.41,0.826,59.95,108.727
1,2026-02-28 01:50:00,121.92,2.174,218.08,0.824,59.93,108.766
1,2026-02-28 02:00:00,121.72,2.454,246.83,0.829,59.96,108.807
1,2026-02-28 02:10:00,121.66,2.009,203.06,0.833,59.96,108.844
1,2026-02-28 02:20:00,121.18,2.635,264.35,0.828,59.98,108.887
1,2026-02-28 02:30:00,122.25,1.982,201.47,0.834,59.98,108.921
1,2026-02-28 02:40:00,121.89,3.003,311.61,0.842,59.95,108.966
1,2026-02-28 02:50:00,122.32,1.868,189.98,0.833,59.96,108.999
1,2026-02-28 03:00:00,120.89,5.13,607.32,0.969,59.92,109.101
1,2026-02-28 03:10:00,121.28,1.764,177.14,0.827,59.94,109.13
1,2026-02-28 03:20:00,121.62,2.473,249.97,0.831,59.97,109.171
1,2026-02-28 03:30:00,121.1,3.28,329.7,0.831,59.99,109.227
1,2026-02-28 03:40:00,121.31,3.097,310.34,0.828,59.95,109.28
1,2026-02-28 03:50:00,122.21,1.887,191.98,0.832,59.96,109.31
1,2026-02-28 04:00:00,122.1,3.128,315.12,0.825,59.94,109.369
1,2026-02-28 04:10:00,122.529,1.764,179.171,0.827,59.929,109.398
1,2026-02-28 04:20:00,122.233,3.075,309.156,0.821,59.967,109.45
1,2026-02-28 04:30:00,122.34,1.706,173.03,0.83,59.95,109.48
1,2026-02-28 04:40:00,121.6,3.541,361.811,0.831,59.956,109.538
1,2026-02-28 04:50:00,121.36,1.698,171.73,0.836,59.97,109.568
1,2026-02-28 05:00:00,121.89,3.523,360.35,0.829,59.94,109.617
1,2026-02-28 05:10:00,122.33,2.349,250.77,0.845,59.94,109.648
1,2026-02-28 05:20:00,121.44,2.893,290.03,0.825,59.97,109.7
1,2026-02-28 05:30:00,122.48,1.736,176.88,0.832,59.94,109.728
1,2026-02-28 05:40:00,120.86,3.854,397.72,0.842,59.95,109.796
1,2026-02-28 05:50:00,121.71,1.695,171.53,0.832,59.96,109.825
1,2026-02-28 06:00:00,119.233,2.862,282.8,0.828,59.944,109.872
1,2026-02-28 06:10:00,121.54,1.712,170.66,0.82,59.97,109.907
1,2026-02-28 06:20:00,120.93,3.778,391.7,0.844,59.96,109.97
1,2026-02-28 06:30:00,118.3,5.866,670.73,0.968,59.96,110.082
1,2026-02-28 06:40:00,118.76,6.35,685.99,0.902,59.94,110.196
1,2026-02-28 06:50:00,119.83,1.644,164.44,0.835,59.96,110.224
1,2026-02-28 07:00:00,120.08,2.883,285.41,0.826,59.96,110.27
1,2026-02-28 07:10:00,118.52,5.94,666.51,0.905,59.94,110.359
1,2026-02-28 07:20:00,116.91,8.86,983.47,0.912,59.96,110.534
1,2026-02-28 07:30:00,115.61,2.14,213.5,0.842,59.98,110.577
1,2026-02-28 07:40:00,114.21,2.799,267.27,0.837,59.97,110.622
1,2026-02-28 07:50:00,119.64,1.685,166.77,0.829,59.97,110.654
1,2026-02-28 08:00:00,118.72,2.728,268.75,0.831,59.99,110.701
1,2026-02-28 08:10:00,119.91,4.201,475.18,0.908,59.96,110.775
1,2026-02-28 08:20:00,119.74,3.572,371.61,0.853,59.97,110.843
1,2026-02-28 08:30:00,120.84,3.766,423.5,0.896,59.96,110.914
1,2026-02-28 08:40:00,117.37,11.419,1286.55,0.951,59.98,111.12
1,2026-02-28 08:50:00,119.59,4.965,567.7,0.943,59.94,111.233
1,2026-02-28 09:00:00,118.31,6.725,781.35,0.984,59.98,111.357
1,2026-02-28 09:10:00,116.76,4.288,471.04,0.907,59.95,111.43
1,2026-02-28 09:20:00,115.6,3.411,341.11,0.847,59.98,111.484
1,2026-02-28 09:30:00,118.41,5.062,525.83,0.862,59.97,111.552
1,2026-02-28 09:40:00,120.25,3.271,324.01,0.823,59.97,111.606
1,2026-02-28 09:50:00,120.04,3.1,328.92,0.858,59.96,111.66
1,2026-02-28 10:00:00,119.16,4.266,432.59,0.841,59.94,111.742
1,2026-02-28 10:10:00,117.97,2.996,309.99,0.849,59.97,111.785
1,2026-02-28 10:20:00,118.36,3.853,390.5,0.843,59.93,111.853
1,2026-02-28 10:30:00,119.712,2.791,287.562,0.844,59.975,111.896
1,2026-02-28 10:40:00,120.31,2.498,247.48,0.823,59.97,111.944
1,2026-02-28 10:50:00,120.38,2.334,229.62,0.818,59.92,111.992
1,2026-02-28 11:00:00,119.688,3.77,401.35,0.861,59.95,112.037
1,2026-02-28 11:10:00,120.52,3.768,402.99,0.866,59.96,112.115
1,2026-02-28 11:20:00,118.34,4.319,468.86,0.892,59.96,112.187
1,2026-02-28 11:30:00,120.743,2.626,259.371,0.819,59.971,112.234
1,2026-02-28 11:40:00,120.87,1.995,200.03,0.83,59.96,112.269
1,2026-02-28 11:50:00,117.08,9.326,1039.06,0.918,59.95,112.425
1,2026-02-28 12:00:00,118.5,6.092,686.54,0.913,59.95,112.553
1,2026-02-28 12:10:00,120.28,3.552,358.96,0.833,59.91,112.614
1,2026-02-28 12:20:00,120.357,1.717,168.986,0.821,59.957,112.645
1,2026-02-28 12:30:00,120.562,3.925,402.288,0.842,59.988,112.71
1,2026-02-28 12:40:00,120.0,3.277,353.267,0.863,59.944,112.77
1,2026-02-28 12:50:00,119.78,3.027,300.8,0.829,59.98,112.821
1,2026-02-28 13:00:00,120.8,1.954,195.84,0.828,59.95,112.854
1,2026-02-28 13:10:00,120.88,3.03,304.51,0.831,59.93,112.904
1,2026-02-28 13:20:00,120.611,2.904,309.211,0.856,59.978,112.958
1,2026-02-28 13:30:00,120.23,4.763,504.91,0.866,59.97,113.038
1,2026-02-28 13:40:00,122.67,2.222,221.84,0.815,59.95,113.075
1,2026-02-28 13:50:00,121.54,3.147,328.08,0.856,59.95,113.127
1,2026-02-28 14:00:00,122.3,2.446,262.93,0.882,59.95,113.173
1,2026-02-28 14:10:00,121.01,3.612,388.41,0.885,59.96,113.227
1,2026-02-28 14:20:00,120.671,2.575,274.057,0.884,59.943,113.265
1,2026-02-28 14:30:00,122.011,3.06,323.6,0.871,59.944,113.325
1,2026-02-28 14:40:00,121.688,3.193,340.588,0.857,59.95,113.376
1,2026-02-28 14:50:00,120.16,3.033,311.72,0.849,59.95,113.43
1,2026-02-28 15:00:00,119.76,6.305,743.2,0.989,59.95,113.548
1,2026-02-28 15:10:00,120.911,2.172,228.622,0.849,59.922,113.586
1,2026-02-28 15:20:00,122.45,2.464,252.59,0.839,59.95,113.627
1,2026-02-28 15:30:00,123.02,3.256,331.88,0.83,59.95,113.682
1,2026-02-28 15:40:00,122.875,3.237,328.175,0.825,59.962,113.738
1,2026-02-28 15:50:00,123.2,3.023,341.367,0.885,59.95,113.772
1,2026-02-28 16:00:00,122.35,3.532,363.46,0.834,59.95,113.832
1,2026-02-28 16:10:00,122.622,2.514,265.733,0.847,59.956,113.874
1,2026-02-28 16:20:00,122.79,4.063,433.76,0.856,59.95,113.945
1,2026-02-28 16:30:00,120.52,6.405,714.01,0.926,59.93,114.065
1,2026-02-28 16:40:00,120.45,4.33,479.75,0.899,59.938,114.153
1,2026-02-28 16:50:00,120.47,3.64,384.55,0.877,59.99,114.22
1,2026-02-28 17:00:00,121.85,2.31,249.738,0.889,59.988,114.263
1,2026-02-28 17:10:00,120.3,3.467,363.188,0.872,59.95,114.326
1,2026-02-28 17:20:00,121.95,2.19,234.162,0.878,59.938,114.369
1,2026-02-28 17:30:00,120.022,4.044,424.722,0.874,59.989,114.433
1,2026-02-28 17:40:00,119.75,2.235,234.575,0.875,59.962,114.471
1,2026-02-28 17:50:00,122.011,3.349,350.611,0.862,59.956,114.532
1,2026-02-28 18:00:00,118.95,2.185,225.45,0.866,59.97,114.571
1,2026-02-28 18:10:00,120.562,4.264,454.25,0.878,59.95,114.646
1,2026-02-28 18:20:00,119.96,3.679,406.99,0.914,59.93,114.709
1,2026-02-28 18:30:00,116.43,11.225,1264.31,0.954,59.95,114.893
1,2026-02-28 18:40:00,118.91,3.009,320.64,0.895,59.98,114.948
1,2026-02-28 18:50:00,118.29,4.193,437.16,0.876,59.96,115.017
1,2026-02-28 19:00:00,118.97,3.693,388.4,0.869,59.97,115.084
1,2026-02-28 19:10:00,119.29,3.592,371.33,0.864,59.94,115.146
1,2026-02-28 19:20:00,119.73,3.132,328.52,0.869,59.97,115.2
1,2026-02-28 19:30:00,118.48,3.765,390.76,0.878,59.95,115.269
1,2026-02-28 19:40:00,120.675,2.487,262.988,0.878,59.975,115.312
1,2026-02-28 19:50:00,119.5,4.656,493.14,0.88,59.99,115.403
1,2026-02-28 20:00:00,119.22,4.547,506.72,0.921,59.96,115.484
1,2026-02-28 20:10:00,118.51,4.651,498.75,0.904,59.97,115.569
1,2026-02-28 20:20:00,119.511,3.827,423.6,0.922,59.956,115.633
1,2026-02-28 20:30:00,119.79,4.076,442.6,0.906,59.98,115.706
1,2026-02-28 20:40:00,121.62,2.473,268.99,0.896,59.95,115.754
1,2026-02-28 20:50:00,121.633,3.984,430.367,0.886,59.978,115.834
1,2026-02-28 21:00:00,121.04,5.808,687.9,0.972,59.96,115.951
1,2026-02-28 21:10:00,121.81,2.419,259.81,0.883,59.97,115.992
1,2026-02-28 21:20:00,122.138,3.314,355.812,0.88,59.962,116.046
1,2026-02-28 21:30:00,121.67,3.856,411.21,0.878,59.95,116.116
1,2026-02-28 21:40:00,121.467,3.776,400.044,0.871,60.0,116.183
1,2026-02-28 21:50:00,121.33,2.394,257.92,0.887,59.96,116.226
1,2026-02-28 22:00:00,120.64,4.077,434.39,0.879,59.95,116.29
1,2026-02-28 22:10:00,120.62,4.332,487.44,0.918,59.95,116.368
1,2026-02-28 22:20:00,120.64,4.3,464.24,0.874,59.97,116.453
1,2026-02-28 22:30:00,121.93,2.279,229.58,0.827,59.92,116.491
1,2026-02-28 22:40:00,122.18,2.752,277.74,0.828,59.95,116.536
1,2026-02-28 22:50:00,121.74,2.274,228.02,0.825,59.96,116.576
1,2026-02-28 23:00:00,122.211,2.695,271.644,0.826,59.967,116.621
1,2026-02-28 23:10:00,122.467,2.33,236.433,0.833,59.967,116.661
1,2026-02-28 23:20:00,121.27,2.552,256.03,0.83,59.96,116.704
1,2026-02-28 23:30:00,120.567,2.303,230.289,0.83,59.978,116.744
1,2026-02-28 23:40:00,117.25,3.249,326.963,0.845,59.938,116.797
1,2026-02-28 23:50:00,120.28,2.386,237.8,0.829,59.92,116.837
1,2026-03-01 00:00:00,121.07,2.602,260.33,0.827,59.96,116.878
1,2026-03-01 00:10:00,121.22,2.414,240.45,0.821,59.97,116.918
1,2026-03-01 00:20:00,121.88,2.586,259.02,0.823,59.94,116.959
1,2026-03-01 00:30:00,122.02,2.356,237.56,0.829,59.93,117.0
1,2026-03-01 00:40:00,121.511,2.654,266.678,0.827,59.956,117.041
1,2026-03-01 00:50:00,121.68,2.367,236.89,0.824,59.93,117.08
1,2026-03-01 01:00:00,121.45,2.939,300.18,0.829,59.93,117.124
1,2026-03-01 01:10:00,121.93,2.179,220.55,0.834,59.97,117.163
1,2026-03-01 01:20:00,122.5,2.55,257.556,0.83,59.967,117.204
1,2026-03-01 01:30:00,121.411,2.263,225.644,0.821,59.956,117.244
1,2026-03-01 01:40:00,121.05,2.68,266.925,0.822,59.938,117.285
1,2026-03-01 01:50:00,121.744,2.235,224.611,0.828,59.989,117.323
1,2026-03-01 02:00:00,122.27,2.468,248.83,0.829,59.92,117.364
1,2026-03-01 02:10:00,121.46,2.612,272.13,0.845,59.95,117.407
1,2026-03-01 02:20:00,121.58,3.101,317.7,0.835,59.98,117.452
1,2026-03-01 02:30:00,121.53,2.075,207.54,0.824,59.96,117.493
1,2026-03-01 02:40:00,121.58,2.625,263.0,0.825,59.94,117.536
1,2026-03-01 02:50:00,121.98,1.995,201.2,0.828,59.95,117.571
1,2026-03-01 03:00:00,120.08,5.133,603.0,0.967,59.98,117.671
1,2026-03-01 03:10:00,121.14,1.747,175.36,0.829,59.95,117.7
1,2026-03-01 03:20:00,120.93,3.423,356.45,0.846,59.97,117.749
1,2026-03-01 03:30:00,120.53,3.777,384.57,0.838,59.96,117.812
1,2026-03-01 03:40:00,121.0,3.294,328.86,0.824,59.97,117.866
1,2026-03-01 03:50:00,122.17,1.749,176.43,0.826,59.96,117.897
1,2026-03-01 04:00:00,120.84,3.117,310.94,0.826,59.92,117.95
1,2026-03-01 04:10:00,121.47,1.902,191.17,0.827,59.94,117.983
1,2026-03-01 04:20:00,121.238,2.872,287.65,0.83,59.938,118.025
1,2026-03-01 04:30:00,121.53,2.013,203.41,0.834,59.95,118.066
1,2026-03-01 04:40:00,121.31,2.837,284.14,0.827,59.94,118.111
1,2026-03-01 04:50:00,121.4,2.064,206.556,0.824,59.967,118.147
1,2026-03-01 05:00:00,120.56,2.642,262.24,0.823,59.96,118.19
1,2026-03-01 05:10:00,121.05,2.068,206.18,0.825,59.97,118.227
1,2026-03-01 05:20:00,121.16,2.68,268.1,0.826,59.93,118.279
1,2026-03-01 05:30:00,121.01,2.596,267.46,0.836,59.95,118.321
1,2026-03-01 05:40:00,120.81,3.11,315.82,0.832,59.95,118.373
1,2026-03-01 05:50:00,121.82,2.178,218.55,0.827,59.97,118.41
1,2026-03-01 06:00:00,120.97,2.642,271.04,0.843,59.96,118.455
1,2026-03-01 06:10:00,118.69,2.768,289.09,0.865,59.97,118.502
1,2026-03-01 06:20:00,121.6,2.942,306.22,0.849,59.95,118.553
1,2026-03-01 06:30:00,120.34,2.544,263.85,0.845,59.96,118.597
1,2026-03-01 06:40:00,119.73,3.311,342.92,0.845,59.96,118.658
1,2026-03-01 06:50:00,119.81,3.842,414.03,0.877,59.96,118.723
1,2026-03-01 07:00:00,121.5,2.522,255.94,0.835,59.96,118.769
1,2026-03-01 07:10:00,120.98,2.153,214.86,0.827,59.97,118.805
1,2026-03-01 07:20:00,121.389,2.553,253.878,0.822,59.956,118.845
1,2026-03-01 07:30:00,120.822,2.624,270.6,0.839,59.967,118.889
1,2026-03-01 07:40:00,119.943,2.375,235.8,0.83,59.957,118.928
1,2026-03-01 07:50:00,118.31,2.132,209.45,0.832,59.96,118.964
1,2026-03-01 08:00:00,116.733,2.358,229.689,0.832,59.911,119.002
1,2026-03-01 08:10:00,119.5,3.041,314.76,0.847,59.99,119.062
1,2026-03-01 08:20:00,119.41,3.333,342.63,0.845,59.97,119.117
1,2026-03-01 08:30:00,119.67,2.145,211.69,0.827,59.95,119.153
1,2026-03-01 08:40:00,117.62,5.966,645.93,0.91,59.95,119.252
1,2026-03-01 08:50:00,116.6,4.996,546.767,0.922,59.967,119.345
1,2026-03-01 09:00:00,115.76,7.931,905.14,0.985,59.94,119.501
1,2026-03-01 09:10:00,117.98,1.718,165.36,0.816,59.97,119.537
1,2026-03-01 09:20:00,118.28,2.519,247.84,0.829,59.99,119.585
1,2026-03-01 09:30:00,117.22,3.683,368.56,0.845,59.96,119.646
1,2026-03-01 09:40:00,116.6,3.582,355.844,0.849,59.978,119.705
1,2026-03-01 09:50:00,118.55,2.531,265.1,0.847,59.96,119.744
1,2026-03-01 10:00:00,120.26,4.37,450.69,0.847,59.99,119.813
1,2026-03-01 10:10:00,117.01,9.263,1049.84,0.937,59.94,119.987
1,2026-03-01 10:20:00,117.96,6.456,694.88,0.9,59.93,120.102
1,2026-03-01 10:30:00,119.24,3.667,394.78,0.877,59.96,120.178
1,2026-03-01 10:40:00,120.78,2.644,263.59,0.826,59.97,120.228
1,2026-03-01 10:50:00,120.12,6.347,719.54,0.946,59.99,120.338
1,2026-03-01 11:00:00,119.17,4.548,495.9,0.899,59.95,120.427
1,2026-03-01 11:10:00,119.59,3.689,392.32,0.863,59.94,120.483
1,2026-03-01 11:20:00,119.3,4.767,525.422,0.91,59.978,120.559
1,2026-03-01 11:30:00,120.18,2.794,293.28,0.875,59.96,120.629
1,2026-03-01 11:40:00,119.5,2.774,288.35,0.873,59.933,120.683
1,2026-03-01 11:50:00,119.78,2.8,291.35,0.872,59.97,120.742
1,2026-03-01 12:00:00,121.075,2.643,265.7,0.831,59.962,120.8
1,2026-03-01 12:10:00,118.38,4.11,433.41,0.876,59.95,120.873
1,2026-03-01 12:20:00,119.238,2.634,268.95,0.862,59.975,120.928
1,2026-03-01 12:30:00,118.98,5.098,524.07,0.854,59.99,121.009
1,2026-03-01 12:40:00,117.6,4.144,418.86,0.852,59.93,121.084
1,2026-03-01 12:50:00,117.03,4.026,413.17,0.869,59.97,121.153
1,2026-03-01 13:00:00,118.43,4.24,448.0,0.881,59.96,121.228
1,2026-03-01 13:10:00,118.32,4.598,470.06,0.856,59.98,121.299
1,2026-03-01 13:20:00,116.68,5.297,547.59,0.875,59.95,121.381
1,2026-03-01 13:30:00,117.311,3.304,327.7,0.847,59.956,121.439
1,2026-03-01 13:40:00,113.71,3.85,378.91,0.864,59.99,121.511
1,2026-03-01 13:50:00,113.74,3.367,328.08,0.856,59.98,121.565
1,2026-03-01 14:00:00,117.58,3.348,333.3,0.847,59.95,121.631
1,2026-03-01 14:10:00,117.79,5.23,548.58,0.881,59.96,121.717
1,2026-03-01 14:20:00,114.88,10.101,1113.74,0.938,59.95,121.904
1,2026-03-01 14:30:00,117.22,9.23,1034.15,0.929,59.96,122.077
1,2026-03-01 14:40:00,118.95,2.686,280.53,0.88,59.95,122.126
1,2026-03-01 14:50:00,117.36,3.731,384.27,0.877,59.97,122.19
1,2026-03-01 15:00:00,117.25,6.858,789.21,0.986,59.95,122.316
1,2026-03-01 15:10:00,119.11,3.391,376.08,0.914,59.96,122.377
1,2026-03-01 15:20:00,117.14,4.335,463.98,0.905,59.96,122.449
1,2026-03-01 15:30:00,117.888,6.044,648.475,0.904,59.925,122.549
1,2026-03-01 15:40:00,118.81,3.738,390.01,0.877,59.95,122.614
1,2026-03-01 15:50:00,115.267,3.768,384.667,0.887,59.967,122.679
1,2026-03-01 16:00:00,120.122,3.69,388.311,0.874,59.956,122.743
1,2026-03-01 16:10:00,120.11,3.661,382.9,0.871,59.93,122.809
1,2026-03-01 16:20:00,118.75,3.7,384.42,0.875,59.94,122.873
1,2026-03-01 16:30:00,118.88,3.362,362.42,0.894,59.95,122.928
1,2026-03-01 16:40:00,116.91,5.984,635.18,0.904,59.98,123.017
1,2026-03-01 16:50:00,118.58,3.663,380.2,0.876,59.95,123.081
1,2026-03-01 17:00:00,119.02,2.701,290.06,0.894,59.96,123.131
1,2026-03-01 17:10:00,118.744,4.161,434.744,0.877,59.967,123.205
1,2026-03-01 17:20:00,117.77,3.981,417.51,0.885,59.96,123.275
1,2026-03-01 17:30:00,118.14,3.574,368.69,0.873,59.98,123.335
1,2026-03-01 17:40:00,118.05,3.716,385.91,0.875,59.94,123.399
1,2026-03-01 17:50:00,117.97,2.957,304.76,0.875,59.97,123.45
1,2026-03-01 18:00:00,117.85,4.125,428.67,0.878,59.96,123.529
1,2026-03-01 18:10:00,118.189,3.061,320.544,0.883,59.956,123.577
1,2026-03-01 18:20:00,118.97,3.679,379.45,0.868,59.95,123.642
1,2026-03-01 18:30:00,118.76,2.841,292.8,0.869,59.95,123.697
1,2026-03-01 18:40:00,118.19,4.002,420.97,0.888,59.96,123.766
1,2026-03-01 18:50:00,115.96,9.443,1042.38,0.937,59.95,123.953
1,2026-03-01 19:00:00,117.278,7.487,826.711,0.916,59.978,124.079
1,2026-03-01 19:10:00,117.411,4.546,494.756,0.908,59.956,124.159
1,2026-03-01 19:20:00,115.32,4.774,496.31,0.895,59.96,124.239
1,2026-03-01 19:30:00,117.56,8.533,957.8,0.936,59.96,124.379
1,2026-03-01 19:40:00,112.81,7.858,845.78,0.942,59.95,124.52
1,2026-03-01 19:50:00,118.011,4.815,521.756,0.918,59.956,124.6
1,2026-03-01 20:00:00,119.49,4.198,447.83,0.9,59.99,124.673
1,2026-03-01 20:10:00,119.3,3.842,414.54,0.906,59.95,124.746
1,2026-03-01 20:20:00,117.99,3.442,366.41,0.903,59.95,124.808
1,2026-03-01 20:30:00,117.944,4.525,479.256,0.892,60.0,124.898
1,2026-03-01 20:40:00,118.011,2.869,299.889,0.887,59.922,124.945
1,2026-03-01 20:50:00,117.783,3.557,369.85,0.885,59.95,125.025
1,2026-03-01 21:00:00,117.05,7.388,851.63,0.987,59.95,125.159
1,2026-03-01 21:10:00,119.0,2.932,319.244,0.903,59.956,125.213
1,2026-03-01 21:20:00,119.375,3.007,321.612,0.899,60.0,125.255
1,2026-03-01 21:30:00,119.35,3.79,398.79,0.881,59.97,125.343
1,2026-03-01 21:40:00,119.55,4.395,458.8,0.865,59.92,125.421
1,2026-03-01 21:50:00,117.36,5.201,542.65,0.878,59.98,125.513
1,2026-03-01 22:00:00,116.6,3.777,376.61,0.853,59.98,125.569
1,2026-03-01 22:10:00,118.59,2.856,281.75,0.83,59.96,125.619
1,2026-03-01 22:20:00,118.922,2.45,241.922,0.832,59.967,125.659
1,2026-03-01 22:30:00,118.55,3.538,357.36,0.845,59.96,125.72
1,2026-03-01 22:40:00,121.58,3.7,409.68,0.881,59.96,125.783
1,2026-03-01 22:50:00,121.411,3.283,329.033,0.827,59.978,125.838
1,2026-03-01 23:00:00,121.63,2.628,273.12,0.836,59.94,125.875
1,2026-03-01 23:10:00,120.97,3.195,320.18,0.83,59.92,125.929
1,2026-03-01 23:20:00,122.5,2.355,237.467,0.823,59.967,125.966
1,2026-03-01 23:30:00,121.19,3.141,316.01,0.831,59.94,126.021
1,2026-03-01 23:40:00,122.08,2.462,245.69,0.815,59.94,126.064
1,2026-03-01 23:50:00,122.22,2.872,290.3,0.828,59.96,126.111
1,2026-03-02 00:00:00,122.08,2.968,306.01,0.834,59.92,126.162
1,2026-03-02 00:10:00,122.65,2.692,272.33,0.826,59.98,126.208
1,2026-03-02 00:20:00,123.06,2.563,257.41,0.815,59.96,126.252
1,2026-03-02 00:30:00,122.36,2.713,273.4,0.822,59.94,126.296
1,2026-03-02 00:40:00,121.46,2.598,259.34,0.822,59.96,126.342
1,2026-03-02 00:50:00,119.7,2.525,249.82,0.828,59.94,126.384
1,2026-03-02 01:00:00,120.34,2.949,298.81,0.831,59.96,126.434
1,2026-03-02 01:10:00,120.25,3.321,349.03,0.857,59.94,126.486
1,2026-03-02 01:20:00,121.25,2.5,250.05,0.824,59.98,126.529
1,2026-03-02 01:30:00,120.962,2.308,230.788,0.827,59.95,126.572
1,2026-03-02 01:40:00,120.71,2.485,247.32,0.824,59.93,126.616
1,2026-03-02 01:50:00,121.21,2.461,245.86,0.825,59.97,126.657
1,2026-03-02 02:00:00,121.36,2.458,246.61,0.828,59.96,126.7
1,2026-03-02 02:10:00,121.02,2.636,264.21,0.829,59.93,126.743
1,2026-03-02 02:20:00,120.36,2.352,233.12,0.822,59.96,126.784
1,2026-03-02 02:30:00,120.22,3.124,318.35,0.837,59.92,126.831
1,2026-03-02 02:40:00,121.47,2.336,234.26,0.827,59.96,126.87
1,2026-03-02 02:50:00,121.03,2.916,296.69,0.834,59.95,126.916
1,2026-03-02 03:00:00,119.77,5.456,643.2,0.983,59.96,127.019
1,2026-03-02 03:10:00,122.078,1.704,174.533,0.84,59.989,127.053
1,2026-03-02 03:20:00,121.27,2.531,256.32,0.836,59.94,127.095
1,2026-03-02 03:30:00,120.44,3.286,329.56,0.831,59.96,127.151
1,2026-03-02 03:40:00,119.83,3.288,327.19,0.83,59.97,127.207
1,2026-03-02 03:50:00,120.33,2.647,263.52,0.83,59.94,127.253
1,2026-03-02 04:00:00,120.2,2.581,257.314,0.83,59.971,127.293
1,2026-03-02 04:10:00,121.55,2.728,273.038,0.824,59.962,127.344
1,2026-03-02 04:20:00,121.46,2.198,221.06,0.829,59.96,127.38
1,2026-03-02 04:30:00,120.53,3.38,343.73,0.837,59.93,127.436
1,2026-03-02 04:40:00,120.21,2.452,253.81,0.845,59.95,127.478
1,2026-03-02 04:50:00,119.3,3.363,338.02,0.835,59.94,127.536
1,2026-03-02 05:00:00,119.367,2.096,206.2,0.823,59.978,127.569
1,2026-03-02 05:10:00,119.07,3.434,344.75,0.834,59.95,127.621
1,2026-03-02 05:20:00,118.98,2.061,204.3,0.833,59.93,127.654
1,2026-03-02 05:30:00,118.82,3.254,327.65,0.837,59.94,127.704
1,2026-03-02 05:40:00,117.36,2.647,266.53,0.841,59.97,127.75
1,2026-03-02 05:50:00,117.99,3.545,360.3,0.841,59.97,127.819
1,2026-03-02 06:00:00,116.33,4.21,441.94,0.886,59.95,127.884
1,2026-03-02 06:10:00,117.76,3.995,407.83,0.865,59.96,127.957
1,2026-03-02 06:20:00,119.856,3.41,367.522,0.872,59.978,128.012
1,2026-03-02 06:30:00,118.66,3.862,401.89,0.865,59.93,128.093
1,2026-03-02 06:40:00,118.94,2.616,269.11,0.858,59.99,128.141
1,2026-03-02 06:50:00,118.58,4.214,436.55,0.865,59.97,128.216
1,2026-03-02 07:00:00,117.778,3.857,391.133,0.857,59.978,128.278
1,2026-03-02 07:10:00,118.76,3.072,310.76,0.851,59.97,128.333
1,2026-03-02 07:20:00,119.389,2.221,224.778,0.848,59.956,128.375
1,2026-03-02 07:30:00,118.04,3.763,385.26,0.861,59.97,128.442
1,2026-03-02 07:40:00,115.98,2.195,216.92,0.85,59.95,128.48
1,2026-03-02 07:50:00,117.74,3.445,351.13,0.858,59.92,128.535
1,2026-03-02 08:00:00,119.38,2.849,289.17,0.851,59.96,128.591
1,2026-03-02 08:10:00,118.75,2.688,272.62,0.859,59.97,128.637
1,2026-03-02 08:20:00,118.39,2.688,269.93,0.849,59.96,128.685
1,2026-03-02 08:30:00,117.49,3.357,344.72,0.871,59.97,128.739
1,2026-03-02 08:40:00,117.68,3.944,406.17,0.867,59.95,128.81
1,2026-03-02 08:50:00,118.29,2.069,208.78,0.853,59.94,128.846
1,2026-03-02 09:00:00,115.225,5.446,617.588,0.982,59.975,128.946
1,2026-03-02 09:10:00,116.01,1.926,193.57,0.861,59.95,128.989
1,2026-03-02 09:20:00,117.756,2.72,275.456,0.859,59.956,129.032
1,2026-03-02 09:30:00,118.52,3.419,348.12,0.86,59.94,129.091
1,2026-03-02 09:40:00,117.488,3.368,341.1,0.862,59.962,129.148
1,2026-03-02 09:50:00,116.9,3.326,335.04,0.861,59.94,129.206
1,2026-03-02 10:00:00,117.589,2.781,279.6,0.858,59.989,129.253
1,2026-03-02 10:10:00,118.467,2.511,254.7,0.857,59.978,129.295
1,2026-03-02 10:20:00,117.525,3.166,318.588,0.857,59.975,129.352
1,2026-03-02 10:30:00,118.26,1.956,197.75,0.855,59.95,129.384
1,2026-03-02 10:40:00,117.32,3.348,336.18,0.854,59.98,129.442
1,2026-03-02 10:50:00,117.578,2.154,215.911,0.856,59.967,129.478
1,2026-03-02 11:00:00,115.95,3.024,301.45,0.861,59.92,129.53
1,2026-03-02 11:10:00,113.888,2.58,253.088,0.861,59.925,129.571
1,2026-03-02 11:20:00,116.22,2.774,277.14,0.857,59.95,129.616
1,2026-03-02 11:30:00,115.844,2.653,263.678,0.858,59.944,129.665
1,2026-03-02 11:40:00,118.4,2.296,232.19,0.857,59.97,129.704
1,2026-03-02 11:50:00,117.367,3.022,304.144,0.856,59.967,129.758
1,2026-03-02 12:00:00,118.275,1.997,201.3,0.851,59.962,129.791
1,2026-03-02 12:10:00,118.911,3.832,392.333,0.861,59.967,129.849
1,2026-03-02 12:20:00,120.111,1.819,184.5,0.848,59.956,129.881
1,2026-03-02 12:30:00,119.22,3.335,339.64,0.855,60.0,129.938
1,2026-03-02 12:40:00,118.567,2.17,220.922,0.858,59.978,129.974
1,2026-03-02 12:50:00,118.14,3.043,308.4,0.857,59.94,130.026
1,2026-03-02 13:00:00,116.0,10.155,1140.18,0.942,59.99,130.217
1,2026-03-02 13:10:00,116.933,5.061,561.244,0.928,59.967,130.295
1,2026-03-02 13:20:00,118.6,5.544,601.011,0.904,59.967,130.403
1,2026-03-02 13:30:00,118.72,2.559,272.61,0.898,59.95,130.45
1,2026-03-02 13:40:00,118.544,3.493,370.333,0.897,59.944,130.514
1,2026-03-02 13:50:00,118.45,2.792,295.838,0.896,59.962,130.572
1,2026-03-02 14:00:00,118.78,4.348,464.92,0.89,60.0,130.654
1,2026-03-02 14:10:00,118.91,3.309,342.26,0.861,59.98,130.711
1,2026-03-02 14:20:00,118.28,2.261,230.79,0.865,59.95,130.749
1,2026-03-02 14:30:00,118.71,3.16,321.15,0.859,59.93,130.805
1,2026-03-02 14:40:00,119.63,1.954,201.86,0.865,59.97,130.837
1,2026-03-02 14:50:00,119.14,3.799,391.58,0.86,59.96,130.895
1,2026-03-02 15:00:00,117.81,5.946,690.82,0.989,59.96,131.002
1,2026-03-02 15:10:00,119.29,1.754,180.75,0.864,59.95,131.036
1,2026-03-02 15:20:00,119.21,2.668,274.68,0.863,59.95,131.08
1,2026-03-02 15:30:00,117.762,3.758,386.812,0.87,59.975,131.141
1,2026-03-02 15:40:00,117.82,3.367,341.91,0.862,59.96,131.199
1,2026-03-02 15:50:00,114.988,12.51,1404.788,0.962,59.988,131.414
1,2026-03-02 16:00:00,118.15,2.282,232.2,0.862,59.967,131.45
1,2026-03-02 16:10:00,118.58,3.478,358.93,0.865,59.93,131.509
1,2026-03-02 16:20:00,117.54,4.429,473.34,0.894,59.94,131.597
1,2026-03-02 16:30:00,119.59,3.257,349.05,0.882,59.96,131.664
1,2026-03-02 16:40:00,119.13,3.048,308.91,0.851,59.98,131.72
1,2026-03-02 16:50:00,120.12,1.915,195.65,0.851,59.95,131.753
1,2026-03-02 17:00:00,118.47,4.238,437.53,0.863,59.96,131.82
1,2026-03-02 17:10:00,120.13,1.878,192.27,0.855,59.93,131.854
1,2026-03-02 17:20:00,119.544,3.479,357.867,0.857,59.978,131.907
1,2026-03-02 17:30:00,119.71,2.088,211.91,0.846,59.94,131.952
1,2026-03-02 17:40:00,116.89,4.684,491.42,0.881,59.96,132.033
1,2026-03-02 17:50:00,117.014,2.656,264.729,0.849,59.929,132.072
1,2026-03-02 18:00:00,118.46,3.046,306.33,0.849,59.96,132.118
1,2026-03-02 18:10:00,118.51,3.979,418.04,0.869,59.96,132.184
1,2026-03-02 18:20:00,119.39,2.668,274.39,0.851,59.97,132.235
1,2026-03-02 18:30:00,117.04,3.9,405.61,0.89,59.96,132.311
1,2026-03-02 18:40:00,117.77,2.473,257.7,0.885,59.97,132.355
1,2026-03-02 18:50:00,116.71,4.325,458.27,0.908,59.98,132.43
1,2026-03-02 19:00:00,115.34,4.904,519.14,0.915,59.94,132.517
1,2026-03-02 19:10:00,117.25,3.421,365.12,0.91,59.96,132.581
1,2026-03-02 19:20:00,116.912,4.327,464.762,0.918,59.95,132.66
1,2026-03-02 19:30:00,117.56,4.179,450.35,0.917,59.95,132.738
1,2026-03-02 19:40:00,114.62,4.204,444.62,0.916,59.98,132.809
1,2026-03-02 19:50:00,116.63,4.65,498.88,0.92,59.97,132.896
1,2026-03-02 20:00:00,115.556,3.744,397.644,0.921,59.956,132.964
1,2026-03-02 20:10:00,115.01,10.244,1129.38,0.944,59.96,133.178
1,2026-03-02 20:20:00,117.17,6.005,649.1,0.904,59.96,133.299
1,2026-03-02 20:30:00,119.8,3.585,380.85,0.885,59.96,133.355
1,2026-03-02 20:40:00,119.7,3.141,331.63,0.882,59.97,133.409
1,2026-03-02 20:50:00,118.14,3.823,398.39,0.884,59.96,133.476
1,2026-03-02 21:00:00,116.61,8.41,964.16,0.988,59.98,133.622
1,2026-03-02 21:10:00,117.88,3.976,444.63,0.939,59.96,133.7
1,2026-03-02 21:20:00,119.7,3.67,400.162,0.916,59.988,133.764
1,2026-03-02 21:30:00,115.75,5.24,551.675,0.906,59.975,133.841
1,2026-03-02 21:40:00,116.99,6.053,642.69,0.899,59.96,133.949
1,2026-03-02 21:50:00,119.09,3.326,333.22,0.841,59.95,134.005
1,2026-03-02 22:00:00,119.26,3.333,333.87,0.841,59.97,134.065
1,2026-03-02 22:10:00,119.55,2.065,209.64,0.851,59.95,134.1
1,2026-03-02 22:20:00,118.888,3.563,369.65,0.862,59.962,134.161
1,2026-03-02 22:30:00,119.962,4.608,488.312,0.869,59.95,134.265
1,2026-03-02 22:40:00,120.35,1.896,190.9,0.837,59.96,134.297
1,2026-03-02 22:50:00,119.86,3.277,325.17,0.829,59.96,134.352
1,2026-03-02 23:00:00,120.78,2.168,216.53,0.827,59.96,134.39
1,2026-03-02 23:10:00,121.4,2.624,263.46,0.828,59.93,134.434
1,2026-03-02 23:20:00,121.49,3.293,336.67,0.833,59.97,134.487
1,2026-03-02 23:30:00,121.04,2.111,212.15,0.829,59.93,134.521
1,2026-03-02 23:40:00,121.53,3.788,385.64,0.829,59.96,134.578
1,2026-03-02 23:50:00,122.35,1.903,193.98,0.834,59.91,134.612
1,2026-03-03 00:00:00,121.16,2.975,299.23,0.832,59.95,134.663
1,2026-03-03 00:10:00,121.71,2.384,241.21,0.834,59.97,134.707
1,2026-03-03 00:20:00,121.6,2.57,259.34,0.831,59.94,134.748
1,2026-03-03 00:30:00,121.93,2.848,287.12,0.831,59.95,134.799
1,2026-03-03 00:40:00,121.51,2.49,261.05,0.847,59.98,134.834
1,2026-03-03 00:50:00,121.33,3.252,326.29,0.829,59.95,134.888
1,2026-03-03 01:00:00,121.41,1.708,172.8,0.835,59.95,134.921
1,2026-03-03 01:10:00,121.33,3.131,315.27,0.832,59.93,134.972
1,2026-03-03 01:20:00,122.344,2.225,226.156,0.833,59.944,135.01
1,2026-03-03 01:30:00,120.99,3.069,316.75,0.844,59.95,135.062
1,2026-03-03 01:40:00,122.62,2.478,251.49,0.829,59.99,135.106
1,2026-03-03 01:50:00,122.38,2.726,283.66,0.846,59.96,135.145
1,2026-03-03 02:00:00,121.2,2.76,277.13,0.832,59.93,135.194
1,2026-03-03 02:10:00,121.01,2.862,300.01,0.855,59.96,135.234
1,2026-03-03 02:20:00,121.38,3.251,326.32,0.826,59.95,135.289
1,2026-03-03 02:30:00,122.122,1.67,172.456,0.847,59.978,135.318
1,2026-03-03 02:40:00,120.63,3.085,309.57,0.834,59.97,135.371
1,2026-03-03 02:50:00,121.8,1.964,200.05,0.838,59.95,135.405
1,2026-03-03 03:00:00,120.8,5.12,606.89,0.973,59.96,135.504
1,2026-03-03 03:10:00,121.92,1.708,175.65,0.844,59.97,135.534
1,2026-03-03 03:20:00,122.39,2.525,258.9,0.839,59.97,135.575
1,2026-03-03 03:30:00,121.889,3.279,332.4,0.831,59.978,135.626
1,2026-03-03 03:40:00,121.89,3.595,368.39,0.838,59.93,135.688
1,2026-03-03 03:50:00,121.671,3.88,400.143,0.839,59.971,135.745
1,2026-03-03 04:00:00,122.91,1.966,202.77,0.843,59.97,135.781
1,2026-03-03 04:10:00,121.6,2.97,300.56,0.833,59.97,135.829
1,2026-03-03 04:20:00,121.99,3.005,311.49,0.844,59.93,135.875
1,2026-03-03 04:30:00,122.27,2.11,215.58,0.838,59.95,135.912
1,2026-03-03 04:40:00,120.61,3.086,309.11,0.83,59.93,135.966
1,2026-03-03 04:50:00,121.21,1.724,173.4,0.83,59.92,135.997
1,2026-03-03 05:00:00,119.93,3.248,323.13,0.831,59.96,136.05
1,2026-03-03 05:10:00,120.73,2.021,203.18,0.834,59.95,136.085
1,2026-03-03 05:20:00,119.82,2.803,280.29,0.835,59.98,136.131
1,2026-03-03 05:30:00,119.98,2.711,279.67,0.847,59.97,136.172
1,2026-03-03 05:40:00,118.4,7.54,855.31,0.922,59.95,136.313
1,2026-03-03 05:50:00,119.0,4.674,497.36,0.863,59.98,136.416
1,2026-03-03 06:00:00,116.72,8.248,926.74,0.95,59.99,136.556
1,2026-03-03 06:10:00,118.811,3.083,310.611,0.848,59.967,136.614
1,2026-03-03 06:20:00,119.7,2.161,224.94,0.85,59.94,136.651
1,2026-03-03 06:30:00,119.88,4.54,469.88,0.847,59.94,136.72
1,2026-03-03 06:40:00,120.83,2.243,232.94,0.848,59.95,136.764
1,2026-03-03 06:50:00,119.08,2.789,277.54,0.837,59.96,136.809
1,2026-03-03 07:00:00,120.42,2.303,232.86,0.844,59.93,136.849
1,2026-03-03 07:10:00,120.99,2.414,245.47,0.844,59.96,136.889
1,2026-03-03 07:20:00,119.93,2.559,254.96,0.835,59.95,136.933
1,2026-03-03 07:30:00,118.93,4.368,477.72,0.894,59.94,136.999
1,2026-03-03 07:40:00,115.89,4.546,464.14,0.872,59.94,137.067
1,2026-03-03 07:50:00,117.32,3.892,419.17,0.896,59.99,137.136
1,2026-03-03 08:00:00,117.93,5.677,615.14,0.91,59.94,137.241
1,2026-03-03 08:10:00,120.34,3.078,325.24,0.856,59.97,137.301
1,2026-03-03 08:20:00,118.11,3.138,325.14,0.853,59.96,137.352
1,2026-03-03 08:30:00,119.57,6.837,759.92,0.935,59.97,137.479
1,2026-03-03 08:40:00,119.33,3.399,365.69,0.874,59.98,137.542
1,2026-03-03 08:50:00,118.58,2.729,268.67,0.833,59.99,137.588
1,2026-03-03 09:00:00,118.72,5.831,682.15,0.988,59.97,137.704
1,2026-03-03 09:10:00,120.12,1.611,162.69,0.839,59.98,137.735
1,2026-03-03 09:20:00,120.74,2.926,304.02,0.85,59.96,137.789
1,2026-03-03 09:30:00,120.14,3.728,377.72,0.838,59.96,137.848
1,2026-03-03 09:40:00,119.59,4.156,427.13,0.849,59.97,137.925
1,2026-03-03 09:50:00,118.77,6.303,672.19,0.886,59.97,138.03
1,2026-03-03 10:00:00,121.189,3.401,373.867,0.886,59.956,138.093
1,2026-03-03 10:10:00,119.17,5.866,623.65,0.882,59.97,138.193
1,2026-03-03 10:20:00,119.12,4.053,423.7,0.862,59.96,138.272
1,2026-03-03 10:30:00,120.69,2.125,215.29,0.839,59.96,138.306
1,2026-03-03 10:40:00,119.89,3.211,320.67,0.833,59.97,138.36
1,2026-03-03 10:50:00,119.93,2.232,232.08,0.85,59.97,138.4
1,2026-03-03 11:00:00,119.07,3.78,392.08,0.857,59.95,138.464
1,2026-03-03 11:10:00,119.06,2.725,278.2,0.849,59.99,138.51
1,2026-03-03 11:20:00,119.72,2.46,247.46,0.842,59.95,138.556
1,2026-03-03 11:30:00,118.16,3.994,408.87,0.857,59.93,138.615
1,2026-03-03 11:40:00,120.133,1.643,168.1,0.852,59.978,138.643
1,2026-03-03 11:50:00,116.45,3.736,375.6,0.857,59.95,138.7
1,2026-03-03 12:00:00,119.29,2.419,243.13,0.844,59.99,138.747
1,2026-03-03 12:10:00,118.589,2.531,254.111,0.849,59.956,138.791
1,2026-03-03 12:20:00,118.1,3.716,376.8,0.852,59.99,138.854
1,2026-03-03 12:30:00,118.72,3.789,408.14,0.889,59.95,138.904
1,2026-03-03 12:40:00,118.329,3.448,351.629,0.857,59.957,138.945
1,2026-03-03 12:50:00,116.64,3.755,392.79,0.883,59.98,139.019
1,2026-03-03 13:00:00,117.74,3.756,398.75,0.888,59.97,139.088
1,2026-03-03 13:10:00,118.038,3.296,342.812,0.885,59.962,139.15
1,2026-03-03 13:20:00,118.7,3.894,419.0,0.905,59.98,139.206
1,2026-03-03 13:30:00,118.24,3.693,386.01,0.883,59.96,139.28
1,2026-03-03 13:40:00,118.98,2.913,307.13,0.889,59.94,139.338
1,2026-03-03 13:50:00,118.98,2.91,307.1,0.891,59.97,139.392
1,2026-03-03 14:00:00,118.2,4.11,435.92,0.896,59.94,139.467
1,2026-03-03 14:10:00,119.13,2.416,257.51,0.896,59.98,139.51
1,2026-03-03 14:20:00,118.07,3.98,417.3,0.886,59.95,139.578
1,2026-03-03 14:30:00,117.84,2.124,225.58,0.9,59.97,139.616
1,2026-03-03 14:40:00,118.689,3.722,376.767,0.848,59.944,139.674
1,2026-03-03 14:50:00,119.362,2.055,207.575,0.849,59.975,139.707
1,2026-03-03 15:00:00,117.53,7.091,821.24,0.99,59.93,139.822
1,2026-03-03 15:10:00,119.75,1.651,166.71,0.842,59.95,139.86
1,2026-03-03 15:20:00,119.09,3.407,353.36,0.855,59.95,139.919
1,2026-03-03 15:30:00,117.76,4.626,477.59,0.866,59.98,139.994
1,2026-03-03 15:40:00,118.756,3.755,381.4,0.849,59.978,140.052
1,2026-03-03 15:50:00,118.35,3.649,369.88,0.848,59.96,140.116
1,2026-03-03 16:00:00,119.34,2.059,207.83,0.849,59.99,140.154
1,2026-03-03 16:10:00,119.233,2.495,249.689,0.843,59.956,140.197
1,2026-03-03 16:20:00,118.85,2.624,262.462,0.844,59.95,140.247
1,2026-03-03 16:30:00,119.9,1.975,200.17,0.847,59.96,140.279
1,2026-03-03 16:40:00,119.85,3.67,372.8,0.842,59.98,140.343
1,2026-03-03 16:50:00,120.52,2.057,217.97,0.859,60.0,140.381
1,2026-03-03 17:00:00,119.63,3.481,353.37,0.84,59.96,140.437
1,2026-03-03 17:10:00,121.01,1.949,195.79,0.834,59.95,140.473
1,2026-03-03 17:20:00,119.656,2.721,272.978,0.84,59.944,140.518
1,2026-03-03 17:30:00,119.36,2.25,225.44,0.843,59.94,140.559
1,2026-03-03 17:40:00,119.14,2.886,295.05,0.848,59.96,140.604
1,2026-03-03 17:50:00,120.056,2.718,269.1,0.828,59.978,140.649
1,2026-03-03 18:00:00,121.25,2.136,213.2,0.824,59.95,140.684
1,2026-03-03 18:10:00,119.667,3.89,396.656,0.839,59.956,140.751
1,2026-03-03 18:20:00,119.41,1.869,182.05,0.815,59.95,140.781
1,2026-03-03 18:30:00,118.16,3.111,302.57,0.823,59.94,140.835
1,2026-03-03 18:40:00,118.15,1.812,170.94,0.799,59.98,140.863
1,2026-03-03 18:50:00,118.33,3.142,304.28,0.816,59.95,140.916
1,2026-03-03 19:00:00,118.4,2.033,197.925,0.822,59.988,140.949
1,2026-03-03 19:10:00,116.838,4.413,451.525,0.874,59.912,141.012
1,2026-03-03 19:20:00,115.89,4.398,468.88,0.904,59.97,141.082
1,2026-03-03 19:30:00,116.733,8.182,909.289,0.932,59.967,141.22
1,2026-03-03 19:40:00,115.49,4.5,473.9,0.891,59.96,141.301
1,2026-03-03 19:50:00,118.04,3.912,402.28,0.871,59.95,141.37
1,2026-03-03 20:00:00,117.49,3.563,387.47,0.911,59.98,141.435
1,2026-03-03 20:10:00,116.2,4.234,446.01,0.906,59.96,141.508
1,2026-03-03 20:20:00,118.37,3.552,386.88,0.915,59.96,141.572
1,2026-03-03 20:30:00,118.3,4.306,468.438,0.916,59.962,141.649
1,2026-03-03 20:40:00,118.07,4.328,466.57,0.912,59.96,141.725
1,2026-03-03 20:50:00,117.66,4.304,472.01,0.925,59.92,141.805
1,2026-03-03 21:00:00,117.925,6.656,773.638,0.986,59.988,141.944
1,2026-03-03 21:10:00,121.243,2.74,305.557,0.919,59.914,142.01
1,2026-03-03 21:20:00,120.411,3.078,330.344,0.894,59.933,142.067
1,2026-03-03 21:30:00,119.567,3.818,404.578,0.889,59.989,142.137
1,2026-03-03 21:40:00,120.73,4.257,456.51,0.885,59.95,142.216
1,2026-03-03 21:50:00,121.34,3.419,351.95,0.849,59.97,142.275
1,2026-03-03 22:00:00,120.5,4.056,435.362,0.879,59.95,142.359
1,2026-03-03 22:10:00,120.93,3.24,346.31,0.871,59.96,142.419
1,2026-03-03 22:20:00,120.13,5.583,601.1,0.885,59.97,142.522
1,2026-03-03 22:30:00,121.56,1.738,179.62,0.849,59.96,142.554
1,2026-03-03 22:40:00,119.844,3.782,382.811,0.839,59.989,142.609
1,2026-03-03 22:50:00,118.6,2.227,219.7,0.831,59.97,142.647
1,2026-03-03 23:00:00,120.57,3.295,337.35,0.84,59.96,142.7
1,2026-03-03 23:10:00,122.0,2.553,257.96,0.83,59.98,142.745
1,2026-03-03 23:20:00,118.98,2.444,242.85,0.835,59.96,142.787
1,2026-03-03 23:30:00,121.01,2.832,284.5,0.832,59.98,142.836
1,2026-03-03 23:40:00,121.22,2.119,214.28,0.835,59.97,142.873
1,2026-03-03 23:50:00,120.444,3.627,371.678,0.843,59.978,142.928
1,2026-03-04 00:00:00,120.32,1.979,200.75,0.842,59.97,142.959
1,2026-03-04 00:10:00,121.6,3.28,332.34,0.835,59.93,143.016
1,2026-03-04 00:20:00,122.54,1.756,178.89,0.83,59.95,143.05
1,2026-03-04 00:30:00,122.29,3.131,316.85,0.827,59.99,143.104
1,2026-03-04 00:40:00,122.944,2.409,257.911,0.854,59.978,143.142
1,2026-03-04 00:50:00,122.089,2.91,293.9,0.83,59.978,143.192
1,2026-03-04 01:00:00,122.96,2.069,210.78,0.83,59.97,143.229
1,2026-03-04 01:10:00,122.34,3.231,333.54,0.839,59.96,143.278
1,2026-03-04 01:20:00,123.0,2.162,221.94,0.838,59.93,143.316
1,2026-03-04 01:30:00,121.61,2.815,284.09,0.831,59.97,143.363
1,2026-03-04 01:40:00,122.5,2.204,223.97,0.833,59.94,143.403
1,2026-03-04 01:50:00,122.77,2.607,264.36,0.829,59.96,143.447
1,2026-03-04 02:00:00,121.87,2.701,283.14,0.851,59.98,143.491
1,2026-03-04 02:10:00,121.69,2.439,247.25,0.838,59.96,143.533
1,2026-03-04 02:20:00,122.04,2.548,256.39,0.836,59.96,143.575
1,2026-03-04 02:30:00,121.87,2.445,247.89,0.836,59.97,143.617
1,2026-03-04 02:40:00,121.9,2.377,241.289,0.837,59.922,143.655
1,2026-03-04 02:50:00,122.93,2.449,251.26,0.84,59.97,143.699
1,2026-03-04 03:00:00,122.01,5.116,613.07,0.975,59.97,143.803
1,2026-03-04 03:10:00,122.9,1.674,171.78,0.836,59.95,143.833
1,2026-03-04 03:20:00,122.2,2.574,263.67,0.836,59.94,143.875
1,2026-03-04 03:30:00,122.57,3.268,332.06,0.829,59.96,143.932
1,2026-03-04 03:40:00,122.23,3.262,330.73,0.83,59.97,143.987
1,2026-03-04 03:50:00,122.578,2.992,300.744,0.827,59.978,144.04
1,2026-03-04 04:00:00,122.2,3.19,336.31,0.85,59.95,144.089
1,2026-03-04 04:10:00,121.72,2.938,295.96,0.829,59.96,144.148
1,2026-03-04 04:20:00,122.78,2.015,207.85,0.841,59.98,144.182
1,2026-03-04 04:30:00,122.667,3.052,309.289,0.827,59.967,144.235
1,2026-03-04 04:40:00,123.122,1.701,175.756,0.842,59.956,144.266
1,2026-03-04 04:50:00,121.56,3.683,376.17,0.833,59.96,144.332
1,2026-03-04 05:00:00,122.98,1.624,168.01,0.84,59.95,144.361
1,2026-03-04 05:10:00,120.86,3.072,308.38,0.833,59.95,144.414
1,2026-03-04 05:20:00,121.48,1.685,171.51,0.839,59.97,144.447
1,2026-03-04 05:30:00,120.57,2.905,290.73,0.831,59.97,144.498
1,2026-03-04 05:40:00,118.422,9.723,1116.311,0.94,59.967,144.65
1,2026-03-04 05:50:00,119.49,4.003,421.74,0.847,59.94,144.726
1,2026-03-04 06:00:00,119.84,4.156,457.84,0.895,59.95,144.786
1,2026-03-04 06:10:00,120.111,3.9,411.933,0.872,59.978,144.863
1,2026-03-04 06:20:00,119.85,2.38,250.02,0.86,59.98,144.905
1,2026-03-04 06:30:00,119.98,3.505,357.36,0.841,59.98,144.961
1,2026-03-04 06:40:00,119.84,3.326,367.64,0.887,59.95,145.03
1,2026-03-04 06:50:00,120.37,3.043,303.94,0.831,59.98,145.082
1,2026-03-04 07:00:00,118.94,2.637,280.9,0.869,59.98,145.121
1,2026-03-04 07:10:00,118.656,3.205,317.344,0.834,59.956,145.177
1,2026-03-04 07:20:00,117.52,2.887,293.21,0.855,59.98,145.235
1,2026-03-04 07:30:00,117.144,3.213,327.256,0.864,59.956,145.286
1,2026-03-04 07:40:00,116.13,2.91,291.8,0.852,59.97,145.34
1,2026-03-04 07:50:00,119.73,2.694,274.72,0.845,59.94,145.387
1,2026-03-04 08:00:00,118.34,3.188,313.87,0.834,59.97,145.441
1,2026-03-04 08:10:00,119.65,3.315,365.85,0.884,59.97,145.494
1,2026-03-04 08:20:00,118.77,4.809,502.2,0.864,59.97,145.58
1,2026-03-04 08:30:00,117.25,3.816,414.82,0.878,59.97,145.639
1,2026-03-04 08:40:00,118.44,3.092,303.8,0.827,59.96,145.691
1,2026-03-04 08:50:00,119.35,2.546,259.2,0.841,59.95,145.732
1,2026-03-04 09:00:00,115.56,6.189,705.9,0.985,59.98,145.846
1,2026-03-04 09:10:00,118.13,2.165,221.48,0.843,59.96,145.886
1,2026-03-04 09:20:00,118.2,2.644,264.29,0.842,59.95,145.927
1,2026-03-04 09:30:00,117.49,3.335,331.66,0.846,59.94,145.984
1,2026-03-04 09:40:00,117.34,3.335,330.83,0.846,59.97,146.04
1,2026-03-04 09:50:00,118.34,2.498,249.18,0.843,59.97,146.084
1,2026-03-04 10:00:00,118.4,3.495,358.811,0.858,59.922,146.141
1,2026-03-04 10:10:00,118.011,3.047,300.578,0.838,59.967,146.192
1,2026-03-04 10:20:00,117.74,1.844,180.71,0.832,59.98,146.224
1,2026-03-04 10:30:00,118.88,3.083,305.51,0.833,59.97,146.278
1,2026-03-04 10:40:00,116.83,2.018,197.5,0.837,59.98,146.31
1,2026-03-04 10:50:00,116.733,2.864,280.378,0.839,59.956,146.361
1,2026-03-04 11:00:00,117.47,1.834,180.06,0.833,59.95,146.391
1,2026-03-04 11:10:00,117.52,3.049,299.87,0.838,59.99,146.443
1,2026-03-04 11:20:00,119.15,1.873,186.12,0.833,59.96,146.474
1,2026-03-04 11:30:00,117.778,3.726,374.311,0.847,59.967,146.54
1,2026-03-04 11:40:00,118.95,2.292,227.5,0.836,59.95,146.586
1,2026-03-04 11:50:00,117.03,4.572,468.67,0.865,59.98,146.648
1,2026-03-04 12:00:00,119.23,2.267,231.75,0.842,59.99,146.689
1,2026-03-04 12:10:00,119.23,3.043,303.75,0.837,59.99,146.74
1,2026-03-04 12:20:00,121.9,1.771,181.67,0.843,59.95,146.771
1,2026-03-04 12:30:00,122.05,2.892,291.4,0.829,59.96,146.822
1,2026-03-04 12:40:00,119.9,2.676,278.9,0.857,59.967,146.865
1,2026-03-04 12:50:00,118.571,4.498,465.586,0.86,59.957,146.932
1,2026-03-04 13:00:00,116.97,5.011,519.46,0.873,59.95,147.007
1,2026-03-04 13:10:00,117.85,4.038,437.65,0.914,59.97,147.07
1,2026-03-04 13:20:00,118.044,3.332,347.256,0.884,59.956,147.131
1,2026-03-04 13:30:00,118.267,2.455,258.989,0.894,59.956,147.18
1,2026-03-04 13:40:00,118.26,3.647,386.68,0.893,59.96,147.245
1,2026-03-04 13:50:00,119.17,2.604,275.31,0.891,59.97,147.294
1,2026-03-04 14:00:00,119.17,3.051,320.3,0.884,59.95,147.348
1,2026-03-04 14:10:00,119.112,3.446,365.212,0.889,59.938,147.406
1,2026-03-04 14:20:00,118.99,3.658,388.74,0.889,59.96,147.474
1,2026-03-04 14:30:00,118.37,4.117,436.98,0.893,59.98,147.546
1,2026-03-04 14:40:00,117.53,4.658,511.44,0.925,59.97,147.624
1,2026-03-04 14:50:00,118.13,6.515,707.0,0.914,59.94,147.741
1,2026-03-04 15:00:00,118.557,6.011,702.871,0.987,59.971,147.856
1,2026-03-04 15:10:00,119.73,2.462,265.17,0.872,59.94,147.898
1,2026-03-04 15:20:00,119.889,4.616,501.6,0.893,59.956,147.979
1,2026-03-04 15:30:00,118.29,6.311,677.25,0.899,59.98,148.098
1,2026-03-04 15:40:00,116.85,5.44,569.89,0.883,59.96,148.191
1,2026-03-04 15:50:00,118.033,5.105,542.2,0.887,59.956,148.295
1,2026-03-04 16:00:00,119.967,2.217,224.344,0.846,59.989,148.331
1,2026-03-04 16:10:00,118.522,5.489,582.267,0.883,59.978,148.419
1,2026-03-04 16:20:00,119.15,2.234,228.78,0.849,59.94,148.455
1,2026-03-04 16:30:00,119.02,3.657,372.37,0.851,59.97,148.524
1,2026-03-04 16:40:00,120.711,1.841,188.011,0.847,59.956,148.556
1,2026-03-04 16:50:00,120.39,2.883,289.18,0.835,59.99,148.604
1,2026-03-04 17:00:00,121.322,2.166,220.511,0.842,60.0,148.64
1,2026-03-04 17:10:00,119.87,2.766,276.06,0.836,59.9,148.685
1,2026-03-04 17:20:00,118.82,2.268,225.26,0.836,59.95,148.724
1,2026-03-04 17:30:00,118.87,2.449,242.46,0.832,59.98,148.764
1,2026-03-04 17:40:00,118.967,2.546,252.344,0.837,59.967,148.807
1,2026-03-04 17:50:00,119.69,2.273,226.03,0.832,59.93,148.844
1,2026-03-04 18:00:00,120.09,2.567,254.16,0.825,59.96,148.887
1,2026-03-04 18:10:00,120.18,2.159,212.97,0.825,59.95,148.924
1,2026-03-04 18:20:00,115.96,6.482,701.63,0.889,59.97,149.023
1,2026-03-04 18:30:00,118.511,3.574,385.067,0.884,59.967,149.096
1,2026-03-04 18:40:00,117.54,3.287,334.54,0.867,59.95,149.153
1,2026-03-04 18:50:00,117.71,2.368,242.79,0.871,59.98,149.194
1,2026-03-04 19:00:00,116.212,3.614,364.35,0.869,59.962,149.255
1,2026-03-04 19:10:00,117.06,2.286,232.38,0.869,59.95,149.294
1,2026-03-04 19:20:00,115.5,3.716,371.7,0.864,59.95,149.358
1,2026-03-04 19:30:00,115.08,2.429,240.95,0.862,59.93,149.4
1,2026-03-04 19:40:00,117.58,3.766,381.36,0.861,59.95,149.464
1,2026-03-04 19:50:00,118.25,2.252,230.94,0.868,59.96,149.503
1,2026-03-04 20:00:00,116.956,3.587,362.756,0.864,59.989,149.564
1,2026-03-04 20:10:00,117.656,2.244,230.889,0.876,59.978,149.604
1,2026-03-04 20:20:00,117.78,3.621,369.45,0.866,59.94,149.664
1,2026-03-04 20:30:00,119.14,2.211,230.53,0.876,59.95,149.706
1,2026-03-04 20:40:00,119.111,3.448,353.7,0.863,59.967,149.765
1,2026-03-04 20:50:00,119.31,2.41,248.93,0.847,59.97,149.809
1,2026-03-04 21:00:00,117.99,6.456,743.09,0.966,59.95,149.931
1,2026-03-04 21:10:00,119.75,1.916,191.93,0.836,59.95,149.962
1,2026-03-04 21:20:00,118.78,3.065,310.78,0.85,59.97,150.005
1,2026-03-04 21:30:00,119.15,3.939,406.99,0.862,59.98,150.073
1,2026-03-04 21:40:00,120.22,3.612,377.58,0.869,59.94,150.141
1,2026-03-04 21:50:00,121.73,2.352,244.8,0.853,59.98,150.191
1,2026-03-04 22:00:00,119.95,3.196,323.98,0.844,59.97,150.244
1,2026-03-04 22:10:00,120.97,2.159,217.4,0.834,59.94,150.281
1,2026-03-04 22:20:00,120.612,3.329,335.75,0.834,59.962,150.328
1,2026-03-04 22:30:00,120.56,2.812,289.81,0.841,59.94,150.379
1,2026-03-04 22:40:00,120.012,2.71,270.088,0.83,59.95,150.419
1,2026-03-04 22:50:00,118.05,2.456,241.37,0.834,59.99,150.462
1,2026-03-04 23:00:00,119.24,4.121,441.58,0.87,59.95,150.534
1,2026-03-04 23:10:00,121.74,2.632,264.21,0.83,59.96,150.579
1,2026-03-04 23:20:00,122.312,2.079,211.675,0.836,59.962,150.614
1,2026-03-04 23:30:00,121.5,2.669,267.36,0.826,59.98,150.662
1,2026-03-04 23:40:00,121.94,2.132,215.16,0.829,59.97,150.698
1,2026-03-04 23:50:00,121.612,2.709,272.7,0.829,59.95,150.747
1,2026-03-05 00:00:00,119.64,2.107,211.71,0.841,59.93,150.782
1,2026-03-05 00:10:00,119.25,2.84,282.43,0.836,59.96,150.831
1,2026-03-05 00:20:00,122.18,2.358,248.92,0.848,59.96,150.869
1,2026-03-05 00:30:00,122.53,3.012,304.18,0.824,59.97,150.92
1,2026-03-05 00:40:00,122.311,1.776,180.789,0.831,59.967,150.948
1,2026-03-05 00:50:00,122.133,2.984,299.5,0.826,59.956,151.006
1,2026-03-05 01:00:00,122.92,1.736,177.66,0.831,59.96,151.036
1,2026-03-05 01:10:00,121.675,3.845,392.95,0.83,59.975,151.081
1,2026-03-05 01:20:00,121.675,1.784,180.875,0.834,59.962,151.114
1,2026-03-05 01:30:00,120.914,3.083,308.957,0.83,59.986,151.168
1,2026-03-05 01:40:00,121.85,1.774,179.97,0.833,59.93,151.203
1,2026-03-05 01:50:00,122.12,3.106,312.89,0.824,59.95,151.255
1,2026-03-05 02:00:00,122.16,1.723,176.97,0.842,59.95,151.286
1,2026-03-05 02:10:00,122.02,3.09,311.19,0.826,59.96,151.337
1,2026-03-05 02:20:00,121.956,1.745,179.078,0.842,59.967,151.367
1,2026-03-05 02:30:00,121.67,3.108,312.16,0.826,59.95,151.419
1,2026-03-05 02:40:00,121.98,1.712,175.46,0.839,59.93,151.448
1,2026-03-05 02:50:00,120.989,3.092,310.578,0.831,59.933,151.499
1,2026-03-05 03:00:00,120.33,5.543,653.19,0.972,59.96,151.609
1,2026-03-05 03:10:00,122.3,1.726,177.812,0.844,59.938,151.639
1,2026-03-05 03:20:00,122.19,2.372,242.22,0.838,59.95,151.683
1,2026-03-05 03:30:00,121.49,3.287,332.38,0.831,59.97,151.739
1,2026-03-05 03:40:00,120.744,3.093,310.722,0.832,59.922,151.794
1,2026-03-05 03:50:00,122.29,1.735,176.83,0.834,59.96,151.825
1,2026-03-05 04:00:00,121.489,3.261,328.756,0.83,59.978,151.878
1,2026-03-05 04:10:00,121.37,1.87,190.65,0.84,59.96,151.913
1,2026-03-05 04:20:00,120.9,2.999,302.86,0.835,59.96,151.962
1,2026-03-05 04:30:00,121.26,2.04,206.41,0.836,59.94,151.996
1,2026-03-05 04:40:00,121.26,2.798,282.15,0.834,59.97,152.043
1,2026-03-05 04:50:00,121.611,2.049,206.633,0.83,59.944,152.08
1,2026-03-05 05:00:00,121.09,2.648,265.59,0.832,59.96,152.123
1,2026-03-05 05:10:00,120.112,2.474,257.25,0.844,59.962,152.162
1,2026-03-05 05:20:00,119.18,2.956,298.54,0.834,59.95,152.21
1,2026-03-05 05:30:00,119.93,3.032,319.69,0.855,59.93,152.265
1,2026-03-05 05:40:00,116.82,9.107,1016.83,0.926,59.95,152.437
1,2026-03-05 05:50:00,119.77,2.162,215.7,0.833,59.95,152.483
1,2026-03-05 06:00:00,118.98,2.674,266.62,0.838,59.95,152.529
1,2026-03-05 06:10:00,118.856,3.831,409.133,0.883,59.978,152.602
1,2026-03-05 06:20:00,118.789,2.419,239.889,0.838,59.978,152.644
1,2026-03-05 06:30:00,120.08,2.105,209.31,0.83,59.97,152.68
1,2026-03-05 06:40:00,122.02,2.42,243.45,0.826,59.95,152.72
1,2026-03-05 06:50:00,120.06,2.091,208.06,0.831,59.96,152.758
1,2026-03-05 07:00:00,118.64,2.891,292.9,0.84,59.96,152.805
1,2026-03-05 07:10:00,119.2,2.146,212.178,0.833,59.956,152.842
1,2026-03-05 07:20:00,116.75,2.427,236.73,0.839,59.96,152.88
1,2026-03-05 07:30:00,118.156,2.598,264.411,0.85,59.967,152.922
1,2026-03-05 07:40:00,118.388,2.225,220.262,0.84,59.95,152.966
1,2026-03-05 07:50:00,117.37,2.463,244.42,0.847,59.94,153.007
1,2026-03-05 08:00:00,117.81,2.664,265.6,0.846,59.96,153.052
1,2026-03-05 08:10:00,118.5,3.114,315.79,0.843,59.95,153.108
1,2026-03-05 08:20:00,118.811,2.027,199.678,0.83,59.933,153.14
1,2026-03-05 08:30:00,115.81,5.193,542.56,0.889,59.97,153.23
1,2026-03-05 08:40:00,119.23,2.363,237.43,0.841,59.95,153.264
1,2026-03-05 08:50:00,118.2,2.58,253.17,0.83,59.96,153.315
1,2026-03-05 09:00:00,117.14,5.828,669.92,0.985,59.98,153.431
1,2026-03-05 09:10:00,118.56,1.63,160.68,0.834,59.92,153.463
1,2026-03-05 09:20:00,117.438,2.063,202.45,0.832,59.962,153.501
1,2026-03-05 09:30:00,117.867,3.25,321.878,0.841,59.944,153.555
1,2026-03-05 09:40:00,117.98,3.016,297.0,0.835,59.96,153.608
1,2026-03-05 09:50:00,118.322,2.619,277.078,0.863,59.944,153.653
1,2026-03-05 10:00:00,118.32,3.64,366.45,0.843,59.97,153.718
1,2026-03-05 10:10:00,118.52,1.772,175.82,0.838,59.98,153.749
1,2026-03-05 10:20:00,117.37,3.363,336.38,0.841,59.96,153.803
1,2026-03-05 10:30:00,118.56,1.796,178.7,0.839,60.0,153.835
1,2026-03-05 10:40:00,118.689,2.686,265.989,0.837,59.978,153.879
1,2026-03-05 10:50:00,117.65,2.002,195.79,0.832,59.98,153.914
1,2026-03-05 11:00:00,116.99,2.617,256.47,0.838,59.95,153.955
1,2026-03-05 11:10:00,116.25,2.09,203.99,0.838,59.95,153.99
1,2026-03-05 11:20:00,118.18,2.517,245.81,0.829,59.95,154.032
1,2026-03-05 11:30:00,118.89,2.539,263.64,0.855,59.95,154.075
1,2026-03-05 11:40:00,116.68,2.88,284.05,0.846,59.96,154.126
1,2026-03-05 11:50:00,117.61,4.629,492.88,0.887,59.95,154.184
1,2026-03-05 12:00:00,117.42,2.878,291.06,0.854,59.98,154.237
1,2026-03-05 12:10:00,119.15,3.048,309.77,0.847,59.95,154.298
1,2026-03-05 12:20:00,118.88,1.994,200.37,0.847,59.97,154.335
1,2026-03-05 12:30:00,118.02,2.937,296.09,0.85,59.94,154.389
1,2026-03-05 12:40:00,118.19,3.6,391.32,0.875,59.95,154.478
1,2026-03-05 12:50:00,118.54,4.514,466.44,0.858,59.96,154.554
1,2026-03-05 13:00:00,119.544,3.583,387.756,0.888,59.944,154.616
1,2026-03-05 13:10:00,118.44,4.559,488.17,0.899,59.94,154.695
1,2026-03-05 13:20:00,119.356,3.293,357.1,0.902,59.967,154.747
1,2026-03-05 13:30:00,118.44,3.17,331.63,0.886,59.97,154.802
1,2026-03-05 13:40:00,118.33,2.905,309.73,0.896,59.96,154.859
1,2026-03-05 13:50:00,119.75,3.145,331.17,0.884,59.96,154.914
1,2026-03-05 14:00:00,119.77,2.427,258.68,0.894,59.94,154.957
1,2026-03-05 14:10:00,120.14,3.179,335.57,0.88,59.96,155.012
1,2026-03-05 14:20:00,120.14,3.538,395.06,0.917,59.97,155.081
1,2026-03-05 14:30:00,119.77,4.066,434.65,0.889,59.98,155.161
1,2026-03-05 14:40:00,118.89,4.605,511.01,0.912,59.92,155.253
1,2026-03-05 14:50:00,117.967,4.689,494.333,0.88,59.967,155.319
1,2026-03-05 15:00:00,117.562,6.164,706.462,0.968,59.988,155.445
1,2026-03-05 15:10:00,118.49,4.133,462.58,0.921,59.92,155.518
1,2026-03-05 15:20:00,120.42,3.573,384.87,0.873,59.97,155.589
1,2026-03-05 15:30:00,119.5,4.974,524.86,0.867,59.97,155.678
1,2026-03-05 15:40:00,120.244,4.231,440.644,0.853,59.967,155.742
1,2026-03-05 15:50:00,120.49,4.168,462.3,0.899,59.97,155.802
1,2026-03-05 16:00:00,120.9,2.916,294.767,0.839,59.944,155.846
1,2026-03-05 16:10:00,120.73,2.391,241.38,0.838,59.98,155.889
1,2026-03-05 16:20:00,120.0,2.564,264.66,0.851,59.99,155.927
1,2026-03-05 16:30:00,120.14,2.526,254.24,0.841,59.96,155.972
1,2026-03-05 16:40:00,121.03,2.252,227.96,0.838,59.95,156.008
1,2026-03-05 16:50:00,121.61,2.59,259.91,0.824,59.95,156.054
1,2026-03-05 17:00:00,121.21,2.144,214.07,0.824,59.94,156.089
1,2026-03-05 17:10:00,121.36,2.563,254.02,0.818,59.96,156.136
1,2026-03-05 17:20:00,120.64,2.146,212.24,0.821,59.95,156.17
1,2026-03-05 17:30:00,119.311,2.503,244.933,0.824,59.956,156.216
1,2026-03-05 17:40:00,119.57,2.136,211.84,0.831,59.94,156.251
1,2026-03-05 17:50:00,119.86,2.634,256.57,0.813,59.96,156.3
1,2026-03-05 18:00:00,118.767,6.672,747.889,0.899,59.956,156.4
1,2026-03-05 18:10:00,120.42,2.66,262.24,0.817,59.95,156.461
1,2026-03-05 18:20:00,118.7,2.809,291.2,0.871,59.956,156.508
1,2026-03-05 18:30:00,118.367,3.062,319.333,0.884,59.978,156.562
1,2026-03-05 18:40:00,120.338,3.389,366.8,0.892,59.962,156.612
1,2026-03-05 18:50:00,117.9,6.552,713.711,0.919,59.978,156.722
1,2026-03-05 19:00:00,117.77,2.965,319.43,0.915,59.97,156.779
1,2026-03-05 19:10:00,116.53,4.244,447.1,0.903,59.93,156.866
1,2026-03-05 19:20:00,118.39,2.796,299.21,0.903,59.95,156.918
1,2026-03-05 19:30:00,118.956,4.071,434.689,0.897,59.967,156.99
1,2026-03-05 19:40:00,121.6,2.742,303.811,0.911,59.967,157.043
1,2026-03-05 19:50:00,118.167,4.23,451.689,0.902,59.956,157.117
1,2026-03-05 20:00:00,119.43,2.868,315.24,0.917,59.96,157.168
1,2026-03-05 20:10:00,118.72,4.146,434.17,0.883,59.94,157.244
1,2026-03-05 20:20:00,120.12,2.294,245.7,0.892,59.99,157.285
1,2026-03-05 20:30:00,120.24,4.511,483.24,0.885,59.96,157.361
1,2026-03-05 20:40:00,120.82,3.666,409.31,0.911,59.95,157.448
1,2026-03-05 20:50:00,120.11,3.523,360.7,0.849,59.93,157.511
1,2026-03-05 21:00:00,119.11,6.095,713.26,0.98,59.96,157.635
1,2026-03-05 21:10:00,119.92,2.206,235.07,0.889,59.98,157.679
1,2026-03-05 21:20:00,120.86,2.811,300.33,0.886,59.94,157.729
1,2026-03-05 21:30:00,117.875,3.764,389.412,0.88,59.975,157.782
1,2026-03-05 21:40:00,119.73,3.728,388.96,0.871,59.99,157.861
1,2026-03-05 21:50:00,116.59,2.562,266.41,0.894,59.95,157.908
1,2026-03-05 22:00:00,120.0,3.626,381.33,0.876,59.96,157.969
1,2026-03-05 22:10:00,118.47,2.581,272.43,0.893,59.96,158.018
1,2026-03-05 22:20:00,119.33,3.754,397.99,0.887,59.97,158.083
1,2026-03-05 22:30:00,119.356,2.406,257.522,0.897,59.956,158.131
1,2026-03-05 22:40:00,117.23,3.03,305.91,0.863,59.96,158.182
1,2026-03-05 22:50:00,117.49,2.113,211.0,0.851,59.95,158.221
1,2026-03-05 23:00:00,118.2,2.939,294.01,0.846,59.95,158.268
1,2026-03-05 23:10:00,121.1,3.559,391.656,0.886,59.922,158.338
1,2026-03-05 23:20:00,119.44,3.768,396.94,0.868,59.98,158.407
1,2026-03-05 23:30:00,121.05,2.93,313.67,0.867,59.98,158.458
1,2026-03-05 23:40:00,120.175,3.24,334.562,0.849,59.938,158.512
1,2026-03-05 23:50:00,121.689,2.047,207.978,0.839,59.956,158.547
1,2026-03-06 00:00:00,121.39,2.802,281.51,0.828,59.98,158.595
1,2026-03-06 00:10:00,121.978,1.87,191.667,0.843,59.978,158.629
1,2026-03-06 00:20:00,121.96,2.957,297.12,0.826,59.98,158.682
1,2026-03-06 00:30:00,121.58,1.84,187.4,0.84,59.96,158.714
1,2026-03-06 00:40:00,122.067,3.042,305.733,0.828,59.978,158.765
1,2026-03-06 00:50:00,121.833,1.676,173.233,0.848,59.978,158.795
1,2026-03-06 01:00:00,121.64,2.932,293.85,0.826,59.97,158.846
1,2026-03-06 01:10:00,122.48,1.649,170.47,0.846,59.96,158.875
1,2026-03-06 01:20:00,122.033,3.184,316.056,0.818,59.989,158.923
1,2026-03-06 01:30:00,121.833,1.864,191.3,0.842,59.978,158.956
1,2026-03-06 01:40:00,121.27,3.227,330.03,0.836,59.97,159.013
1,2026-03-06 01:50:00,122.05,2.017,205.17,0.834,59.98,159.045
1,2026-03-06 02:00:00,121.63,2.566,258.31,0.829,59.94,159.092
1,2026-03-06 02:10:00,121.511,2.192,222.667,0.84,59.989,159.127
1,2026-03-06 02:20:00,121.27,2.456,247.03,0.832,59.97,159.17
1,2026-03-06 02:30:00,121.575,2.464,248.525,0.831,59.95,159.209
1,2026-03-06 02:40:00,122.54,2.304,233.74,0.831,59.93,159.249
1,2026-03-06 02:50:00,122.7,2.13,217.271,0.834,59.971,159.29
1,2026-03-06 03:00:00,121.97,5.304,630.2,0.969,59.97,159.395
1,2026-03-06 03:10:00,122.16,1.663,171.21,0.842,59.99,159.425
1,2026-03-06 03:20:00,121.88,2.373,244.68,0.844,59.94,159.47
1,2026-03-06 03:30:00,121.133,3.275,330.556,0.833,59.978,159.525
1,2026-03-06 03:40:00,121.25,3.507,358.9,0.836,59.94,159.579
1,2026-03-06 03:50:00,122.83,1.815,187.66,0.843,59.98,159.61
1,2026-03-06 04:00:00,121.76,3.493,358.34,0.835,59.96,159.672
1,2026-03-06 04:10:00,122.238,1.664,171.85,0.845,59.95,159.7
1,2026-03-06 04:20:00,121.47,3.095,311.06,0.829,59.92,159.759
1,2026-03-06 04:30:00,121.578,1.671,171.711,0.846,59.933,159.787
1,2026-03-06 04:40:00,121.4,3.068,308.04,0.829,59.96,159.84
1,2026-03-06 04:50:00,121.211,1.697,171.644,0.838,59.944,159.868
1,2026-03-06 05:00:00,121.29,3.324,339.63,0.837,59.92,159.926
1,2026-03-06 05:10:00,121.11,2.242,229.46,0.844,59.92,159.955
1,2026-03-06 05:20:00,120.178,2.862,284.989,0.831,59.967,160.006
1,2026-03-06 05:30:00,120.656,2.353,244.311,0.847,59.933,160.039
1,2026-03-06 05:40:00,118.94,3.061,304.39,0.835,59.94,160.101
1,2026-03-06 05:50:00,118.39,5.45,616.31,0.9,59.95,160.185
1,2026-03-06 06:00:00,116.21,6.091,659.71,0.896,59.96,160.295
1,2026-03-06 06:10:00,117.988,2.31,242.212,0.869,59.962,160.33
1,2026-03-06 06:20:00,118.97,3.318,335.83,0.842,59.97,160.393
1,2026-03-06 06:30:00,120.01,1.769,176.19,0.831,59.99,160.42
1,2026-03-06 06:40:00,120.06,2.687,266.62,0.828,59.96,160.468
1,2026-03-06 06:50:00,120.275,1.845,185.838,0.839,59.925,160.498
1,2026-03-06 07:00:00,118.222,4.11,429.6,0.866,59.933,160.564
1,2026-03-06 07:10:00,118.48,1.936,191.79,0.838,59.96,160.594
1,2026-03-06 07:20:00,118.57,4.277,434.86,0.848,59.95,160.657
1,2026-03-06 07:30:00,117.97,1.641,163.21,0.842,59.94,160.694
1,2026-03-06 07:40:00,118.92,3.327,328.04,0.833,59.98,160.749
1,2026-03-06 07:50:00,118.87,2.972,293.23,0.833,59.96,160.8
1,2026-03-06 08:00:00,117.871,3.609,389.371,0.897,59.971,160.85
1,2026-03-06 08:10:00,118.567,5.962,635.633,0.889,59.956,160.986
1,2026-03-06 08:20:00,120.09,1.864,187.71,0.84,59.95,161.022
1,2026-03-06 08:30:00,118.95,4.548,469.17,0.851,59.95,161.095
1,2026-03-06 08:40:00,118.64,3.503,363.86,0.852,59.96,161.158
1,2026-03-06 08:50:00,118.89,4.283,441.17,0.853,59.99,161.238
1,2026-03-06 09:00:00,119.44,5.637,655.77,0.968,59.96,161.34
1,2026-03-06 09:10:00,121.02,2.432,262.97,0.859,59.91,161.397
1,2026-03-06 09:20:00,118.6,3.214,340.8,0.867,59.93,161.445
1,2026-03-06 09:30:00,119.19,3.244,321.03,0.831,59.95,161.499
1,2026-03-06 09:40:00,119.99,3.469,346.29,0.83,59.95,161.558
1,2026-03-06 09:50:00,120.95,3.638,365.2,0.828,59.95,161.622
1,2026-03-06 10:00:00,121.26,3.028,310.37,0.84,59.92,161.672
1,2026-03-06 10:10:00,120.16,2.384,238.24,0.832,59.97,161.712
1,2026-03-06 10:20:00,119.65,2.592,257.23,0.828,59.95,161.759
1,2026-03-06 10:30:00,120.29,2.271,226.08,0.831,59.97,161.796
1,2026-03-06 10:40:00,119.19,2.764,273.66,0.831,59.98,161.843
1,2026-03-06 10:50:00,120.19,2.138,212.4,0.825,59.95,161.88
1,2026-03-06 11:00:00,120.51,2.742,271.49,0.824,59.97,161.926
1,2026-03-06 11:10:00,119.98,2.126,212.55,0.832,59.95,161.961
1,2026-03-06 11:20:00,120.622,2.862,287.411,0.836,59.944,162.007
1,2026-03-06 11:30:00,120.18,2.115,213.68,0.843,59.98,162.044
1,2026-03-06 11:40:00,119.378,2.853,282.633,0.832,59.967,162.09
1,2026-03-06 11:50:00,119.5,1.831,183.05,0.836,59.975,162.121
1,2026-03-06 12:00:00,119.438,2.616,258.7,0.826,59.975,162.172
1,2026-03-06 12:10:00,120.056,2.026,202.556,0.833,59.967,162.209
1,2026-03-06 12:20:00,119.53,2.569,255.78,0.836,59.96,162.254
1,2026-03-06 12:30:00,119.66,2.242,224.37,0.839,59.95,162.29
1,2026-03-06 12:40:00,119.77,3.723,397.42,0.878,59.96,162.354
1,2026-03-06 12:50:00,119.19,4.327,475.74,0.918,59.92,162.427
1,2026-03-06 13:00:00,120.3,3.294,353.89,0.889,59.96,162.495
1,2026-03-06 13:10:00,119.73,3.673,399.61,0.902,59.93,162.551
1,2026-03-06 13:20:00,118.55,4.427,469.817,0.897,59.967,162.609
1,2026-03-06 13:30:00,114.67,12.55,1399.13,0.965,59.95,162.821
1,2026-03-06 13:40:00,116.94,7.706,848.39,0.926,59.96,162.943
1,2026-03-06 13:50:00,119.43,2.711,286.28,0.889,59.96,162.991
1,2026-03-06 14:00:00,119.58,3.061,321.68,0.881,59.98,163.047
1,2026-03-06 14:10:00,119.367,2.639,278.311,0.887,59.944,163.094
1,2026-03-06 14:20:00,119.84,3.481,367.68,0.883,59.95,163.156
1,2026-03-06 14:30:00,119.58,4.519,490.68,0.903,59.96,163.228
1,2026-03-06 14:40:00,120.444,4.403,481.722,0.899,59.978,163.3
1,2026-03-06 14:50:00,119.811,4.62,512.989,0.916,59.944,163.381
1,2026-03-06 15:00:00,118.85,5.321,617.91,0.974,59.99,163.49
1,2026-03-06 15:10:00,119.29,1.613,161.76,0.841,59.97,163.525
1,2026-03-06 15:20:00,118.789,2.182,218.544,0.848,59.967,163.559
1,2026-03-06 15:30:00,117.738,4.502,464.738,0.866,59.95,163.646
1,2026-03-06 15:40:00,119.26,3.206,318.9,0.834,59.97,163.7
1,2026-03-06 15:50:00,120.733,2.5,249.189,0.828,59.944,163.74
1,2026-03-06 16:00:00,120.212,3.146,324.212,0.844,59.962,163.785
1,2026-03-06 16:10:00,120.867,2.52,250.278,0.823,59.933,163.833
1,2026-03-06 16:20:00,121.06,2.876,287.0,0.826,59.95,163.881
1,2026-03-06 16:30:00,121.378,1.976,199.889,0.84,59.967,163.917
1,2026-03-06 16:40:00,120.425,3.675,386.25,0.856,59.975,163.987
1,2026-03-06 16:50:00,119.8,2.413,239.078,0.826,59.956,164.027
1,2026-03-06 17:00:00,119.74,3.026,302.32,0.833,59.98,164.076
1,2026-03-06 17:10:00,120.27,3.237,341.83,0.856,59.92,164.127
1,2026-03-06 17:20:00,120.422,2.924,295.344,0.838,59.967,164.174
1,2026-03-06 17:30:00,122.289,2.362,239.044,0.83,59.967,164.216
1,2026-03-06 17:40:00,121.85,2.758,277.88,0.829,59.99,164.263
1,2026-03-06 17:50:00,120.411,2.401,238.589,0.826,59.956,164.303
1,2026-03-06 18:00:00,120.27,3.351,344.31,0.844,59.95,164.357
1,2026-03-06 18:10:00,120.311,2.584,269.267,0.85,59.944,164.399
1,2026-03-06 18:20:00,120.65,2.842,284.08,0.832,59.94,164.453
1,2026-03-06 18:30:00,120.0,2.069,204.76,0.826,59.95,164.487
1,2026-03-06 18:40:00,120.06,3.05,304.17,0.83,59.92,164.536
1,2026-03-06 18:50:00,118.12,2.454,251.22,0.845,59.97,164.579
1,2026-03-06 19:00:00,119.067,3.15,315.056,0.84,59.956,164.629
1,2026-03-06 19:10:00,120.033,2.715,291.678,0.867,59.978,164.674
1,2026-03-06 19:20:00,116.1,8.69,966.13,0.924,59.95,164.818
1,2026-03-06 19:30:00,120.74,2.25,239.54,0.885,59.95,164.86
1,2026-03-06 19:40:00,119.94,3.957,418.56,0.877,59.98,164.932
1,2026-03-06 19:50:00,121.2,2.248,241.744,0.888,59.956,164.972
1,2026-03-06 20:00:00,119.856,3.606,378.744,0.876,59.944,165.033
1,2026-03-06 20:10:00,120.25,2.647,289.39,0.902,59.96,165.075
1,2026-03-06 20:20:00,119.589,3.296,345.022,0.871,59.967,165.135
1,2026-03-06 20:30:00,116.778,2.462,252.422,0.858,59.978,165.174
1,2026-03-06 20:40:00,119.34,2.778,275.48,0.837,59.91,165.221
1,2026-03-06 20:50:00,119.05,2.959,302.88,0.846,59.95,165.267
1,2026-03-06 21:00:00,120.386,5.134,601.314,0.969,59.929,165.371
1,2026-03-06 21:10:00,121.033,1.632,166.683,0.845,60.0,165.401
1,2026-03-06 21:20:00,119.133,2.474,247.744,0.839,59.933,165.44
1,2026-03-06 21:30:00,120.97,3.756,383.3,0.837,59.95,165.5
1,2026-03-06 21:40:00,120.19,3.261,325.15,0.829,59.95,165.555
1,2026-03-06 21:50:00,122.96,1.863,193.63,0.846,59.96,165.588
1,2026-03-06 22:00:00,121.73,3.299,331.17,0.824,59.98,165.641
1,2026-03-06 22:10:00,122.367,3.263,362.456,0.881,59.933,165.691
1,2026-03-06 22:20:00,121.156,5.033,536.244,0.866,59.944,165.779
1,2026-03-06 22:30:00,121.85,1.835,186.57,0.838,59.95,165.819
1,2026-03-06 22:40:00,121.53,2.935,293.3,0.824,59.96,165.869
1,2026-03-06 22:50:00,121.92,1.902,192.46,0.833,59.92,165.901
1,2026-03-06 23:00:00,121.556,4.078,417.544,0.836,59.967,165.952
1,2026-03-06 23:10:00,121.99,2.092,222.35,0.851,59.98,165.99
1,2026-03-06 23:20:00,121.967,3.128,315.433,0.827,59.989,166.041
1,2026-03-06 23:30:00,121.8,1.792,182.37,0.837,59.95,166.072
1,2026-03-06 23:40:00,120.96,3.02,301.98,0.829,59.97,166.124
1,2026-03-06 23:50:00,122.3,2.192,232.79,0.85,59.97,166.162
1,2026-03-07 00:00:00,121.911,3.342,336.433,0.828,59.989,166.215
1,2026-03-07 00:10:00,122.775,1.751,179.912,0.837,59.95,166.248
1,2026-03-07 00:20:00,121.86,3.008,303.74,0.832,59.98,166.3
1,2026-03-07 00:30:00,122.42,2.705,297.52,0.884,59.97,166.346
1,2026-03-07 00:40:00,121.32,5.13,573.79,0.915,59.98,166.442
1,2026-03-07 00:50:00,120.54,4.845,547.55,0.93,59.94,166.532
1,2026-03-07 01:00:00,121.44,3.682,400.5,0.896,59.96,166.603
1,2026-03-07 01:10:00,122.389,2.578,272.944,0.87,59.944,166.647
1,2026-03-07 01:20:00,122.91,2.566,261.76,0.829,59.96,166.692
1,2026-03-07 01:30:00,122.77,2.765,282.11,0.831,59.95,166.73
1,2026-03-07 01:40:00,121.311,2.794,283.722,0.833,59.978,166.773
1,2026-03-07 01:50:00,120.83,2.317,232.2,0.833,59.95,166.812
1,2026-03-07 02:00:00,120.6,2.05,205.856,0.834,59.956,166.851
1,2026-03-07 02:10:00,120.367,2.554,254.767,0.831,59.978,166.892
1,2026-03-07 02:20:00,121.378,2.007,203.389,0.839,59.956,166.933
1,2026-03-07 02:30:00,120.23,2.563,255.74,0.832,59.99,166.976
1,2026-03-07 02:40:00,121.57,1.817,184.8,0.837,59.97,167.009
1,2026-03-07 02:50:00,120.46,2.75,274.67,0.831,59.98,167.055
1,2026-03-07 03:00:00,119.967,5.904,696.089,0.986,59.967,167.163
1,2026-03-07 03:10:00,120.66,1.692,170.9,0.836,59.98,167.196
1,2026-03-07 03:20:00,120.422,2.258,227.467,0.838,59.978,167.235
1,2026-03-07 03:30:00,120.712,3.239,324.85,0.831,59.938,167.29
1,2026-03-07 03:40:00,120.988,2.856,285.788,0.829,59.962,167.339
1,2026-03-07 03:50:00,121.767,1.881,192.656,0.843,59.978,167.374
1,2026-03-07 04:00:00,120.61,2.928,292.73,0.831,59.94,167.424
1,2026-03-07 04:10:00,120.778,1.888,190.944,0.838,59.944,167.455
1,2026-03-07 04:20:00,120.7,2.926,292.48,0.831,59.97,167.506
1,2026-03-07 04:30:00,120.7,1.919,194.388,0.839,59.962,167.535
1,2026-03-07 04:40:00,119.96,2.935,292.46,0.833,59.95,167.586
1,2026-03-07 04:50:00,120.61,1.857,186.07,0.83,59.97,167.616
1,2026-03-07 05:00:00,119.91,2.783,276.04,0.829,59.94,167.663
1,2026-03-07 05:10:00,120.86,2.23,232.92,0.847,59.93,167.702
1,2026-03-07 05:20:00,120.456,2.895,288.789,0.829,59.956,167.746
1,2026-03-07 05:30:00,121.11,2.029,204.55,0.836,59.98,167.782
1,2026-03-07 05:40:00,120.486,2.801,278.829,0.827,59.957,167.823
1,2026-03-07 05:50:00,120.13,2.193,218.48,0.83,59.95,167.86
1,2026-03-07 06:00:00,119.75,2.484,249.05,0.839,59.93,167.911
1,2026-03-07 06:10:00,118.97,2.079,205.31,0.831,59.94,167.945
1,2026-03-07 06:20:00,121.225,2.452,244.862,0.826,59.962,167.985
1,2026-03-07 06:30:00,120.738,4.399,469.425,0.874,59.988,168.042
1,2026-03-07 06:40:00,121.778,2.232,229.611,0.851,59.978,168.087
1,2026-03-07 06:50:00,120.1,2.434,242.89,0.836,59.99,168.127
1,2026-03-07 07:00:00,120.69,2.909,299.24,0.84,59.96,168.177
1,2026-03-07 07:10:00,119.56,3.157,318.38,0.835,59.94,168.229
1,2026-03-07 07:20:00,120.11,2.64,280.68,0.855,59.94,168.274
1,2026-03-07 07:30:00,118.74,2.878,282.13,0.826,59.94,168.32
1,2026-03-07 07:40:00,119.822,1.659,164.056,0.826,59.944,168.345
1,2026-03-07 07:50:00,119.45,3.574,368.43,0.847,59.96,168.417
1,2026-03-07 08:00:00,119.29,1.653,165.58,0.84,59.93,168.445
1,2026-03-07 08:10:00,118.367,2.714,265.078,0.823,59.944,168.491
1,2026-03-07 08:20:00,116.35,2.132,211.86,0.832,59.97,168.522
1,2026-03-07 08:30:00,119.49,3.208,322.51,0.838,59.97,168.579
1,2026-03-07 08:40:00,119.622,2.354,244.5,0.853,59.967,168.62
1,2026-03-07 08:50:00,119.15,3.186,321.77,0.837,59.92,168.679
1,2026-03-07 09:00:00,119.14,5.131,597.54,0.969,59.94,168.776
1,2026-03-07 09:10:00,118.956,1.81,175.0,0.813,59.956,168.807
1,2026-03-07 09:20:00,118.33,3.716,388.2,0.862,59.96,168.872
1,2026-03-07 09:30:00,119.77,4.607,476.42,0.851,59.97,168.939
1,2026-03-07 09:40:00,120.74,3.25,321.41,0.82,59.96,168.993
1,2026-03-07 09:50:00,121.44,1.956,195.01,0.821,59.93,169.027
1,2026-03-07 10:00:00,119.99,3.827,393.0,0.842,59.94,169.083
1,2026-03-07 10:10:00,119.938,2.712,270.162,0.816,59.95,169.15
1,2026-03-07 10:20:00,119.48,2.812,276.92,0.823,59.94,169.195
1,2026-03-07 10:30:00,120.62,1.954,193.72,0.825,59.98,169.237
1,2026-03-07 10:40:00,120.86,3.494,364.91,0.851,59.96,169.295
1,2026-03-07 10:50:00,120.656,2.006,199.444,0.827,59.956,169.326
1,2026-03-07 11:00:00,121.54,3.648,378.18,0.839,59.94,169.391
1,2026-03-07 11:10:00,119.7,5.087,574.389,0.933,59.978,169.485
1,2026-03-07 11:20:00,119.26,4.9,524.8,0.881,59.96,169.564
1,2026-03-07 11:30:00,120.011,5.048,571.0,0.928,59.978,169.658
1,2026-03-07 11:40:00,119.73,4.62,488.9,0.868,59.93,169.747
1,2026-03-07 11:50:00,119.556,5.057,572.311,0.934,59.967,169.839
1,2026-03-07 12:00:00,120.61,3.331,339.61,0.837,59.94,169.904
1,2026-03-07 12:10:00,118.611,5.815,665.589,0.969,59.956,170.01
1,2026-03-07 12:20:00,119.37,2.93,288.43,0.828,59.94,170.058
1,2026-03-07 12:30:00,122.44,1.625,164.86,0.829,59.93,170.088
1,2026-03-07 12:40:00,121.967,2.899,288.9,0.817,59.956,170.138
1,2026-03-07 12:50:00,122.6,2.097,224.856,0.851,59.944,170.171
1,2026-03-07 13:00:00,121.433,4.011,416.722,0.846,59.956,170.239
1,2026-03-07 13:10:00,121.94,2.365,257.29,0.894,59.95,170.286
1,2026-03-07 13:20:00,121.4,3.335,354.756,0.878,59.978,170.346
1,2026-03-07 13:30:00,122.54,2.492,270.58,0.889,59.97,170.391
1,2026-03-07 13:40:00,121.475,3.447,375.3,0.891,59.962,170.452
1,2026-03-07 13:50:00,122.667,3.387,370.333,0.869,59.967,170.516
1,2026-03-07 14:00:00,122.28,2.701,277.52,0.837,59.96,170.57
1,2026-03-07 14:10:00,122.678,2.108,214.278,0.837,59.933,170.611
1,2026-03-07 14:20:00,122.09,2.404,242.22,0.828,59.94,170.652
1,2026-03-07 14:30:00,122.275,2.215,226.0,0.84,59.975,170.685
1,2026-03-07 14:40:00,121.52,2.699,280.44,0.843,59.94,170.731
1,2026-03-07 14:50:00,121.57,2.586,265.79,0.843,59.96,170.777
1,2026-03-07 15:00:00,121.575,5.721,680.55,0.975,60.0,170.89
1,2026-03-07 15:10:00,123.13,2.112,233.03,0.895,59.95,170.933
1,2026-03-07 15:20:00,123.344,2.767,299.8,0.887,59.922,170.981
1,2026-03-07 15:30:00,121.289,3.736,397.3,0.877,59.956,171.048
1,2026-03-07 15:40:00,121.65,3.56,380.1,0.876,59.93,171.115
1,2026-03-07 15:50:00,122.53,2.03,207.63,0.834,59.98,171.149
1,2026-03-07 16:00:00,121.91,3.375,342.71,0.832,59.96,171.208
1,2026-03-07 16:10:00,121.511,2.035,208.756,0.847,59.944,171.244
1,2026-03-07 16:20:00,121.325,3.274,343.15,0.864,59.988,171.303
1,2026-03-07 16:30:00,121.457,2.631,285.4,0.87,59.943,171.343
1,2026-03-07 16:40:00,121.83,3.293,347.07,0.864,59.98,171.41
1,2026-03-07 16:50:00,122.51,1.953,204.87,0.856,59.92,171.445
1,2026-03-07 17:00:00,120.889,3.072,317.367,0.856,59.944,171.503
1,2026-03-07 17:10:00,122.15,1.901,196.417,0.843,59.983,171.539
1,2026-03-07 17:20:00,120.3,5.04,535.262,0.871,59.95,171.609
1,2026-03-07 17:30:00,121.456,2.266,237.589,0.842,59.989,171.663
1,2026-03-07 17:40:00,120.133,3.387,346.522,0.851,59.956,171.715
1,2026-03-07 17:50:00,121.12,2.287,230.38,0.832,59.96,171.76
1,2026-03-07 18:00:00,121.41,3.668,386.12,0.866,59.95,171.825
1,2026-03-07 18:10:00,120.93,3.782,403.74,0.862,59.99,171.887
1,2026-03-07 18:20:00,119.03,4.335,452.38,0.87,59.97,171.971
1,2026-03-07 18:30:00,118.84,3.468,372.02,0.874,59.94,172.045
1,2026-03-07 18:40:00,119.167,4.019,424.733,0.881,59.956,172.103
1,2026-03-07 18:50:00,120.033,3.505,376.256,0.896,59.967,172.174
1,2026-03-07 19:00:00,118.88,3.166,333.14,0.887,59.95,172.238
1,2026-03-07 19:10:00,117.15,3.938,406.43,0.864,59.96,172.314
1,2026-03-07 19:20:00,120.92,2.85,296.35,0.859,59.99,172.365
1,2026-03-07 19:30:00,116.367,5.129,533.767,0.891,59.956,172.446
1,2026-03-07 19:40:00,120.58,3.791,416.96,0.889,59.98,172.517
1,2026-03-07 19:50:00,120.26,5.632,614.37,0.89,59.96,172.602
1,2026-03-07 20:00:00,119.16,7.084,809.7,0.926,59.97,172.771
1,2026-03-07 20:10:00,120.6,4.234,453.55,0.881,59.97,172.848
1,2026-03-07 20:20:00,121.58,2.106,221.47,0.865,59.98,172.887
1,2026-03-07 20:30:00,118.833,7.536,822.556,0.92,59.956,173.005
1,2026-03-07 20:40:00,120.49,3.605,386.73,0.879,59.95,173.068
1,2026-03-07 20:50:00,121.15,3.168,332.47,0.867,59.96,173.125
1,2026-03-07 21:00:00,120.11,5.851,687.36,0.969,59.96,173.231
1,2026-03-07 21:10:00,121.289,2.12,221.022,0.859,59.967,173.273
1,2026-03-07 21:20:00,123.578,2.734,292.044,0.867,59.922,173.322
1,2026-03-07 21:30:00,120.25,4.125,440.1,0.885,59.96,173.393
1,2026-03-07 21:40:00,116.9,5.367,572.32,0.911,59.94,173.491
1,2026-03-07 21:50:00,118.28,4.404,477.95,0.917,59.95,173.582
1,2026-03-07 22:00:00,122.42,2.94,321.66,0.897,59.96,173.644
1,2026-03-07 22:10:00,115.98,4.081,424.97,0.894,59.96,173.718
1,2026-03-07 22:20:00,120.06,5.789,660.01,0.944,59.97,173.819
1,2026-03-07 22:30:00,122.378,3.241,336.689,0.851,59.989,173.876
1,2026-03-07 22:40:00,122.588,2.278,236.438,0.847,59.975,173.913
1,2026-03-07 22:50:00,122.522,3.69,384.478,0.844,59.944,173.968
1,2026-03-07 23:00:00,122.09,2.165,223.46,0.847,59.97,174.006
1,2026-03-07 23:10:00,122.69,2.911,300.04,0.843,59.96,174.058
1,2026-03-07 23:20:00,122.94,2.317,239.73,0.843,59.97,174.098
1,2026-03-07 23:30:00,122.1,2.746,281.96,0.843,59.96,174.147
1,2026-03-07 23:40:00,122.8,2.937,314.112,0.86,59.962,174.19
1,2026-03-07 23:50:00,122.09,2.603,267.88,0.844,59.94,174.235
1,2026-03-08 00:00:00,121.35,2.439,250.488,0.845,60.0,174.281
1,2026-03-08 00:10:00,120.88,2.464,250.38,0.841,59.95,174.323
1,2026-03-08 00:20:00,120.88,2.772,283.11,0.843,59.95,174.371
1,2026-03-08 00:30:00,121.212,2.211,225.975,0.842,59.912,174.41
1,2026-03-08 00:40:00,121.47,2.89,296.2,0.843,59.94,174.466
1,2026-03-08 00:50:00,121.38,1.997,204.22,0.841,59.96,174.502
1,2026-03-08 01:00:00,121.25,3.201,326.69,0.842,59.96,174.555
1,2026-03-08 01:10:00,121.17,1.827,187.69,0.849,59.95,174.587
1,2026-03-08 01:20:00,120.567,3.519,365.333,0.854,59.967,174.641
1,2026-03-08 01:30:00,121.411,2.019,206.478,0.842,59.944,174.675
1,2026-03-08 01:40:00,120.94,2.914,297.33,0.843,59.96,174.726
1,2026-03-08 01:50:00,121.82,2.722,288.01,0.857,59.94,174.764
1,2026-03-08 02:00:00,121.8,2.4,246.862,0.845,59.988,174.815
1,2026-03-08 02:10:00,121.42,2.43,248.12,0.841,59.98,174.856
1,2026-03-08 02:20:00,122.1,2.837,297.167,0.851,59.967,174.909
1,2026-03-08 02:30:00,120.84,2.902,290.19,0.837,59.94,174.953
1,2026-03-08 02:40:00,120.956,2.214,225.789,0.847,59.978,174.992
1,2026-03-08 02:50:00,120.89,2.877,292.38,0.84,59.98,175.041
1,2026-03-08 03:00:00,119.91,5.785,676.2,0.969,59.99,175.147
1,2026-03-08 03:10:00,122.09,1.828,188.02,0.843,59.95,175.184
1,2026-03-08 03:20:00,121.69,2.46,253.84,0.848,59.96,175.226
1,2026-03-08 03:30:00,120.66,3.804,394.21,0.855,59.97,175.285
1,2026-03-08 03:40:00,120.36,3.211,326.96,0.846,59.96,175.341
1,2026-03-08 03:50:00,120.15,2.581,263.17,0.848,59.97,175.376
1,2026-03-08 04:00:00,119.94,3.177,322.92,0.849,59.95,175.431
1,2026-03-08 04:10:00,120.0,2.034,205.933,0.843,59.944,175.464
1,2026-03-08 04:20:00,119.36,3.041,307.37,0.846,59.94,175.518
1,2026-03-08 04:30:00,119.77,2.445,255.16,0.853,59.96,175.551
1,2026-03-08 04:40:00,120.41,3.028,307.78,0.844,59.95,175.604
1,2026-03-08 04:50:00,120.89,1.998,203.84,0.843,59.97,175.638
1,2026-03-08 05:00:00,120.8,2.894,293.5,0.84,59.98,175.689
1,2026-03-08 05:10:00,120.41,2.55,265.93,0.85,59.99,175.732
1,2026-03-08 05:20:00,119.544,2.816,284.256,0.844,59.922,175.777
1,2026-03-08 05:30:00,120.22,2.311,234.89,0.845,59.96,175.821
1,2026-03-08 05:40:00,119.73,2.591,261.1,0.839,59.98,175.866
1,2026-03-08 05:50:00,120.4,2.468,251.32,0.846,59.98,175.906
1,2026-03-08 06:00:00,120.17,2.392,242.67,0.843,59.99,175.95
1,2026-03-08 06:10:00,118.09,2.572,256.45,0.842,59.95,175.991
1,2026-03-08 06:20:00,120.9,2.213,223.66,0.839,59.99,176.029
1,2026-03-08 06:30:00,121.15,3.131,323.68,0.845,59.99,176.078
1,2026-03-08 06:40:00,120.77,3.383,365.94,0.871,59.96,176.128
1,2026-03-08 06:50:00,120.07,4.238,442.43,0.858,59.96,176.193
1,2026-03-08 07:00:00,120.66,2.793,300.09,0.865,59.94,176.248
1,2026-03-08 07:10:00,120.16,3.249,334.06,0.85,59.95,176.31
1,2026-03-08 07:20:00,119.95,2.193,229.73,0.854,59.96,176.345
1,2026-03-08 07:30:00,118.978,2.929,292.556,0.84,59.989,176.4
1,2026-03-08 07:40:00,118.24,1.821,180.09,0.836,59.99,176.431
1,2026-03-08 07:50:00,118.7,2.83,282.02,0.839,59.97,176.48
1,2026-03-08 08:00:00,119.53,2.123,213.53,0.839,59.94,176.529
1,2026-03-08 08:10:00,119.16,3.102,316.91,0.849,59.94,176.583
1,2026-03-08 08:20:00,117.467,2.635,268.556,0.853,59.956,176.615
1,2026-03-08 08:30:00,116.7,2.99,302.67,0.853,59.97,176.67
1,2026-03-08 08:40:00,117.06,2.451,239.34,0.827,59.93,176.708
1,2026-03-08 08:50:00,117.54,2.43,240.95,0.84,59.94,176.749
1,2026-03-08 09:00:00,116.75,5.661,647.69,0.969,59.95,176.847
1,2026-03-08 09:10:00,118.96,1.919,194.46,0.851,59.98,176.883
1,2026-03-08 09:20:00,118.28,2.507,253.4,0.852,59.97,176.925
1,2026-03-08 09:30:00,117.889,4.574,478.844,0.879,59.933,176.993
1,2026-03-08 09:40:00,116.88,5.407,568.72,0.893,59.96,177.107
1,2026-03-08 09:50:00,118.06,6.415,702.45,0.924,59.97,177.233
1,2026-03-08 10:00:00,120.11,4.034,444.89,0.898,59.97,177.307
1,2026-03-08 10:10:00,120.49,3.408,356.7,0.86,59.98,177.368
1,2026-03-08 10:20:00,119.44,5.986,682.58,0.953,59.96,177.488
1,2026-03-08 10:30:00,120.27,2.86,290.26,0.842,59.96,177.54
1,2026-03-08 10:40:00,118.022,6.157,696.978,0.964,59.989,177.642
1,2026-03-08 10:50:00,118.46,6.783,731.01,0.905,59.94,177.76
1,2026-03-08 11:00:00,120.462,3.341,338.675,0.84,59.962,177.807
1,2026-03-08 11:10:00,116.044,5.94,647.322,0.933,59.967,177.93
1,2026-03-08 11:20:00,119.01,6.542,730.86,0.942,59.98,178.054
1,2026-03-08 11:30:00,117.038,4.277,452.925,0.89,59.962,178.13
1,2026-03-08 11:40:00,120.92,3.939,426.58,0.891,59.96,178.199
1,2026-03-08 11:50:00,122.07,2.243,244.79,0.893,59.98,178.24
1,2026-03-08 12:00:00,120.98,4.226,454.09,0.888,59.96,178.314
1,2026-03-08 12:10:00,121.2,2.393,259.04,0.893,59.95,178.358
1,2026-03-08 12:20:00,121.22,4.116,449.83,0.895,59.98,178.435
1,2026-03-08 12:30:00,121.91,2.792,305.87,0.895,59.96,178.479
1,2026-03-08 12:40:00,119.61,6.794,756.18,0.923,59.94,178.609
1,2026-03-08 12:50:00,117.87,4.73,523.66,0.931,59.97,178.699
1,2026-03-08 13:00:00,121.122,3.073,329.311,0.886,59.967,178.756
1,2026-03-08 13:10:00,121.078,5.574,634.378,0.933,59.967,178.844
1,2026-03-08 13:20:00,121.675,3.685,402.9,0.894,59.925,178.908
1,2026-03-08 13:30:00,120.4,7.102,813.64,0.953,59.94,179.042
1,2026-03-08 13:40:00,121.7,4.628,511.35,0.904,59.962,179.123
1,2026-03-08 13:50:00,121.9,2.821,291.044,0.848,59.956,179.192
1,2026-03-08 14:00:00,120.86,2.536,264.55,0.853,59.97,179.239
1,2026-03-08 14:10:00,121.933,3.07,319.556,0.851,59.978,179.297
1,2026-03-08 14:20:00,119.14,4.217,438.66,0.863,59.95,179.363
1,2026-03-08 14:30:00,118.43,6.274,694.09,0.907,59.98,179.47
1,2026-03-08 14:40:00,120.76,7.24,820.8,0.912,59.95,179.63
1,2026-03-08 14:50:00,121.65,3.808,408.4,0.88,59.97,179.702
1,2026-03-08 15:00:00,118.96,10.214,1199.54,0.99,59.96,179.916
1,2026-03-08 15:10:00,120.025,3.297,367.762,0.909,59.962,179.984
1,2026-03-08 15:20:00,120.59,3.749,410.06,0.9,59.98,180.058
1,2026-03-08 15:30:00,121.41,5.596,615.43,0.902,59.96,180.163
1,2026-03-08 15:40:00,122.2,3.805,409.075,0.879,59.962,180.242
1,2026-03-08 15:50:00,121.54,4.187,451.58,0.885,59.96,180.315
1,2026-03-08 16:00:00,119.044,4.265,455.089,0.891,59.967,180.387
1,2026-03-08 16:10:00,118.74,2.991,322.31,0.898,59.97,180.439
1,2026-03-08 16:20:00,121.025,3.733,396.275,0.878,59.962,180.506
1,2026-03-08 16:30:00,121.762,2.247,243.538,0.891,59.95,180.55
1,2026-03-08 16:40:00,120.62,5.136,556.27,0.894,59.98,180.641
1,2026-03-08 16:50:00,120.967,5.084,588.656,0.943,59.933,180.752
1,2026-03-08 17:00:00,121.071,3.585,384.7,0.89,59.971,180.821
1,2026-03-08 17:10:00,121.35,2.886,319.13,0.902,59.96,180.878
1,2026-03-08 17:20:00,120.98,3.548,381.49,0.889,59.96,180.955
1,2026-03-08 17:30:00,120.15,2.701,288.62,0.889,59.98,181.011
1,2026-03-08 17:40:00,119.822,3.514,374.211,0.888,59.967,181.069
1,2026-03-08 17:50:00,117.59,2.965,308.42,0.896,59.96,181.122
1,2026-03-08 18:00:00,120.45,3.688,398.3,0.894,59.95,181.183
1,2026-03-08 18:10:00,120.76,3.261,361.14,0.918,59.93,181.244
1,2026-03-08 18:20:00,119.52,3.579,391.3,0.914,59.95,181.312
1,2026-03-08 18:30:00,117.78,3.643,393.77,0.919,59.97,181.377
1,2026-03-08 18:40:00,120.37,3.54,388.27,0.913,59.96,181.442
1,2026-03-08 18:50:00,120.71,4.728,522.6,0.915,59.94,181.522
1,2026-03-08 19:00:00,117.78,3.318,355.41,0.909,59.98,181.588
1,2026-03-08 19:10:00,115.356,4.348,465.189,0.927,59.967,181.663
1,2026-03-08 19:20:00,114.95,3.666,387.77,0.919,59.95,181.735
1,2026-03-08 19:30:00,118.73,4.922,540.2,0.919,59.96,181.825
1,2026-03-08 19:40:00,118.97,3.621,397.09,0.921,59.96,181.895
1,2026-03-08 19:50:00,117.69,5.16,566.74,0.924,59.94,181.982
1,2026-03-08 20:00:00,115.77,10.124,1134.91,0.962,59.96,182.152
1,2026-03-08 20:10:00,119.533,3.405,361.711,0.892,59.956,182.212
1,2026-03-08 20:20:00,120.41,3.32,360.75,0.898,59.98,182.281
1,2026-03-08 20:30:00,120.162,4.444,489.45,0.914,59.95,182.353
1,2026-03-08 20:40:00,117.65,4.85,529.24,0.924,59.97,182.44
1,2026-03-08 20:50:00,117.938,5.17,568.062,0.929,59.962,182.542
1,2026-03-08 21:00:00,119.16,7.176,838.94,0.98,59.96,182.68
1,2026-03-08 21:10:00,120.544,3.409,381.211,0.922,59.956,182.75
1,2026-03-08 21:20:00,120.51,3.504,386.62,0.916,59.96,182.814
1,2026-03-08 21:30:00,120.46,4.391,483.32,0.911,59.97,182.897
1,2026-03-08 21:40:00,121.15,4.381,482.74,0.91,59.96,182.979
1,2026-03-08 21:50:00,121.67,3.698,409.77,0.913,59.95,183.048
1,2026-03-08 22:00:00,121.39,3.862,432.66,0.919,59.99,183.114
1,2026-03-08 22:10:00,121.489,4.13,456.522,0.912,59.989,183.189
1,2026-03-08 22:20:00,121.95,2.7,294.48,0.897,59.96,183.24
1,2026-03-08 22:30:00,121.37,4.909,536.76,0.895,59.97,183.328
1,2026-03-08 22:40:00,121.31,2.724,293.06,0.888,59.96,183.375
1,2026-03-08 22:50:00,119.35,6.681,740.2,0.924,59.96,183.491
1,2026-03-08 23:00:00,120.989,2.292,237.722,0.857,59.978,183.536
1,2026-03-08 23:10:00,121.15,3.054,309.74,0.84,59.97,183.591
1,2026-03-08 23:20:00,120.744,2.106,214.5,0.842,59.989,183.626
1,2026-03-08 23:30:00,120.07,3.263,331.95,0.847,59.95,183.684
1,2026-03-08 23:40:00,121.14,2.091,212.21,0.838,59.96,183.721
1,2026-03-08 23:50:00,120.39,3.101,315.62,0.844,59.96,183.775
1,2026-03-09 00:00:00,121.189,2.102,214.289,0.841,59.956,183.812
1,2026-03-09 00:10:00,120.69,3.066,312.54,0.843,59.94,183.871
1,2026-03-09 00:20:00,121.0,2.172,222.63,0.847,59.96,183.906
1,2026-03-09 00:30:00,120.967,3.044,310.978,0.846,59.956,183.96
1,2026-03-09 00:40:00,121.26,2.179,223.48,0.843,59.97,183.997
1,2026-03-09 00:50:00,120.76,2.946,301.18,0.848,59.93,184.048
1,2026-03-09 01:00:00,121.338,2.066,212.312,0.849,59.962,184.086
1,2026-03-09 01:10:00,120.01,2.894,293.82,0.847,59.96,184.136
1,2026-03-09 01:20:00,121.62,2.178,224.16,0.848,59.94,184.175
1,2026-03-09 01:30:00,121.31,2.762,282.68,0.841,59.97,184.225
1,2026-03-09 01:40:00,120.644,2.741,272.544,0.838,59.978,184.264
1,2026-03-09 01:50:00,121.23,3.157,323.51,0.847,59.94,184.313
1,2026-03-09 02:00:00,120.55,2.311,235.98,0.848,59.95,184.352
1,2026-03-09 02:10:00,119.5,3.21,329.26,0.85,59.94,184.404
1,2026-03-09 02:20:00,120.21,2.309,235.34,0.846,59.96,184.443
1,2026-03-09 02:30:00,120.28,2.682,273.74,0.849,59.98,184.491
1,2026-03-09 02:40:00,121.89,2.583,272.03,0.857,59.95,184.54
1,2026-03-09 02:50:00,121.76,2.596,265.47,0.839,59.96,184.588
1,2026-03-09 03:00:00,119.85,5.261,615.76,0.966,59.95,184.687
1,2026-03-09 03:10:00,121.87,1.825,188.69,0.848,59.95,184.725
1,2026-03-09 03:20:00,121.14,2.457,253.31,0.851,59.98,184.767
1,2026-03-09 03:30:00,120.54,3.833,398.07,0.858,59.98,184.834
1,2026-03-09 03:40:00,120.56,3.34,341.76,0.85,59.94,184.892
1,2026-03-09 03:50:00,121.02,1.97,202.06,0.848,59.96,184.928
1,2026-03-09 04:00:00,120.99,3.187,327.43,0.85,59.96,184.981
1,2026-03-09 04:10:00,121.622,2.17,221.811,0.84,59.922,185.021
1,2026-03-09 04:20:00,120.95,2.91,297.2,0.844,59.98,185.069
1,2026-03-09 04:30:00,121.19,2.288,234.1,0.844,59.96,185.11
1,2026-03-09 04:40:00,120.01,3.185,329.4,0.856,59.97,185.157
1,2026-03-09 04:50:00,119.65,3.166,332.66,0.861,59.94,185.212
1,2026-03-09 05:00:00,119.1,2.588,260.51,0.844,59.94,185.255
1,2026-03-09 05:10:00,119.66,2.258,228.28,0.846,59.93,185.297
1,2026-03-09 05:20:00,119.5,2.567,260.7,0.851,59.94,185.341
1,2026-03-09 05:30:00,118.13,2.466,246.68,0.842,59.94,185.383
1,2026-03-09 05:40:00,118.35,2.876,295.93,0.855,59.94,185.437
1,2026-03-09 05:50:00,118.41,2.45,245.52,0.845,59.97,185.479
1,2026-03-09 06:00:00,117.378,3.326,351.078,0.879,59.989,185.525
1,2026-03-09 06:10:00,118.03,3.341,349.45,0.882,59.97,185.597
1,2026-03-09 06:20:00,120.98,2.836,298.54,0.861,59.96,185.645
1,2026-03-09 06:30:00,120.97,2.809,290.95,0.845,59.94,185.694
1,2026-03-09 06:40:00,121.19,2.407,245.0,0.84,59.95,185.734
1,2026-03-09 06:50:00,121.122,2.45,247.911,0.837,59.956,185.777
1,2026-03-09 07:00:00,120.256,2.924,307.922,0.856,59.956,185.821
1,2026-03-09 07:10:00,119.02,2.972,306.56,0.854,59.95,185.872
1,2026-03-09 07:20:00,118.27,2.822,289.73,0.857,59.97,185.926
1,2026-03-09 07:30:00,114.54,3.315,335.06,0.863,59.95,185.978
1,2026-03-09 07:40:00,118.48,2.891,293.86,0.845,59.96,186.03
1,2026-03-09 07:50:00,119.61,2.394,239.56,0.836,59.97,186.072
1,2026-03-09 08:00:00,120.19,3.19,329.64,0.85,59.96,186.129
1,2026-03-09 08:10:00,119.35,4.019,418.04,0.86,59.97,186.199
1,2026-03-09 08:20:00,117.86,2.392,245.12,0.851,59.98,186.239
1,2026-03-09 08:30:00,118.1,3.301,334.87,0.854,59.95,186.296
1,2026-03-09 08:40:00,118.722,5.286,594.744,0.936,59.967,186.384
1,2026-03-09 08:50:00,117.16,6.975,766.43,0.94,59.97,186.526
1,2026-03-09 09:00:00,116.53,5.052,575.47,0.97,59.97,186.628
1,2026-03-09 09:10:00,119.29,2.575,276.64,0.869,59.96,186.683
1,2026-03-09 09:20:00,118.63,2.449,245.95,0.845,59.98,186.726
1,2026-03-09 09:30:00,119.3,3.343,339.96,0.853,59.95,186.791
1,2026-03-09 09:40:00,119.5,3.79,391.21,0.858,59.94,186.857
1,2026-03-09 09:50:00,120.12,2.683,272.87,0.847,59.97,186.903
1,2026-03-09 10:00:00,118.76,3.143,326.73,0.866,59.98,186.964
1,2026-03-09 10:10:00,119.13,2.935,305.84,0.865,59.95,187.011
1,2026-03-09 10:20:00,118.71,2.556,261.1,0.86,59.96,187.053
1,2026-03-09 10:30:00,117.59,5.148,542.92,0.887,59.95,187.128
1,2026-03-09 10:40:00,118.889,1.804,182.267,0.848,59.989,187.161
1,2026-03-09 10:50:00,117.66,4.198,434.87,0.872,59.98,187.232
1,2026-03-09 11:00:00,118.94,2.419,250.17,0.855,59.96,187.27
1,2026-03-09 11:10:00,118.8,3.519,365.46,0.867,59.97,187.335
1,2026-03-09 11:20:00,120.838,4.226,471.612,0.905,59.938,187.412
1,2026-03-09 11:30:00,121.344,3.707,396.533,0.868,59.944,187.469
1,2026-03-09 11:40:00,120.76,2.825,295.72,0.857,59.95,187.51
1,2026-03-09 11:50:00,121.07,2.503,258.63,0.854,59.97,187.568
1,2026-03-09 12:00:00,120.86,4.193,458.75,0.889,59.97,187.636
1,2026-03-09 12:10:00,120.02,5.886,666.27,0.907,59.97,187.753
1,2026-03-09 12:20:00,121.878,4.119,393.833,0.84,59.944,187.853
1,2026-03-09 12:30:00,121.0,5.035,560.89,0.883,59.98,187.946
1,2026-03-09 12:40:00,118.74,11.348,1308.95,0.954,59.96,188.134
1,2026-03-09 12:50:00,122.36,2.573,275.42,0.861,59.94,188.175
1,2026-03-09 13:00:00,121.33,4.531,498.43,0.899,59.94,188.258
1,2026-03-09 13:10:00,122.633,2.354,258.422,0.898,59.967,188.323
1,2026-03-09 13:20:00,121.67,4.899,537.54,0.896,59.94,188.401
1,2026-03-09 13:30:00,122.04,2.278,247.9,0.893,59.93,188.443
1,2026-03-09 13:40:00,121.322,3.399,364.2,0.883,59.967,188.507
1,2026-03-09 13:50:00,121.85,3.265,359.36,0.898,59.97,188.576
1,2026-03-09 14:00:00,121.088,2.821,293.238,0.857,59.975,188.622
1,2026-03-09 14:10:00,120.36,2.546,258.4,0.842,59.95,188.667
1,2026-03-09 14:20:00,120.54,3.215,335.78,0.859,59.96,188.724
1,2026-03-09 14:30:00,121.76,2.672,273.0,0.838,59.99,188.772
1,2026-03-09 14:40:00,122.25,2.069,213.67,0.845,59.95,188.81
1,2026-03-09 14:50:00,122.356,2.974,305.311,0.838,59.978,188.866
1,2026-03-09 15:00:00,121.1,5.567,663.512,0.982,59.975,188.976
1,2026-03-09 15:10:00,122.012,2.3,246.488,0.852,59.95,189.017
1,2026-03-09 15:20:00,120.175,3.43,370.162,0.879,59.962,189.064
1,2026-03-09 15:30:00,122.24,2.869,293.13,0.834,59.92,189.12
1,2026-03-09 15:40:00,120.93,4.228,444.43,0.861,59.95,189.202
1,2026-03-09 15:50:00,121.322,2.964,306.233,0.853,59.933,189.255
1,2026-03-09 16:00:00,122.067,2.859,305.611,0.863,59.967,189.295
1,2026-03-09 16:10:00,121.37,3.211,333.71,0.857,59.94,189.352
1,2026-03-09 16:20:00,118.73,2.067,209.95,0.853,59.96,189.387
1,2026-03-09 16:30:00,119.8,3.689,385.844,0.867,59.967,189.446
1,2026-03-09 16:40:00,121.356,2.413,256.933,0.861,59.967,189.48
1,2026-03-09 16:50:00,119.43,3.651,379.13,0.866,59.94,189.546
1,2026-03-09 17:00:00,121.156,2.036,210.1,0.851,59.967,189.579
1,2026-03-09 17:10:00,120.46,3.24,331.88,0.847,59.96,189.636
1,2026-03-09 17:20:00,118.52,2.118,208.09,0.827,59.99,189.669
1,2026-03-09 17:30:00,119.95,3.077,314.4,0.851,59.95,189.725
1,2026-03-09 17:40:00,119.88,2.493,259.54,0.854,59.97,189.771
1,2026-03-09 17:50:00,120.5,3.072,314.96,0.851,59.97,189.824
1,2026-03-09 18:00:00,121.05,2.218,226.24,0.842,59.95,189.862
1,2026-03-09 18:10:00,119.9,3.407,351.433,0.851,59.944,189.918
1,2026-03-09 18:20:00,119.5,3.003,321.6,0.884,59.978,189.968
1,2026-03-09 18:30:00,117.7,4.03,430.089,0.904,59.956,190.043
1,2026-03-09 18:40:00,118.23,3.147,337.26,0.907,60.0,190.098
1,2026-03-09 18:50:00,113.76,9.09,987.93,0.948,59.96,190.271
1,2026-03-09 19:00:00,117.6,5.429,600.99,0.912,59.93,190.378
1,2026-03-09 19:10:00,116.525,3.602,371.875,0.884,59.962,190.441
1,2026-03-09 19:20:00,117.31,2.81,288.95,0.874,59.96,190.488
1,2026-03-09 19:30:00,117.8,4.136,433.644,0.886,59.967,190.55
1,2026-03-09 19:40:00,118.0,2.956,306.543,0.877,59.971,190.618
1,2026-03-09 19:50:00,116.08,3.836,399.26,0.892,59.98,190.695
1,2026-03-09 20:00:00,116.525,4.136,438.075,0.902,59.988,190.772
1,2026-03-09 20:10:00,117.73,3.203,336.67,0.897,59.98,190.831
1,2026-03-09 20:20:00,116.58,3.02,314.36,0.894,59.95,190.884
1,2026-03-09 20:30:00,116.07,3.306,343.84,0.897,59.97,190.947
1,2026-03-09 20:40:00,118.28,3.936,422.58,0.903,59.96,191.012
1,2026-03-09 20:50:00,118.51,2.972,313.05,0.891,59.96,191.066
1,2026-03-09 21:00:00,119.443,5.151,596.457,0.954,59.943,191.14
1,2026-03-09 21:10:00,120.29,3.881,444.71,0.934,59.98,191.226
1,2026-03-09 21:20:00,121.19,2.472,269.95,0.903,59.96,191.272
1,2026-03-09 21:30:00,119.45,3.937,419.04,0.89,59.96,191.342
1,2026-03-09 21:40:00,117.944,3.908,412.233,0.891,60.0,191.411
1,2026-03-09 21:50:00,118.778,3.832,410.4,0.901,59.944,191.472
1,2026-03-09 22:00:00,118.65,2.982,319.15,0.904,59.96,191.524
1,2026-03-09 22:10:00,118.888,4.058,436.85,0.905,59.95,191.59
1,2026-03-09 22:20:00,119.54,2.708,292.55,0.905,59.94,191.637
1,2026-03-09 22:30:00,119.12,3.634,389.05,0.902,59.95,191.703
1,2026-03-09 22:40:00,119.989,2.463,262.7,0.89,59.944,191.749
1,2026-03-09 22:50:00,119.29,4.881,526.59,0.893,59.96,191.837
1,2026-03-09 23:00:00,120.29,2.534,267.33,0.862,59.97,191.884
1,2026-03-09 23:10:00,120.51,2.911,297.62,0.848,59.96,191.936
1,2026-03-09 23:20:00,120.956,2.194,225.556,0.85,59.956,191.973
1,2026-03-09 23:30:00,120.01,2.898,296.33,0.85,59.93,192.024
1,2026-03-09 23:40:00,121.13,2.158,221.94,0.849,59.97,192.061
1,2026-03-09 23:50:00,119.71,3.35,345.94,0.855,59.94,192.111
1,2026-03-10 00:00:00,116.24,2.181,217.13,0.855,59.93,192.148
1,2026-03-10 00:10:00,118.5,3.18,330.69,0.868,59.97,192.197
1,2026-03-10 00:20:00,119.68,2.327,237.52,0.854,59.96,192.235
1,2026-03-10 00:30:00,119.52,2.745,279.64,0.853,59.97,192.282
1,2026-03-10 00:40:00,119.97,2.878,304.35,0.862,59.97,192.323
1,2026-03-10 00:50:00,120.111,2.523,257.378,0.849,59.933,192.369
1,2026-03-10 01:00:00,120.388,2.23,227.9,0.847,59.95,192.409
1,2026-03-10 01:10:00,119.94,2.586,263.49,0.848,59.94,192.455
1,2026-03-10 01:20:00,120.157,2.503,256.457,0.853,59.943,192.496
1,2026-03-10 01:30:00,119.6,2.463,250.93,0.852,59.94,192.541
1,2026-03-10 01:40:00,120.267,2.401,244.783,0.847,59.95,192.584
1,2026-03-10 01:50:00,120.01,2.442,250.53,0.855,59.98,192.626
1,2026-03-10 02:00:00,120.26,2.568,264.0,0.855,59.95,192.67
1,2026-03-10 02:10:00,120.57,2.254,230.26,0.845,59.98,192.711
1,2026-03-10 02:20:00,120.06,3.178,326.45,0.853,59.98,192.756
1,2026-03-10 02:30:00,121.078,2.675,281.289,0.861,59.978,192.797
1,2026-03-10 02:40:00,121.41,2.719,281.43,0.854,59.96,192.843
1,2026-03-10 02:50:00,121.23,2.13,219.38,0.849,59.96,192.883
1,2026-03-10 03:00:00,120.46,4.273,492.57,0.934,59.95,192.96
1,2026-03-10 03:10:00,120.49,2.986,332.99,0.893,59.97,193.021
1,2026-03-10 03:20:00,120.04,1.966,200.5,0.849,59.96,193.056
1,2026-03-10 03:30:00,120.588,3.401,352.875,0.86,59.975,193.115
1,2026-03-10 03:40:00,120.09,3.814,398.45,0.866,59.99,193.181
1,2026-03-10 03:50:00,121.03,2.421,250.91,0.858,59.94,193.224
1,2026-03-10 04:00:00,121.3,2.74,284.11,0.855,59.95,193.27
1,2026-03-10 04:10:00,120.61,2.599,267.14,0.852,59.94,193.317
1,2026-03-10 04:20:00,120.58,2.436,250.96,0.855,59.96,193.36
1,2026-03-10 04:30:00,120.02,2.621,268.57,0.853,59.97,193.407
1,2026-03-10 04:40:00,119.45,2.727,285.43,0.865,59.94,193.447
1,2026-03-10 04:50:00,120.01,3.049,315.5,0.851,59.95,193.495
1,2026-03-10 05:00:00,119.311,2.347,237.367,0.847,59.944,193.534
1,2026-03-10 05:10:00,119.77,2.621,267.12,0.849,59.95,193.58
1,2026-03-10 05:20:00,119.5,2.816,289.09,0.85,59.95,193.621
1,2026-03-10 05:30:00,118.78,2.625,266.95,0.854,59.97,193.666
1,2026-03-10 05:40:00,117.98,4.267,457.85,0.897,59.93,193.74
1,2026-03-10 05:50:00,118.822,2.663,281.378,0.889,60.0,193.791
1,2026-03-10 06:00:00,117.16,3.082,318.99,0.885,59.96,193.846
1,2026-03-10 06:10:00,116.24,3.746,405.59,0.911,59.95,193.91
1,2026-03-10 06:20:00,118.82,3.442,365.77,0.884,59.97,193.963
1,2026-03-10 06:30:00,120.48,2.55,275.28,0.898,59.96,194.013
1,2026-03-10 06:40:00,120.667,3.255,349.478,0.89,59.944,194.069
1,2026-03-10 06:50:00,121.044,2.901,320.867,0.907,59.956,194.117
1,2026-03-10 07:00:00,119.356,3.226,344.067,0.894,59.967,194.167
1,2026-03-10 07:10:00,118.76,2.562,272.2,0.895,59.98,194.22
1,2026-03-10 07:20:00,118.79,3.31,351.68,0.896,59.98,194.28
1,2026-03-10 07:30:00,118.51,1.984,201.04,0.852,59.95,194.315
1,2026-03-10 07:40:00,118.322,3.634,384.944,0.894,59.978,194.373
1,2026-03-10 07:50:00,118.289,3.176,343.033,0.896,59.956,194.428
1,2026-03-10 08:00:00,119.167,2.853,293.3,0.86,59.956,194.48
1,2026-03-10 08:10:00,118.81,2.206,224.15,0.855,59.94,194.515
1,2026-03-10 08:20:00,118.278,3.829,400.022,0.876,59.967,194.576
1,2026-03-10 08:30:00,118.47,2.178,221.04,0.856,59.95,194.612
1,2026-03-10 08:40:00,117.967,3.249,338.378,0.871,59.967,194.665
1,2026-03-10 08:50:00,119.32,2.193,226.06,0.864,59.96,194.702
1,2026-03-10 09:00:00,117.97,4.808,540.29,0.94,59.94,194.789
1,2026-03-10 09:10:00,119.51,3.508,387.16,0.895,59.98,194.861
1,2026-03-10 09:20:00,119.712,2.018,206.188,0.854,59.938,194.893
1,2026-03-10 09:30:00,118.95,3.393,345.48,0.857,59.95,194.95
1,2026-03-10 09:40:00,118.91,3.328,336.64,0.851,59.99,195.008
1,2026-03-10 09:50:00,116.4,2.002,198.225,0.851,59.938,195.041
1,2026-03-10 10:00:00,118.16,2.832,285.97,0.856,59.97,195.092
1,2026-03-10 10:10:00,117.822,2.314,230.333,0.842,59.967,195.132
1,2026-03-10 10:20:00,118.74,2.705,274.82,0.856,59.96,195.177
1,2026-03-10 10:30:00,118.41,2.242,226.16,0.852,59.93,195.217
1,2026-03-10 10:40:00,118.88,2.576,261.74,0.854,59.96,195.261
1,2026-03-10 10:50:00,118.63,2.371,239.78,0.853,59.97,195.302
1,2026-03-10 11:00:00,119.1,2.541,258.31,0.853,59.97,195.344
1,2026-03-10 11:10:00,119.0,2.396,243.5,0.856,59.96,195.384
1,2026-03-10 11:20:00,118.98,2.546,259.6,0.859,59.94,195.428
1,2026-03-10 11:30:00,118.71,2.238,226.98,0.856,59.96,195.468
1,2026-03-10 11:40:00,119.03,2.523,256.59,0.855,59.98,195.511
1,2026-03-10 11:50:00,119.51,2.23,226.66,0.851,60.0,195.552
1,2026-03-10 12:00:00,119.056,3.232,335.144,0.867,59.967,195.607
1,2026-03-10 12:10:00,119.31,2.307,233.75,0.848,59.97,195.647
1,2026-03-10 12:20:00,118.878,2.65,267.689,0.848,59.956,195.686
1,2026-03-10 12:30:00,120.77,2.742,285.29,0.854,59.98,195.73
1,2026-03-10 12:40:00,120.056,2.799,286.122,0.851,59.944,195.777
1,2026-03-10 12:50:00,120.16,2.051,209.57,0.851,59.95,195.813
1,2026-03-10 13:00:00,118.14,3.514,364.86,0.872,59.97,195.869
1,2026-03-10 13:10:00,116.422,8.566,966.322,0.959,59.933,196.034
1,2026-03-10 13:20:00,116.88,9.818,1116.91,0.951,59.96,196.173
1,2026-03-10 13:30:00,118.4,3.971,421.089,0.897,59.944,196.246
1,2026-03-10 13:40:00,119.1,4.448,477.622,0.899,59.989,196.325
1,2026-03-10 13:50:00,120.3,2.504,268.34,0.893,59.95,196.374
1,2026-03-10 14:00:00,120.311,4.191,454.811,0.894,59.922,196.444
1,2026-03-10 14:10:00,119.53,3.307,353.51,0.893,59.98,196.503
1,2026-03-10 14:20:00,120.2,3.09,329.611,0.889,59.956,196.558
1,2026-03-10 14:30:00,119.744,2.741,290.644,0.886,59.956,196.608
1,2026-03-10 14:40:00,119.922,3.085,328.178,0.889,59.933,196.664
1,2026-03-10 14:50:00,119.84,2.409,258.41,0.896,59.95,196.708
1,2026-03-10 15:00:00,119.27,3.427,363.25,0.891,59.97,196.769
1,2026-03-10 15:10:00,118.262,6.594,767.662,0.986,59.975,196.891
1,2026-03-10 15:20:00,119.26,3.946,439.82,0.908,59.97,196.952
1,2026-03-10 15:30:00,119.133,3.462,368.611,0.874,59.978,197.012
1,2026-03-10 15:40:00,119.52,3.366,342.46,0.85,59.95,197.069
1,2026-03-10 15:50:00,119.475,2.59,260.4,0.839,59.962,197.116
1,2026-03-10 16:00:00,119.94,3.014,320.35,0.872,59.99,197.163
1,2026-03-10 16:10:00,120.21,3.049,321.73,0.877,59.94,197.218
1,2026-03-10 16:20:00,120.522,3.244,349.967,0.887,59.944,197.279
1,2026-03-10 16:30:00,120.05,3.317,354.88,0.883,59.92,197.341
1,2026-03-10 16:40:00,118.989,4.719,502.689,0.881,59.967,197.41
1,2026-03-10 16:50:00,119.09,3.81,407.3,0.892,59.93,197.475
1,2026-03-10 17:00:00,118.12,3.004,311.8,0.878,59.96,197.527
1,2026-03-10 17:10:00,118.52,3.772,403.56,0.895,59.96,197.588
1,2026-03-10 17:20:00,117.44,3.342,346.25,0.882,59.95,197.646
1,2026-03-10 17:30:00,119.06,2.472,257.8,0.877,59.96,197.691
1,2026-03-10 17:40:00,118.26,3.347,348.22,0.88,59.95,197.751
1,2026-03-10 17:50:00,118.23,2.965,314.44,0.887,59.97,197.804
1,2026-03-10 18:00:00,118.478,4.001,422.967,0.889,59.944,197.874
1,2026-03-10 18:10:00,117.96,3.644,379.29,0.881,59.92,197.931
1,2026-03-10 18:20:00,116.11,4.089,433.31,0.913,59.97,198.007
1,2026-03-10 18:30:00,116.62,3.265,344.4,0.905,59.95,198.065
1,2026-03-10 18:40:00,114.48,4.219,443.28,0.913,59.94,198.147
1,2026-03-10 18:50:00,115.1,3.786,386.39,0.883,59.96,198.206
1,2026-03-10 19:00:00,114.767,3.066,310.856,0.883,59.967,198.257
1,2026-03-10 19:10:00,114.778,5.132,544.233,0.92,59.967,198.352
1,2026-03-10 19:20:00,114.71,4.08,435.18,0.922,59.96,198.434
1,2026-03-10 19:30:00,114.93,3.752,385.4,0.894,59.95,198.502
1,2026-03-10 19:40:00,114.422,4.84,515.778,0.919,59.956,198.573
1,2026-03-10 19:50:00,115.678,3.533,364.311,0.889,59.922,198.637
1,2026-03-10 20:00:00,115.91,2.665,273.52,0.885,59.97,198.681
1,2026-03-10 20:10:00,115.37,4.032,413.73,0.891,59.96,198.755
1,2026-03-10 20:20:00,114.46,2.811,285.56,0.887,59.98,198.802
1,2026-03-10 20:30:00,116.42,3.416,352.16,0.887,59.98,198.86
1,2026-03-10 20:40:00,116.25,2.976,306.03,0.883,59.97,198.911
1,2026-03-10 20:50:00,117.06,3.055,317.13,0.886,59.95,198.967
1,2026-03-10 21:00:00,115.13,3.22,331.85,0.893,59.95,199.021
1,2026-03-10 21:10:00,116.26,6.173,705.17,0.982,59.94,199.135
1,2026-03-10 21:20:00,119.38,2.386,254.92,0.897,59.95,199.184
1,2026-03-10 21:30:00,119.32,3.301,353.52,0.899,59.96,199.24
1,2026-03-10 21:40:00,118.733,4.031,430.933,0.901,59.944,199.312
1,2026-03-10 21:50:00,118.34,3.495,373.44,0.904,59.96,199.378
1,2026-03-10 22:00:00,118.15,2.966,318.97,0.91,59.96,199.43
1,2026-03-10 22:10:00,117.911,4.121,446.356,0.918,59.944,199.505
1,2026-03-10 22:20:00,116.06,5.435,591.29,0.939,59.94,199.599
1,2026-03-10 22:30:00,120.28,4.402,486.44,0.918,59.95,199.681
1,2026-03-10 22:40:00,120.8,3.092,337.54,0.907,59.97,199.735
1,2026-03-10 22:50:00,121.58,2.672,278.98,0.86,59.95,199.782
1,2026-03-10 23:00:00,119.94,2.613,267.64,0.855,59.95,199.827
1,2026-03-10 23:10:00,119.69,2.296,233.29,0.848,59.98,199.868
1,2026-03-10 23:20:00,120.089,2.676,273.278,0.85,59.956,199.915
1,2026-03-10 23:30:00,118.86,2.186,220.49,0.85,59.96,199.952
1,2026-03-10 23:40:00,118.59,3.089,312.7,0.853,59.97,200.003
1,2026-03-10 23:50:00,119.69,1.88,190.59,0.847,59.95,200.037
1,2026-03-11 00:00:00,119.42,2.898,295.58,0.852,59.97,200.088
1,2026-03-11 00:10:00,119.933,2.049,209.433,0.852,59.989,200.122
1,2026-03-11 00:20:00,119.58,2.91,296.57,0.853,59.98,200.172
1,2026-03-11 00:30:00,118.7,2.104,211.35,0.846,59.95,200.204
1,2026-03-11 00:40:00,119.4,2.55,259.6,0.852,59.933,200.256
1,2026-03-11 00:50:00,120.3,2.992,319.13,0.877,59.96,200.301
1,2026-03-11 01:00:00,119.978,2.44,252.744,0.86,59.944,200.344
1,2026-03-11 01:10:00,120.944,3.352,345.444,0.852,59.978,200.389
1,2026-03-11 01:20:00,120.644,2.209,225.822,0.848,59.989,200.429
1,2026-03-11 01:30:00,119.54,2.945,300.8,0.854,59.96,200.478
1,2026-03-11 01:40:00,120.29,1.887,192.54,0.849,59.98,200.513
1,2026-03-11 01:50:00,120.075,2.975,304.6,0.852,59.938,200.563
1,2026-03-11 02:00:00,120.34,2.456,258.6,0.859,59.96,200.597
1,2026-03-11 02:10:00,119.81,2.884,294.77,0.854,59.98,200.647
1,2026-03-11 02:20:00,119.88,2.604,273.44,0.862,59.96,200.692
1,2026-03-11 02:30:00,120.34,2.645,270.37,0.849,59.93,200.738
1,2026-03-11 02:40:00,120.43,2.484,254.29,0.85,59.94,200.78
1,2026-03-11 02:50:00,120.43,2.3,235.02,0.848,59.96,200.821
1,2026-03-11 03:00:00,119.75,2.766,283.25,0.856,59.94,200.866
1,2026-03-11 03:10:00,118.68,5.605,654.29,0.981,59.94,200.973
1,2026-03-11 03:20:00,119.67,1.908,193.08,0.845,59.94,201.005
1,2026-03-11 03:30:00,119.83,2.732,281.17,0.854,59.97,201.049
1,2026-03-11 03:40:00,119.85,3.409,351.288,0.86,59.962,201.108
1,2026-03-11 03:50:00,119.325,2.985,305.162,0.856,59.938,201.159
1,2026-03-11 04:00:00,120.64,2.503,257.82,0.853,59.95,201.201
1,2026-03-11 04:10:00,120.156,2.88,296.089,0.858,59.956,201.249
1,2026-03-11 04:20:00,118.71,2.511,255.22,0.854,59.97,201.29
1,2026-03-11 04:30:00,119.31,2.679,273.32,0.855,59.93,201.337
1,2026-03-11 04:40:00,118.79,2.661,270.12,0.853,59.97,201.38
1,2026-03-11 04:50:00,119.41,2.325,235.36,0.849,59.93,201.422
1,2026-03-11 05:00:00,119.462,2.673,272.35,0.852,59.95,201.468
1,2026-03-11 05:10:00,118.39,2.234,223.38,0.845,59.95,201.506
1,2026-03-11 05:20:00,117.78,2.937,296.92,0.858,59.95,201.556
1,2026-03-11 05:30:00,118.25,1.952,195.88,0.849,59.96,201.591
1,2026-03-11 05:40:00,118.65,4.157,440.97,0.886,59.95,201.661
1,2026-03-11 05:50:00,119.812,2.388,252.788,0.885,59.988,201.704
1,2026-03-11 06:00:00,119.11,4.122,442.16,0.894,59.95,201.783
1,2026-03-11 06:10:00,118.76,2.647,279.85,0.876,59.95,201.827
1,2026-03-11 06:20:00,118.06,2.936,300.47,0.866,59.97,201.885
1,2026-03-11 06:30:00,120.367,2.217,227.189,0.852,59.956,201.923
1,2026-03-11 06:40:00,120.22,2.629,270.25,0.858,59.96,201.969
1,2026-03-11 06:50:00,120.7,2.539,264.678,0.864,59.967,202.011
1,2026-03-11 07:00:00,119.68,3.158,340.17,0.883,59.96,202.07
1,2026-03-11 07:10:00,118.34,2.655,270.65,0.862,59.99,202.115
1,2026-03-11 07:20:00,118.01,3.043,323.36,0.879,59.96,202.163
1,2026-03-11 07:30:00,117.73,2.939,298.11,0.862,59.96,202.212
1,2026-03-11 07:40:00,116.5,2.958,312.044,0.886,59.944,202.262
1,2026-03-11 07:50:00,117.75,2.956,301.69,0.87,59.94,202.321
1,2026-03-11 08:00:00,116.81,1.835,180.33,0.842,59.94,202.352
1,2026-03-11 08:10:00,116.31,2.902,289.01,0.856,59.98,202.4
1,2026-03-11 08:20:00,117.48,1.978,196.65,0.846,59.97,202.433
1,2026-03-11 08:30:00,118.089,2.785,279.456,0.849,59.956,202.479
1,2026-03-11 08:40:00,117.8,2.341,234.467,0.848,59.956,202.517
1,2026-03-11 08:50:00,118.69,2.372,238.71,0.849,59.97,202.559
1,2026-03-11 09:00:00,116.08,2.418,239.26,0.848,59.96,202.6
1,2026-03-11 09:10:00,114.82,5.483,618.79,0.98,59.96,202.698
1,2026-03-11 09:20:00,115.43,1.874,183.82,0.851,59.98,202.733
1,2026-03-11 09:30:00,117.478,2.585,259.533,0.851,59.933,202.771
1,2026-03-11 09:40:00,116.07,3.368,337.48,0.863,59.97,202.834
1,2026-03-11 09:50:00,116.41,2.719,271.47,0.856,59.97,202.879
1,2026-03-11 10:00:00,116.81,2.431,243.01,0.853,59.97,202.919
1,2026-03-11 10:10:00,116.6,2.594,258.13,0.851,59.94,202.964
1,2026-03-11 10:20:00,117.57,2.44,245.15,0.85,59.94,203.004
1,2026-03-11 10:30:00,118.48,2.93,296.97,0.842,59.98,203.049
1,2026-03-11 10:40:00,118.29,2.592,261.66,0.851,59.93,203.09
1,2026-03-11 10:50:00,120.1,2.225,227.38,0.851,59.96,203.131
1,2026-03-11 11:00:00,120.11,2.736,279.34,0.851,59.97,203.175
1,2026-03-11 11:10:00,119.42,2.091,212.22,0.85,59.95,203.212
1,2026-03-11 11:20:00,118.733,2.797,282.6,0.85,59.956,203.261
1,2026-03-11 11:30:00,119.125,2.015,203.237,0.846,59.95,203.294
1,2026-03-11 11:40:00,120.03,2.851,290.19,0.849,59.94,203.345
1,2026-03-11 11:50:00,120.812,1.783,183.838,0.854,59.95,203.376
1,2026-03-11 12:00:00,120.878,2.995,308.122,0.851,59.989,203.426
1,2026-03-11 12:10:00,121.79,2.068,213.52,0.849,59.99,203.46
1,2026-03-11 12:20:00,120.012,4.938,535.088,0.892,59.95,203.531
1,2026-03-11 12:30:00,118.89,3.757,400.99,0.893,59.95,203.592
1,2026-03-11 12:40:00,119.278,3.506,388.167,0.91,59.956,203.644
1,2026-03-11 12:50:00,119.678,4.215,451.367,0.894,59.967,203.718
1,2026-03-11 13:00:00,119.43,3.859,434.09,0.929,59.93,203.781
1,2026-03-11 13:10:00,119.24,3.151,335.35,0.895,59.94,203.846
1,2026-03-11 13:20:00,119.83,3.152,338.77,0.896,59.98,203.899
1,2026-03-11 13:30:00,122.11,3.435,377.19,0.892,59.94,203.956
1,2026-03-11 13:40:00,120.71,3.075,329.29,0.89,59.95,204.028
1,2026-03-11 13:50:00,121.25,2.697,291.32,0.892,59.94,204.078
1,2026-03-11 14:00:00,121.46,3.288,354.39,0.889,59.96,204.135
1,2026-03-11 14:10:00,121.556,2.885,319.822,0.904,59.944,204.195
1,2026-03-11 14:20:00,120.3,3.278,350.34,0.891,59.98,204.255
1,2026-03-11 14:30:00,120.15,3.088,342.17,0.908,59.98,204.325
1,2026-03-11 14:40:00,119.57,5.512,599.25,0.899,59.93,204.421
1,2026-03-11 14:50:00,120.19,2.42,247.27,0.85,59.95,204.46
1,2026-03-11 15:00:00,120.344,3.389,353.067,0.858,59.989,204.519
1,2026-03-11 15:10:00,119.44,5.651,663.92,0.981,59.97,204.623
1,2026-03-11 15:20:00,121.3,1.894,193.59,0.844,59.97,204.656
1,2026-03-11 15:30:00,121.425,2.95,306.4,0.852,59.962,204.7
1,2026-03-11 15:40:00,121.06,3.488,359.84,0.852,59.93,204.76
1,2026-03-11 15:50:00,123.033,3.012,315.033,0.85,59.944,204.813
1,2026-03-11 16:00:00,123.9,2.309,243.0,0.851,59.97,204.854
1,2026-03-11 16:10:00,122.47,3.2,337.03,0.854,59.93,204.916
1,2026-03-11 16:20:00,121.15,2.728,289.42,0.865,59.95,204.963
1,2026-03-11 16:30:00,121.889,2.709,280.644,0.85,59.944,205.01
1,2026-03-11 16:40:00,122.52,2.523,258.42,0.836,59.96,205.054
1,2026-03-11 16:50:00,121.05,2.52,256.29,0.84,59.96,205.097
1,2026-03-11 17:00:00,119.44,2.773,282.81,0.854,59.93,205.143
1,2026-03-11 17:10:00,119.911,2.214,225.222,0.85,59.956,205.189
1,2026-03-11 17:20:00,118.938,3.189,324.438,0.854,59.95,205.24
1,2026-03-11 17:30:00,119.73,1.968,195.96,0.832,59.95,205.274
1,2026-03-11 17:40:00,119.77,3.138,318.54,0.846,59.96,205.326
1,2026-03-11 17:50:00,120.2,2.086,211.5,0.84,59.989,205.362
1,2026-03-11 18:00:00,120.26,3.069,312.93,0.848,59.97,205.416
1,2026-03-11 18:10:00,119.83,2.095,210.0,0.836,59.94,205.451
1,2026-03-11 18:20:00,116.31,2.868,284.22,0.847,59.99,205.503
1,2026-03-11 18:30:00,116.58,2.932,293.39,0.843,59.95,205.545
1,2026-03-11 18:40:00,115.17,7.559,824.32,0.914,59.92,205.683
1,2026-03-11 18:50:00,113.978,8.219,903.022,0.939,59.944,205.838
1,2026-03-11 19:00:00,115.07,9.366,1041.9,0.949,59.95,206.007
1,2026-03-11 19:10:00,117.45,4.651,495.84,0.89,59.96,206.102
1,2026-03-11 19:20:00,117.533,3.207,336.778,0.881,59.967,206.157
1,2026-03-11 19:30:00,117.36,3.602,369.86,0.876,59.97,206.219
1,2026-03-11 19:40:00,117.96,2.87,295.47,0.871,59.96,206.268
1,2026-03-11 19:50:00,116.15,3.986,410.71,0.887,59.98,206.333
1,2026-03-11 20:00:00,116.35,3.01,310.32,0.885,59.95,206.386
1,2026-03-11 20:10:00,117.42,3.166,328.91,0.886,59.95,206.442
1,2026-03-11 20:20:00,116.922,5.296,574.933,0.921,60.0,206.533
1,2026-03-11 20:30:00,115.97,6.321,668.45,0.911,60.0,206.624
1,2026-03-11 20:40:00,116.767,5.728,617.0,0.92,59.956,206.735
1,2026-03-11 20:50:00,112.97,2.448,234.91,0.847,59.96,206.776
1,2026-03-11 21:00:00,115.022,3.109,304.622,0.849,59.967,206.828
1,2026-03-11 21:10:00,118.71,5.796,673.62,0.979,59.95,206.933
1,2026-03-11 21:20:00,119.856,2.04,204.489,0.838,59.956,206.97
1,2026-03-11 21:30:00,119.52,3.14,324.88,0.851,59.96,207.015
1,2026-03-11 21:40:00,120.14,3.553,361.19,0.846,59.98,207.076
1,2026-03-11 21:50:00,119.378,2.981,301.322,0.847,59.956,207.125
1,2026-03-11 22:00:00,116.4,2.339,231.657,0.849,59.957,207.167
1,2026-03-11 22:10:00,117.344,2.902,291.022,0.854,59.944,207.216
1,2026-03-11 22:20:00,117.79,2.34,235.05,0.851,59.97,207.26
1,2026-03-11 22:30:00,118.55,2.643,265.8,0.851,59.95,207.307
1,2026-03-11 22:40:00,120.65,3.876,427.938,0.888,59.962,207.378
1,2026-03-11 22:50:00,120.45,3.33,353.05,0.863,59.97,207.434
1,2026-03-11 23:00:00,119.91,2.722,276.5,0.847,59.96,207.478
1,2026-03-11 23:10:00,119.74,2.361,238.99,0.848,59.98,207.519
1,2026-03-11 23:20:00,120.92,2.801,286.03,0.843,59.92,207.566
1,2026-03-11 23:30:00,120.8,2.22,224.55,0.836,59.96,207.604
1,2026-03-11 23:40:00,120.2,2.748,278.186,0.844,59.929,207.654
1,2026-03-11 23:50:00,120.911,1.885,192.278,0.843,59.944,207.688
1,2026-03-12 00:00:00,121.13,3.116,319.37,0.845,59.95,207.741
1,2026-03-12 00:10:00,121.78,1.882,193.14,0.845,59.96,207.783
1,2026-03-12 00:20:00,121.05,2.925,298.9,0.844,59.97,207.834
1,2026-03-12 00:30:00,121.46,2.212,226.3,0.842,59.96,207.87
1,2026-03-12 00:40:00,121.53,2.655,273.18,0.846,59.96,207.919
1,2026-03-12 00:50:00,121.52,2.374,242.19,0.84,59.94,207.959
1,2026-03-12 01:00:00,121.333,2.564,262.944,0.846,59.989,207.999
1,2026-03-12 01:10:00,121.362,2.839,291.05,0.842,59.95,208.046
1,2026-03-12 01:20:00,121.55,2.181,223.46,0.842,59.98,208.085
1,2026-03-12 01:30:00,121.7,3.216,335.67,0.848,59.92,208.141
1,2026-03-12 01:40:00,122.63,2.037,209.2,0.839,59.98,208.177
1,2026-03-12 01:50:00,122.022,3.056,315.1,0.846,59.967,208.228
1,2026-03-12 02:00:00,122.011,1.888,193.422,0.841,59.933,208.26
1,2026-03-12 02:10:00,121.362,2.814,288.362,0.845,59.975,208.31
1,2026-03-12 02:20:00,121.53,1.998,205.03,0.843,59.94,208.345
1,2026-03-12 02:30:00,121.95,2.777,285.05,0.843,59.94,208.393
1,2026-03-12 02:40:00,122.57,2.323,239.37,0.841,59.95,208.432
1,2026-03-12 02:50:00,121.68,2.506,255.97,0.838,59.97,208.478
1,2026-03-12 03:00:00,122.444,2.51,258.044,0.838,59.956,208.52
1,2026-03-12 03:10:00,121.35,5.059,594.18,0.953,59.96,208.627
1,2026-03-12 03:20:00,121.3,2.297,242.93,0.852,59.96,208.667
1,2026-03-12 03:30:00,122.2,2.716,282.64,0.847,59.97,208.711
1,2026-03-12 03:40:00,120.45,3.404,348.84,0.851,59.95,208.77
1,2026-03-12 03:50:00,119.75,2.629,266.5,0.845,59.96,208.817
1,2026-03-12 04:00:00,120.52,2.897,304.84,0.858,59.95,208.868
1,2026-03-12 04:10:00,120.05,2.654,270.69,0.847,59.97,208.914
1,2026-03-12 04:20:00,119.79,2.464,251.72,0.852,59.95,208.956
1,2026-03-12 04:30:00,119.18,2.5,251.87,0.842,59.96,208.999
1,2026-03-12 04:40:00,118.47,2.684,269.82,0.846,59.96,209.042
1,2026-03-12 04:50:00,118.17,3.19,334.82,0.867,59.95,209.093
1,2026-03-12 05:00:00,118.64,2.676,272.48,0.858,59.94,209.139
1,2026-03-12 05:10:00,118.25,2.298,231.29,0.85,59.95,209.179
1,2026-03-12 05:20:00,117.4,2.993,302.8,0.86,59.989,209.228
1,2026-03-12 05:30:00,117.14,2.518,253.61,0.845,59.95,209.277
1,2026-03-12 05:40:00,117.68,3.096,311.72,0.855,59.93,209.331
1,2026-03-12 05:50:00,119.63,1.873,188.57,0.842,59.94,209.363
1,2026-03-12 06:00:00,118.422,5.611,606.211,0.904,59.944,209.439
1,2026-03-12 06:10:00,118.83,2.027,206.1,0.857,59.94,209.477
1,2026-03-12 06:20:00,119.65,2.901,296.65,0.855,59.94,209.527
1,2026-03-12 06:30:00,120.5,1.961,198.43,0.84,59.95,209.559
1,2026-03-12 06:40:00,120.92,2.769,277.77,0.829,59.96,209.615
1,2026-03-12 06:50:00,120.16,2.134,216.08,0.841,59.98,209.652
1,2026-03-12 07:00:00,118.01,2.364,235.57,0.843,59.93,209.694
1,2026-03-12 07:10:00,118.15,2.408,240.51,0.843,59.96,209.733
1,2026-03-12 07:20:00,118.29,2.246,223.73,0.841,59.96,209.772
1,2026-03-12 07:30:00,116.044,3.926,415.156,0.891,59.956,209.834
1,2026-03-12 07:40:00,118.59,2.613,266.26,0.848,59.98,209.877
1,2026-03-12 07:50:00,116.97,4.199,435.34,0.876,59.94,209.953
1,2026-03-12 08:00:00,119.47,1.931,194.96,0.847,59.93,209.997
1,2026-03-12 08:10:00,120.17,3.961,421.29,0.87,59.97,210.063
1,2026-03-12 08:20:00,118.91,6.615,754.14,0.923,59.96,210.179
1,2026-03-12 08:30:00,116.2,14.449,1666.6,0.992,59.944,210.372
1,2026-03-12 08:40:00,120.11,2.112,215.03,0.847,59.97,210.441
1,2026-03-12 08:50:00,118.55,3.56,373.13,0.871,59.96,210.51
1,2026-03-12 09:00:00,119.9,3.343,351.075,0.871,59.962,210.56
1,2026-03-12 09:10:00,118.91,5.843,675.84,0.971,59.98,210.674
1,2026-03-12 09:20:00,119.69,2.137,216.26,0.846,59.94,210.711
1,2026-03-12 09:30:00,121.522,3.07,318.078,0.854,59.956,210.754
1,2026-03-12 09:40:00,121.312,3.416,354.362,0.856,59.938,210.813
1,2026-03-12 09:50:00,119.98,2.762,284.2,0.857,59.99,210.863
1,2026-03-12 10:00:00,119.76,4.587,505.84,0.906,59.98,210.946
1,2026-03-12 10:10:00,118.46,6.147,661.55,0.901,59.95,211.051
1,2026-03-12 10:20:00,117.84,5.801,622.11,0.899,59.95,211.145
1,2026-03-12 10:30:00,117.622,4.059,426.289,0.89,60.0,211.212
1,2026-03-12 10:40:00,118.08,3.921,406.57,0.874,59.96,211.277
1,2026-03-12 10:50:00,118.75,2.524,256.32,0.838,59.95,211.322
1,2026-03-12 11:00:00,117.98,4.727,506.75,0.895,59.96,211.404
1,2026-03-12 11:10:00,117.65,4.491,466.31,0.877,59.96,211.474
1,2026-03-12 11:20:00,117.39,4.77,501.05,0.887,59.98,211.556
1,2026-03-12 11:30:00,115.91,8.701,964.38,0.924,59.98,211.702
1,2026-03-12 11:40:00,117.6,4.413,467.875,0.865,59.962,211.768
1,2026-03-12 11:50:00,119.64,4.226,440.92,0.865,59.96,211.839
1,2026-03-12 12:00:00,121.44,1.82,185.56,0.839,59.95,211.875
1,2026-03-12 12:10:00,120.08,4.042,424.24,0.863,59.97,211.943
1,2026-03-12 12:20:00,119.96,2.98,316.3,0.862,59.97,211.993
1,2026-03-12 12:30:00,119.45,2.886,295.19,0.856,59.96,212.045
1,2026-03-12 12:40:00,115.61,4.686,499.36,0.904,59.95,212.132
1,2026-03-12 12:50:00,120.26,2.694,286.1,0.878,59.94,212.183
1,2026-03-12 13:00:00,117.86,3.17,334.91,0.896,59.98,212.241
1,2026-03-12 13:10:00,118.81,4.807,527.92,0.916,59.96,212.326
1,2026-03-12 13:20:00,120.1,4.446,490.222,0.909,59.967,212.401
1,2026-03-12 13:30:00,120.24,2.855,306.32,0.894,59.94,212.46
1,2026-03-12 13:40:00,120.29,3.289,351.1,0.887,59.95,212.52
1,2026-03-12 13:50:00,119.36,2.602,276.04,0.89,59.99,212.565
1,2026-03-12 14:00:00,116.41,5.763,619.52,0.919,59.96,212.658
1,2026-03-12 14:10:00,118.58,3.736,411.28,0.913,59.95,212.723
1,2026-03-12 14:20:00,120.59,3.581,382.71,0.887,59.94,212.789
1,2026-03-12 14:30:00,120.88,2.272,244.56,0.892,59.95,212.834
1,2026-03-12 14:40:00,117.2,3.752,393.4,0.896,59.95,212.898
1,2026-03-12 14:50:00,119.28,2.402,254.23,0.868,59.99,212.94
1,2026-03-12 15:00:00,119.2,3.907,404.99,0.863,59.95,213.01
1,2026-03-12 15:10:00,117.94,5.755,665.47,0.971,59.98,213.132
1,2026-03-12 15:20:00,121.65,2.545,278.92,0.868,59.97,213.184
1,2026-03-12 15:30:00,120.55,2.9,301.82,0.852,59.95,213.232
1,2026-03-12 15:40:00,120.55,4.706,499.88,0.871,59.97,213.314
1,2026-03-12 15:50:00,122.0,3.336,344.529,0.847,59.971,213.366
1,2026-03-12 16:00:00,122.37,3.104,333.03,0.858,59.93,213.433
1,2026-03-12 16:10:00,122.47,2.71,278.8,0.838,59.94,213.479
1,2026-03-12 16:20:00,121.99,2.707,278.71,0.844,59.96,213.527
1,2026-03-12 16:30:00,121.567,2.326,239.422,0.843,59.933,213.565
1,2026-03-12 16:40:00,121.51,3.037,311.79,0.845,59.96,213.617
1,2026-03-12 16:50:00,121.8,2.425,251.6,0.837,59.95,213.652
1,2026-03-12 17:00:00,120.27,3.132,317.32,0.841,59.96,213.721
1,2026-03-12 17:10:00,121.33,1.82,184.82,0.838,59.95,213.751
1,2026-03-12 17:20:00,120.044,3.338,338.489,0.843,59.933,213.805
1,2026-03-12 17:30:00,120.78,1.888,193.57,0.847,59.98,213.839
1,2026-03-12 17:40:00,120.756,3.072,316.322,0.852,59.989,213.892
1,2026-03-12 17:50:00,121.17,1.985,201.91,0.841,59.97,213.928
1,2026-03-12 18:00:00,118.91,7.076,780.01,0.924,59.96,214.053
1,2026-03-12 18:10:00,119.25,3.704,403.6,0.902,59.95,214.106
1,2026-03-12 18:20:00,117.575,7.434,815.175,0.931,59.925,214.218
1,2026-03-12 18:30:00,119.68,3.889,421.56,0.899,59.96,214.297
1,2026-03-12 18:40:00,118.51,7.327,823.01,0.946,59.97,214.426
1,2026-03-12 18:50:00,117.47,10.645,1219.79,0.964,59.95,214.624
1,2026-03-12 19:00:00,115.27,14.031,1580.44,0.972,59.95,214.852
1,2026-03-12 19:10:00,118.58,4.184,457.02,0.921,59.95,214.929
1,2026-03-12 19:20:00,118.722,5.07,563.544,0.93,59.989,215.018
1,2026-03-12 19:30:00,119.412,3.938,422.988,0.896,59.962,215.093
1,2026-03-12 19:40:00,120.29,2.595,274.28,0.879,59.98,215.139
1,2026-03-12 19:50:00,115.09,13.232,1482.96,0.969,59.97,215.377
1,2026-03-12 20:00:00,116.37,12.787,1468.83,0.987,59.97,215.62
1,2026-03-12 20:10:00,115.911,7.744,849.878,0.937,59.989,215.748
1,2026-03-12 20:20:00,116.378,5.05,551.089,0.919,59.967,215.843
1,2026-03-12 20:30:00,117.57,3.519,367.24,0.889,59.98,215.903
1,2026-03-12 20:40:00,118.05,3.26,346.66,0.89,59.97,215.956
1,2026-03-12 20:50:00,119.23,4.435,480.16,0.9,59.92,216.021
1,2026-03-12 21:00:00,118.57,4.6,499.4,0.918,59.99,216.107
1,2026-03-12 21:10:00,118.012,7.45,858.912,0.974,59.912,216.245
1,2026-03-12 21:20:00,119.94,2.608,280.5,0.896,59.95,216.298
1,2026-03-12 21:30:00,119.27,3.563,386.5,0.902,59.98,216.366
1,2026-03-12 21:40:00,120.338,3.991,430.725,0.898,59.925,216.438
1,2026-03-12 21:50:00,119.92,4.424,479.02,0.902,59.96,216.512
1,2026-03-12 22:00:00,120.31,3.496,377.57,0.899,59.92,216.576
1,2026-03-12 22:10:00,120.55,2.937,317.95,0.898,59.95,216.627
1,2026-03-12 22:20:00,119.82,4.845,526.42,0.906,59.96,216.704
1,2026-03-12 22:30:00,120.53,3.988,438.51,0.899,59.96,216.775
1,2026-03-12 22:40:00,116.97,3.981,418.57,0.889,59.96,216.853
1,2026-03-12 22:50:00,117.51,4.38,477.5,0.916,59.96,216.915
1,2026-03-12 23:00:00,118.28,3.445,365.84,0.898,59.94,216.981
1,2026-03-12 23:10:00,121.37,5.783,665.07,0.938,59.97,217.089
1,2026-03-12 23:20:00,120.96,4.022,428.83,0.871,59.94,217.166
1,2026-03-12 23:30:00,120.762,2.121,218.325,0.856,59.975,217.202
1,2026-03-12 23:40:00,120.42,3.109,317.67,0.85,59.96,217.256
1,2026-03-12 23:50:00,121.278,2.108,216.422,0.848,59.956,217.289
1,2026-03-13 00:00:00,120.867,3.033,311.022,0.85,59.989,217.344
1,2026-03-13 00:10:00,122.171,1.873,194.1,0.849,59.986,217.373
1,2026-03-13 00:20:00,119.556,4.039,422.744,0.864,59.967,217.448
1,2026-03-13 00:30:00,119.7,1.987,199.61,0.841,59.98,217.481
1,2026-03-13 00:40:00,119.544,3.297,339.022,0.861,59.956,217.537
1,2026-03-13 00:50:00,120.067,1.931,196.244,0.847,59.956,217.57
1,2026-03-13 01:00:00,119.33,3.226,327.75,0.851,59.96,217.624
1,2026-03-13 01:10:00,120.42,1.893,193.11,0.848,59.96,217.656
1,2026-03-13 01:20:00,120.512,3.35,342.625,0.85,59.95,217.701
1,2026-03-13 01:30:00,120.262,1.98,200.5,0.84,59.962,217.743
1,2026-03-13 01:40:00,119.71,3.252,331.43,0.851,59.97,217.797
1,2026-03-13 01:50:00,120.58,1.945,198.4,0.847,59.93,217.83
1,2026-03-13 02:00:00,119.5,3.074,312.656,0.85,59.978,217.884
1,2026-03-13 02:10:00,120.15,2.326,243.72,0.854,59.95,217.92
1,2026-03-13 02:20:00,120.033,3.002,307.933,0.853,59.967,217.973
1,2026-03-13 02:30:00,119.61,1.95,197.41,0.848,59.95,218.006
1,2026-03-13 02:40:00,120.15,3.075,314.67,0.85,59.94,218.058
1,2026-03-13 02:50:00,121.422,1.874,193.078,0.85,60.0,218.091
1,2026-03-13 03:00:00,119.862,3.222,328.85,0.85,59.95,218.14
1,2026-03-13 03:10:00,118.78,6.242,729.46,0.983,59.95,218.285
1,2026-03-13 03:20:00,119.838,1.891,191.825,0.846,59.938,218.322
1,2026-03-13 03:30:00,119.4,2.538,258.54,0.851,59.97,218.37
1,2026-03-13 03:40:00,119.456,4.405,462.344,0.872,59.922,218.441
1,2026-03-13 03:50:00,120.31,3.039,312.07,0.851,59.98,218.499
1,2026-03-13 04:00:00,119.989,2.028,208.467,0.859,59.933,218.531
1,2026-03-13 04:10:00,119.72,3.427,351.46,0.86,59.98,218.577
1,2026-03-13 04:20:00,120.48,1.955,198.41,0.842,59.97,218.622
1,2026-03-13 04:30:00,118.867,3.272,333.778,0.859,59.944,218.675
1,2026-03-13 04:40:00,119.53,2.062,208.64,0.846,59.96,218.711
1,2026-03-13 04:50:00,119.36,2.943,298.77,0.85,59.97,218.76
1,2026-03-13 05:00:00,119.37,2.045,205.59,0.841,59.92,218.797
1,2026-03-13 05:10:00,118.64,3.366,341.45,0.851,59.97,218.844
1,2026-03-13 05:20:00,118.722,2.695,280.489,0.862,59.978,218.89
1,2026-03-13 05:30:00,117.76,3.916,411.93,0.865,59.94,218.94
1,2026-03-13 05:40:00,117.15,7.922,889.57,0.915,59.95,219.108
1,2026-03-13 05:50:00,118.12,3.426,357.34,0.868,59.96,219.172
1,2026-03-13 06:00:00,115.567,4.142,435.044,0.893,59.978,219.245
1,2026-03-13 06:10:00,115.244,3.037,311.6,0.873,59.967,219.297
1,2026-03-13 06:20:00,117.044,4.236,452.744,0.911,59.967,219.367
1,2026-03-13 06:30:00,119.767,2.604,278.767,0.896,59.967,219.409
1,2026-03-13 06:40:00,118.83,4.148,450.46,0.909,59.96,219.495
1,2026-03-13 06:50:00,117.7,4.463,490.6,0.921,59.95,219.58
1,2026-03-13 07:00:00,114.5,12.46,1400.82,0.976,59.95,219.767
1,2026-03-13 07:10:00,116.07,6.336,701.11,0.939,59.97,219.883
1,2026-03-13 07:20:00,118.35,3.634,380.07,0.883,59.97,219.966
1,2026-03-13 07:30:00,115.77,2.321,227.9,0.846,59.94,220.004
1,2026-03-13 07:40:00,118.59,2.586,259.31,0.846,59.95,220.047
1,2026-03-13 07:50:00,119.92,2.247,228.38,0.848,59.96,220.087
1,2026-03-13 08:00:00,115.288,2.448,240.538,0.851,59.95,220.123
1,2026-03-13 08:10:00,116.256,2.326,228.489,0.842,59.956,220.167
1,2026-03-13 08:20:00,117.712,2.242,222.788,0.84,59.925,220.197
1,2026-03-13 08:30:00,117.178,2.496,248.433,0.849,59.978,220.249
1,2026-03-13 08:40:00,117.19,2.439,243.85,0.851,59.97,220.288
1,2026-03-13 08:50:00,116.69,2.45,241.87,0.843,59.99,220.33
1,2026-03-13 09:00:00,116.857,2.502,245.157,0.837,59.957,220.368
1,2026-03-13 09:10:00,116.575,6.057,692.7,0.981,59.95,220.478
1,2026-03-13 09:20:00,118.4,1.991,200.51,0.846,59.94,220.517
1,2026-03-13 09:30:00,118.222,2.571,258.622,0.847,59.967,220.56
1,2026-03-13 09:40:00,116.975,3.406,341.55,0.86,59.95,220.617
1,2026-03-13 09:50:00,119.233,3.188,322.456,0.843,59.956,220.672
1,2026-03-13 10:00:00,120.63,1.842,187.15,0.841,59.96,220.704
1,2026-03-13 10:10:00,120.333,3.367,344.389,0.851,59.956,220.76
1,2026-03-13 10:20:00,119.744,2.034,204.378,0.837,59.933,220.79
1,2026-03-13 10:30:00,118.7,3.191,323.789,0.853,60.0,220.844
1,2026-03-13 10:40:00,119.34,2.032,203.91,0.84,59.96,220.88
1,2026-03-13 10:50:00,118.49,2.887,290.63,0.848,59.95,220.927
1,2026-03-13 11:00:00,118.389,2.202,219.956,0.842,59.967,220.965
1,2026-03-13 11:10:00,118.78,2.746,277.87,0.85,59.95,221.01
1,2026-03-13 11:20:00,119.08,2.334,234.61,0.844,60.0,221.049
1,2026-03-13 11:30:00,119.578,2.543,256.978,0.841,59.933,221.093
1,2026-03-13 11:40:00,120.333,2.41,243.333,0.839,59.933,221.134
1,2026-03-13 11:50:00,119.933,2.504,254.222,0.844,60.0,221.171
1,2026-03-13 12:00:00,118.64,2.291,227.29,0.832,59.94,221.217
1,2026-03-13 12:10:00,118.61,2.673,263.22,0.821,59.93,221.259
1,2026-03-13 12:20:00,119.91,3.312,348.92,0.861,59.98,221.32
1,2026-03-13 12:30:00,120.13,3.022,308.34,0.846,59.98,221.362
1,2026-03-13 12:40:00,121.72,2.414,248.39,0.845,59.96,221.405
1,2026-03-13 12:50:00,120.26,2.403,246.38,0.852,59.96,221.446
1,2026-03-13 13:00:00,120.678,2.475,254.122,0.851,59.967,221.488
1,2026-03-13 13:10:00,116.967,8.551,968.978,0.936,59.922,221.632
1,2026-03-13 13:20:00,117.575,11.326,1305.55,0.976,59.988,221.789
1,2026-03-13 13:30:00,120.59,5.192,588.65,0.921,59.95,221.933
1,2026-03-13 13:40:00,120.8,3.31,362.0,0.901,59.95,221.991
1,2026-03-13 13:50:00,119.76,4.107,440.48,0.897,59.98,222.058
1,2026-03-13 14:00:00,117.422,3.276,349.667,0.902,59.944,222.119
1,2026-03-13 14:10:00,117.88,3.328,356.49,0.901,59.96,222.181
1,2026-03-13 14:20:00,120.93,2.85,307.97,0.896,59.94,222.234
1,2026-03-13 14:30:00,120.962,3.063,329.463,0.891,59.95,222.289
1,2026-03-13 14:40:00,120.6,2.999,320.8,0.888,59.956,222.342
1,2026-03-13 14:50:00,119.156,3.787,412.2,0.904,59.989,222.399
1,2026-03-13 15:00:00,119.278,5.4,609.511,0.94,59.967,222.503
1,2026-03-13 15:10:00,118.356,6.335,731.9,0.978,59.967,222.629
1,2026-03-13 15:20:00,119.99,1.984,205.83,0.861,59.91,222.667
1,2026-03-13 15:30:00,119.24,2.445,250.07,0.856,59.97,222.709
1,2026-03-13 15:40:00,117.322,3.438,350.767,0.871,59.978,222.772
1,2026-03-13 15:50:00,119.762,3.325,342.062,0.86,59.95,222.829
1,2026-03-13 16:00:00,119.8,2.219,223.68,0.843,59.98,222.873
1,2026-03-13 16:10:00,118.675,2.8,285.425,0.861,59.975,222.921
1,2026-03-13 16:20:00,118.66,2.459,247.66,0.846,59.97,222.964
1,2026-03-13 16:30:00,118.42,3.005,312.73,0.868,59.96,223.014
1,2026-03-13 16:40:00,118.98,3.065,318.9,0.863,59.98,223.064
1,2026-03-13 16:50:00,120.022,3.299,353.378,0.872,59.944,223.126
1,2026-03-13 17:00:00,120.01,2.742,279.09,0.847,59.96,223.174
1,2026-03-13 17:10:00,117.96,4.125,445.83,0.888,59.96,223.26
1,2026-03-13 17:20:00,117.66,6.126,659.33,0.909,59.97,223.37
1,2026-03-13 17:30:00,116.911,7.491,845.067,0.958,59.944,223.519
1,2026-03-13 17:40:00,117.3,6.652,727.05,0.891,59.97,223.641
1,2026-03-13 17:50:00,118.156,3.33,342.078,0.862,59.933,223.69
1,2026-03-13 18:00:00,119.017,2.347,233.533,0.835,59.917,223.731
1,2026-03-13 18:10:00,119.043,3.331,346.1,0.86,59.929,223.788
1,2026-03-13 18:20:00,117.844,3.126,326.633,0.889,59.956,223.845
1,2026-03-13 18:30:00,118.525,2.824,299.412,0.898,59.988,223.896
1,2026-03-13 18:40:00,118.411,4.261,452.511,0.894,59.944,223.978
1,2026-03-13 18:50:00,118.588,3.267,349.725,0.892,59.95,224.032
1,2026-03-13 19:00:00,118.556,3.638,378.222,0.874,59.944,224.095
1,2026-03-13 19:10:00,116.96,2.069,201.79,0.834,59.97,224.129
1,2026-03-13 19:20:00,119.83,3.371,344.06,0.853,59.96,224.187
1,2026-03-13 19:30:00,120.34,2.062,204.84,0.826,59.94,224.221
1,2026-03-13 19:40:00,119.062,3.266,332.25,0.855,59.938,224.277
1,2026-03-13 19:50:00,120.188,2.519,265.175,0.856,59.95,224.32
1,2026-03-13 20:00:00,119.97,3.082,311.19,0.844,59.94,224.372
1,2026-03-13 20:10:00,119.61,2.053,207.23,0.846,59.96,224.407
1,2026-03-13 20:20:00,115.37,3.12,308.38,0.856,59.95,224.457
1,2026-03-13 20:30:00,119.69,2.077,210.3,0.847,59.99,224.493
1,2026-03-13 20:40:00,120.32,2.986,302.13,0.843,59.93,224.543
1,2026-03-13 20:50:00,121.33,2.342,244.14,0.86,59.96,224.588
1,2026-03-13 21:00:00,120.54,3.866,413.77,0.887,59.96,224.649
1,2026-03-13 21:10:00,118.7,5.876,680.312,0.969,59.975,224.762
1,2026-03-13 21:20:00,120.9,2.357,253.09,0.888,59.97,224.81
1,2026-03-13 21:30:00,119.5,2.86,303.756,0.89,59.933,224.855
1,2026-03-13 21:40:00,116.9,8.509,950.814,0.941,59.957,225.008
1,2026-03-13 21:50:00,116.91,9.055,1019.87,0.949,59.95,225.17
1,2026-03-13 22:00:00,118.86,4.72,530.24,0.927,59.96,225.297
1,2026-03-13 22:10:00,120.3,5.229,578.15,0.894,59.96,225.386
1,2026-03-13 22:20:00,120.57,2.638,274.5,0.853,59.97,225.427
1,2026-03-13 22:30:00,117.79,3.244,330.25,0.862,59.97,225.487
1,2026-03-13 22:40:00,119.389,4.299,471.967,0.9,59.944,225.565
1,2026-03-13 22:50:00,119.663,2.84,287.95,0.846,59.988,225.609
1,2026-03-13 23:00:00,119.88,2.544,256.63,0.84,59.95,225.654
1,2026-03-13 23:10:00,121.383,2.176,222.767,0.843,59.967,225.678
1,2026-03-13 23:20:00,121.125,2.659,271.85,0.844,59.962,225.741
1,2026-03-13 23:30:00,121.712,2.298,236.95,0.849,59.975,225.782
1,2026-03-13 23:40:00,120.9,2.728,277.644,0.84,59.956,225.829
1,2026-03-13 23:50:00,121.086,2.105,214.843,0.846,59.943,225.867
1,2026-03-14 00:00:00,121.389,2.716,278.456,0.846,59.944,225.915
1,2026-03-14 00:10:00,121.144,2.565,271.044,0.858,59.956,225.95
1,2026-03-14 00:20:00,121.12,2.772,283.32,0.844,59.95,226.004
1,2026-03-14 00:30:00,121.41,2.222,227.82,0.843,59.96,226.041
1,2026-03-14 00:40:00,121.27,2.797,285.67,0.841,59.97,226.09
1,2026-03-14 00:50:00,122.35,2.189,225.98,0.844,59.94,226.127
1,2026-03-14 01:00:00,121.68,3.205,333.82,0.849,59.97,226.182
1,2026-03-14 01:10:00,121.94,2.151,221.84,0.844,59.96,226.222
1,2026-03-14 01:20:00,120.46,4.114,443.93,0.885,59.94,226.289
1,2026-03-14 01:30:00,120.02,3.719,403.92,0.89,59.97,226.357
1,2026-03-14 01:40:00,119.489,3.748,395.033,0.866,59.978,226.419
1,2026-03-14 01:50:00,120.533,2.184,223.244,0.847,59.967,226.458
1,2026-03-14 02:00:00,120.256,2.817,288.456,0.852,59.944,226.505
1,2026-03-14 02:10:00,120.04,2.153,219.98,0.852,59.95,226.54
1,2026-03-14 02:20:00,120.033,2.824,287.733,0.849,59.944,226.587
1,2026-03-14 02:30:00,119.762,2.277,231.212,0.846,59.95,226.622
1,2026-03-14 02:40:00,119.622,2.699,274.111,0.85,59.933,226.67
1,2026-03-14 02:50:00,120.07,2.033,206.6,0.847,59.95,226.704
1,2026-03-14 03:00:00,120.038,2.587,263.288,0.846,59.95,226.752
1,2026-03-14 03:10:00,118.912,6.216,721.562,0.968,59.95,226.854
1,2026-03-14 03:20:00,120.36,2.26,238.59,0.858,59.99,226.902
1,2026-03-14 03:30:00,120.329,2.577,264.829,0.853,59.943,226.944
1,2026-03-14 03:40:00,119.81,3.44,353.05,0.855,59.99,227.002
1,2026-03-14 03:50:00,119.712,2.961,301.612,0.849,59.988,227.054
1,2026-03-14 04:00:00,119.72,2.038,207.03,0.848,59.97,227.087
1,2026-03-14 04:10:00,119.16,3.209,325.32,0.849,59.96,227.142
1,2026-03-14 04:20:00,119.5,1.897,190.55,0.842,59.96,227.174
1,2026-03-14 04:30:00,119.922,3.188,325.811,0.853,59.956,227.227
1,2026-03-14 04:40:00,120.733,1.904,194.611,0.847,59.967,227.26
1,2026-03-14 04:50:00,120.46,3.066,313.63,0.849,59.95,227.31
1,2026-03-14 05:00:00,118.856,2.102,209.756,0.839,59.933,227.344
1,2026-03-14 05:10:00,116.938,2.798,280.0,0.854,59.95,227.38
1,2026-03-14 05:20:00,119.512,2.575,270.288,0.862,59.95,227.433
1,2026-03-14 05:30:00,119.088,2.641,267.925,0.851,59.962,227.481
1,2026-03-14 05:40:00,118.875,1.938,193.85,0.842,59.95,227.535
1,2026-03-14 05:50:00,119.42,3.096,319.46,0.857,59.97,227.594
1,2026-03-14 06:00:00,119.71,2.528,264.18,0.873,59.96,227.642
1,2026-03-14 06:10:00,119.37,2.41,242.99,0.844,59.93,227.683
1,2026-03-14 06:20:00,121.111,2.308,233.822,0.836,59.967,227.723
1,2026-03-14 06:30:00,120.578,2.53,255.878,0.839,59.967,227.762
1,2026-03-14 06:40:00,120.77,2.41,243.97,0.839,59.95,227.804
1,2026-03-14 06:50:00,119.456,3.586,385.856,0.88,59.967,227.86
1,2026-03-14 07:00:00,119.69,3.073,326.53,0.876,59.98,227.914
1,2026-03-14 07:10:00,120.278,2.764,289.622,0.857,59.933,227.964
1,2026-03-14 07:20:00,119.788,2.232,223.162,0.832,59.975,228.013
1,2026-03-14 07:30:00,119.88,3.584,383.83,0.87,59.96,228.069
1,2026-03-14 07:40:00,119.31,2.615,264.87,0.848,59.96,228.114
1,2026-03-14 07:50:00,119.0,2.961,314.6,0.869,59.93,228.161
1,2026-03-14 08:00:00,119.8,2.538,255.76,0.843,59.97,228.205
1,2026-03-14 08:10:00,119.111,2.17,217.833,0.844,59.944,228.239
1,2026-03-14 08:20:00,119.99,2.555,258.81,0.843,59.97,228.284
1,2026-03-14 08:30:00,119.289,3.117,332.2,0.87,59.956,228.33
1,2026-03-14 08:40:00,119.9,3.622,384.111,0.867,59.978,228.387
1,2026-03-14 08:50:00,118.2,2.42,249.48,0.855,59.96,228.433
1,2026-03-14 09:00:00,117.922,6.498,711.4,0.903,59.978,228.552
1,2026-03-14 09:10:00,117.111,10.486,1207.5,0.99,59.944,228.759
1,2026-03-14 09:20:00,120.3,3.055,333.61,0.872,59.97,228.81
1,2026-03-14 09:30:00,116.222,3.559,353.656,0.843,59.967,228.864
1,2026-03-14 09:40:00,118.533,3.408,343.856,0.851,59.956,228.921
1,2026-03-14 09:50:00,119.34,3.075,309.84,0.844,59.97,228.978
1,2026-03-14 10:00:00,118.9,2.018,201.22,0.836,59.95,229.01
1,2026-03-14 10:10:00,117.33,3.178,317.15,0.849,59.97,229.07
1,2026-03-14 10:20:00,117.57,2.296,234.28,0.849,59.94,229.105
1,2026-03-14 10:30:00,118.87,3.218,324.84,0.849,59.96,229.162
1,2026-03-14 10:40:00,118.6,2.761,290.53,0.857,59.95,229.212
1,2026-03-14 10:50:00,119.15,2.924,293.33,0.839,59.94,229.261
1,2026-03-14 11:00:00,119.38,2.175,216.98,0.836,59.98,229.286
1,2026-03-14 11:10:00,118.85,3.662,376.033,0.858,59.967,229.353
1,2026-03-14 11:20:00,119.65,3.263,348.725,0.872,59.925,229.403
1,2026-03-14 11:30:00,116.475,6.703,724.2,0.925,59.962,229.518
1,2026-03-14 11:40:00,118.557,4.698,517.057,0.916,59.971,229.593
1,2026-03-14 11:50:00,116.922,4.063,419.111,0.872,59.944,229.652
1,2026-03-14 12:00:00,118.211,2.878,292.4,0.85,59.967,229.698
1,2026-03-14 12:10:00,118.59,7.311,822.4,0.921,59.95,229.82
1,2026-03-14 12:20:00,116.844,9.768,1109.544,0.953,59.956,230.009
1,2026-03-14 12:30:00,119.557,4.398,472.157,0.883,59.957,230.072
1,2026-03-14 12:40:00,119.129,2.741,276.9,0.847,59.971,230.119
1,2026-03-14 12:50:00,118.844,3.044,321.767,0.876,59.989,230.166
1,2026-03-14 13:00:00,117.25,7.677,847.762,0.948,59.975,230.291
1,2026-03-14 13:10:00,118.62,6.837,781.81,0.965,59.97,230.431
1,2026-03-14 13:20:00,118.811,4.858,527.011,0.909,59.967,230.508
1,2026-03-14 13:30:00,119.088,2.39,254.275,0.894,59.95,230.542
1,2026-03-14 13:40:00,118.76,4.001,426.89,0.894,59.97,230.629
1,2026-03-14 13:50:00,117.533,5.647,637.933,0.953,59.933,230.728
1,2026-03-14 14:00:00,118.457,4.452,468.457,0.881,59.957,230.797
1,2026-03-14 14:10:00,118.2,1.814,181.6,0.85,59.9,230.8
2,2026-02-15 13:10:00,115.07,0.869,61.62,0.616,59.93,369.819
2,2026-02-15 13:20:00,115.762,0.911,65.475,0.62,59.962,369.83
2,2026-02-15 13:30:00,116.18,0.909,65.88,0.623,59.96,369.841
2,2026-02-15 13:40:00,116.32,0.898,66.3,0.634,59.96,369.852
2,2026-02-15 13:50:00,114.44,0.951,73.29,0.673,59.96,369.864
2,2026-02-15 14:00:00,114.07,1.019,78.25,0.673,59.95,369.877
2,2026-02-15 14:10:00,114.31,0.998,76.11,0.665,59.94,369.89
2,2026-02-15 14:20:00,115.5,1.015,80.08,0.684,59.94,369.903
2,2026-02-15 14:30:00,114.46,1.104,90.34,0.71,59.96,369.918
2,2026-02-15 14:40:00,116.08,1.212,108.13,0.769,59.94,369.936
2,2026-02-15 14:50:00,115.54,1.241,107.66,0.75,59.95,369.954
2,2026-02-15 15:00:00,115.76,1.242,107.89,0.749,59.95,369.973
2,2026-02-15 15:10:00,115.73,1.23,107.85,0.758,59.98,369.991
2,2026-02-15 15:20:00,114.52,1.206,105.01,0.759,59.94,370.009
2,2026-02-15 15:30:00,115.74,0.946,72.19,0.658,59.96,370.02
2,2026-02-15 15:40:00,116.23,0.96,71.27,0.638,59.94,370.032
2,2026-02-15 15:50:00,116.53,0.999,75.94,0.652,59.96,370.045
2,2026-02-15 16:00:00,117.59,1.235,104.06,0.714,59.93,370.063
2,2026-02-15 16:10:00,117.72,1.306,112.43,0.73,59.99,370.082
2,2026-02-15 16:20:00,117.21,1.367,115.39,0.721,59.94,370.101
2,2026-02-15 16:30:00,116.67,1.354,112.96,0.715,59.96,370.12
2,2026-02-15 16:40:00,116.76,1.384,113.53,0.703,59.97,370.139
2,2026-02-15 16:50:00,118.37,1.232,101.53,0.694,59.97,370.156
2,2026-02-15 17:00:00,118.56,1.16,96.08,0.698,59.95,370.173
2,2026-02-15 17:10:00,117.15,4.547,503.36,0.846,59.97,370.251
2,2026-02-15 17:20:00,114.18,8.343,944.28,0.99,59.94,370.408
2,2026-02-15 17:30:00,115.16,8.426,961.68,0.99,59.99,370.568
2,2026-02-15 17:40:00,116.55,8.428,974.46,0.99,59.93,370.731
2,2026-02-15 17:50:00,117.53,8.497,990.72,0.99,59.93,370.896
2,2026-02-15 18:00:00,117.3,8.477,986.06,0.99,59.98,371.061
2,2026-02-15 18:10:00,115.28,8.061,921.43,0.99,59.96,371.215
2,2026-02-15 18:20:00,113.5,8.002,900.45,0.99,59.93,371.366
2,2026-02-15 18:30:00,114.79,8.071,919.08,0.99,59.94,371.52
2,2026-02-15 18:40:00,116.51,4.795,531.32,0.893,59.96,371.606
2,2026-02-15 18:50:00,114.93,8.274,938.73,0.988,59.97,371.764
2,2026-02-15 19:00:00,113.69,7.888,888.1,0.99,59.97,371.912
2,2026-02-15 19:10:00,114.28,8.114,918.95,0.99,59.95,372.066
2,2026-02-15 19:20:00,115.957,7.733,887.586,0.987,59.943,372.217
2,2026-02-15 19:30:00,115.86,4.962,560.74,0.978,59.97,372.311
2,2026-02-15 19:40:00,115.18,4.821,541.5,0.975,59.98,372.401
2,2026-02-15 19:50:00,116.55,2.047,192.79,0.781,59.98,372.436
2,2026-02-15 20:00:00,117.64,1.838,172.58,0.799,59.95,372.466
2,2026-02-15 20:10:00,115.86,1.842,172.57,0.808,59.97,372.495
2,2026-02-15 20:20:00,116.03,1.813,169.94,0.808,59.98,372.523
2,2026-02-15 20:30:00,116.65,1.704,155.79,0.785,59.96,372.55
2,2026-02-15 20:40:00,115.37,1.59,138.32,0.752,59.96,372.573
2,2026-02-15 20:50:00,116.32,1.541,135.75,0.756,59.95,372.596
2,2026-02-15 21:00:00,116.88,1.5,132.64,0.755,59.99,372.619
2,2026-02-15 21:10:00,116.11,1.52,135.0,0.764,59.93,372.641
2,2026-02-15 21:20:00,117.42,1.487,133.59,0.761,59.96,372.663
2,2026-02-15 21:30:00,116.18,0.618,51.49,0.715,59.97,372.672
2,2026-02-15 21:40:00,116.61,0.489,37.82,0.66,59.93,372.678
2,2026-02-15 21:50:00,115.7,0.468,34.956,0.647,59.956,372.684
2,2026-02-15 22:00:00,115.21,0.473,35.36,0.649,59.95,372.69
2,2026-02-15 22:10:00,113.48,6.24,704.74,0.965,59.97,372.806
2,2026-02-15 22:20:00,114.11,6.917,788.23,1.0,59.94,372.937
2,2026-02-15 22:30:00,114.48,4.268,476.08,0.845,59.97,373.021
2,2026-02-15 22:40:00,117.15,0.436,32.07,0.625,59.98,373.026
2,2026-02-15 22:50:00,117.12,0.419,29.64,0.604,59.95,373.031
2,2026-02-15 23:00:00,116.85,0.431,30.89,0.611,59.96,373.036
2,2026-02-15 23:10:00,115.68,0.416,29.38,0.61,59.95,373.041
2,2026-02-15 23:20:00,116.05,0.414,29.35,0.61,59.96,373.046
2,2026-02-15 23:30:00,117.33,0.414,29.57,0.609,59.93,373.051
2,2026-02-15 23:40:00,117.75,0.456,33.3,0.615,59.96,373.057
2,2026-02-15 23:50:00,117.5,0.464,34.03,0.622,59.96,373.062
2,2026-02-16 00:00:00,116.77,0.431,30.9,0.613,59.96,373.067
2,2026-02-16 00:10:00,117.23,0.414,29.51,0.609,59.98,373.072
2,2026-02-16 00:20:00,116.91,0.412,29.44,0.61,59.94,373.077
2,2026-02-16 00:30:00,118.85,0.413,29.69,0.604,59.94,373.082
2,2026-02-16 00:40:00,118.688,0.421,29.65,0.595,59.95,373.087
2,2026-02-16 00:50:00,117.93,0.422,29.57,0.594,59.97,373.092
2,2026-02-16 01:00:00,116.45,0.417,29.44,0.606,59.95,373.097
2,2026-02-16 01:10:00,116.475,0.414,29.45,0.61,59.975,373.102
2,2026-02-16 01:20:00,117.4,0.415,29.47,0.605,59.97,373.107
2,2026-02-16 01:30:00,118.48,0.422,29.53,0.591,59.93,373.112
2,2026-02-16 01:40:00,120.0,0.421,29.73,0.589,59.96,373.117
2,2026-02-16 01:50:00,118.98,0.413,29.6,0.602,59.96,373.122
2,2026-02-16 02:00:00,118.23,0.413,29.54,0.606,59.95,373.126
2,2026-02-16 02:10:00,117.35,0.416,29.43,0.601,60.0,373.131
2,2026-02-16 02:20:00,117.15,0.421,29.42,0.593,59.95,373.136
2,2026-02-16 02:30:00,118.52,0.442,31.64,0.599,59.97,373.142
2,2026-02-16 02:40:00,118.7,0.413,29.56,0.602,59.96,373.147
2,2026-02-16 02:50:00,118.65,0.413,29.55,0.602,59.94,373.151
2,2026-02-16 03:00:00,117.89,0.417,29.53,0.6,59.97,373.156
2,2026-02-16 03:10:00,117.82,0.418,29.44,0.596,59.98,373.161
2,2026-02-16 03:20:00,118.31,0.42,29.5,0.593,59.93,373.166
2,2026-02-16 03:30:00,118.26,0.45,33.4,0.627,59.95,373.172
2,2026-02-16 03:40:00,119.03,0.462,35.06,0.64,59.93,373.178
2,2026-02-16 03:50:00,118.83,0.462,35.02,0.64,59.98,373.184
2,2026-02-16 04:00:00,117.78,0.466,34.82,0.636,59.97,373.189
2,2026-02-16 04:10:00,116.78,0.469,34.87,0.64,59.95,373.195
2,2026-02-16 04:20:00,116.87,0.463,34.86,0.644,59.94,373.201
2,2026-02-16 04:30:00,116.48,0.462,34.85,0.649,59.97,373.207
2,2026-02-16 04:40:00,118.81,0.461,34.99,0.64,59.96,373.213
2,2026-02-16 04:50:00,118.82,0.467,34.95,0.633,59.98,373.218
2,2026-02-16 05:00:00,117.12,0.475,34.89,0.628,59.95,373.224
2,2026-02-16 05:10:00,116.42,0.466,34.82,0.641,59.94,373.23
2,2026-02-16 05:20:00,115.8,0.464,34.74,0.649,59.95,373.236
2,2026-02-16 05:30:00,115.9,0.487,36.78,0.647,59.99,373.242
2,2026-02-16 05:40:00,117.76,0.499,37.83,0.64,59.98,373.249
2,2026-02-16 05:50:00,118.77,0.456,33.72,0.617,59.95,373.254
2,2026-02-16 06:00:00,118.45,0.433,31.63,0.614,59.92,373.259
2,2026-02-16 06:10:00,116.96,0.423,30.01,0.606,59.98,373.265
2,2026-02-16 06:20:00,116.22,0.438,31.25,0.613,59.94,373.27
2,2026-02-16 06:30:00,117.34,0.417,29.54,0.602,59.97,373.275
2,2026-02-16 06:40:00,118.55,0.415,29.58,0.602,59.97,373.28
2,2026-02-16 06:50:00,117.57,0.413,29.64,0.61,59.96,373.284
2,2026-02-16 07:00:00,117.41,0.412,29.5,0.61,59.96,373.289
2,2026-02-16 07:10:00,115.83,0.416,29.32,0.609,59.98,373.294
2,2026-02-16 07:20:00,116.25,0.472,34.28,0.617,59.94,373.3
2,2026-02-16 07:30:00,116.63,1.182,94.03,0.68,59.96,373.316
2,2026-02-16 07:40:00,116.42,1.478,128.11,0.74,59.97,373.337
2,2026-02-16 07:50:00,115.82,1.297,104.67,0.697,59.97,373.355
2,2026-02-16 08:00:00,115.75,1.626,150.98,0.796,59.96,373.381
2,2026-02-16 08:10:00,114.64,1.707,156.67,0.801,59.96,373.407
2,2026-02-16 08:20:00,116.27,2.384,225.76,0.815,59.96,373.445
2,2026-02-16 08:30:00,117.2,2.295,220.13,0.819,59.93,373.482
2,2026-02-16 08:40:00,116.09,2.193,210.54,0.827,59.96,373.517
2,2026-02-16 08:50:00,112.94,2.119,198.03,0.827,59.98,373.55
2,2026-02-16 09:00:00,113.86,2.241,216.45,0.852,59.97,373.587
2,2026-02-16 09:10:00,115.88,2.823,271.48,0.84,59.96,373.631
2,2026-02-16 09:20:00,120.49,1.708,167.11,0.807,59.95,373.659
2,2026-02-16 09:30:00,117.71,1.551,143.66,0.79,59.93,373.684
2,2026-02-16 09:40:00,115.83,1.485,129.2,0.756,59.94,373.706
2,2026-02-16 09:50:00,116.75,1.493,131.98,0.76,59.98,373.727
2,2026-02-16 10:00:00,117.0,1.417,118.43,0.721,59.97,373.746
2,2026-02-16 10:10:00,116.41,1.562,124.89,0.681,59.96,373.768
2,2026-02-16 10:20:00,115.93,1.081,80.0,0.636,59.94,373.782
2,2026-02-16 10:30:00,116.13,1.489,136.22,0.784,59.96,373.803
2,2026-02-16 10:40:00,117.744,1.542,145.8,0.802,59.967,373.827
2,2026-02-16 10:50:00,115.64,1.419,130.33,0.79,59.98,373.849
2,2026-02-16 11:00:00,113.18,1.24,104.3,0.744,59.97,373.867
2,2026-02-16 11:10:00,114.18,1.596,122.65,0.674,59.97,373.887
2,2026-02-16 11:20:00,116.83,1.626,129.61,0.688,59.94,373.91
2,2026-02-16 11:30:00,118.13,1.454,115.39,0.669,59.93,373.927
2,2026-02-16 11:40:00,117.03,1.607,143.63,0.769,59.99,373.95
2,2026-02-16 11:50:00,117.5,1.959,191.07,0.835,59.94,373.98
2,2026-02-16 12:00:00,116.08,1.849,176.77,0.826,59.96,374.009
2,2026-02-16 12:10:00,115.98,2.007,194.07,0.839,59.96,374.041
2,2026-02-16 12:20:00,116.33,1.985,187.62,0.815,59.95,374.073
2,2026-02-16 12:30:00,116.38,1.471,134.33,0.782,59.95,374.096
2,2026-02-16 12:40:00,118.39,1.323,117.23,0.748,59.98,374.116
2,2026-02-16 12:50:00,119.44,1.121,92.27,0.687,59.98,374.132
2,2026-02-16 13:00:00,119.82,1.011,83.37,0.689,59.94,374.146
2,2026-02-16 13:10:00,118.0,0.977,78.76,0.682,59.95,374.159
2,2026-02-16 13:20:00,118.19,0.918,72.21,0.665,59.94,374.171
2,2026-02-16 13:30:00,118.24,0.873,68.05,0.659,59.98,374.182
2,2026-02-16 13:40:00,118.83,0.876,65.59,0.63,59.96,374.193
2,2026-02-16 13:50:00,118.32,0.882,65.27,0.625,59.96,374.204
2,2026-02-16 14:00:00,117.81,1.171,94.43,0.682,59.96,374.22
2,2026-02-16 14:10:00,118.39,1.262,112.06,0.736,59.97,374.238
2,2026-02-16 14:20:00,118.09,1.505,146.21,0.823,59.95,374.262
2,2026-02-16 14:30:00,117.09,1.565,148.83,0.813,59.97,374.287
2,2026-02-16 14:40:00,117.58,1.557,151.12,0.828,59.97,374.311
2,2026-02-16 14:50:00,117.42,1.644,159.05,0.824,59.96,374.338
2,2026-02-16 15:00:00,117.01,1.573,148.58,0.808,59.96,374.363
2,2026-02-16 15:10:00,117.14,1.371,119.18,0.73,59.98,374.383
2,2026-02-16 15:20:00,118.0,1.262,100.767,0.674,59.944,374.398
2,2026-02-16 15:30:00,116.278,1.424,116.556,0.703,59.967,374.419
2,2026-02-16 15:40:00,117.61,1.342,108.53,0.685,59.97,374.436
2,2026-02-16 15:50:00,117.99,1.372,113.03,0.697,59.97,374.455
2,2026-02-16 16:00:00,118.16,1.287,101.65,0.667,59.94,374.473
2,2026-02-16 16:10:00,119.38,1.299,105.58,0.681,59.97,374.49
2,2026-02-16 16:20:00,118.5,1.152,92.48,0.677,59.99,374.506
2,2026-02-16 16:30:00,119.73,1.1,87.53,0.663,59.96,374.521
2,2026-02-16 16:40:00,118.01,1.174,92.12,0.664,59.95,374.536
2,2026-02-16 16:50:00,118.27,1.148,89.82,0.659,59.97,374.551
2,2026-02-16 17:00:00,118.1,1.143,88.88,0.657,59.98,374.566
2,2026-02-16 17:10:00,117.9,1.352,119.0,0.734,59.97,374.586
2,2026-02-16 17:20:00,117.32,1.599,151.79,0.809,59.94,374.611
2,2026-02-16 17:30:00,118.58,1.585,151.2,0.803,59.96,374.636
2,2026-02-16 17:40:00,120.49,1.56,150.58,0.801,59.97,374.662
2,2026-02-16 17:50:00,120.73,1.612,157.0,0.807,59.95,374.687
2,2026-02-16 18:00:00,119.59,1.797,179.65,0.835,59.98,374.716
2,2026-02-16 18:10:00,117.41,2.109,209.48,0.846,59.93,374.751
2,2026-02-16 18:20:00,117.39,2.073,206.63,0.849,59.98,374.787
2,2026-02-16 18:30:00,115.46,2.229,218.08,0.849,59.97,374.823
2,2026-02-16 18:40:00,116.67,2.249,223.62,0.853,59.97,374.86
2,2026-02-16 18:50:00,118.72,1.962,195.86,0.84,59.98,374.894
2,2026-02-16 19:00:00,120.01,1.592,143.52,0.749,59.98,374.918
2,2026-02-16 19:10:00,119.13,1.407,121.94,0.728,59.95,374.938
2,2026-02-16 19:20:00,117.06,2.132,214.98,0.836,59.95,374.975
2,2026-02-16 19:30:00,116.36,1.992,194.01,0.823,59.97,375.008
2,2026-02-16 19:40:00,117.07,1.727,160.76,0.795,59.96,375.035
2,2026-02-16 19:50:00,118.25,2.088,192.58,0.781,59.96,375.066
2,2026-02-16 20:00:00,119.33,2.311,212.98,0.772,59.97,375.102
2,2026-02-16 20:10:00,118.24,2.3,210.31,0.772,59.93,375.137
2,2026-02-16 20:20:00,118.371,2.297,210.514,0.774,59.986,375.165
2,2026-02-16 20:30:00,117.56,2.149,186.77,0.741,59.99,375.203
2,2026-02-16 20:40:00,118.32,2.084,179.5,0.727,59.93,375.234
2,2026-02-16 20:50:00,118.27,2.11,180.12,0.723,59.93,375.264
2,2026-02-16 21:00:00,117.91,2.05,177.58,0.734,59.94,375.294
2,2026-02-16 21:10:00,117.12,2.063,179.06,0.74,59.94,375.323
2,2026-02-16 21:20:00,117.37,5.617,634.54,0.904,59.97,375.417
2,2026-02-16 21:30:00,117.05,8.585,945.53,0.952,59.94,375.574
2,2026-02-16 21:40:00,115.338,7.54,866.6,1.0,59.938,375.719
2,2026-02-16 21:50:00,115.66,7.348,847.25,1.0,59.96,375.861
2,2026-02-16 22:00:00,117.711,7.461,875.589,1.0,59.922,376.007
2,2026-02-16 22:10:00,116.05,7.371,852.31,1.0,59.95,376.149
2,2026-02-16 22:20:00,117.25,7.436,868.94,1.0,59.98,376.294
2,2026-02-16 22:30:00,118.15,6.089,709.79,0.945,59.96,376.416
2,2026-02-16 22:40:00,119.58,0.626,51.33,0.656,59.97,376.424
2,2026-02-16 22:50:00,116.21,0.359,21.58,0.51,59.95,376.428
2,2026-02-16 23:00:00,116.65,0.362,21.13,0.498,59.95,376.432
2,2026-02-16 23:10:00,116.41,0.397,25.16,0.533,59.97,376.436
2,2026-02-16 23:20:00,119.33,0.345,19.94,0.485,59.98,376.439
2,2026-02-16 23:30:00,119.6,0.385,24.45,0.522,59.94,376.443
2,2026-02-16 23:40:00,119.78,0.375,23.47,0.514,59.95,376.447
2,2026-02-16 23:50:00,117.05,0.349,19.78,0.486,59.97,376.45
2,2026-02-17 00:00:00,116.56,0.35,19.76,0.484,59.94,376.453
2,2026-02-17 00:10:00,117.45,0.343,19.73,0.49,59.95,376.457
2,2026-02-17 00:20:00,118.61,0.342,19.78,0.488,59.94,376.46
2,2026-02-17 00:30:00,118.7,0.359,21.36,0.497,59.95,376.463
2,2026-02-17 00:40:00,117.36,0.345,19.84,0.49,59.97,376.467
2,2026-02-17 00:50:00,118.1,0.34,19.8,0.493,59.944,376.47
2,2026-02-17 01:00:00,117.822,0.34,19.756,0.49,59.944,376.473
2,2026-02-17 01:10:00,118.36,0.341,19.87,0.492,59.95,376.477
2,2026-02-17 01:20:00,118.82,0.347,19.77,0.481,59.95,376.48
2,2026-02-17 01:30:00,119.45,0.349,19.94,0.48,59.94,376.483
2,2026-02-17 01:40:00,119.14,0.342,19.8,0.488,59.95,376.487
2,2026-02-17 01:50:00,119.43,0.339,19.84,0.492,59.97,376.49
2,2026-02-17 02:00:00,117.28,0.34,19.68,0.494,59.93,376.493
2,2026-02-17 02:10:00,117.48,0.361,21.1,0.493,59.97,376.497
2,2026-02-17 02:20:00,118.36,0.341,19.75,0.491,59.96,376.5
2,2026-02-17 02:30:00,119.17,0.336,19.87,0.497,59.96,376.503
2,2026-02-17 02:40:00,119.25,0.334,19.88,0.5,59.95,376.507
2,2026-02-17 02:50:00,119.03,0.337,19.81,0.495,59.94,376.51
2,2026-02-17 03:00:00,119.04,0.339,19.7,0.489,59.97,376.513
2,2026-02-17 03:10:00,117.96,0.337,19.74,0.497,59.97,376.517
2,2026-02-17 03:20:00,118.38,0.337,19.76,0.499,59.97,376.52
2,2026-02-17 03:30:00,119.02,0.368,23.54,0.534,59.95,376.524
2,2026-02-17 03:40:00,118.66,0.402,27.3,0.567,59.97,376.528
2,2026-02-17 03:50:00,118.6,0.405,27.812,0.575,59.988,376.534
2,2026-02-17 04:00:00,118.49,0.377,25.25,0.565,59.95,376.538
2,2026-02-17 04:10:00,117.825,0.382,25.65,0.571,59.925,376.542
2,2026-02-17 04:20:00,118.49,0.38,25.27,0.561,59.95,376.546
2,2026-02-17 04:30:00,118.57,0.381,25.26,0.56,59.97,376.55
2,2026-02-17 04:40:00,118.17,0.376,25.21,0.567,59.98,376.555
2,2026-02-17 04:50:00,118.32,0.376,25.13,0.565,59.98,376.559
2,2026-02-17 05:00:00,118.21,0.4,27.19,0.57,59.94,376.563
2,2026-02-17 05:10:00,116.9,0.391,25.07,0.549,59.95,376.568
2,2026-02-17 05:20:00,118.3,0.381,25.14,0.557,59.96,376.572
2,2026-02-17 05:30:00,118.24,0.382,25.2,0.559,59.95,376.576
2,2026-02-17 05:40:00,117.31,0.375,23.96,0.545,59.93,376.58
2,2026-02-17 05:50:00,117.93,0.344,19.62,0.483,59.98,376.583
2,2026-02-17 06:00:00,118.11,0.342,19.65,0.486,59.93,376.587
2,2026-02-17 06:10:00,119.47,0.339,19.82,0.489,59.98,376.59
2,2026-02-17 06:20:00,118.43,0.336,19.75,0.497,59.99,376.593
2,2026-02-17 06:30:00,118.85,0.337,19.77,0.493,59.96,376.597
2,2026-02-17 06:40:00,118.61,0.339,19.91,0.495,59.97,376.6
2,2026-02-17 06:50:00,118.76,0.332,19.71,0.497,59.95,376.603
2,2026-02-17 07:00:00,118.79,0.331,19.78,0.501,59.96,376.607
2,2026-02-17 07:10:00,118.45,0.333,19.65,0.499,59.94,376.61
2,2026-02-17 07:20:00,117.68,0.363,22.8,0.528,59.92,376.614
2,2026-02-17 07:30:00,117.08,0.645,48.6,0.642,59.97,376.622
2,2026-02-17 07:40:00,118.52,0.661,55.1,0.697,59.97,376.631
2,2026-02-17 07:50:00,117.85,0.587,54.83,0.795,59.96,376.64
2,2026-02-17 08:00:00,117.09,0.534,49.61,0.794,59.93,376.648
2,2026-02-17 08:10:00,116.8,0.533,49.57,0.796,59.94,376.656
2,2026-02-17 08:20:00,116.42,0.636,58.66,0.797,59.94,376.666
2,2026-02-17 08:30:00,115.99,1.184,101.65,0.751,59.94,376.684
2,2026-02-17 08:40:00,116.66,0.815,80.26,0.854,59.96,376.698
2,2026-02-17 08:50:00,117.9,0.729,69.4,0.814,59.94,376.71
2,2026-02-17 09:00:00,116.98,1.115,104.23,0.822,59.98,376.726
2,2026-02-17 09:10:00,118.37,0.9,83.4,0.795,59.92,376.739
2,2026-02-17 09:20:00,116.5,0.851,82.88,0.827,59.94,376.754
2,2026-02-17 09:30:00,116.71,0.602,47.82,0.675,59.94,376.762
2,2026-02-17 09:40:00,115.82,0.962,80.32,0.749,59.96,376.773
2,2026-02-17 09:50:00,114.83,0.818,60.17,0.599,59.95,376.784
2,2026-02-17 10:00:00,115.54,0.394,24.21,0.531,59.95,376.788
2,2026-02-17 10:10:00,115.8,0.383,23.66,0.533,59.95,376.792
2,2026-02-17 10:20:00,115.39,0.368,22.77,0.536,59.98,376.796
2,2026-02-17 10:30:00,114.56,2.15,205.71,0.667,59.96,376.828
2,2026-02-17 10:40:00,114.24,0.354,20.96,0.518,59.98,376.832
2,2026-02-17 10:50:00,114.85,0.356,20.92,0.513,59.99,376.835
2,2026-02-17 11:00:00,115.9,0.344,20.6,0.516,59.94,376.838
2,2026-02-17 11:10:00,116.19,1.438,143.09,0.602,59.95,376.852
2,2026-02-17 11:20:00,116.74,0.341,20.08,0.506,59.98,376.856
2,2026-02-17 11:30:00,114.27,0.341,19.86,0.51,59.94,376.859
2,2026-02-17 11:40:00,114.25,0.341,19.85,0.51,59.98,376.862
2,2026-02-17 11:50:00,115.07,0.34,19.96,0.511,60.0,376.866
2,2026-02-17 12:00:00,114.48,0.345,19.96,0.506,59.96,376.869
2,2026-02-17 12:10:00,115.42,0.344,19.84,0.5,59.95,376.872
2,2026-02-17 12:20:00,114.3,0.34,19.55,0.503,59.97,376.876
2,2026-02-17 12:30:00,115.14,0.339,19.58,0.503,59.95,376.879
2,2026-02-17 12:40:00,115.05,0.332,19.62,0.514,59.93,376.882
2,2026-02-17 12:50:00,116.09,0.657,47.75,0.567,59.95,376.888
2,2026-02-17 13:00:00,116.51,0.333,19.9,0.514,59.96,376.891
2,2026-02-17 13:10:00,116.31,0.333,19.7,0.51,59.96,376.895
2,2026-02-17 13:20:00,116.86,0.333,19.74,0.508,59.94,376.898
2,2026-02-17 13:30:00,115.8,0.352,20.057,0.494,59.986,376.901
2,2026-02-17 13:40:00,115.42,0.352,19.83,0.489,59.98,376.905
2,2026-02-17 13:50:00,116.34,0.333,19.61,0.506,59.97,376.908
2,2026-02-17 14:00:00,117.23,0.333,19.78,0.51,59.95,376.911
2,2026-02-17 14:10:00,116.31,0.338,20.26,0.515,59.95,376.914
2,2026-02-17 14:20:00,116.74,0.335,19.87,0.506,59.96,376.918
2,2026-02-17 14:30:00,116.41,0.336,19.9,0.509,59.93,376.921
2,2026-02-17 14:40:00,115.63,1.196,94.95,0.687,59.93,376.936
2,2026-02-17 14:50:00,116.04,1.092,85.47,0.674,59.97,376.95
2,2026-02-17 15:00:00,114.1,1.123,86.2,0.671,59.99,376.965
2,2026-02-17 15:10:00,114.97,1.074,81.34,0.659,59.94,376.979
2,2026-02-17 15:20:00,115.39,1.064,79.41,0.646,59.94,376.993
2,2026-02-17 15:30:00,115.53,1.046,78.73,0.652,59.97,377.006
2,2026-02-17 15:40:00,116.34,1.051,80.79,0.661,59.91,377.02
2,2026-02-17 15:50:00,115.71,1.105,86.35,0.675,59.96,377.034
2,2026-02-17 16:00:00,115.66,1.379,123.94,0.764,59.95,377.055
2,2026-02-17 16:10:00,115.4,1.537,146.22,0.826,59.97,377.079
2,2026-02-17 16:20:00,115.2,3.912,427.362,0.886,59.975,377.15
2,2026-02-17 16:30:00,114.9,7.926,905.244,0.99,59.933,377.286
2,2026-02-17 16:40:00,115.8,7.925,912.556,0.991,59.944,377.454
2,2026-02-17 16:50:00,114.51,7.978,907.28,0.99,59.96,377.606
2,2026-02-17 17:00:00,111.78,8.019,889.45,0.99,59.99,377.755
2,2026-02-17 17:10:00,110.75,8.236,906.0,0.991,59.97,377.908
2,2026-02-17 17:20:00,108.84,8.069,873.06,0.989,59.96,378.054
2,2026-02-17 17:30:00,113.68,8.192,924.07,0.99,59.93,378.211
2,2026-02-17 17:40:00,115.15,8.254,943.61,0.99,59.94,378.369
2,2026-02-17 17:50:00,115.17,8.336,952.75,0.99,59.96,378.528
2,2026-02-17 18:00:00,112.37,6.941,759.01,0.953,59.98,378.658
2,2026-02-17 18:10:00,117.44,2.033,198.33,0.831,59.97,378.691
2,2026-02-17 18:20:00,116.81,2.044,199.08,0.833,59.93,378.724
2,2026-02-17 18:30:00,114.55,2.148,203.21,0.825,59.96,378.758
2,2026-02-17 18:40:00,115.0,2.206,207.28,0.817,59.93,378.793
2,2026-02-17 18:50:00,116.46,1.97,175.13,0.761,59.95,378.822
2,2026-02-17 19:00:00,116.638,1.87,161.425,0.739,59.975,378.844
2,2026-02-17 19:10:00,116.87,1.973,181.24,0.785,59.95,378.879
2,2026-02-17 19:20:00,115.056,1.82,167.522,0.799,59.989,378.905
2,2026-02-17 19:30:00,115.333,1.611,147.683,0.795,59.9,378.93
2,2026-02-17 19:40:00,116.4,1.566,144.5,0.794,59.944,378.957
2,2026-02-17 19:50:00,116.61,1.541,142.32,0.793,59.97,378.98
2,2026-02-17 20:00:00,116.238,1.456,131.562,0.775,59.988,379.002
2,2026-02-17 20:10:00,115.87,1.589,142.5,0.77,59.96,379.026
2,2026-02-17 20:20:00,117.55,1.646,145.67,0.753,59.95,379.05
2,2026-02-17 20:30:00,116.7,1.82,158.09,0.745,59.95,379.076
2,2026-02-17 20:40:00,117.73,1.655,141.74,0.728,59.97,379.101
2,2026-02-17 20:50:00,118.15,1.59,142.34,0.757,59.93,379.124
2,2026-02-17 21:00:00,118.27,1.493,134.01,0.758,59.95,379.147
2,2026-02-17 21:10:00,117.54,1.566,143.0,0.775,59.96,379.171
2,2026-02-17 21:20:00,118.18,1.431,126.68,0.75,59.96,379.191
2,2026-02-17 21:30:00,118.78,0.882,76.71,0.72,59.98,379.205
2,2026-02-17 21:40:00,117.62,6.453,755.15,0.966,59.98,379.329
2,2026-02-17 21:50:00,116.33,6.375,736.96,0.967,59.98,379.453
2,2026-02-17 22:00:00,117.75,0.477,36.61,0.651,59.99,379.459
2,2026-02-17 22:10:00,118.93,0.422,30.43,0.601,59.94,379.464
2,2026-02-17 22:20:00,118.77,0.39,26.69,0.575,59.96,379.469
2,2026-02-17 22:30:00,117.67,0.38,24.34,0.538,59.96,379.473
2,2026-02-17 22:40:00,118.138,0.348,20.362,0.492,59.95,379.477
2,2026-02-17 22:50:00,118.86,0.366,21.92,0.5,59.95,379.481
2,2026-02-17 23:00:00,119.67,0.356,21.48,0.5,59.96,379.484
2,2026-02-17 23:10:00,117.412,0.337,19.812,0.5,59.938,379.487
2,2026-02-17 23:20:00,117.888,0.339,19.875,0.5,59.938,379.491
2,2026-02-17 23:30:00,117.78,0.344,20.15,0.499,59.96,379.494
2,2026-02-17 23:40:00,118.2,0.339,19.8,0.493,59.94,379.497
2,2026-02-17 23:50:00,117.4,0.347,19.79,0.484,59.98,379.501
2,2026-02-18 00:00:00,118.13,0.342,19.84,0.49,59.98,379.504
2,2026-02-18 00:10:00,117.925,0.336,19.762,0.499,59.938,379.507
2,2026-02-18 00:20:00,118.07,0.336,19.76,0.499,59.96,379.511
2,2026-02-18 00:30:00,118.27,0.359,21.86,0.507,59.98,379.514
2,2026-02-18 00:40:00,118.74,0.346,19.86,0.483,59.99,379.518
2,2026-02-18 00:50:00,117.8,0.35,19.94,0.483,59.96,379.521
2,2026-02-18 01:00:00,118.94,0.346,20.45,0.496,59.96,379.525
2,2026-02-18 01:10:00,118.53,0.337,19.83,0.494,59.96,379.528
2,2026-02-18 01:20:00,117.89,0.335,19.73,0.499,59.93,379.531
2,2026-02-18 01:30:00,118.31,0.336,19.8,0.498,59.95,379.534
2,2026-02-18 01:40:00,118.51,0.338,19.85,0.494,59.98,379.538
2,2026-02-18 01:50:00,117.93,0.333,19.77,0.504,59.96,379.541
2,2026-02-18 02:00:00,118.62,0.335,19.81,0.5,59.98,379.544
2,2026-02-18 02:10:00,118.44,0.335,19.86,0.5,59.96,379.548
2,2026-02-18 02:20:00,118.15,0.34,19.9,0.495,59.93,379.551
2,2026-02-18 02:30:00,118.27,0.36,22.3,0.518,59.99,379.555
2,2026-02-18 02:40:00,118.2,0.368,23.83,0.535,59.96,379.559
2,2026-02-18 02:50:00,117.75,0.334,19.71,0.501,59.97,379.562
2,2026-02-18 03:00:00,118.86,0.339,19.87,0.491,59.92,379.566
2,2026-02-18 03:10:00,118.61,0.343,19.9,0.49,59.97,379.569
2,2026-02-18 03:20:00,118.41,0.335,19.79,0.499,59.98,379.572
2,2026-02-18 03:30:00,119.29,0.364,23.61,0.541,59.96,379.576
2,2026-02-18 03:40:00,118.53,0.38,25.29,0.56,59.92,379.58
2,2026-02-18 03:50:00,117.68,0.389,25.67,0.561,59.94,379.584
2,2026-02-18 04:00:00,118.43,0.387,25.72,0.561,59.97,379.589
2,2026-02-18 04:10:00,118.28,0.38,25.27,0.562,59.95,379.593
2,2026-02-18 04:20:00,117.97,0.382,25.37,0.561,59.94,379.597
2,2026-02-18 04:30:00,118.21,0.381,25.24,0.56,59.97,379.601
2,2026-02-18 04:40:00,117.93,0.382,25.15,0.559,59.93,379.606
2,2026-02-18 04:50:00,116.6,0.38,25.1,0.566,59.93,379.61
2,2026-02-18 05:00:00,117.45,0.379,25.17,0.566,59.95,379.614
2,2026-02-18 05:10:00,117.0,0.39,25.12,0.55,59.96,379.618
2,2026-02-18 05:20:00,115.85,0.397,25.35,0.554,59.97,379.623
2,2026-02-18 05:30:00,115.49,0.392,25.5,0.562,59.93,379.627
2,2026-02-18 05:40:00,115.32,0.578,49.96,0.727,59.93,379.635
2,2026-02-18 05:50:00,115.02,0.574,50.39,0.744,59.95,379.644
2,2026-02-18 06:00:00,115.47,0.343,19.64,0.498,59.94,379.647
2,2026-02-18 06:10:00,116.06,0.347,19.72,0.487,59.93,379.65
2,2026-02-18 06:20:00,114.43,0.796,57.98,0.58,59.98,379.658
2,2026-02-18 06:30:00,114.962,1.74,147.875,0.738,59.975,379.682
2,2026-02-18 06:40:00,115.29,1.883,163.92,0.756,59.96,379.708
2,2026-02-18 06:50:00,114.89,1.631,132.96,0.708,59.94,379.73
2,2026-02-18 07:00:00,113.85,1.446,109.09,0.662,59.95,379.749
2,2026-02-18 07:10:00,113.07,1.342,100.58,0.664,59.96,379.766
2,2026-02-18 07:20:00,115.16,1.252,94.87,0.66,59.95,379.782
2,2026-02-18 07:30:00,115.32,1.821,166.5,0.692,59.91,379.807
2,2026-02-18 07:40:00,116.71,7.521,871.74,0.99,59.95,379.953
2,2026-02-18 07:50:00,117.04,1.118,84.13,0.642,59.94,379.97
2,2026-02-18 08:00:00,114.21,1.285,109.2,0.743,59.96,379.989
2,2026-02-18 08:10:00,115.55,1.261,108.96,0.748,59.93,380.007
2,2026-02-18 08:20:00,115.88,1.321,112.48,0.736,59.98,380.025
2,2026-02-18 08:30:00,114.84,1.441,125.37,0.752,59.96,380.045
2,2026-02-18 08:40:00,114.06,1.784,164.88,0.808,59.95,380.073
2,2026-02-18 08:50:00,113.97,1.425,120.94,0.744,59.96,380.094
2,2026-02-18 09:00:00,115.35,1.291,110.43,0.741,59.97,380.112
2,2026-02-18 09:10:00,115.06,1.32,116.02,0.763,59.96,380.132
2,2026-02-18 09:20:00,115.71,1.253,111.51,0.768,59.94,380.151
2,2026-02-18 09:30:00,115.07,1.237,107.88,0.757,59.95,380.169
2,2026-02-18 09:40:00,114.27,1.241,107.83,0.758,59.97,380.188
2,2026-02-18 09:50:00,112.13,1.218,101.63,0.743,59.97,380.205
2,2026-02-18 10:00:00,112.38,1.267,107.3,0.752,59.94,380.223
2,2026-02-18 10:10:00,114.52,1.311,112.32,0.749,59.95,380.242
2,2026-02-18 10:20:00,115.61,1.25,108.48,0.749,59.97,380.26
2,2026-02-18 10:30:00,112.98,1.358,115.18,0.751,59.99,380.279
2,2026-02-18 10:40:00,112.15,1.312,109.16,0.742,59.98,380.298
2,2026-02-18 10:50:00,111.53,1.333,109.26,0.735,59.95,380.316
2,2026-02-18 11:00:00,112.6,1.416,122.81,0.77,59.95,380.337
2,2026-02-18 11:10:00,113.73,1.381,120.03,0.766,59.92,380.358
2,2026-02-18 11:20:00,113.35,1.38,120.12,0.768,59.99,380.378
2,2026-02-18 11:30:00,111.68,1.341,112.18,0.747,59.95,380.396
2,2026-02-18 11:40:00,112.1,1.348,113.26,0.75,59.98,380.415
2,2026-02-18 11:50:00,110.91,1.409,119.12,0.762,59.97,380.435
2,2026-02-18 12:00:00,111.7,1.36,113.31,0.746,59.96,380.454
2,2026-02-18 12:10:00,111.55,1.339,111.83,0.749,59.97,380.472
2,2026-02-18 12:20:00,111.78,1.314,111.63,0.76,59.95,380.491
2,2026-02-18 12:30:00,114.06,1.273,109.36,0.752,59.94,380.51
2,2026-02-18 12:40:00,113.68,1.285,110.21,0.754,59.98,380.528
2,2026-02-18 12:50:00,113.66,1.294,108.88,0.741,59.94,380.546
2,2026-02-18 13:00:00,113.3,1.285,107.89,0.741,59.98,380.565
2,2026-02-18 13:10:00,113.71,1.313,111.94,0.749,59.97,380.584
2,2026-02-18 13:20:00,113.11,1.27,104.21,0.726,59.97,380.601
2,2026-02-18 13:30:00,114.075,1.249,102.925,0.721,59.975,380.618
2,2026-02-18 13:40:00,113.79,1.227,101.64,0.728,59.97,380.635
2,2026-02-18 13:50:00,114.66,1.21,100.01,0.721,59.99,380.652
2,2026-02-18 14:00:00,115.38,1.252,106.79,0.739,59.94,380.67
2,2026-02-18 14:10:00,113.62,1.252,104.4,0.735,59.94,380.688
2,2026-02-18 14:20:00,113.76,1.297,110.02,0.745,59.97,380.706
2,2026-02-18 14:30:00,113.27,1.252,103.67,0.73,59.97,380.723
2,2026-02-18 14:40:00,113.2,1.266,107.2,0.748,59.91,380.741
2,2026-02-18 14:50:00,114.0,1.281,106.88,0.731,59.98,380.76
2,2026-02-18 15:00:00,115.68,1.592,142.66,0.773,59.99,380.784
2,2026-02-18 15:10:00,114.36,1.55,135.83,0.765,59.98,380.807
2,2026-02-18 15:20:00,115.88,1.553,137.94,0.766,59.95,380.831
2,2026-02-18 15:30:00,115.75,1.541,136.06,0.761,59.96,380.854
2,2026-02-18 15:40:00,114.9,1.597,138.76,0.755,59.95,380.877
2,2026-02-18 15:50:00,113.94,1.573,133.15,0.743,59.93,380.899
2,2026-02-18 16:00:00,113.8,1.403,117.56,0.736,59.96,380.92
2,2026-02-18 16:10:00,116.06,1.307,108.77,0.718,59.92,380.938
2,2026-02-18 16:20:00,117.02,1.318,111.63,0.724,59.98,380.957
2,2026-02-18 16:30:00,117.79,1.283,109.17,0.722,59.97,380.976
2,2026-02-18 16:40:00,115.96,1.627,151.61,0.797,59.95,381.0
2,2026-02-18 16:50:00,114.96,1.827,178.49,0.848,59.95,381.029
2,2026-02-18 17:00:00,115.09,2.131,213.13,0.868,59.99,381.064
2,2026-02-18 17:10:00,116.04,2.294,234.82,0.882,59.96,381.103
2,2026-02-18 17:20:00,117.33,2.269,233.79,0.879,59.94,381.142
2,2026-02-18 17:30:00,116.97,2.2,226.1,0.878,59.97,381.18
2,2026-02-18 17:40:00,117.6,1.8,174.92,0.826,59.96,381.209
2,2026-02-18 17:50:00,115.76,1.826,174.14,0.823,59.97,381.238
2,2026-02-18 18:00:00,116.74,1.977,191.59,0.831,59.99,381.27
2,2026-02-18 18:10:00,118.13,1.745,167.42,0.81,59.92,381.298
2,2026-02-18 18:20:00,116.62,1.531,141.08,0.789,59.97,381.322
2,2026-02-18 18:30:00,115.07,1.483,129.91,0.761,59.93,381.343
2,2026-02-18 18:40:00,114.67,0.544,40.57,0.646,59.98,381.35
2,2026-02-18 18:50:00,116.17,0.522,38.23,0.628,59.94,381.357
2,2026-02-18 19:00:00,116.17,0.485,35.36,0.63,59.96,381.363
2,2026-02-18 19:10:00,114.68,0.517,37.74,0.637,59.94,381.369
2,2026-02-18 19:20:00,114.01,0.52,37.7,0.635,59.94,381.375
2,2026-02-18 19:30:00,114.66,0.485,34.9,0.629,59.93,381.381
2,2026-02-18 19:40:00,115.65,0.48,35.02,0.63,59.97,381.387
2,2026-02-18 19:50:00,117.12,0.478,35.12,0.628,59.94,381.393
2,2026-02-18 20:00:00,117.13,0.489,36.53,0.635,59.96,381.399
2,2026-02-18 20:10:00,115.76,0.612,50.69,0.695,59.96,381.407
2,2026-02-18 20:20:00,116.87,0.804,76.12,0.81,59.96,381.419
2,2026-02-18 20:30:00,118.17,0.807,76.69,0.803,59.95,381.432
2,2026-02-18 20:40:00,119.45,0.696,62.62,0.745,59.95,381.443
2,2026-02-18 20:50:00,117.14,1.487,117.45,0.659,59.96,381.462
2,2026-02-18 21:00:00,117.97,1.88,151.59,0.684,59.97,381.487
2,2026-02-18 21:10:00,118.325,1.421,115.05,0.684,59.975,381.502
2,2026-02-18 21:20:00,119.56,1.637,147.52,0.749,59.95,381.531
2,2026-02-18 21:30:00,119.122,1.741,163.922,0.791,59.967,381.559
2,2026-02-18 21:40:00,117.75,2.042,202.15,0.784,59.97,381.593
2,2026-02-18 21:50:00,115.07,7.35,842.79,1.0,59.94,381.734
2,2026-02-18 22:00:00,117.1,7.454,870.03,1.0,59.97,381.879
2,2026-02-18 22:10:00,116.17,7.424,859.36,1.0,59.96,382.023
2,2026-02-18 22:20:00,118.33,2.189,234.57,0.797,59.94,382.067
2,2026-02-18 22:30:00,118.38,0.875,76.19,0.735,59.94,382.08
2,2026-02-18 22:40:00,118.77,0.798,68.22,0.721,59.95,382.092
2,2026-02-18 22:50:00,119.26,0.768,65.11,0.71,59.97,382.103
2,2026-02-18 23:00:00,118.61,0.84,71.55,0.72,59.98,382.115
2,2026-02-18 23:10:00,117.85,0.762,64.34,0.72,59.99,382.125
2,2026-02-18 23:20:00,117.17,0.538,41.23,0.642,59.95,382.133
2,2026-02-18 23:30:00,117.62,0.403,25.93,0.54,59.97,382.137
2,2026-02-18 23:40:00,118.68,0.403,25.87,0.525,59.95,382.141
2,2026-02-18 23:50:00,119.45,0.364,22.01,0.5,59.94,382.145
2,2026-02-19 00:00:00,118.88,0.355,21.28,0.501,59.93,382.148
2,2026-02-19 00:10:00,118.99,0.343,19.81,0.486,59.94,382.151
2,2026-02-19 00:20:00,118.79,0.346,19.74,0.48,59.96,382.155
2,2026-02-19 00:30:00,117.76,0.347,19.64,0.48,59.97,382.158
2,2026-02-19 00:40:00,117.73,0.34,19.65,0.491,59.97,382.161
2,2026-02-19 00:50:00,118.5,0.34,19.81,0.491,59.97,382.165
2,2026-02-19 01:00:00,119.46,0.36,21.81,0.502,59.95,382.168
2,2026-02-19 01:10:00,119.44,0.349,19.76,0.475,59.96,382.172
2,2026-02-19 01:20:00,118.42,0.343,19.68,0.484,59.97,382.175
2,2026-02-19 01:30:00,118.26,0.337,19.71,0.494,59.97,382.178
2,2026-02-19 01:40:00,117.78,0.374,23.73,0.525,59.94,382.182
2,2026-02-19 01:50:00,119.22,0.342,19.82,0.485,59.95,382.185
2,2026-02-19 02:00:00,120.23,0.345,20.17,0.487,59.95,382.189
2,2026-02-19 02:10:00,119.09,0.337,19.86,0.495,59.95,382.192
2,2026-02-19 02:20:00,117.84,0.366,22.95,0.522,59.94,382.196
2,2026-02-19 02:30:00,117.77,0.339,19.65,0.49,59.96,382.199
2,2026-02-19 02:40:00,117.65,0.343,19.68,0.488,59.97,382.202
2,2026-02-19 02:50:00,118.63,0.335,19.56,0.492,59.93,382.205
2,2026-02-19 03:00:00,120.15,0.331,19.68,0.493,59.98,382.209
2,2026-02-19 03:10:00,119.712,0.333,19.788,0.5,59.988,382.212
2,2026-02-19 03:20:00,119.59,0.337,19.81,0.493,59.94,382.215
2,2026-02-19 03:30:00,118.1,0.374,23.55,0.53,59.96,382.219
2,2026-02-19 03:40:00,118.78,0.38,25.22,0.56,59.94,382.223
2,2026-02-19 03:50:00,118.57,0.38,25.24,0.56,59.95,382.228
2,2026-02-19 04:00:00,118.92,0.38,25.21,0.557,59.94,382.232
2,2026-02-19 04:10:00,119.04,0.385,25.38,0.552,59.97,382.236
2,2026-02-19 04:20:00,118.6,0.38,25.15,0.557,59.94,382.24
2,2026-02-19 04:30:00,117.64,0.401,27.16,0.572,59.94,382.245
2,2026-02-19 04:40:00,117.06,0.393,25.98,0.563,59.95,382.249
2,2026-02-19 04:50:00,116.9,0.422,28.45,0.574,59.96,382.254
2,2026-02-19 05:00:00,118.23,0.388,25.23,0.55,59.93,382.258
2,2026-02-19 05:10:00,116.51,0.384,25.08,0.56,59.96,382.262
2,2026-02-19 05:20:00,117.75,0.387,25.14,0.55,59.95,382.267
2,2026-02-19 05:30:00,116.53,0.445,32.21,0.608,59.97,382.272
2,2026-02-19 05:40:00,115.38,0.585,54.21,0.803,59.97,382.281
2,2026-02-19 05:50:00,115.32,0.543,48.78,0.779,59.94,382.289
2,2026-02-19 06:00:00,116.09,0.362,21.7,0.509,59.94,382.293
2,2026-02-19 06:10:00,116.36,0.356,20.25,0.489,59.96,382.296
2,2026-02-19 06:20:00,116.71,0.38,23.14,0.508,59.94,382.3
2,2026-02-19 06:30:00,117.16,0.348,20.1,0.493,59.97,382.303
2,2026-02-19 06:40:00,117.35,0.34,19.75,0.494,59.97,382.306
2,2026-02-19 06:50:00,116.32,0.338,19.53,0.494,59.94,382.31
2,2026-02-19 07:00:00,116.5,0.332,19.58,0.505,59.95,382.313
2,2026-02-19 07:10:00,115.77,0.333,19.65,0.51,59.98,382.316
2,2026-02-19 07:20:00,115.24,0.415,31.2,0.621,59.94,382.321
2,2026-02-19 07:30:00,114.38,0.606,56.11,0.808,59.94,382.33
2,2026-02-19 07:40:00,115.07,0.612,57.04,0.809,59.97,382.34
2,2026-02-19 07:50:00,116.16,0.616,57.31,0.802,59.94,382.35
2,2026-02-19 08:00:00,114.73,4.182,462.24,0.897,59.95,382.422
2,2026-02-19 08:10:00,111.78,7.754,858.78,0.99,59.96,382.566
2,2026-02-19 08:20:00,110.96,7.449,818.66,0.99,59.95,382.703
2,2026-02-19 08:30:00,112.61,7.469,834.01,0.99,59.96,382.843
2,2026-02-19 08:40:00,111.69,7.468,826.97,0.99,59.97,382.981
2,2026-02-19 08:50:00,112.55,7.695,857.88,0.99,59.96,383.123
2,2026-02-19 09:00:00,110.61,7.607,833.8,0.99,59.96,383.264
2,2026-02-19 09:10:00,110.62,7.554,828.17,0.99,59.98,383.402
2,2026-02-19 09:20:00,112.17,7.718,858.02,0.99,59.98,383.545
2,2026-02-19 09:30:00,113.02,7.626,855.31,0.99,59.98,383.688
2,2026-02-19 09:40:00,112.52,7.609,849.18,0.99,59.95,383.83
2,2026-02-19 09:50:00,112.99,7.591,851.25,0.99,59.95,383.973
2,2026-02-19 10:00:00,112.53,7.647,853.73,0.99,59.95,384.116
2,2026-02-19 10:10:00,113.09,7.559,848.52,0.99,59.94,384.258
2,2026-02-19 10:20:00,112.25,7.763,861.55,0.988,59.95,384.402
2,2026-02-19 10:30:00,111.28,8.469,917.87,0.976,59.94,384.555
2,2026-02-19 10:40:00,111.62,8.521,926.74,0.975,59.92,384.71
2,2026-02-19 10:50:00,111.167,8.07,883.222,0.983,59.944,384.859
2,2026-02-19 11:00:00,111.85,7.859,869.99,0.989,59.95,385.006
2,2026-02-19 11:10:00,109.97,8.214,883.9,0.979,59.93,385.154
2,2026-02-19 11:20:00,109.26,8.4,900.56,0.983,59.96,385.303
2,2026-02-19 11:30:00,108.93,9.451,996.36,0.967,59.94,385.469
2,2026-02-19 11:40:00,110.57,8.257,897.78,0.982,59.97,385.621
2,2026-02-19 11:50:00,111.078,7.515,828.356,0.99,59.967,385.759
2,2026-02-19 12:00:00,111.86,6.883,760.94,0.969,59.95,385.898
2,2026-02-19 12:10:00,113.07,1.248,107.53,0.763,59.95,385.916
2,2026-02-19 12:20:00,112.08,1.239,104.18,0.75,59.96,385.933
2,2026-02-19 12:30:00,110.76,1.275,106.71,0.757,59.96,385.95
2,2026-02-19 12:40:00,110.69,1.318,109.9,0.753,59.97,385.968
2,2026-02-19 12:50:00,112.888,1.302,108.975,0.741,59.925,385.987
2,2026-02-19 13:00:00,115.07,1.332,116.73,0.762,59.94,386.006
2,2026-02-19 13:10:00,114.83,1.176,100.54,0.744,59.97,386.023
2,2026-02-19 13:20:00,113.69,1.18,99.32,0.74,59.95,386.04
2,2026-02-19 13:30:00,115.562,1.121,93.962,0.725,59.962,386.056
2,2026-02-19 13:40:00,114.49,1.145,95.4,0.728,59.96,386.072
2,2026-02-19 13:50:00,112.5,1.125,91.52,0.723,59.97,386.087
2,2026-02-19 14:00:00,113.98,1.178,98.85,0.735,59.94,386.104
2,2026-02-19 14:10:00,114.2,1.26,107.54,0.746,59.97,386.122
2,2026-02-19 14:20:00,114.28,1.25,107.33,0.75,59.94,386.14
2,2026-02-19 14:30:00,112.68,6.833,760.3,0.965,59.95,386.259
2,2026-02-19 14:40:00,113.75,7.517,849.46,0.99,59.94,386.401
2,2026-02-19 14:50:00,113.33,7.479,842.09,0.99,59.94,386.542
2,2026-02-19 15:00:00,110.94,7.509,827.53,0.99,59.99,386.681
2,2026-02-19 15:10:00,111.39,7.61,841.38,0.99,59.99,386.821
2,2026-02-19 15:20:00,110.58,7.609,834.37,0.99,59.94,386.96
2,2026-02-19 15:30:00,112.04,7.661,852.2,0.99,59.93,387.102
2,2026-02-19 15:40:00,114.05,7.75,877.5,0.99,59.97,387.249
2,2026-02-19 15:50:00,111.95,7.658,850.725,0.99,59.95,387.362
2,2026-02-19 16:00:00,112.4,7.581,846.12,0.99,59.92,387.531
2,2026-02-19 16:10:00,112.25,7.415,827.14,0.99,59.95,387.67
2,2026-02-19 16:20:00,113.7,7.507,847.93,0.99,59.96,387.811
2,2026-02-19 16:30:00,113.46,7.487,844.08,0.991,59.95,387.953
2,2026-02-19 16:40:00,114.978,7.565,864.144,0.99,59.944,388.083
2,2026-02-19 16:50:00,112.822,7.429,832.511,0.99,59.922,388.238
2,2026-02-19 17:00:00,113.788,7.528,850.812,0.99,60.0,388.379
2,2026-02-19 17:10:00,114.35,7.572,859.71,0.99,59.97,388.523
2,2026-02-19 17:20:00,115.39,7.626,874.12,0.99,59.96,388.669
2,2026-02-19 17:30:00,115.32,7.596,869.65,0.99,59.92,388.814
2,2026-02-19 17:40:00,113.588,7.464,841.95,0.99,59.925,388.956
2,2026-02-19 17:50:00,112.86,7.877,878.84,0.989,59.97,389.103
2,2026-02-19 18:00:00,114.988,4.991,537.212,0.864,59.962,389.195
2,2026-02-19 18:10:00,116.56,1.761,152.17,0.741,59.92,389.22
2,2026-02-19 18:20:00,116.375,1.811,157.425,0.744,59.95,389.246
2,2026-02-19 18:30:00,114.66,1.809,157.02,0.756,59.97,389.272
2,2026-02-19 18:40:00,114.1,1.696,145.38,0.752,59.95,389.296
2,2026-02-19 18:50:00,112.96,2.028,181.32,0.79,59.98,389.326
2,2026-02-19 19:00:00,113.77,2.018,184.78,0.804,59.97,389.357
2,2026-02-19 19:10:00,115.12,1.953,181.5,0.807,59.99,389.388
2,2026-02-19 19:20:00,115.07,1.925,178.78,0.808,59.98,389.417
2,2026-02-19 19:30:00,113.58,2.268,207.13,0.805,59.95,389.453
2,2026-02-19 19:40:00,113.72,2.785,244.34,0.776,59.94,389.493
2,2026-02-19 19:50:00,115.48,2.662,251.49,0.827,59.93,389.534
2,2026-02-19 20:00:00,116.438,2.143,196.8,0.788,59.975,389.57
2,2026-02-19 20:10:00,116.54,2.357,214.36,0.787,59.96,389.603
2,2026-02-19 20:20:00,116.26,2.096,182.29,0.748,59.93,389.634
2,2026-02-19 20:30:00,115.36,2.294,200.57,0.758,59.95,389.67
2,2026-02-19 20:40:00,116.5,2.334,202.49,0.744,59.96,389.704
2,2026-02-19 20:50:00,115.76,2.376,208.78,0.765,59.97,389.738
2,2026-02-19 21:00:00,118.025,2.411,211.9,0.746,59.962,389.768
2,2026-02-19 21:10:00,118.06,1.601,136.76,0.724,59.97,389.797
2,2026-02-19 21:20:00,117.87,1.768,158.55,0.76,59.95,389.823
2,2026-02-19 21:30:00,118.76,1.806,170.88,0.798,59.94,389.852
2,2026-02-19 21:40:00,116.8,7.685,894.86,1.0,59.96,389.988
2,2026-02-19 21:50:00,115.39,7.562,869.66,1.0,59.95,390.133
2,2026-02-19 22:00:00,115.462,5.122,577.3,0.932,59.975,390.247
2,2026-02-19 22:10:00,116.83,0.976,89.18,0.775,59.93,390.262
2,2026-02-19 22:20:00,118.38,0.523,41.64,0.669,59.97,390.269
2,2026-02-19 22:30:00,119.2,0.371,23.15,0.518,59.95,390.273
2,2026-02-19 22:40:00,117.65,0.35,20.375,0.495,59.95,390.276
2,2026-02-19 22:50:00,117.49,0.375,22.48,0.504,59.94,390.28
2,2026-02-19 23:00:00,117.18,0.36,20.27,0.48,59.97,390.283
2,2026-02-19 23:10:00,116.9,0.358,20.3,0.485,59.94,390.287
2,2026-02-19 23:20:00,117.23,0.353,20.24,0.49,59.96,390.29
2,2026-02-19 23:30:00,118.525,0.352,20.362,0.489,59.925,390.294
2,2026-02-19 23:40:00,118.85,0.356,20.51,0.485,59.94,390.297
2,2026-02-19 23:50:00,118.81,0.354,20.34,0.484,59.97,390.3
2,2026-02-20 00:00:00,118.93,0.35,20.41,0.49,59.94,390.304
2,2026-02-20 00:10:00,118.55,0.35,20.36,0.49,59.94,390.307
2,2026-02-20 00:20:00,120.31,0.351,20.4,0.48,59.94,390.311
2,2026-02-20 00:30:00,118.92,0.354,20.34,0.481,59.97,390.314
2,2026-02-20 00:40:00,120.84,0.352,20.54,0.483,59.97,390.318
2,2026-02-20 00:50:00,120.07,0.354,20.46,0.481,59.93,390.321
2,2026-02-20 01:00:00,119.54,0.352,20.33,0.482,59.99,390.324
2,2026-02-20 01:10:00,117.39,0.352,20.17,0.489,59.99,390.328
2,2026-02-20 01:20:00,117.48,0.35,20.26,0.494,59.95,390.331
2,2026-02-20 01:30:00,117.94,0.346,20.04,0.49,59.96,390.334
2,2026-02-20 01:40:00,119.51,0.346,20.12,0.489,59.96,390.338
2,2026-02-20 01:50:00,120.55,0.357,20.68,0.481,59.98,390.341
2,2026-02-20 02:00:00,119.59,0.351,20.41,0.485,59.96,390.345
2,2026-02-20 02:10:00,118.28,0.345,20.2,0.495,59.94,390.348
2,2026-02-20 02:20:00,117.14,0.346,20.22,0.5,59.98,390.351
2,2026-02-20 02:30:00,117.72,0.348,20.26,0.496,59.93,390.355
2,2026-02-20 02:40:00,117.75,0.354,20.22,0.485,59.97,390.358
2,2026-02-20 02:50:00,120.45,0.37,22.54,0.5,59.9,390.362
2,2026-02-20 03:00:00,120.52,0.346,20.47,0.491,59.97,390.365
2,2026-02-20 03:10:00,118.61,0.347,20.26,0.491,59.95,390.369
2,2026-02-20 03:20:00,117.63,0.355,20.21,0.483,59.96,390.372
2,2026-02-20 03:30:00,117.91,0.447,30.26,0.56,59.96,390.377
2,2026-02-20 03:40:00,117.92,0.393,25.77,0.555,59.94,390.381
2,2026-02-20 03:50:00,118.53,0.391,25.85,0.559,59.98,390.385
2,2026-02-20 04:00:00,119.72,0.39,25.83,0.554,59.94,390.39
2,2026-02-20 04:10:00,120.27,0.396,25.98,0.545,59.93,390.394
2,2026-02-20 04:20:00,118.79,0.394,25.81,0.553,59.93,390.398
2,2026-02-20 04:30:00,117.39,0.39,25.72,0.563,59.94,390.403
2,2026-02-20 04:40:00,117.87,0.39,25.72,0.561,59.96,390.407
2,2026-02-20 04:50:00,117.29,0.41,26.9,0.557,59.94,390.412
2,2026-02-20 05:00:00,118.91,0.416,27.93,0.56,59.93,390.416
2,2026-02-20 05:10:00,118.275,0.395,25.775,0.552,59.938,390.421
2,2026-02-20 05:20:00,118.76,0.394,25.84,0.553,59.94,390.425
2,2026-02-20 05:30:00,115.78,0.4,25.65,0.555,59.96,390.429
2,2026-02-20 05:40:00,115.65,0.598,52.79,0.754,59.94,390.438
2,2026-02-20 05:50:00,115.2,0.553,50.09,0.786,59.97,390.446
2,2026-02-20 06:00:00,116.63,0.406,27.31,0.559,59.94,390.45
2,2026-02-20 06:10:00,117.29,0.344,20.21,0.5,59.96,390.454
2,2026-02-20 06:20:00,117.43,0.362,22.15,0.515,59.97,390.458
2,2026-02-20 06:30:00,118.1,0.35,20.32,0.49,59.96,390.461
2,2026-02-20 06:40:00,115.11,0.345,20.04,0.504,59.94,390.464
2,2026-02-20 06:50:00,114.24,0.346,20.03,0.506,59.96,390.468
2,2026-02-20 07:00:00,115.88,0.342,20.11,0.509,59.92,390.471
2,2026-02-20 07:10:00,116.26,0.345,20.2,0.504,59.95,390.475
2,2026-02-20 07:20:00,115.39,0.346,20.03,0.501,59.96,390.478
2,2026-02-20 07:30:00,116.93,0.344,20.1,0.501,59.98,390.481
2,2026-02-20 07:40:00,116.4,0.342,19.96,0.502,59.93,390.485
2,2026-02-20 07:50:00,117.33,0.335,19.65,0.502,59.99,390.488
2,2026-02-20 08:00:00,117.48,0.338,19.73,0.496,59.97,390.491
2,2026-02-20 08:10:00,114.42,0.341,19.48,0.501,59.92,390.494
2,2026-02-20 08:20:00,113.49,0.678,50.19,0.578,59.93,390.502
2,2026-02-20 08:30:00,112.04,3.711,385.53,0.821,59.96,390.557
2,2026-02-20 08:40:00,110.7,7.172,787.96,0.99,59.96,390.689
2,2026-02-20 08:50:00,111.84,7.5,833.0,0.99,59.94,390.827
2,2026-02-20 09:00:00,113.11,7.478,840.77,0.991,59.97,390.969
2,2026-02-20 09:10:00,113.51,7.562,852.38,0.99,59.97,391.111
2,2026-02-20 09:20:00,111.52,7.593,840.52,0.99,59.95,391.251
2,2026-02-20 09:30:00,111.72,7.629,845.79,0.99,59.96,391.392
2,2026-02-20 09:40:00,110.71,7.554,829.75,0.99,59.95,391.531
2,2026-02-20 09:50:00,107.27,7.378,784.72,0.99,59.96,391.662
2,2026-02-20 10:00:00,107.81,7.338,784.71,0.99,59.93,391.793
2,2026-02-20 10:10:00,110.72,7.464,820.75,0.99,59.95,391.93
2,2026-02-20 10:20:00,112.69,7.496,839.53,0.991,59.95,392.07
2,2026-02-20 10:30:00,111.69,7.426,824.15,0.99,60.0,392.208
2,2026-02-20 10:40:00,111.55,7.43,823.99,0.991,59.95,392.345
2,2026-02-20 10:50:00,112.144,7.458,831.556,0.99,59.978,392.482
2,2026-02-20 11:00:00,112.49,7.52,840.46,0.99,59.93,392.622
2,2026-02-20 11:10:00,110.86,7.727,850.89,0.99,59.96,392.764
2,2026-02-20 11:20:00,111.57,7.762,860.07,0.99,59.96,392.907
2,2026-02-20 11:30:00,110.44,7.649,838.54,0.99,59.95,393.048
2,2026-02-20 11:40:00,109.12,7.627,825.49,0.99,59.94,393.185
2,2026-02-20 11:50:00,109.8,7.612,829.613,0.99,59.95,393.325
2,2026-02-20 12:00:00,111.67,7.737,857.44,0.99,59.97,393.468
2,2026-02-20 12:10:00,111.91,7.781,864.47,0.99,59.98,393.612
2,2026-02-20 12:20:00,111.49,7.585,839.72,0.99,59.97,393.752
2,2026-02-20 12:30:00,113.78,7.645,864.28,0.991,59.97,393.896
2,2026-02-20 12:40:00,112.73,7.433,833.45,0.992,59.95,394.035
2,2026-02-20 12:50:00,111.01,7.367,813.26,0.991,59.94,394.172
2,2026-02-20 13:00:00,112.32,6.227,683.38,0.941,59.93,394.289
2,2026-02-20 13:10:00,117.58,1.232,109.25,0.752,59.95,394.307
2,2026-02-20 13:20:00,114.57,1.356,123.77,0.797,59.95,394.328
2,2026-02-20 13:30:00,115.39,1.363,125.7,0.8,59.97,394.348
2,2026-02-20 13:40:00,116.475,1.106,93.9,0.728,59.962,394.364
2,2026-02-20 13:50:00,116.3,1.094,92.01,0.722,59.93,394.38
2,2026-02-20 14:00:00,115.09,1.282,112.97,0.764,59.94,394.398
2,2026-02-20 14:10:00,114.13,1.211,100.88,0.731,59.97,394.414
2,2026-02-20 14:20:00,114.99,1.432,120.65,0.733,59.95,394.434
2,2026-02-20 14:30:00,114.52,1.358,114.5,0.735,59.95,394.453
2,2026-02-20 14:40:00,115.53,1.31,111.15,0.733,59.97,394.471
2,2026-02-20 14:50:00,115.86,1.3,110.71,0.736,59.95,394.49
2,2026-02-20 15:00:00,115.262,1.313,115.862,0.766,59.975,394.509
2,2026-02-20 15:10:00,112.61,1.32,111.41,0.75,59.91,394.528
2,2026-02-20 15:20:00,114.07,1.292,110.59,0.751,59.93,394.546
2,2026-02-20 15:30:00,113.85,1.462,131.912,0.792,60.0,394.569
2,2026-02-20 15:40:00,113.19,1.997,196.65,0.869,59.92,394.601
2,2026-02-20 15:50:00,114.27,1.989,197.83,0.87,59.97,394.635
2,2026-02-20 16:00:00,114.28,2.009,200.34,0.872,59.94,394.668
2,2026-02-20 16:10:00,115.53,2.001,201.68,0.871,59.97,394.702
2,2026-02-20 16:20:00,116.17,1.68,161.61,0.823,59.93,394.73
2,2026-02-20 16:30:00,114.28,1.481,134.81,0.797,59.95,394.753
2,2026-02-20 16:40:00,115.02,1.504,136.81,0.791,59.94,394.776
2,2026-02-20 16:50:00,115.06,2.102,188.49,0.786,59.95,394.805
2,2026-02-20 17:00:00,114.62,2.392,217.48,0.806,59.97,394.842
2,2026-02-20 17:10:00,116.4,1.816,169.84,0.804,59.93,394.869
2,2026-02-20 17:20:00,117.57,1.455,131.54,0.775,59.94,394.892
2,2026-02-20 17:30:00,114.12,1.487,131.6,0.776,59.93,394.916
2,2026-02-20 17:40:00,113.69,1.736,154.72,0.793,59.95,394.941
2,2026-02-20 17:50:00,116.15,1.59,135.43,0.739,59.96,394.964
2,2026-02-20 18:00:00,116.79,1.715,156.34,0.78,59.96,394.99
2,2026-02-20 18:10:00,116.99,0.805,61.6,0.607,59.97,395.001
2,2026-02-20 18:20:00,117.43,0.408,26.37,0.55,59.94,395.006
2,2026-02-20 18:30:00,114.99,0.413,26.05,0.548,59.98,395.01
2,2026-02-20 18:40:00,112.01,0.417,25.87,0.552,59.95,395.015
2,2026-02-20 18:50:00,115.54,0.651,49.76,0.647,59.96,395.023
2,2026-02-20 19:00:00,116.32,0.852,75.69,0.763,59.96,395.035
2,2026-02-20 19:10:00,115.288,0.85,74.95,0.764,59.938,395.048
2,2026-02-20 19:20:00,116.03,0.833,74.47,0.77,59.95,395.06
2,2026-02-20 19:30:00,116.21,0.834,74.61,0.77,59.94,395.073
2,2026-02-20 19:40:00,116.1,0.73,60.45,0.698,59.96,395.083
2,2026-02-20 19:50:00,116.5,0.508,35.42,0.599,59.98,395.089
2,2026-02-20 20:00:00,116.57,0.491,34.03,0.593,59.98,395.094
2,2026-02-20 20:10:00,116.075,0.545,39.075,0.617,59.962,395.1
2,2026-02-20 20:20:00,117.35,0.47,34.04,0.619,59.96,395.106
2,2026-02-20 20:30:00,116.97,0.488,35.51,0.621,59.98,395.112
2,2026-02-20 20:40:00,115.35,0.531,40.82,0.649,59.95,395.118
2,2026-02-20 20:50:00,116.12,1.121,106.25,0.815,59.94,395.135
2,2026-02-20 21:00:00,116.73,1.13,108.15,0.82,59.94,395.154
2,2026-02-20 21:10:00,117.71,1.14,110.14,0.82,59.97,395.172
2,2026-02-20 21:20:00,119.212,1.119,109.5,0.82,59.938,395.19
2,2026-02-20 21:30:00,118.39,1.121,108.98,0.82,59.97,395.209
2,2026-02-20 21:40:00,117.3,0.959,88.56,0.78,59.96,395.223
2,2026-02-20 21:50:00,116.35,0.883,76.71,0.746,59.94,395.236
2,2026-02-20 22:00:00,116.65,0.833,72.37,0.744,59.96,395.248
2,2026-02-20 22:10:00,116.87,0.805,69.65,0.74,59.94,395.26
2,2026-02-20 22:20:00,116.88,0.687,56.69,0.679,59.95,395.269
2,2026-02-20 22:30:00,117.25,0.377,22.88,0.513,59.97,395.273
2,2026-02-20 22:40:00,116.27,0.357,20.93,0.503,59.94,395.276
2,2026-02-20 22:50:00,115.91,0.36,20.91,0.5,59.94,395.28
2,2026-02-20 23:00:00,115.56,0.362,20.95,0.496,59.96,395.283
2,2026-02-20 23:10:00,116.72,0.356,19.93,0.481,59.98,395.287
2,2026-02-20 23:20:00,117.54,0.352,20.06,0.485,59.92,395.29
2,2026-02-20 23:30:00,119.15,0.345,19.88,0.483,59.95,395.293
2,2026-02-20 23:40:00,117.31,0.346,19.82,0.489,59.95,395.297
2,2026-02-20 23:50:00,118.79,0.348,19.94,0.483,59.95,395.3
2,2026-02-21 00:00:00,118.5,0.348,19.8,0.479,59.97,395.303
2,2026-02-21 00:10:00,118.77,0.346,19.83,0.481,59.97,395.307
2,2026-02-21 00:20:00,118.97,0.35,19.94,0.478,59.95,395.31
2,2026-02-21 00:30:00,117.78,0.357,19.84,0.472,59.95,395.314
2,2026-02-21 00:40:00,119.212,0.355,20.138,0.475,59.95,395.317
2,2026-02-21 00:50:00,118.4,0.348,20.13,0.49,59.96,395.32
2,2026-02-21 01:00:00,117.78,0.364,21.81,0.502,59.97,395.324
2,2026-02-21 01:10:00,116.17,0.404,25.75,0.534,59.97,395.328
2,2026-02-21 01:20:00,116.72,0.343,19.69,0.492,59.93,395.332
2,2026-02-21 01:30:00,117.26,0.344,19.74,0.491,59.94,395.335
2,2026-02-21 01:40:00,119.06,0.344,19.88,0.485,59.96,395.338
2,2026-02-21 01:50:00,119.1,0.347,19.88,0.481,59.97,395.341
2,2026-02-21 02:00:00,118.57,0.346,19.83,0.484,59.95,395.345
2,2026-02-21 02:10:00,117.83,0.364,22.13,0.509,59.98,395.348
2,2026-02-21 02:20:00,117.47,0.347,20.06,0.491,59.98,395.352
2,2026-02-21 02:30:00,117.61,0.344,19.76,0.49,59.95,395.355
2,2026-02-21 02:40:00,117.66,0.338,19.74,0.497,59.96,395.358
2,2026-02-21 02:50:00,119.56,0.338,19.9,0.493,59.96,395.362
2,2026-02-21 03:00:00,120.89,0.359,22.01,0.5,59.96,395.365
2,2026-02-21 03:10:00,118.66,0.345,19.79,0.482,59.93,395.369
2,2026-02-21 03:20:00,118.37,0.339,19.87,0.494,59.96,395.372
2,2026-02-21 03:30:00,118.2,0.369,23.6,0.538,59.94,395.376
2,2026-02-21 03:40:00,117.79,0.395,25.69,0.552,59.94,395.38
2,2026-02-21 03:50:00,117.53,0.395,25.5,0.549,59.98,395.385
2,2026-02-21 04:00:00,119.49,0.382,25.36,0.556,59.95,395.389
2,2026-02-21 04:10:00,119.51,0.384,25.38,0.552,59.98,395.393
2,2026-02-21 04:20:00,118.61,0.389,25.27,0.548,59.95,395.397
2,2026-02-21 04:30:00,116.67,0.386,25.23,0.561,59.93,395.401
2,2026-02-21 04:40:00,116.41,0.381,25.08,0.566,59.95,395.406
2,2026-02-21 04:50:00,117.71,0.384,25.19,0.558,59.92,395.41
2,2026-02-21 05:00:00,118.99,0.391,25.26,0.542,59.97,395.414
2,2026-02-21 05:10:00,119.388,0.388,25.688,0.554,59.962,395.418
2,2026-02-21 05:20:00,119.12,0.383,25.52,0.559,59.94,395.423
2,2026-02-21 05:30:00,117.85,0.387,25.24,0.552,59.96,395.427
2,2026-02-21 05:40:00,117.17,0.384,24.16,0.537,59.93,395.431
2,2026-02-21 05:50:00,117.73,0.343,19.76,0.489,59.95,395.434
2,2026-02-21 06:00:00,117.61,0.347,19.71,0.484,59.95,395.437
2,2026-02-21 06:10:00,118.19,0.349,19.88,0.482,59.93,395.441
2,2026-02-21 06:20:00,120.83,0.344,19.98,0.481,59.98,395.444
2,2026-02-21 06:30:00,120.01,0.345,20.01,0.483,59.96,395.448
2,2026-02-21 06:40:00,117.98,0.345,20.1,0.492,59.99,395.451
2,2026-02-21 06:50:00,118.07,0.348,20.06,0.487,59.96,395.454
2,2026-02-21 07:00:00,116.45,0.349,19.675,0.485,59.912,395.458
2,2026-02-21 07:10:00,117.84,0.34,19.7,0.491,59.96,395.461
2,2026-02-21 07:20:00,118.27,0.345,20.12,0.493,59.97,395.464
2,2026-02-21 07:30:00,118.01,0.342,19.79,0.49,59.94,395.468
2,2026-02-21 07:40:00,117.16,0.345,19.68,0.488,59.97,395.471
2,2026-02-21 07:50:00,115.12,0.343,19.66,0.498,59.99,395.474
2,2026-02-21 08:00:00,116.12,0.343,19.64,0.491,59.96,395.477
2,2026-02-21 08:10:00,117.46,0.345,19.73,0.486,59.95,395.481
2,2026-02-21 08:20:00,116.4,0.348,19.63,0.485,59.95,395.484
2,2026-02-21 08:30:00,116.81,0.353,19.75,0.481,59.96,395.487
2,2026-02-21 08:40:00,116.28,0.355,19.94,0.482,59.97,395.491
2,2026-02-21 08:50:00,116.4,0.348,20.11,0.497,59.95,395.494
2,2026-02-21 09:00:00,116.78,0.344,19.72,0.491,59.97,395.497
2,2026-02-21 09:10:00,116.46,0.34,19.58,0.494,59.95,395.501
2,2026-02-21 09:20:00,114.96,0.34,19.6,0.502,59.96,395.504
2,2026-02-21 09:30:00,114.19,0.338,19.55,0.507,59.97,395.507
2,2026-02-21 09:40:00,115.32,0.344,19.6,0.495,59.98,395.51
2,2026-02-21 09:50:00,116.7,0.344,19.65,0.49,59.95,395.514
2,2026-02-21 10:00:00,117.94,0.342,19.94,0.493,59.97,395.517
2,2026-02-21 10:10:00,115.63,0.344,19.76,0.496,59.95,395.52
2,2026-02-21 10:20:00,115.13,0.346,20.02,0.502,59.96,395.524
2,2026-02-21 10:30:00,113.56,0.338,19.51,0.51,59.97,395.527
2,2026-02-21 10:40:00,113.912,0.348,19.538,0.495,59.962,395.53
2,2026-02-21 10:50:00,113.1,0.344,19.39,0.498,59.94,395.534
2,2026-02-21 11:00:00,114.84,0.351,19.62,0.485,59.98,395.537
2,2026-02-21 11:10:00,114.17,0.35,19.55,0.489,59.95,395.54
2,2026-02-21 11:20:00,114.26,0.346,19.65,0.498,59.96,395.543
2,2026-02-21 11:30:00,113.22,0.348,19.47,0.494,59.94,395.546
2,2026-02-21 11:40:00,113.96,0.344,19.65,0.501,59.94,395.55
2,2026-02-21 11:50:00,113.78,0.345,19.86,0.505,59.93,395.553
2,2026-02-21 12:00:00,114.36,0.346,19.62,0.498,59.97,395.556
2,2026-02-21 12:10:00,117.29,0.347,19.81,0.487,59.98,395.56
2,2026-02-21 12:20:00,116.13,0.345,19.67,0.491,59.97,395.563
2,2026-02-21 12:30:00,114.438,0.35,19.575,0.49,59.95,395.566
2,2026-02-21 12:40:00,113.27,0.342,19.47,0.503,59.96,395.569
2,2026-02-21 12:50:00,113.93,0.352,19.57,0.487,59.94,395.573
2,2026-02-21 13:00:00,114.82,0.354,19.94,0.489,59.93,395.576
2,2026-02-21 13:10:00,116.17,0.356,19.96,0.482,59.94,395.579
2,2026-02-21 13:20:00,116.11,0.358,20.33,0.488,59.97,395.583
2,2026-02-21 13:30:00,117.48,0.352,19.85,0.48,59.95,395.586
2,2026-02-21 13:40:00,114.79,0.348,19.68,0.496,59.97,395.589
2,2026-02-21 13:50:00,115.44,0.353,19.7,0.483,59.97,395.593
2,2026-02-21 14:00:00,115.66,0.355,19.77,0.481,59.97,395.596
2,2026-02-21 14:10:00,116.15,0.356,19.81,0.478,59.96,395.599
2,2026-02-21 14:20:00,116.12,0.352,19.69,0.48,59.96,395.603
2,2026-02-21 14:30:00,115.57,0.348,19.84,0.494,59.96,395.606
2,2026-02-21 14:40:00,116.2,0.346,19.99,0.499,59.99,395.609
2,2026-02-21 14:50:00,116.61,0.348,20.09,0.494,59.97,395.613
2,2026-02-21 15:00:00,116.756,0.347,19.756,0.49,59.967,395.616
2,2026-02-21 15:10:00,114.75,0.354,19.73,0.487,59.98,395.619
2,2026-02-21 15:20:00,116.88,0.35,19.86,0.486,59.95,395.623
2,2026-02-21 15:30:00,116.69,0.351,19.82,0.484,59.92,395.626
2,2026-02-21 15:40:00,115.3,0.351,19.69,0.486,59.95,395.629
2,2026-02-21 15:50:00,115.16,0.349,19.75,0.491,59.97,395.632
2,2026-02-21 16:00:00,115.24,0.349,19.72,0.489,59.97,395.636
2,2026-02-21 16:10:00,115.31,0.349,19.89,0.494,59.95,395.639
2,2026-02-21 16:20:00,115.5,0.353,20.088,0.494,59.962,395.642
2,2026-02-21 16:30:00,118.175,0.35,19.95,0.482,59.962,395.646
2,2026-02-21 16:40:00,120.36,0.348,20.11,0.48,59.96,395.649
2,2026-02-21 16:50:00,117.75,0.349,19.91,0.487,59.98,395.653
2,2026-02-21 17:00:00,115.64,0.358,19.79,0.481,59.97,395.656
2,2026-02-21 17:10:00,115.138,0.344,19.688,0.498,59.975,395.659
2,2026-02-21 17:20:00,115.7,0.349,19.68,0.487,59.99,395.662
2,2026-02-21 17:30:00,116.35,0.364,19.86,0.47,59.98,395.666
2,2026-02-21 17:40:00,119.94,0.367,20.38,0.461,60.0,395.669
2,2026-02-21 17:50:00,119.77,1.322,103.28,0.608,59.96,395.685
2,2026-02-21 18:00:00,117.244,1.998,168.811,0.721,59.967,395.71
2,2026-02-21 18:10:00,115.39,2.044,177.19,0.752,59.97,395.742
2,2026-02-21 18:20:00,113.94,1.91,168.31,0.774,59.93,395.77
2,2026-02-21 18:30:00,114.28,1.829,160.52,0.769,59.96,395.797
2,2026-02-21 18:40:00,115.32,1.945,170.27,0.759,59.97,395.825
2,2026-02-21 18:50:00,116.55,1.882,168.61,0.769,59.96,395.853
2,2026-02-21 19:00:00,117.71,2.072,188.29,0.773,59.97,395.884
2,2026-02-21 19:10:00,116.58,2.117,189.97,0.769,59.93,395.916
2,2026-02-21 19:20:00,115.04,2.117,187.09,0.769,59.98,395.947
2,2026-02-21 19:30:00,115.862,2.163,192.225,0.768,59.975,395.973
2,2026-02-21 19:40:00,115.85,2.063,183.71,0.767,59.96,396.011
2,2026-02-21 19:50:00,116.49,1.908,163.28,0.734,59.96,396.038
2,2026-02-21 20:00:00,115.69,2.009,179.47,0.77,59.95,396.068
2,2026-02-21 20:10:00,115.35,1.84,162.3,0.765,59.93,396.094
2,2026-02-21 20:20:00,115.39,1.639,141.44,0.748,59.97,396.117
2,2026-02-21 20:30:00,115.87,1.788,151.73,0.732,59.94,396.143
2,2026-02-21 20:40:00,116.64,1.877,159.35,0.729,59.97,396.169
2,2026-02-21 20:50:00,116.61,2.175,185.79,0.731,59.96,396.2
2,2026-02-21 21:00:00,116.822,1.891,163.578,0.741,59.956,396.228
2,2026-02-21 21:10:00,116.6,1.637,141.92,0.743,59.98,396.252
2,2026-02-21 21:20:00,116.63,2.07,200.81,0.773,59.98,396.285
2,2026-02-21 21:30:00,114.21,7.374,838.87,1.0,59.94,396.426
2,2026-02-21 21:40:00,114.011,7.306,829.9,1.0,59.956,396.55
2,2026-02-21 21:50:00,115.225,7.347,843.962,1.0,59.962,396.706
2,2026-02-21 22:00:00,115.84,7.349,848.73,1.0,59.98,396.848
2,2026-02-21 22:10:00,116.27,5.866,676.05,0.96,59.95,396.967
2,2026-02-21 22:20:00,118.85,0.729,70.46,0.814,59.96,396.979
2,2026-02-21 22:30:00,118.16,0.59,51.1,0.717,59.96,396.988
2,2026-02-21 22:40:00,118.36,0.42,27.66,0.55,59.98,396.992
2,2026-02-21 22:50:00,117.67,0.38,22.36,0.5,59.95,396.996
2,2026-02-21 23:00:00,118.58,0.36,20.28,0.477,59.95,397.0
2,2026-02-21 23:10:00,118.74,0.361,20.35,0.475,59.93,397.003
2,2026-02-21 23:20:00,118.1,0.352,20.72,0.499,59.97,397.007
2,2026-02-21 23:30:00,118.68,0.353,20.71,0.493,59.96,397.01
2,2026-02-21 23:40:00,119.01,0.352,20.67,0.495,59.95,397.013
2,2026-02-21 23:50:00,119.23,0.356,20.98,0.494,59.96,397.017
2,2026-02-22 00:00:00,119.34,0.357,20.4,0.477,59.95,397.02
2,2026-02-22 00:10:00,118.0,0.354,20.39,0.489,59.93,397.024
2,2026-02-22 00:20:00,119.28,0.352,20.5,0.487,59.97,397.027
2,2026-02-22 00:30:00,117.73,0.351,20.31,0.491,59.98,397.031
2,2026-02-22 00:40:00,117.44,0.355,20.09,0.484,59.97,397.034
2,2026-02-22 00:50:00,117.21,0.356,20.62,0.494,59.96,397.037
2,2026-02-22 01:00:00,115.79,0.365,21.79,0.516,60.0,397.041
2,2026-02-22 01:10:00,116.04,0.352,20.45,0.501,59.94,397.044
2,2026-02-22 01:20:00,116.76,0.356,20.19,0.485,59.96,397.048
2,2026-02-22 01:30:00,120.25,0.37,22.12,0.491,59.97,397.052
2,2026-02-22 01:40:00,117.2,0.346,19.84,0.491,59.99,397.055
2,2026-02-22 01:50:00,118.09,0.348,19.9,0.481,59.96,397.058
2,2026-02-22 02:00:00,117.15,0.354,19.87,0.478,59.95,397.062
2,2026-02-22 02:10:00,117.75,0.371,21.88,0.495,59.96,397.065
2,2026-02-22 02:20:00,117.25,0.367,21.81,0.499,59.98,397.069
2,2026-02-22 02:30:00,117.41,0.42,28.16,0.554,59.96,397.074
2,2026-02-22 02:40:00,117.1,0.387,24.17,0.523,59.96,397.078
2,2026-02-22 02:50:00,118.63,0.357,20.36,0.48,59.94,397.081
2,2026-02-22 03:00:00,119.03,0.349,19.88,0.478,59.96,397.084
2,2026-02-22 03:10:00,117.29,0.346,19.82,0.488,59.97,397.088
2,2026-02-22 03:20:00,116.79,0.346,19.79,0.491,59.95,397.091
2,2026-02-22 03:30:00,118.18,0.384,23.64,0.521,59.97,397.095
2,2026-02-22 03:40:00,117.2,0.394,25.29,0.546,59.97,397.099
2,2026-02-22 03:50:00,117.04,0.386,25.27,0.56,59.93,397.103
2,2026-02-22 04:00:00,118.21,0.384,25.44,0.561,59.95,397.108
2,2026-02-22 04:10:00,118.29,0.39,25.44,0.552,59.95,397.112
2,2026-02-22 04:20:00,118.02,0.391,25.58,0.554,59.93,397.116
2,2026-02-22 04:30:00,117.57,0.384,25.22,0.559,59.96,397.12
2,2026-02-22 04:40:00,118.03,0.385,25.26,0.556,59.98,397.125
2,2026-02-22 04:50:00,117.75,0.39,25.24,0.55,59.94,397.129
2,2026-02-22 05:00:00,117.2,0.39,25.19,0.551,59.96,397.133
2,2026-02-22 05:10:00,116.89,0.384,25.18,0.56,59.95,397.137
2,2026-02-22 05:20:00,117.78,0.385,25.28,0.559,59.97,397.141
2,2026-02-22 05:30:00,117.82,0.391,25.27,0.546,59.99,397.146
2,2026-02-22 05:40:00,118.84,0.384,24.4,0.532,59.97,397.15
2,2026-02-22 05:50:00,117.82,0.348,20.09,0.488,59.95,397.153
2,2026-02-22 06:00:00,118.03,0.344,19.82,0.488,59.95,397.157
2,2026-02-22 06:10:00,116.49,0.344,19.73,0.492,59.95,397.16
2,2026-02-22 06:20:00,118.41,0.411,26.62,0.522,59.93,397.164
2,2026-02-22 06:30:00,118.98,0.671,54.76,0.683,59.94,397.173
2,2026-02-22 06:40:00,119.2,0.736,61.59,0.7,59.94,397.184
2,2026-02-22 06:50:00,118.55,0.723,60.12,0.702,59.97,397.194
2,2026-02-22 07:00:00,118.48,0.583,44.85,0.621,59.97,397.201
2,2026-02-22 07:10:00,118.38,0.34,19.93,0.495,59.99,397.205
2,2026-02-22 07:20:00,117.93,0.34,19.9,0.497,59.97,397.208
2,2026-02-22 07:30:00,117.04,0.342,19.54,0.489,59.98,397.211
2,2026-02-22 07:40:00,117.21,0.343,19.54,0.488,59.94,397.215
2,2026-02-22 07:50:00,116.16,0.338,19.54,0.498,59.95,397.218
2,2026-02-22 08:00:00,114.36,0.338,19.33,0.501,59.96,397.221
2,2026-02-22 08:10:00,111.31,0.336,19.08,0.511,59.99,397.224
2,2026-02-22 08:20:00,111.99,0.337,19.24,0.509,59.97,397.228
2,2026-02-22 08:30:00,113.57,0.336,19.39,0.51,59.97,397.231
2,2026-02-22 08:40:00,115.36,0.334,19.72,0.511,59.95,397.234
2,2026-02-22 08:50:00,114.8,0.338,19.7,0.508,59.96,397.237
2,2026-02-22 09:00:00,113.375,0.328,19.275,0.519,59.975,397.241
2,2026-02-22 09:10:00,114.81,0.331,19.41,0.511,59.94,397.244
2,2026-02-22 09:20:00,115.48,0.33,19.5,0.513,59.92,397.247
2,2026-02-22 09:30:00,114.18,0.334,19.45,0.511,59.95,397.25
2,2026-02-22 09:40:00,114.06,0.346,19.59,0.498,59.98,397.254
2,2026-02-22 09:50:00,115.475,0.341,19.55,0.496,59.988,397.257
2,2026-02-22 10:00:00,116.09,0.34,19.67,0.498,59.99,397.26
2,2026-02-22 10:10:00,116.611,0.335,19.733,0.506,59.956,397.263
2,2026-02-22 10:20:00,115.533,0.331,19.756,0.517,59.967,397.267
2,2026-02-22 10:30:00,114.81,0.382,26.12,0.549,59.95,397.271
2,2026-02-22 10:40:00,114.262,0.813,83.2,0.895,59.938,397.285
2,2026-02-22 10:50:00,114.4,0.803,81.51,0.887,59.98,397.298
2,2026-02-22 11:00:00,115.3,0.791,79.82,0.874,59.96,397.312
2,2026-02-22 11:10:00,115.6,0.794,81.22,0.886,59.97,397.325
2,2026-02-22 11:20:00,116.47,0.822,84.71,0.885,59.99,397.34
2,2026-02-22 11:30:00,117.16,0.904,87.08,0.835,59.96,397.354
2,2026-02-22 11:40:00,117.58,1.38,119.13,0.772,59.95,397.37
2,2026-02-22 11:50:00,115.7,2.457,189.775,0.668,59.95,397.394
2,2026-02-22 12:00:00,116.74,2.642,210.31,0.682,59.94,397.434
2,2026-02-22 12:10:00,116.62,1.833,158.54,0.748,59.97,397.461
2,2026-02-22 12:20:00,116.82,1.682,143.62,0.729,59.97,397.487
2,2026-02-22 12:30:00,115.5,1.453,117.18,0.701,59.94,397.506
2,2026-02-22 12:40:00,114.99,1.667,137.38,0.725,59.96,397.53
2,2026-02-22 12:50:00,114.789,1.913,153.556,0.698,59.967,397.553
2,2026-02-22 13:00:00,116.425,1.223,99.375,0.698,59.962,397.569
2,2026-02-22 13:10:00,116.888,1.383,117.162,0.732,59.975,397.59
2,2026-02-22 13:20:00,117.457,1.739,148.257,0.731,59.957,397.612
2,2026-02-22 13:30:00,117.467,3.042,252.944,0.708,59.922,397.651
2,2026-02-22 13:40:00,116.26,2.268,182.89,0.688,59.94,397.686
2,2026-02-22 13:50:00,116.51,1.046,78.11,0.64,59.96,397.7
2,2026-02-22 14:00:00,115.08,1.142,85.29,0.644,59.97,397.713
2,2026-02-22 14:10:00,115.67,1.09,80.54,0.638,59.97,397.727
2,2026-02-22 14:20:00,115.97,1.116,81.81,0.63,59.94,397.741
2,2026-02-22 14:30:00,117.74,1.072,82.72,0.654,59.93,397.755
2,2026-02-22 14:40:00,116.78,1.08,81.31,0.645,59.95,397.769
2,2026-02-22 14:50:00,118.4,1.207,105.46,0.72,59.95,397.786
2,2026-02-22 15:00:00,117.88,1.435,136.47,0.808,59.94,397.809
2,2026-02-22 15:10:00,115.65,1.44,134.65,0.809,59.93,397.832
2,2026-02-22 15:20:00,116.01,1.414,134.38,0.82,59.98,397.854
2,2026-02-22 15:30:00,114.98,1.405,132.51,0.82,60.0,397.876
2,2026-02-22 15:40:00,115.01,1.446,136.62,0.82,59.95,397.899
2,2026-02-22 15:50:00,114.22,1.491,138.49,0.813,59.97,397.922
2,2026-02-22 16:00:00,116.69,1.514,144.29,0.816,59.96,397.946
2,2026-02-22 16:10:00,116.4,1.47,140.06,0.818,59.95,397.969
2,2026-02-22 16:20:00,117.54,1.492,143.61,0.819,59.96,397.993
2,2026-02-22 16:30:00,117.275,1.525,145.738,0.814,59.925,398.017
2,2026-02-22 16:40:00,118.075,1.455,138.362,0.806,59.95,398.04
2,2026-02-22 16:50:00,118.9,1.414,137.1,0.816,59.97,398.063
2,2026-02-22 17:00:00,119.01,1.439,139.26,0.812,59.97,398.087
2,2026-02-22 17:10:00,118.49,1.433,139.27,0.819,59.99,398.11
2,2026-02-22 17:20:00,115.89,1.429,135.63,0.819,59.94,398.133
2,2026-02-22 17:30:00,116.72,1.416,135.72,0.82,59.94,398.156
2,2026-02-22 17:40:00,117.95,1.517,144.18,0.806,59.94,398.18
2,2026-02-22 17:50:00,117.05,1.532,142.83,0.795,59.97,398.204
2,2026-02-22 18:00:00,115.5,1.549,144.59,0.808,59.95,398.228
2,2026-02-22 18:10:00,116.83,1.9,190.12,0.855,59.94,398.26
2,2026-02-22 18:20:00,115.98,1.892,190.7,0.87,59.99,398.292
2,2026-02-22 18:30:00,117.18,1.839,187.01,0.869,59.94,398.323
2,2026-02-22 18:40:00,117.2,1.828,187.06,0.872,59.96,398.355
2,2026-02-22 18:50:00,115.422,1.488,136.089,0.793,59.978,398.378
2,2026-02-22 19:00:00,117.211,1.524,140.278,0.786,59.944,398.401
2,2026-02-22 19:10:00,116.45,2.219,165.76,0.7,59.99,398.428
2,2026-02-22 19:20:00,115.2,2.26,167.32,0.701,59.98,398.457
2,2026-02-22 19:30:00,117.944,1.688,157.833,0.792,59.944,398.483
2,2026-02-22 19:40:00,119.122,1.837,173.722,0.794,59.956,398.512
2,2026-02-22 19:50:00,117.3,1.851,173.162,0.8,59.938,398.542
2,2026-02-22 20:00:00,117.04,1.815,170.25,0.801,59.94,398.571
2,2026-02-22 20:10:00,118.08,1.825,170.92,0.793,59.96,398.599
2,2026-02-22 20:20:00,117.9,1.766,164.0,0.787,59.93,398.626
2,2026-02-22 20:30:00,118.8,1.671,152.15,0.768,59.96,398.651
2,2026-02-22 20:40:00,118.7,1.534,138.0,0.757,59.99,398.674
2,2026-02-22 20:50:00,117.32,1.488,132.81,0.758,59.97,398.696
2,2026-02-22 21:00:00,118.95,1.71,163.91,0.806,59.97,398.723
2,2026-02-22 21:10:00,118.69,1.68,161.02,0.807,59.95,398.75
2,2026-02-22 21:20:00,118.69,1.635,156.88,0.809,59.95,398.777
2,2026-02-22 21:30:00,120.24,1.584,153.96,0.811,59.93,398.803
2,2026-02-22 21:40:00,118.362,7.7,909.1,1.0,59.938,398.952
2,2026-02-22 21:50:00,117.7,7.549,885.817,1.0,59.933,399.099
2,2026-02-22 22:00:00,117.62,7.471,876.15,1.0,59.94,399.246
2,2026-02-22 22:10:00,119.46,3.523,399.37,0.85,59.95,399.324
2,2026-02-22 22:20:00,119.3,0.895,80.09,0.75,59.97,399.337
2,2026-02-22 22:30:00,118.35,0.859,75.82,0.744,59.95,399.35
2,2026-02-22 22:40:00,119.74,0.844,74.77,0.74,59.99,399.362
2,2026-02-22 22:50:00,119.41,0.783,67.73,0.727,59.99,399.374
2,2026-02-22 23:00:00,119.93,0.53,40.83,0.608,59.95,399.38
2,2026-02-22 23:10:00,119.05,0.337,19.77,0.492,59.95,399.384
2,2026-02-22 23:20:00,119.25,0.338,19.79,0.491,59.95,399.387
2,2026-02-22 23:30:00,118.933,0.344,19.783,0.485,60.0,399.391
2,2026-02-22 23:40:00,119.01,0.34,19.87,0.49,59.95,399.394
2,2026-02-22 23:50:00,119.9,0.338,19.83,0.49,59.94,399.397
2,2026-02-23 00:00:00,119.26,0.356,21.75,0.508,59.97,399.401
2,2026-02-23 00:10:00,120.91,0.353,21.44,0.497,59.96,399.404
2,2026-02-23 00:20:00,120.34,0.337,19.82,0.486,59.97,399.407
2,2026-02-23 00:30:00,117.53,0.335,19.78,0.501,59.97,399.411
2,2026-02-23 00:40:00,118.09,0.336,19.75,0.5,59.92,399.414
2,2026-02-23 00:50:00,117.39,0.34,19.71,0.492,59.95,399.417
2,2026-02-23 01:00:00,116.84,0.338,19.66,0.499,59.95,399.421
2,2026-02-23 01:10:00,118.14,0.339,19.76,0.493,59.96,399.424
2,2026-02-23 01:20:00,119.17,0.331,19.75,0.499,59.94,399.427
2,2026-02-23 01:30:00,118.83,0.331,19.78,0.502,59.94,399.43
2,2026-02-23 01:40:00,117.52,0.332,19.68,0.504,59.99,399.434
2,2026-02-23 01:50:00,117.78,0.333,19.74,0.501,59.98,399.437
2,2026-02-23 02:00:00,117.92,0.334,19.71,0.5,59.97,399.44
2,2026-02-23 02:10:00,117.94,0.334,19.8,0.5,59.98,399.444
2,2026-02-23 02:20:00,118.74,0.332,19.82,0.502,59.95,399.447
2,2026-02-23 02:30:00,118.45,0.336,19.738,0.498,59.938,399.45
2,2026-02-23 02:40:00,119.04,0.334,19.75,0.497,59.95,399.453
2,2026-02-23 02:50:00,117.84,0.333,19.67,0.5,59.94,399.457
2,2026-02-23 03:00:00,118.51,0.333,19.54,0.495,59.98,399.46
2,2026-02-23 03:10:00,118.35,0.334,19.67,0.498,59.94,399.463
2,2026-02-23 03:20:00,118.63,0.34,19.79,0.491,59.98,399.467
2,2026-02-23 03:30:00,118.93,0.365,23.44,0.537,59.96,399.471
2,2026-02-23 03:40:00,118.9,0.377,25.3,0.565,59.95,399.475
2,2026-02-23 03:50:00,118.94,0.376,25.24,0.563,59.93,399.479
2,2026-02-23 04:00:00,117.57,0.38,25.24,0.563,59.94,399.483
2,2026-02-23 04:10:00,117.76,0.422,29.21,0.58,59.95,399.488
2,2026-02-23 04:20:00,118.22,0.382,25.27,0.56,59.98,399.492
2,2026-02-23 04:30:00,117.26,0.382,25.2,0.562,59.94,399.497
2,2026-02-23 04:40:00,117.733,0.377,25.156,0.566,59.922,399.5
2,2026-02-23 04:50:00,118.27,0.38,25.11,0.56,59.96,399.505
2,2026-02-23 05:00:00,117.33,0.383,25.05,0.557,59.93,399.509
2,2026-02-23 05:10:00,115.16,0.39,25.12,0.56,59.95,399.513
2,2026-02-23 05:20:00,115.54,0.383,25.07,0.566,59.97,399.518
2,2026-02-23 05:30:00,115.32,0.385,25.11,0.566,59.96,399.522
2,2026-02-23 05:40:00,114.88,0.374,23.98,0.557,59.96,399.526
2,2026-02-23 05:50:00,115.47,0.342,19.63,0.498,59.97,399.529
2,2026-02-23 06:00:00,116.1,0.422,29.38,0.568,59.92,399.534
2,2026-02-23 06:10:00,116.738,0.536,40.225,0.63,59.95,399.541
2,2026-02-23 06:20:00,116.19,0.366,22.87,0.53,59.97,399.545
2,2026-02-23 06:30:00,117.83,0.332,19.81,0.506,59.97,399.549
2,2026-02-23 06:40:00,117.73,0.334,19.83,0.504,59.95,399.552
2,2026-02-23 06:50:00,116.31,0.343,20.11,0.505,59.95,399.555
2,2026-02-23 07:00:00,117.99,0.339,19.75,0.493,59.96,399.559
2,2026-02-23 07:10:00,117.38,0.354,21.72,0.519,59.96,399.562
2,2026-02-23 07:20:00,117.19,0.364,23.04,0.539,59.97,399.566
2,2026-02-23 07:30:00,117.06,0.359,22.75,0.527,59.96,399.57
2,2026-02-23 07:40:00,115.46,0.533,49.68,0.805,59.93,399.578
2,2026-02-23 07:50:00,117.97,0.524,49.62,0.802,59.97,399.587
2,2026-02-23 08:00:00,120.2,0.519,49.78,0.798,59.97,399.595
2,2026-02-23 08:10:00,117.99,0.526,49.59,0.8,59.94,399.603
2,2026-02-23 08:20:00,116.96,1.444,135.66,0.803,59.92,399.625
2,2026-02-23 08:30:00,116.07,1.455,127.69,0.755,59.99,399.646
2,2026-02-23 08:40:00,115.68,1.309,109.52,0.722,59.97,399.665
2,2026-02-23 08:50:00,117.47,1.589,147.21,0.784,59.98,399.688
2,2026-02-23 09:00:00,117.99,1.675,152.21,0.77,59.97,399.714
2,2026-02-23 09:10:00,116.833,1.598,141.8,0.76,59.978,399.737
2,2026-02-23 09:20:00,115.58,1.558,137.76,0.765,59.96,399.76
2,2026-02-23 09:30:00,114.24,1.651,147.67,0.782,59.97,399.785
2,2026-02-23 09:40:00,116.0,1.49,132.94,0.768,59.96,399.807
2,2026-02-23 09:50:00,115.43,1.352,120.54,0.773,59.92,399.827
2,2026-02-23 10:00:00,114.51,1.312,115.82,0.771,59.97,399.847
2,2026-02-23 10:10:00,113.08,1.303,114.6,0.777,59.95,399.866
2,2026-02-23 10:20:00,113.5,1.256,109.1,0.764,59.97,399.884
2,2026-02-23 10:30:00,112.77,1.256,108.4,0.767,59.94,399.902
2,2026-02-23 10:40:00,114.65,1.239,109.05,0.767,59.97,399.921
2,2026-02-23 10:50:00,114.28,1.239,108.63,0.768,59.96,399.939
2,2026-02-23 11:00:00,113.59,1.488,130.8,0.771,59.95,399.959
2,2026-02-23 11:10:00,112.73,1.28,109.23,0.758,59.95,399.977
2,2026-02-23 11:20:00,112.51,1.314,112.24,0.758,59.96,399.996
2,2026-02-23 11:30:00,112.486,1.314,113.943,0.77,59.971,400.016
2,2026-02-23 11:40:00,113.538,1.239,106.462,0.756,59.95,400.034
2,2026-02-23 11:50:00,113.75,1.28,110.15,0.756,59.98,400.053
2,2026-02-23 12:00:00,113.84,1.258,107.46,0.75,59.93,400.071
2,2026-02-23 12:10:00,113.29,1.277,111.5,0.771,59.96,400.09
2,2026-02-23 12:20:00,114.96,1.278,111.09,0.756,59.95,400.108
2,2026-02-23 12:30:00,115.02,1.3,111.05,0.742,59.93,400.127
2,2026-02-23 12:40:00,115.67,1.305,113.66,0.752,59.95,400.146
2,2026-02-23 12:50:00,114.86,1.264,108.51,0.748,59.96,400.164
2,2026-02-23 13:00:00,114.888,1.147,96.15,0.73,59.962,400.181
2,2026-02-23 13:10:00,116.29,1.124,96.47,0.737,59.96,400.197
2,2026-02-23 13:20:00,118.029,1.138,99.371,0.739,59.943,400.213
2,2026-02-23 13:30:00,116.69,1.088,93.02,0.732,59.94,400.228
2,2026-02-23 13:40:00,115.11,1.128,94.85,0.729,59.94,400.244
2,2026-02-23 13:50:00,114.95,1.165,99.23,0.74,59.9,400.26
2,2026-02-23 14:00:00,114.45,1.275,110.64,0.758,59.93,400.279
2,2026-02-23 14:10:00,114.662,1.294,114.4,0.769,59.975,400.294
2,2026-02-23 14:20:00,114.667,1.235,107.478,0.759,59.944,400.315
2,2026-02-23 14:30:00,114.31,1.198,103.15,0.754,59.96,400.332
2,2026-02-23 14:40:00,114.74,1.256,108.57,0.754,59.95,400.35
2,2026-02-23 14:50:00,113.64,1.26,107.55,0.751,59.97,400.368
2,2026-02-23 15:00:00,114.84,1.261,108.63,0.75,59.99,400.387
2,2026-02-23 15:10:00,113.729,1.297,111.543,0.759,59.929,400.405
2,2026-02-23 15:20:00,113.05,1.252,105.9,0.749,59.99,400.424
2,2026-02-23 15:30:00,114.39,1.312,114.47,0.763,59.94,400.443
2,2026-02-23 15:40:00,115.47,1.28,112.66,0.762,59.94,400.462
2,2026-02-23 15:50:00,115.63,1.199,104.03,0.75,59.96,400.48
2,2026-02-23 16:00:00,116.52,1.27,114.35,0.773,59.97,400.498
2,2026-02-23 16:10:00,116.79,1.248,111.05,0.761,59.94,400.517
2,2026-02-23 16:20:00,115.57,1.261,111.21,0.762,59.94,400.536
2,2026-02-23 16:30:00,115.16,1.268,111.42,0.762,59.95,400.555
2,2026-02-23 16:40:00,115.12,1.472,137.44,0.808,59.97,400.578
2,2026-02-23 16:50:00,116.65,1.747,170.08,0.834,59.96,400.606
2,2026-02-23 17:00:00,119.5,1.796,174.59,0.812,60.0,400.635
2,2026-02-23 17:10:00,119.63,1.779,173.06,0.812,59.94,400.664
2,2026-02-23 17:20:00,118.66,1.78,173.91,0.822,59.96,400.693
2,2026-02-23 17:30:00,117.31,1.788,172.09,0.82,59.98,400.721
2,2026-02-23 17:40:00,116.52,1.788,170.44,0.819,59.96,400.75
2,2026-02-23 17:50:00,115.044,1.778,166.522,0.814,59.978,400.778
2,2026-02-23 18:00:00,116.6,1.961,192.36,0.839,59.99,400.81
2,2026-02-23 18:10:00,118.2,1.833,177.633,0.822,59.933,400.841
2,2026-02-23 18:20:00,117.41,1.862,179.53,0.821,59.96,400.871
2,2026-02-23 18:30:00,115.52,1.721,155.88,0.784,59.96,400.898
2,2026-02-23 18:40:00,115.71,2.176,191.02,0.759,59.95,400.929
2,2026-02-23 18:50:00,117.733,2.335,206.022,0.751,59.944,400.964
2,2026-02-23 19:00:00,117.35,2.339,204.41,0.744,59.95,400.998
2,2026-02-23 19:10:00,117.68,2.437,214.56,0.748,59.95,401.034
2,2026-02-23 19:20:00,117.68,2.458,217.36,0.753,59.95,401.07
2,2026-02-23 19:30:00,117.63,2.355,208.41,0.753,59.95,401.104
2,2026-02-23 19:40:00,117.11,2.152,190.35,0.755,59.96,401.136
2,2026-02-23 19:50:00,117.21,2.123,188.89,0.76,59.98,401.168
2,2026-02-23 20:00:00,115.488,2.0,182.875,0.792,59.975,401.198
2,2026-02-23 20:10:00,115.9,1.697,155.59,0.79,59.94,401.224
2,2026-02-23 20:20:00,115.81,1.523,134.62,0.763,59.96,401.246
2,2026-02-23 20:30:00,114.389,1.476,124.822,0.74,59.956,401.266
2,2026-02-23 20:40:00,115.57,1.553,132.96,0.74,59.97,401.288
2,2026-02-23 20:50:00,117.4,1.601,136.62,0.728,59.98,401.31
2,2026-02-23 21:00:00,119.85,1.656,146.4,0.739,59.98,401.335
2,2026-02-23 21:10:00,114.02,1.554,132.25,0.746,59.96,401.357
2,2026-02-23 21:20:00,116.13,1.486,129.46,0.75,59.96,401.379
2,2026-02-23 21:30:00,115.18,1.528,132.29,0.751,59.94,401.402
2,2026-02-23 21:40:00,114.556,1.381,108.178,0.682,59.956,401.42
2,2026-02-23 21:50:00,115.711,1.288,102.389,0.686,59.944,401.437
2,2026-02-23 22:00:00,117.8,0.759,61.58,0.689,59.97,401.447
2,2026-02-23 22:10:00,119.188,0.523,42.0,0.668,59.975,401.453
2,2026-02-23 22:20:00,116.58,0.474,35.46,0.63,59.97,401.46
2,2026-02-23 22:30:00,118.033,0.403,27.033,0.559,59.933,401.464
2,2026-02-23 22:40:00,118.95,0.38,23.73,0.516,59.94,401.468
2,2026-02-23 22:50:00,116.57,0.344,20.13,0.501,59.94,401.471
2,2026-02-23 23:00:00,116.2,0.348,20.15,0.498,59.98,401.475
2,2026-02-23 23:10:00,117.29,0.352,20.7,0.5,59.96,401.478
2,2026-02-23 23:20:00,117.544,0.367,22.089,0.509,59.978,401.482
2,2026-02-23 23:30:00,117.025,0.402,26.088,0.545,59.962,401.485
2,2026-02-23 23:40:00,116.27,0.392,25.53,0.55,59.97,401.491
2,2026-02-23 23:50:00,115.81,0.38,23.98,0.538,59.96,401.494
2,2026-02-24 00:00:00,116.388,0.36,22.025,0.521,59.962,401.498
2,2026-02-24 00:10:00,116.61,0.348,20.48,0.505,59.95,401.502
2,2026-02-24 00:20:00,117.82,0.365,22.2,0.511,59.99,401.505
2,2026-02-24 00:30:00,117.52,0.383,24.38,0.535,59.96,401.509
2,2026-02-24 00:40:00,117.433,0.348,20.767,0.507,59.917,401.512
2,2026-02-24 00:50:00,117.03,0.359,21.9,0.517,59.95,401.516
2,2026-02-24 01:00:00,117.29,0.349,20.33,0.496,59.96,401.519
2,2026-02-24 01:10:00,117.03,0.346,20.27,0.501,59.94,401.523
2,2026-02-24 01:20:00,117.23,0.345,20.34,0.504,59.98,401.526
2,2026-02-24 01:30:00,118.56,0.341,20.31,0.504,59.99,401.529
2,2026-02-24 01:40:00,117.78,0.387,24.87,0.533,59.97,401.533
2,2026-02-24 01:50:00,117.82,0.353,20.52,0.495,59.96,401.537
2,2026-02-24 02:00:00,116.4,0.347,20.2,0.5,59.93,401.54
2,2026-02-24 02:10:00,117.15,0.347,20.45,0.503,59.94,401.544
2,2026-02-24 02:20:00,116.825,0.344,20.112,0.499,59.962,401.547
2,2026-02-24 02:30:00,117.344,0.345,19.956,0.491,59.944,401.55
2,2026-02-24 02:40:00,117.744,0.338,19.678,0.496,59.989,401.553
2,2026-02-24 02:50:00,118.07,0.336,19.8,0.5,59.96,401.557
2,2026-02-24 03:00:00,117.89,0.337,19.73,0.497,59.96,401.56
2,2026-02-24 03:10:00,116.74,0.341,19.64,0.494,59.93,401.563
2,2026-02-24 03:20:00,116.94,0.344,19.78,0.492,59.96,401.567
2,2026-02-24 03:30:00,117.02,0.376,23.9,0.54,59.95,401.571
2,2026-02-24 03:40:00,117.7,0.389,25.67,0.562,59.96,401.575
2,2026-02-24 03:50:00,118.04,0.391,25.74,0.558,59.96,401.579
2,2026-02-24 04:00:00,118.21,0.389,25.17,0.55,59.96,401.583
2,2026-02-24 04:10:00,117.54,0.383,25.15,0.559,59.94,401.588
2,2026-02-24 04:20:00,116.71,0.386,25.36,0.562,59.96,401.592
2,2026-02-24 04:30:00,116.078,0.386,25.222,0.561,59.933,401.596
2,2026-02-24 04:40:00,115.66,0.393,25.13,0.551,59.94,401.6
2,2026-02-24 04:50:00,117.28,0.387,25.2,0.554,59.96,401.604
2,2026-02-24 05:00:00,117.06,0.383,25.2,0.56,59.94,401.609
2,2026-02-24 05:10:00,115.55,0.394,25.51,0.56,59.95,401.613
2,2026-02-24 05:20:00,116.14,0.4,25.41,0.548,59.94,401.617
2,2026-02-24 05:30:00,115.72,0.401,25.26,0.544,59.95,401.621
2,2026-02-24 05:40:00,115.66,0.467,35.27,0.636,59.98,401.627
2,2026-02-24 05:50:00,114.1,0.552,49.8,0.79,59.95,401.636
2,2026-02-24 06:00:00,117.83,0.515,45.43,0.739,59.95,401.643
2,2026-02-24 06:10:00,116.69,1.461,126.82,0.745,59.93,401.664
2,2026-02-24 06:20:00,116.76,1.425,122.96,0.739,59.99,401.685
2,2026-02-24 06:30:00,117.46,1.29,111.48,0.736,59.98,401.704
2,2026-02-24 06:40:00,115.61,1.214,103.32,0.736,59.94,401.721
2,2026-02-24 06:50:00,115.9,1.198,101.49,0.731,59.93,401.739
2,2026-02-24 07:00:00,116.87,1.182,100.61,0.727,59.92,401.756
2,2026-02-24 07:10:00,119.16,1.153,100.51,0.732,59.96,401.772
2,2026-02-24 07:20:00,118.37,1.156,101.16,0.74,59.96,401.789
2,2026-02-24 07:30:00,118.04,1.056,87.3,0.696,59.93,401.804
2,2026-02-24 07:40:00,117.04,0.856,60.64,0.604,59.97,401.814
2,2026-02-24 07:50:00,117.48,1.029,88.38,0.732,59.98,401.828
2,2026-02-24 08:00:00,116.27,1.021,85.71,0.723,59.96,401.842
2,2026-02-24 08:10:00,115.433,1.024,86.633,0.736,59.956,401.857
2,2026-02-24 08:20:00,116.7,0.948,79.0,0.709,59.989,401.869
2,2026-02-24 08:30:00,115.25,1.035,74.05,0.622,59.95,401.882
2,2026-02-24 08:40:00,113.83,1.366,105.02,0.671,59.96,401.899
2,2026-02-24 08:50:00,114.43,1.386,109.82,0.691,59.97,401.918
2,2026-02-24 09:00:00,114.975,1.654,141.288,0.74,59.962,401.941
2,2026-02-24 09:10:00,114.94,1.432,122.45,0.745,59.99,401.962
2,2026-02-24 09:20:00,116.14,1.505,130.31,0.745,59.94,401.983
2,2026-02-24 09:30:00,114.18,1.417,117.66,0.726,59.97,402.003
2,2026-02-24 09:40:00,114.08,1.356,111.6,0.723,59.95,402.022
2,2026-02-24 09:50:00,114.45,1.318,110.32,0.729,59.94,402.041
2,2026-02-24 10:00:00,116.67,1.353,119.08,0.753,59.95,402.06
2,2026-02-24 10:10:00,114.43,1.295,106.56,0.719,59.94,402.078
2,2026-02-24 10:20:00,113.83,1.307,106.97,0.718,59.94,402.096
2,2026-02-24 10:30:00,112.1,1.403,117.6,0.748,59.92,402.116
2,2026-02-24 10:40:00,114.14,1.348,117.56,0.766,59.96,402.135
2,2026-02-24 10:50:00,114.73,1.284,108.84,0.738,59.97,402.154
2,2026-02-24 11:00:00,114.63,1.374,120.71,0.766,59.97,402.174
2,2026-02-24 11:10:00,114.93,1.421,125.99,0.772,59.97,402.195
2,2026-02-24 11:20:00,114.69,1.314,112.47,0.747,59.97,402.214
2,2026-02-24 11:30:00,114.79,1.316,113.4,0.751,59.97,402.233
2,2026-02-24 11:40:00,111.09,1.294,107.08,0.745,59.95,402.25
2,2026-02-24 11:50:00,111.562,1.299,108.638,0.749,59.975,402.268
2,2026-02-24 12:00:00,111.5,3.88,411.23,0.858,59.96,402.324
2,2026-02-24 12:10:00,113.35,7.556,850.5,0.99,59.96,402.466
2,2026-02-24 12:20:00,113.66,7.576,855.0,0.99,59.94,402.609
2,2026-02-24 12:30:00,112.8,7.518,842.22,0.99,59.96,402.749
2,2026-02-24 12:40:00,111.32,7.753,856.18,0.99,59.95,402.893
2,2026-02-24 12:50:00,110.69,7.738,849.94,0.99,59.96,403.035
2,2026-02-24 13:00:00,111.444,5.002,534.889,0.904,59.967,403.139
2,2026-02-24 13:10:00,115.889,1.562,144.744,0.801,59.956,403.163
2,2026-02-24 13:20:00,116.2,1.548,144.09,0.801,59.96,403.187
2,2026-02-24 13:30:00,114.911,1.689,156.7,0.809,59.922,403.212
2,2026-02-24 13:40:00,116.45,1.902,181.86,0.821,59.97,403.242
2,2026-02-24 13:50:00,115.69,4.342,471.17,0.885,59.96,403.322
2,2026-02-24 14:00:00,113.022,8.044,902.422,0.99,59.944,403.473
2,2026-02-24 14:10:00,114.2,7.937,899.375,0.99,59.938,403.622
2,2026-02-24 14:20:00,113.89,7.875,889.71,0.99,59.93,403.771
2,2026-02-24 14:30:00,114.1,7.906,894.72,0.99,59.98,403.921
2,2026-02-24 14:40:00,114.23,7.824,886.82,0.99,59.99,404.068
2,2026-02-24 14:50:00,114.288,7.635,866.538,0.99,59.975,404.213
2,2026-02-24 15:00:00,113.77,7.53,850.76,0.99,59.99,404.356
2,2026-02-24 15:10:00,112.5,6.691,741.325,0.956,59.938,404.489
2,2026-02-24 15:20:00,115.53,1.271,107.88,0.735,59.97,404.507
2,2026-02-24 15:30:00,115.21,1.313,111.97,0.74,59.93,404.525
2,2026-02-24 15:40:00,117.011,1.271,108.656,0.73,59.933,404.544
2,2026-02-24 15:50:00,117.01,1.322,114.06,0.738,59.98,404.563
2,2026-02-24 16:00:00,114.37,1.328,114.11,0.752,59.97,404.581
2,2026-02-24 16:10:00,114.42,1.236,102.82,0.727,59.94,404.598
2,2026-02-24 16:20:00,115.1,1.261,104.56,0.721,59.98,404.615
2,2026-02-24 16:30:00,114.456,1.391,119.067,0.748,59.933,404.633
2,2026-02-24 16:40:00,114.956,1.341,116.656,0.759,59.978,404.654
2,2026-02-24 16:50:00,115.9,1.311,113.94,0.751,59.98,404.673
2,2026-02-24 17:00:00,117.65,1.288,115.98,0.764,59.93,404.692
2,2026-02-24 17:10:00,118.333,1.173,102.833,0.739,59.956,404.71
2,2026-02-24 17:20:00,117.2,1.173,99.52,0.726,59.93,404.727
2,2026-02-24 17:30:00,116.744,1.23,103.289,0.72,59.978,404.744
2,2026-02-24 17:40:00,113.33,1.442,120.43,0.737,59.95,404.763
2,2026-02-24 17:50:00,113.3,1.451,120.7,0.734,59.98,404.783
2,2026-02-24 18:00:00,113.767,1.312,109.367,0.733,59.967,404.801
2,2026-02-24 18:10:00,113.46,1.439,118.32,0.726,59.95,404.82
2,2026-02-24 18:20:00,114.988,1.675,145.9,0.758,59.962,404.844
2,2026-02-24 18:30:00,115.67,1.388,106.86,0.666,59.97,404.862
2,2026-02-24 18:40:00,114.76,1.661,136.36,0.708,59.96,404.884
2,2026-02-24 18:50:00,114.59,2.015,174.51,0.756,59.95,404.913
2,2026-02-24 19:00:00,114.45,1.841,157.81,0.75,59.97,404.94
2,2026-02-24 19:10:00,114.567,2.001,171.422,0.75,59.944,404.968
2,2026-02-24 19:20:00,114.78,1.908,163.66,0.748,59.94,404.995
2,2026-02-24 19:30:00,115.212,1.837,159.538,0.754,59.962,405.021
2,2026-02-24 19:40:00,115.59,1.783,154.85,0.751,59.94,405.047
2,2026-02-24 19:50:00,114.69,1.866,161.32,0.755,59.96,405.074
2,2026-02-24 20:00:00,113.76,1.873,164.11,0.771,59.96,405.102
2,2026-02-24 20:10:00,114.1,1.879,166.12,0.776,59.98,405.129
2,2026-02-24 20:20:00,114.84,1.905,172.28,0.789,59.96,405.158
2,2026-02-24 20:30:00,115.875,1.771,159.962,0.781,59.925,405.184
2,2026-02-24 20:40:00,115.46,1.666,151.61,0.789,59.94,405.209
2,2026-02-24 20:50:00,115.14,1.621,146.13,0.784,59.94,405.233
2,2026-02-24 21:00:00,117.64,1.516,139.8,0.782,59.99,405.257
2,2026-02-24 21:10:00,116.28,1.463,127.8,0.748,59.98,405.278
2,2026-02-24 21:20:00,116.96,1.371,116.23,0.726,59.97,405.298
2,2026-02-24 21:30:00,118.38,1.375,118.61,0.726,59.95,405.317
2,2026-02-24 21:40:00,118.32,1.406,122.32,0.736,59.97,405.338
2,2026-02-24 21:50:00,116.85,1.115,96.71,0.741,59.96,405.355
2,2026-02-24 22:00:00,117.24,0.815,71.02,0.742,59.95,405.367
2,2026-02-24 22:10:00,115.98,0.804,69.03,0.74,59.94,405.378
2,2026-02-24 22:20:00,116.26,0.814,70.39,0.742,59.96,405.39
2,2026-02-24 22:30:00,118.11,0.622,50.78,0.664,59.96,405.399
2,2026-02-24 22:40:00,117.51,0.354,21.26,0.506,59.96,405.403
2,2026-02-24 22:50:00,117.289,0.364,21.511,0.501,59.944,405.406
2,2026-02-24 23:00:00,117.61,0.382,23.42,0.515,59.92,405.41
2,2026-02-24 23:10:00,117.17,0.36,21.41,0.506,59.97,405.414
2,2026-02-24 23:20:00,118.76,0.404,26.07,0.535,59.94,405.418
2,2026-02-24 23:30:00,117.94,0.363,21.52,0.498,59.96,405.422
2,2026-02-24 23:40:00,118.17,0.348,19.93,0.485,59.93,405.425
2,2026-02-24 23:50:00,118.52,0.346,20.62,0.502,59.92,405.429
2,2026-02-25 00:00:00,118.9,0.354,21.33,0.502,59.96,405.432
2,2026-02-25 00:10:00,118.65,0.369,22.7,0.512,59.99,405.436
2,2026-02-25 00:20:00,118.45,0.351,20.47,0.492,59.93,405.439
2,2026-02-25 00:30:00,118.0,0.342,19.78,0.49,59.92,405.443
2,2026-02-25 00:40:00,117.89,0.342,20.18,0.5,59.95,405.446
2,2026-02-25 00:50:00,118.98,0.34,19.95,0.493,59.97,405.45
2,2026-02-25 01:00:00,119.61,0.346,19.85,0.479,59.95,405.453
2,2026-02-25 01:10:00,119.38,0.35,19.97,0.477,59.96,405.456
2,2026-02-25 01:20:00,120.2,0.343,19.925,0.485,59.962,405.46
2,2026-02-25 01:30:00,119.05,0.338,19.83,0.493,59.96,405.463
2,2026-02-25 01:40:00,118.06,0.337,19.81,0.498,59.96,405.466
2,2026-02-25 01:50:00,118.66,0.343,19.93,0.491,59.95,405.47
2,2026-02-25 02:00:00,119.44,0.342,20.09,0.491,59.95,405.473
2,2026-02-25 02:10:00,119.31,0.344,20.45,0.5,59.95,405.476
2,2026-02-25 02:20:00,120.0,0.34,20.03,0.491,59.97,405.48
2,2026-02-25 02:30:00,119.49,0.343,19.86,0.484,59.95,405.483
2,2026-02-25 02:40:00,118.35,0.342,19.77,0.489,59.95,405.486
2,2026-02-25 02:50:00,119.34,0.338,19.85,0.491,59.92,405.49
2,2026-02-25 03:00:00,119.63,0.338,19.95,0.493,59.95,405.493
2,2026-02-25 03:10:00,118.65,0.411,27.86,0.555,59.92,405.497
2,2026-02-25 03:20:00,119.27,0.335,19.94,0.5,59.96,405.501
2,2026-02-25 03:30:00,119.83,0.409,28.62,0.574,59.96,405.505
2,2026-02-25 03:40:00,119.8,0.401,27.5,0.57,59.97,405.51
2,2026-02-25 03:50:00,118.37,0.39,25.49,0.551,59.94,405.514
2,2026-02-25 04:00:00,118.55,0.388,25.37,0.55,59.96,405.518
2,2026-02-25 04:10:00,118.51,0.385,25.23,0.552,59.93,405.523
2,2026-02-25 04:20:00,119.85,0.378,25.71,0.567,59.97,405.527
2,2026-02-25 04:30:00,120.422,0.391,27.089,0.571,59.956,405.531
2,2026-02-25 04:40:00,119.29,0.378,25.32,0.559,59.96,405.535
2,2026-02-25 04:50:00,118.29,0.38,25.21,0.562,59.95,405.54
2,2026-02-25 05:00:00,117.15,0.38,25.02,0.563,59.94,405.544
2,2026-02-25 05:10:00,117.47,0.393,25.44,0.552,59.95,405.548
2,2026-02-25 05:20:00,116.97,0.39,25.17,0.551,59.97,405.552
2,2026-02-25 05:30:00,116.16,0.421,28.27,0.567,59.93,405.557
2,2026-02-25 05:40:00,117.75,0.673,64.15,0.809,59.94,405.568
2,2026-02-25 05:50:00,117.73,0.626,59.43,0.806,59.99,405.578
2,2026-02-25 06:00:00,117.12,1.321,135.84,0.712,59.95,405.595
2,2026-02-25 06:10:00,116.51,0.386,24.72,0.543,59.93,405.605
2,2026-02-25 06:20:00,115.07,0.383,23.45,0.52,59.94,405.609
2,2026-02-25 06:30:00,115.76,0.347,19.64,0.49,59.98,405.612
2,2026-02-25 06:40:00,116.15,0.349,20.13,0.496,59.95,405.616
2,2026-02-25 06:50:00,117.19,0.346,19.86,0.491,59.95,405.619
2,2026-02-25 07:00:00,117.07,0.399,26.89,0.571,59.91,405.623
2,2026-02-25 07:10:00,116.13,0.347,19.74,0.49,59.96,405.627
2,2026-02-25 07:20:00,116.522,0.349,19.689,0.486,59.956,405.63
2,2026-02-25 07:30:00,115.62,0.343,19.74,0.497,59.98,405.634
2,2026-02-25 07:40:00,115.588,0.557,48.612,0.722,59.975,405.642
2,2026-02-25 07:50:00,114.978,0.623,57.289,0.801,59.944,405.651
2,2026-02-25 08:00:00,114.83,0.644,59.23,0.802,59.93,405.661
2,2026-02-25 08:10:00,116.07,1.45,129.23,0.768,59.97,405.682
2,2026-02-25 08:20:00,113.32,4.02,423.31,0.851,59.95,405.747
2,2026-02-25 08:30:00,110.94,7.832,860.59,0.99,59.95,405.891
2,2026-02-25 08:40:00,111.75,7.836,867.54,0.99,59.95,406.036
2,2026-02-25 08:50:00,112.6,7.908,882.31,0.99,59.94,406.184
2,2026-02-25 09:00:00,113.87,7.978,901.44,0.99,59.92,406.335
2,2026-02-25 09:10:00,113.18,7.915,888.69,0.99,59.96,406.482
2,2026-02-25 09:20:00,111.07,7.705,849.98,0.99,59.94,406.624
2,2026-02-25 09:30:00,111.43,7.712,853.48,0.99,59.96,406.767
2,2026-02-25 09:40:00,111.43,7.946,878.68,0.99,59.95,406.914
2,2026-02-25 09:50:00,111.57,7.968,882.5,0.99,59.94,407.061
2,2026-02-25 10:00:00,112.3,7.88,878.77,0.99,59.94,407.209
2,2026-02-25 10:10:00,110.88,7.681,845.69,0.99,59.97,407.351
2,2026-02-25 10:20:00,110.68,7.818,858.66,0.99,59.91,407.495
2,2026-02-25 10:30:00,110.26,7.952,868.42,0.99,59.96,407.639
2,2026-02-25 10:40:00,109.21,8.023,865.99,0.989,59.94,407.785
2,2026-02-25 10:50:00,108.82,7.826,843.41,0.99,59.97,407.927
2,2026-02-25 11:00:00,108.77,8.008,862.0,0.99,59.97,408.072
2,2026-02-25 11:10:00,106.96,7.908,836.84,0.99,59.97,408.212
2,2026-02-25 11:20:00,107.86,7.686,821.05,0.99,59.96,408.35
2,2026-02-25 11:30:00,106.83,7.751,818.77,0.989,59.92,408.487
2,2026-02-25 11:40:00,108.47,7.685,825.99,0.99,59.95,408.626
2,2026-02-25 11:50:00,108.95,7.643,826.38,0.99,59.96,408.764
2,2026-02-25 12:00:00,111.389,7.765,858.544,0.99,59.978,408.894
2,2026-02-25 12:10:00,111.41,7.68,850.44,0.991,59.96,409.05
2,2026-02-25 12:20:00,109.63,7.567,824.57,0.991,59.99,409.187
2,2026-02-25 12:30:00,114.4,2.196,219.94,0.835,59.98,409.231
2,2026-02-25 12:40:00,114.09,1.444,132.59,0.805,59.96,409.253
2,2026-02-25 12:50:00,111.51,1.437,126.91,0.793,59.99,409.275
2,2026-02-25 13:00:00,114.07,1.504,136.59,0.794,59.96,409.297
2,2026-02-25 13:10:00,115.62,1.621,147.0,0.783,59.96,409.321
2,2026-02-25 13:20:00,117.05,1.61,146.66,0.777,59.97,409.346
2,2026-02-25 13:30:00,114.48,1.676,148.34,0.772,59.94,409.371
2,2026-02-25 13:40:00,114.47,1.672,146.89,0.767,59.99,409.395
2,2026-02-25 13:50:00,112.17,1.553,130.5,0.745,59.97,409.418
2,2026-02-25 14:00:00,112.81,1.382,111.2,0.712,59.95,409.437
2,2026-02-25 14:10:00,112.02,7.528,832.97,0.986,59.94,409.573
2,2026-02-25 14:20:00,112.71,7.697,859.82,0.99,59.97,409.717
2,2026-02-25 14:30:00,113.13,7.805,874.75,0.99,59.93,409.861
2,2026-02-25 14:40:00,111.57,7.661,847.4,0.99,59.97,410.003
2,2026-02-25 14:50:00,110.34,7.89,859.65,0.988,59.95,410.147
2,2026-02-25 15:00:00,111.56,8.248,907.12,0.988,59.97,410.299
2,2026-02-25 15:10:00,111.72,8.165,900.01,0.988,59.94,410.45
2,2026-02-25 15:20:00,112.32,8.11,899.71,0.99,59.97,410.601
2,2026-02-25 15:30:00,112.41,8.125,902.71,0.99,59.95,410.751
2,2026-02-25 15:40:00,112.29,5.687,617.95,0.967,59.98,410.858
2,2026-02-25 15:50:00,112.21,4.962,537.49,0.968,59.99,410.948
2,2026-02-25 16:00:00,111.77,4.805,518.62,0.967,59.96,411.035
2,2026-02-25 16:10:00,112.43,4.799,521.01,0.966,59.97,411.123
2,2026-02-25 16:20:00,111.77,6.662,726.16,0.974,59.94,411.234
2,2026-02-25 16:30:00,109.16,10.849,1176.44,0.99,59.96,411.43
2,2026-02-25 16:40:00,109.09,11.012,1192.35,0.99,59.96,411.629
2,2026-02-25 16:50:00,110.49,10.886,1195.56,0.99,59.94,411.828
2,2026-02-25 17:00:00,111.47,10.875,1206.33,0.995,59.98,412.03
2,2026-02-25 17:10:00,110.99,10.881,1201.43,0.996,59.98,412.231
2,2026-02-25 17:20:00,111.29,10.84,1200.38,0.995,59.96,412.432
2,2026-02-25 17:30:00,111.73,10.736,1195.05,0.999,59.95,412.632
2,2026-02-25 17:40:00,109.6,10.454,1142.04,1.0,59.95,412.823
2,2026-02-25 17:50:00,110.08,10.455,1147.59,1.0,59.97,413.015
2,2026-02-25 18:00:00,109.23,10.43,1135.42,1.0,59.95,413.205
2,2026-02-25 18:10:00,113.37,6.358,707.05,0.986,59.91,413.329
2,2026-02-25 18:20:00,115.13,4.645,523.14,0.98,59.96,413.416
2,2026-02-25 18:30:00,115.36,4.969,555.33,0.969,59.92,413.508
2,2026-02-25 18:40:00,114.96,5.273,583.41,0.961,59.94,413.605
2,2026-02-25 18:50:00,114.55,5.55,609.6,0.959,59.94,413.707
2,2026-02-25 19:00:00,114.8,5.551,611.25,0.959,59.98,413.808
2,2026-02-25 19:10:00,113.34,5.151,556.73,0.944,59.97,413.904
2,2026-02-25 19:20:00,115.14,2.413,219.14,0.789,59.97,413.94
2,2026-02-25 19:30:00,117.71,2.326,207.74,0.759,59.96,413.974
2,2026-02-25 19:40:00,117.08,2.235,198.86,0.76,59.96,414.008
2,2026-02-25 19:50:00,117.33,2.217,197.37,0.761,59.94,414.041
2,2026-02-25 20:00:00,114.58,6.946,770.25,0.942,59.96,414.171
2,2026-02-25 20:10:00,115.06,7.82,891.03,0.99,59.94,414.32
2,2026-02-25 20:20:00,114.89,7.992,909.87,0.99,59.96,414.472
2,2026-02-25 20:30:00,115.67,8.227,942.43,0.99,59.96,414.629
2,2026-02-25 20:40:00,116.21,8.315,956.46,0.99,59.94,414.788
2,2026-02-25 20:50:00,115.86,8.286,951.18,0.99,59.95,414.947
2,2026-02-25 21:00:00,116.02,8.253,948.88,0.99,59.95,415.106
2,2026-02-25 21:10:00,114.76,8.359,949.21,0.989,59.95,415.265
2,2026-02-25 21:20:00,116.71,8.654,995.5,0.987,59.98,415.431
2,2026-02-25 21:30:00,117.46,8.343,969.18,0.99,59.96,415.592
2,2026-02-25 21:40:00,119.55,2.473,244.68,0.778,59.95,415.645
2,2026-02-25 21:50:00,117.8,1.803,161.69,0.76,59.95,415.672
2,2026-02-25 22:00:00,117.86,1.727,155.02,0.76,59.96,415.699
2,2026-02-25 22:10:00,117.11,1.736,154.78,0.763,59.97,415.724
2,2026-02-25 22:20:00,116.27,1.715,151.14,0.756,59.93,415.75
2,2026-02-25 22:30:00,116.58,1.626,144.57,0.763,59.96,415.774
2,2026-02-25 22:40:00,117.24,1.182,95.46,0.688,59.95,415.791
2,2026-02-25 22:50:00,117.111,1.129,90.5,0.684,59.978,415.806
2,2026-02-25 23:00:00,118.03,1.023,78.66,0.651,59.95,415.819
2,2026-02-25 23:10:00,118.52,1.012,79.74,0.664,59.97,415.832
2,2026-02-25 23:20:00,120.333,0.948,77.0,0.658,59.944,415.844
2,2026-02-25 23:30:00,117.97,0.423,29.73,0.595,59.95,415.849
2,2026-02-25 23:40:00,117.84,0.446,31.51,0.598,59.97,415.855
2,2026-02-25 23:50:00,117.46,0.384,24.44,0.531,59.97,415.859
2,2026-02-26 00:00:00,117.31,0.356,21.2,0.504,59.95,415.863
2,2026-02-26 00:10:00,118.2,0.36,21.77,0.503,59.95,415.867
2,2026-02-26 00:20:00,117.84,0.344,19.72,0.485,59.95,415.87
2,2026-02-26 00:30:00,119.23,0.391,25.47,0.533,59.97,415.874
2,2026-02-26 00:40:00,117.76,0.34,19.73,0.493,59.95,415.878
2,2026-02-26 00:50:00,117.95,0.34,19.68,0.49,59.95,415.881
2,2026-02-26 01:00:00,117.5,0.338,19.68,0.494,59.97,415.884
2,2026-02-26 01:10:00,118.08,0.337,19.76,0.496,59.92,415.888
2,2026-02-26 01:20:00,118.87,0.357,21.73,0.504,59.95,415.891
2,2026-02-26 01:30:00,119.62,0.346,19.89,0.48,59.93,415.895
2,2026-02-26 01:40:00,119.74,0.339,19.85,0.488,59.94,415.898
2,2026-02-26 01:50:00,118.63,0.338,19.73,0.492,59.97,415.901
2,2026-02-26 02:00:00,118.07,0.344,19.78,0.486,59.96,415.905
2,2026-02-26 02:10:00,118.33,0.342,19.67,0.489,59.96,415.908
2,2026-02-26 02:20:00,118.25,0.337,19.71,0.494,59.96,415.911
2,2026-02-26 02:30:00,118.55,0.339,19.77,0.491,59.95,415.915
2,2026-02-26 02:40:00,119.08,0.34,19.73,0.486,59.93,415.918
2,2026-02-26 02:50:00,119.57,0.339,19.86,0.49,59.95,415.921
2,2026-02-26 03:00:00,120.4,0.336,19.82,0.49,59.98,415.924
2,2026-02-26 03:10:00,119.05,0.34,19.8,0.488,59.93,415.928
2,2026-02-26 03:20:00,118.5,0.345,19.82,0.485,59.95,415.931
2,2026-02-26 03:30:00,118.333,0.334,19.456,0.492,59.933,415.934
2,2026-02-26 03:40:00,118.34,0.335,19.62,0.495,59.98,415.938
2,2026-02-26 03:50:00,119.77,0.343,19.82,0.483,59.97,415.941
2,2026-02-26 04:00:00,119.62,0.392,25.44,0.542,59.96,415.945
2,2026-02-26 04:10:00,119.7,0.383,25.4,0.552,59.94,415.95
2,2026-02-26 04:20:00,119.16,0.382,25.31,0.556,59.99,415.954
2,2026-02-26 04:30:00,118.24,0.386,25.39,0.555,59.94,415.958
2,2026-02-26 04:40:00,118.46,0.383,25.3,0.558,59.96,415.962
2,2026-02-26 04:50:00,117.64,0.388,25.3,0.554,59.94,415.966
2,2026-02-26 05:00:00,118.46,0.389,25.23,0.549,59.97,415.971
2,2026-02-26 05:10:00,117.85,0.393,25.22,0.545,59.94,415.975
2,2026-02-26 05:20:00,117.75,0.387,25.13,0.552,59.94,415.979
2,2026-02-26 05:30:00,116.37,0.406,27.18,0.57,59.96,415.983
2,2026-02-26 05:40:00,117.73,0.714,68.0,0.81,59.96,415.995
2,2026-02-26 05:50:00,115.56,0.69,64.73,0.81,59.97,416.006
2,2026-02-26 06:00:00,115.32,0.664,60.74,0.79,59.95,416.016
2,2026-02-26 06:10:00,116.49,0.491,37.28,0.649,59.93,416.022
2,2026-02-26 06:20:00,117.76,0.495,37.3,0.632,59.97,416.029
2,2026-02-26 06:30:00,118.22,0.471,35.35,0.63,59.95,416.035
2,2026-02-26 06:40:00,117.93,0.471,35.16,0.633,59.93,416.041
2,2026-02-26 06:50:00,116.93,0.463,34.54,0.637,59.95,416.046
2,2026-02-26 07:00:00,115.73,0.464,34.33,0.638,59.96,416.052
2,2026-02-26 07:10:00,116.16,0.44,31.4,0.612,59.95,416.057
2,2026-02-26 07:20:00,117.82,0.373,23.96,0.544,59.97,416.061
2,2026-02-26 07:30:00,120.96,0.371,24.02,0.537,59.99,416.065
2,2026-02-26 07:40:00,116.04,0.37,23.62,0.55,59.94,416.069
2,2026-02-26 07:50:00,113.18,0.371,23.36,0.556,59.97,416.073
2,2026-02-26 08:00:00,115.2,0.396,28.14,0.598,59.93,416.078
2,2026-02-26 08:10:00,115.92,0.394,28.58,0.593,59.97,416.083
2,2026-02-26 08:20:00,114.23,0.334,19.43,0.509,59.95,416.086
2,2026-02-26 08:30:00,115.34,0.537,49.67,0.801,59.97,416.094
2,2026-02-26 08:40:00,114.61,0.538,49.48,0.801,59.94,416.103
2,2026-02-26 08:50:00,113.67,0.543,49.49,0.804,59.97,416.111
2,2026-02-26 09:00:00,115.778,1.128,100.778,0.738,59.944,416.126
2,2026-02-26 09:10:00,115.63,1.563,138.14,0.761,59.96,416.15
2,2026-02-26 09:20:00,116.49,1.219,104.12,0.734,59.95,416.168
2,2026-02-26 09:30:00,116.911,1.555,136.922,0.753,59.978,416.191
2,2026-02-26 09:40:00,115.756,1.589,139.278,0.759,59.933,416.214
2,2026-02-26 09:50:00,114.56,1.564,134.7,0.751,59.96,416.236
2,2026-02-26 10:00:00,114.289,1.537,132.089,0.752,59.922,416.256
2,2026-02-26 10:10:00,116.525,1.542,141.225,0.786,59.962,416.282
2,2026-02-26 10:20:00,116.91,1.621,154.09,0.813,59.95,416.307
2,2026-02-26 10:30:00,115.844,1.589,150.089,0.814,59.933,416.332
2,2026-02-26 10:40:00,115.17,1.387,123.04,0.77,59.97,416.353
2,2026-02-26 10:50:00,114.92,1.308,113.89,0.757,59.97,416.372
2,2026-02-26 11:00:00,115.07,1.239,105.08,0.737,59.94,416.39
2,2026-02-26 11:10:00,114.57,1.18,99.0,0.732,59.93,416.407
2,2026-02-26 11:20:00,115.29,1.169,98.68,0.731,59.98,416.424
2,2026-02-26 11:30:00,113.81,1.166,98.54,0.741,59.94,416.44
2,2026-02-26 11:40:00,115.37,1.16,98.74,0.738,59.96,416.457
2,2026-02-26 11:50:00,114.82,1.245,108.87,0.758,59.94,416.476
2,2026-02-26 12:00:00,113.322,3.966,422.978,0.85,59.956,416.533
2,2026-02-26 12:10:00,112.8,7.493,839.85,0.99,59.95,416.673
2,2026-02-26 12:20:00,112.99,7.526,845.29,0.992,59.94,416.814
2,2026-02-26 12:30:00,115.87,7.683,884.75,0.99,59.96,416.961
2,2026-02-26 12:40:00,115.05,7.597,868.75,0.992,59.94,417.106
2,2026-02-26 12:50:00,114.04,7.554,855.17,0.99,59.96,417.25
2,2026-02-26 13:00:00,115.75,2.457,253.88,0.783,59.96,417.293
2,2026-02-26 13:10:00,117.09,1.172,98.71,0.72,59.95,417.309
2,2026-02-26 13:20:00,117.244,1.159,97.289,0.717,59.956,417.326
2,2026-02-26 13:30:00,116.73,1.127,94.61,0.72,59.95,417.342
2,2026-02-26 13:40:00,116.39,1.358,115.28,0.729,59.95,417.362
2,2026-02-26 13:50:00,116.85,1.256,106.13,0.721,59.98,417.38
2,2026-02-26 14:00:00,116.61,1.3,109.47,0.723,59.96,417.398
2,2026-02-26 14:10:00,115.43,1.211,101.7,0.727,59.96,417.416
2,2026-02-26 14:20:00,116.96,1.202,101.67,0.722,59.97,417.434
2,2026-02-26 14:30:00,116.13,1.467,134.02,0.786,59.98,417.457
2,2026-02-26 14:40:00,114.89,1.465,131.18,0.776,59.98,417.479
2,2026-02-26 14:50:00,115.84,1.236,103.57,0.722,59.95,417.497
2,2026-02-26 15:00:00,115.944,1.263,106.867,0.729,59.967,417.514
2,2026-02-26 15:10:00,113.05,1.262,101.68,0.712,59.95,417.531
2,2026-02-26 15:20:00,116.088,1.24,104.962,0.728,59.938,417.549
2,2026-02-26 15:30:00,117.27,1.242,107.37,0.738,59.95,417.566
2,2026-02-26 15:40:00,116.48,1.225,102.99,0.72,59.95,417.583
2,2026-02-26 15:50:00,113.9,1.267,104.84,0.727,59.97,417.6
2,2026-02-26 16:00:00,113.04,1.247,104.09,0.739,59.97,417.618
2,2026-02-26 16:10:00,114.167,1.245,103.489,0.728,59.922,417.635
2,2026-02-26 16:20:00,113.62,1.821,173.84,0.837,59.96,417.664
2,2026-02-26 16:30:00,114.88,1.908,186.13,0.848,59.94,417.694
2,2026-02-26 16:40:00,116.68,1.869,183.77,0.843,59.95,417.725
2,2026-02-26 16:50:00,115.689,1.85,178.911,0.837,59.956,417.755
2,2026-02-26 17:00:00,114.433,2.06,194.0,0.823,59.967,417.788
2,2026-02-26 17:10:00,115.589,1.904,184.722,0.838,59.967,417.819
2,2026-02-26 17:20:00,115.71,1.792,172.27,0.829,59.96,417.848
2,2026-02-26 17:30:00,114.211,1.842,175.589,0.833,59.944,417.877
2,2026-02-26 17:40:00,115.78,1.766,167.56,0.82,59.96,417.906
2,2026-02-26 17:50:00,116.27,1.777,167.99,0.813,59.98,417.934
2,2026-02-26 18:00:00,115.9,1.763,165.46,0.81,59.96,417.962
2,2026-02-26 18:10:00,115.04,1.747,166.36,0.828,59.97,417.99
2,2026-02-26 18:20:00,114.825,1.703,158.012,0.808,59.962,418.013
2,2026-02-26 18:30:00,116.817,1.69,156.083,0.792,59.95,418.037
2,2026-02-26 18:40:00,115.55,1.536,130.9,0.737,59.95,418.062
2,2026-02-26 18:50:00,116.04,1.404,115.2,0.704,59.96,418.082
2,2026-02-26 19:00:00,116.32,2.11,191.77,0.781,59.96,418.112
2,2026-02-26 19:10:00,115.78,2.638,243.01,0.796,59.97,418.153
2,2026-02-26 19:20:00,113.244,2.811,251.0,0.789,59.956,418.194
2,2026-02-26 19:30:00,114.57,2.745,246.78,0.785,59.97,418.236
2,2026-02-26 19:40:00,114.63,2.738,245.6,0.782,59.98,418.277
2,2026-02-26 19:50:00,115.74,2.748,250.36,0.788,59.94,418.319
2,2026-02-26 20:00:00,113.82,2.747,250.34,0.801,60.0,418.36
2,2026-02-26 20:10:00,116.64,2.804,255.89,0.782,59.95,418.403
2,2026-02-26 20:20:00,114.33,2.789,247.92,0.779,59.95,418.444
2,2026-02-26 20:30:00,114.1,2.83,250.98,0.777,59.97,418.486
2,2026-02-26 20:40:00,114.28,2.449,218.63,0.783,59.97,418.523
2,2026-02-26 20:50:00,115.711,1.993,182.222,0.791,59.967,418.554
2,2026-02-26 21:00:00,115.94,2.094,191.39,0.789,59.98,418.586
2,2026-02-26 21:10:00,117.61,2.04,189.38,0.79,59.98,418.618
2,2026-02-26 21:20:00,112.42,2.082,186.51,0.797,59.94,418.648
2,2026-02-26 21:30:00,115.39,2.008,184.88,0.798,59.96,418.679
2,2026-02-26 21:40:00,114.81,2.126,189.19,0.774,59.94,418.711
2,2026-02-26 21:50:00,117.1,1.907,169.15,0.758,59.962,418.737
2,2026-02-26 22:00:00,117.229,1.175,98.614,0.71,59.943,418.754
2,2026-02-26 22:10:00,118.08,0.555,44.34,0.673,59.97,418.762
2,2026-02-26 22:20:00,117.478,0.508,39.422,0.66,59.978,418.769
2,2026-02-26 22:30:00,117.144,0.44,31.322,0.599,59.978,418.774
2,2026-02-26 22:40:00,116.45,0.439,30.65,0.595,59.912,418.779
2,2026-02-26 22:50:00,115.87,0.441,30.97,0.602,59.95,418.784
2,2026-02-26 23:00:00,116.78,0.389,24.58,0.533,59.97,418.788
2,2026-02-26 23:10:00,117.322,0.4,25.522,0.537,59.967,418.792
2,2026-02-26 23:20:00,117.911,0.363,21.978,0.509,59.944,418.796
2,2026-02-26 23:30:00,117.1,0.366,21.46,0.5,59.96,418.799
2,2026-02-26 23:40:00,116.556,0.357,20.122,0.484,59.944,418.803
2,2026-02-26 23:50:00,116.97,0.363,21.53,0.504,59.98,418.806
2,2026-02-27 00:00:00,117.49,0.36,21.63,0.51,59.94,418.81
2,2026-02-27 00:10:00,117.489,0.343,19.856,0.494,59.978,418.813
2,2026-02-27 00:20:00,118.54,0.346,19.88,0.483,59.95,418.817
2,2026-02-27 00:30:00,119.78,0.347,19.95,0.478,59.97,418.82
2,2026-02-27 00:40:00,120.2,0.344,20.03,0.483,59.96,418.823
2,2026-02-27 00:50:00,118.34,0.343,19.83,0.489,59.95,418.827
2,2026-02-27 01:00:00,118.19,0.345,19.88,0.487,59.94,418.83
2,2026-02-27 01:10:00,118.8,0.347,19.95,0.483,59.95,418.833
2,2026-02-27 01:20:00,118.27,0.348,19.87,0.483,59.97,418.837
2,2026-02-27 01:30:00,118.556,0.349,20.411,0.492,59.933,418.84
2,2026-02-27 01:40:00,118.97,0.342,19.85,0.489,59.95,418.843
2,2026-02-27 01:50:00,119.51,0.344,19.94,0.485,59.96,418.847
2,2026-02-27 02:00:00,117.9,0.351,19.8,0.479,59.97,418.85
2,2026-02-27 02:10:00,118.91,0.35,19.91,0.479,59.95,418.853
2,2026-02-27 02:20:00,117.91,0.341,19.72,0.49,59.94,418.857
2,2026-02-27 02:30:00,117.58,0.341,19.81,0.492,59.96,418.86
2,2026-02-27 02:40:00,118.3,0.363,22.078,0.508,59.956,418.864
2,2026-02-27 02:50:00,119.07,0.348,19.85,0.48,59.95,418.867
2,2026-02-27 03:00:00,120.59,0.354,20.46,0.48,59.95,418.871
2,2026-02-27 03:10:00,118.96,0.342,19.87,0.49,59.96,418.874
2,2026-02-27 03:20:00,117.83,0.343,19.86,0.492,59.98,418.877
2,2026-02-27 03:30:00,118.9,0.341,19.612,0.481,59.975,418.88
2,2026-02-27 03:40:00,117.69,0.349,19.76,0.483,59.95,418.884
2,2026-02-27 03:50:00,118.22,0.346,19.87,0.485,59.96,418.887
2,2026-02-27 04:00:00,119.98,0.384,25.64,0.556,59.96,418.891
2,2026-02-27 04:10:00,119.44,0.387,25.44,0.55,59.98,418.896
2,2026-02-27 04:20:00,119.41,0.391,25.33,0.543,59.95,418.9
2,2026-02-27 04:30:00,118.22,0.402,25.88,0.544,59.97,418.904
2,2026-02-27 04:40:00,117.95,0.407,27.64,0.574,59.98,418.909
2,2026-02-27 04:50:00,116.89,0.409,27.9,0.578,59.95,418.913
2,2026-02-27 05:00:00,117.96,0.382,25.18,0.559,59.95,418.918
2,2026-02-27 05:10:00,116.87,0.393,25.19,0.548,59.94,418.922
2,2026-02-27 05:20:00,117.42,0.397,25.22,0.542,59.95,418.926
2,2026-02-27 05:30:00,116.856,0.433,30.822,0.593,59.944,418.931
2,2026-02-27 05:40:00,116.57,0.61,57.24,0.802,59.96,418.941
2,2026-02-27 05:50:00,115.57,0.609,56.38,0.8,59.94,418.95
2,2026-02-27 06:00:00,115.667,0.521,41.533,0.676,59.967,418.957
2,2026-02-27 06:10:00,115.6,0.389,25.16,0.558,59.95,418.961
2,2026-02-27 06:20:00,117.475,0.361,22.35,0.516,59.962,418.965
2,2026-02-27 06:30:00,117.44,0.382,24.94,0.546,59.94,418.969
2,2026-02-27 06:40:00,119.13,0.47,35.01,0.623,59.95,418.975
2,2026-02-27 06:50:00,115.76,1.216,95.37,0.672,59.95,418.99
2,2026-02-27 07:00:00,114.09,1.065,76.92,0.632,59.96,419.003
2,2026-02-27 07:10:00,116.5,0.989,72.21,0.627,59.96,419.015
2,2026-02-27 07:20:00,116.68,0.949,70.37,0.635,59.97,419.027
2,2026-02-27 07:30:00,115.275,0.929,67.612,0.634,59.962,419.038
2,2026-02-27 07:40:00,114.31,0.937,67.24,0.628,59.99,419.05
2,2026-02-27 07:50:00,112.61,0.951,66.79,0.624,59.96,419.061
2,2026-02-27 08:00:00,112.688,1.185,93.262,0.684,59.9,419.075
2,2026-02-27 08:10:00,113.43,1.307,108.08,0.726,59.99,419.093
2,2026-02-27 08:20:00,113.9,1.278,106.93,0.735,59.97,419.111
2,2026-02-27 08:30:00,114.36,1.275,105.92,0.726,59.97,419.129
2,2026-02-27 08:40:00,114.93,1.565,134.68,0.75,59.97,419.151
2,2026-02-27 08:50:00,113.162,1.676,141.475,0.745,59.938,419.175
2,2026-02-27 09:00:00,113.75,1.586,133.4,0.738,59.98,419.198
2,2026-02-27 09:10:00,112.7,1.537,127.76,0.737,59.94,419.219
2,2026-02-27 09:20:00,115.69,1.357,114.11,0.726,59.94,419.238
2,2026-02-27 09:30:00,112.79,1.226,103.57,0.75,59.97,419.256
2,2026-02-27 09:40:00,113.14,1.275,106.49,0.737,59.99,419.274
2,2026-02-27 09:50:00,111.91,1.303,106.96,0.732,59.93,419.292
2,2026-02-27 10:00:00,112.27,1.349,111.89,0.736,59.96,419.31
2,2026-02-27 10:10:00,112.289,1.32,107.444,0.726,59.944,419.327
2,2026-02-27 10:20:00,112.756,1.347,114.311,0.752,59.978,419.347
2,2026-02-27 10:30:00,111.74,1.302,107.91,0.741,59.95,419.365
2,2026-02-27 10:40:00,112.188,1.262,104.538,0.736,59.938,419.383
2,2026-02-27 10:50:00,111.23,1.318,110.81,0.755,59.95,419.402
2,2026-02-27 11:00:00,109.962,1.298,107.038,0.75,59.962,419.42
2,2026-02-27 11:10:00,110.95,1.293,109.64,0.762,59.94,419.438
2,2026-02-27 11:20:00,109.51,1.297,109.7,0.771,59.97,419.456
2,2026-02-27 11:30:00,110.16,1.335,113.54,0.771,59.95,419.475
2,2026-02-27 11:40:00,111.3,1.372,119.39,0.782,59.94,419.494
2,2026-02-27 11:50:00,111.088,1.354,116.55,0.774,59.962,419.513
2,2026-02-27 12:00:00,111.41,1.347,114.49,0.762,59.96,419.532
2,2026-02-27 12:10:00,111.633,1.359,113.967,0.751,59.967,419.551
2,2026-02-27 12:20:00,112.11,1.282,107.95,0.75,59.97,419.569
2,2026-02-27 12:30:00,110.93,1.273,104.68,0.741,59.94,419.587
2,2026-02-27 12:40:00,112.0,1.259,105.42,0.746,59.99,419.604
2,2026-02-27 12:50:00,113.43,1.175,97.76,0.731,59.95,419.621
2,2026-02-27 13:00:00,112.478,1.193,99.867,0.741,59.956,419.637
2,2026-02-27 13:10:00,112.94,1.186,97.7,0.728,59.96,419.653
2,2026-02-27 13:20:00,112.41,1.196,98.0,0.727,59.95,419.669
2,2026-02-27 13:30:00,114.3,1.167,95.77,0.717,59.94,419.685
2,2026-02-27 13:40:00,114.56,1.162,97.38,0.73,59.94,419.7
2,2026-02-27 13:50:00,113.5,1.24,104.79,0.743,59.96,419.717
2,2026-02-27 14:00:00,112.95,1.3,108.21,0.736,59.97,419.734
2,2026-02-27 14:10:00,112.471,1.277,105.743,0.736,59.957,419.753
2,2026-02-27 14:20:00,112.49,1.298,108.01,0.739,59.96,419.77
2,2026-02-27 14:30:00,112.87,1.256,103.32,0.728,59.99,419.788
2,2026-02-27 14:40:00,111.962,1.462,122.138,0.748,59.962,419.809
2,2026-02-27 14:50:00,112.02,1.449,122.5,0.754,59.97,419.829
2,2026-02-27 15:00:00,112.21,1.325,110.82,0.744,59.97,419.848
2,2026-02-27 15:10:00,113.98,1.276,104.98,0.724,59.97,419.866
2,2026-02-27 15:20:00,114.25,1.234,103.088,0.73,59.962,419.883
2,2026-02-27 15:30:00,113.9,1.277,104.456,0.719,59.989,419.9
2,2026-02-27 15:40:00,114.189,1.26,103.078,0.717,59.933,419.918
2,2026-02-27 15:50:00,113.0,1.23,99.72,0.717,59.96,419.935
2,2026-02-27 16:00:00,113.122,1.497,127.367,0.746,59.956,419.953
2,2026-02-27 16:10:00,114.57,1.343,114.95,0.748,59.98,419.973
2,2026-02-27 16:20:00,114.73,1.445,122.99,0.742,59.96,419.993
2,2026-02-27 16:30:00,114.262,1.381,117.375,0.742,59.962,420.009
2,2026-02-27 16:40:00,115.73,1.384,118.05,0.737,59.95,420.033
2,2026-02-27 16:50:00,116.06,1.454,122.37,0.725,59.95,420.053
2,2026-02-27 17:00:00,115.338,1.431,122.7,0.742,59.95,420.069
2,2026-02-27 17:10:00,114.11,1.817,163.18,0.781,59.95,420.1
2,2026-02-27 17:20:00,113.87,2.131,199.96,0.826,59.96,420.134
2,2026-02-27 17:30:00,114.725,1.982,186.162,0.819,59.962,420.158
2,2026-02-27 17:40:00,115.789,1.969,185.456,0.814,59.933,420.195
2,2026-02-27 17:50:00,116.0,1.592,147.2,0.795,59.962,420.22
2,2026-02-27 18:00:00,114.962,1.131,105.05,0.808,59.95,420.237
2,2026-02-27 18:10:00,113.89,1.036,95.58,0.811,59.94,420.253
2,2026-02-27 18:20:00,117.04,0.894,84.57,0.809,59.95,420.268
2,2026-02-27 18:30:00,111.567,0.932,83.278,0.802,59.956,420.282
2,2026-02-27 18:40:00,110.76,0.919,77.58,0.761,59.97,420.295
2,2026-02-27 18:50:00,113.5,1.156,95.588,0.734,59.975,420.31
2,2026-02-27 19:00:00,113.911,2.047,167.6,0.762,59.967,420.336
2,2026-02-27 19:10:00,115.47,0.984,89.7,0.789,59.97,420.352
2,2026-02-27 19:20:00,114.91,1.146,107.1,0.834,59.92,420.368
2,2026-02-27 19:30:00,115.53,1.049,94.2,0.785,59.95,420.384
2,2026-02-27 19:40:00,114.32,1.318,121.91,0.826,59.96,420.402
2,2026-02-27 19:50:00,115.09,1.089,94.91,0.773,59.95,420.418
2,2026-02-27 20:00:00,112.811,1.172,110.867,0.844,59.978,420.436
2,2026-02-27 20:10:00,115.912,1.283,112.175,0.754,59.95,420.455
2,2026-02-27 20:20:00,117.3,0.822,71.08,0.736,59.95,420.467
2,2026-02-27 20:30:00,115.65,0.898,76.42,0.736,59.98,420.48
2,2026-02-27 20:40:00,115.389,0.802,67.967,0.734,59.967,420.491
2,2026-02-27 20:50:00,116.022,1.114,105.933,0.819,59.944,420.509
2,2026-02-27 21:00:00,116.03,0.795,67.8,0.737,59.99,420.52
2,2026-02-27 21:10:00,115.76,0.791,67.37,0.739,59.95,420.532
2,2026-02-27 21:20:00,116.543,0.791,67.371,0.73,59.943,420.543
2,2026-02-27 21:30:00,118.038,0.9,82.45,0.77,59.975,420.554
2,2026-02-27 21:40:00,117.138,1.013,89.538,0.756,59.925,420.57
2,2026-02-27 21:50:00,116.722,0.951,84.033,0.756,59.933,420.586
2,2026-02-27 22:00:00,115.84,0.911,82.04,0.775,59.97,420.599
2,2026-02-27 22:10:00,115.72,0.822,71.05,0.749,59.96,420.611
2,2026-02-27 22:20:00,115.7,0.804,68.81,0.74,59.95,420.623
2,2026-02-27 22:30:00,118.23,0.81,70.45,0.736,59.97,420.635
2,2026-02-27 22:40:00,118.39,0.809,70.23,0.732,59.96,420.647
2,2026-02-27 22:50:00,120.39,0.523,42.05,0.666,59.93,420.654
2,2026-02-27 23:00:00,119.188,0.344,20.012,0.489,59.975,420.657
2,2026-02-27 23:10:00,117.84,0.343,19.85,0.492,59.95,420.661
2,2026-02-27 23:20:00,116.91,0.342,19.79,0.496,59.94,420.664
2,2026-02-27 23:30:00,117.02,0.342,19.89,0.499,59.98,420.668
2,2026-02-27 23:40:00,117.39,0.354,20.45,0.49,59.96,420.671
2,2026-02-27 23:50:00,117.238,0.353,20.025,0.482,59.975,420.674
2,2026-02-28 00:00:00,117.95,0.359,20.3,0.48,59.97,420.678
2,2026-02-28 00:10:00,118.7,0.35,19.95,0.481,59.94,420.681
2,2026-02-28 00:20:00,119.144,0.343,19.956,0.489,59.967,420.684
2,2026-02-28 00:30:00,119.01,0.338,19.96,0.496,59.93,420.688
2,2026-02-28 00:40:00,119.3,0.337,19.9,0.497,59.95,420.691
2,2026-02-28 00:50:00,119.133,0.339,19.889,0.493,59.967,420.694
2,2026-02-28 01:00:00,117.3,0.339,19.8,0.5,59.944,420.698
2,2026-02-28 01:10:00,117.75,0.345,19.89,0.49,59.95,420.701
2,2026-02-28 01:20:00,117.822,0.353,20.0,0.481,60.0,420.704
2,2026-02-28 01:30:00,117.04,0.348,20.18,0.495,59.94,420.708
2,2026-02-28 01:40:00,118.53,0.344,19.88,0.49,59.93,420.711
2,2026-02-28 01:50:00,119.25,0.341,19.86,0.488,59.97,420.714
2,2026-02-28 02:00:00,119.67,0.342,19.92,0.486,59.95,420.718
2,2026-02-28 02:10:00,118.66,0.345,19.86,0.486,59.95,420.721
2,2026-02-28 02:20:00,118.84,0.354,19.94,0.475,59.95,420.724
2,2026-02-28 02:30:00,118.01,0.35,19.89,0.482,59.99,420.728
2,2026-02-28 02:40:00,118.28,0.345,19.89,0.488,59.95,420.731
2,2026-02-28 02:50:00,118.32,0.342,19.99,0.492,59.96,420.734
2,2026-02-28 03:00:00,118.75,0.342,20.22,0.497,59.95,420.738
2,2026-02-28 03:10:00,119.09,0.342,19.96,0.489,59.94,420.741
2,2026-02-28 03:20:00,119.16,0.344,19.86,0.484,59.95,420.744
2,2026-02-28 03:30:00,119.82,0.342,19.89,0.484,59.97,420.748
2,2026-02-28 03:40:00,119.55,0.343,19.94,0.485,59.97,420.751
2,2026-02-28 03:50:00,117.97,0.344,19.64,0.483,59.98,420.754
2,2026-02-28 04:00:00,118.15,0.391,25.21,0.546,59.95,420.758
2,2026-02-28 04:10:00,118.229,0.392,25.371,0.55,59.971,420.763
2,2026-02-28 04:20:00,118.633,0.383,25.489,0.561,59.967,420.767
2,2026-02-28 04:30:00,118.99,0.382,25.68,0.565,59.95,420.771
2,2026-02-28 04:40:00,119.256,0.403,27.6,0.568,59.944,420.776
2,2026-02-28 04:50:00,119.97,0.387,25.39,0.545,59.93,420.78
2,2026-02-28 05:00:00,118.68,0.388,25.2,0.548,59.96,420.784
2,2026-02-28 05:10:00,117.68,0.386,25.21,0.556,59.95,420.788
2,2026-02-28 05:20:00,118.21,0.385,25.3,0.557,59.96,420.793
2,2026-02-28 05:30:00,117.09,0.388,25.28,0.558,59.94,420.797
2,2026-02-28 05:40:00,118.49,0.41,27.34,0.558,59.93,420.802
2,2026-02-28 05:50:00,118.39,0.402,27.55,0.574,59.97,420.806
2,2026-02-28 06:00:00,120.711,0.387,25.844,0.554,59.944,420.81
2,2026-02-28 06:10:00,120.57,0.443,32.11,0.583,59.96,420.816
2,2026-02-28 06:20:00,118.47,0.646,52.76,0.688,59.97,420.824
2,2026-02-28 06:30:00,117.11,0.653,52.37,0.686,59.98,420.833
2,2026-02-28 06:40:00,117.41,0.646,52.21,0.69,59.96,420.842
2,2026-02-28 06:50:00,115.25,0.657,52.12,0.687,59.99,420.851
2,2026-02-28 07:00:00,116.34,0.65,52.23,0.69,59.97,420.859
2,2026-02-28 07:10:00,116.78,0.656,52.15,0.68,59.95,420.868
2,2026-02-28 07:20:00,118.02,0.653,52.35,0.68,59.97,420.877
2,2026-02-28 07:30:00,118.21,0.528,39.63,0.608,59.98,420.884
2,2026-02-28 07:40:00,119.08,0.338,19.9,0.495,59.96,420.887
2,2026-02-28 07:50:00,114.04,0.343,19.49,0.499,59.96,420.89
2,2026-02-28 08:00:00,113.7,0.341,19.31,0.498,59.96,420.893
2,2026-02-28 08:10:00,114.96,0.514,34.15,0.569,59.97,420.899
2,2026-02-28 08:20:00,116.61,1.3,98.73,0.673,59.95,420.916
2,2026-02-28 08:30:00,116.29,1.198,100.34,0.715,59.95,420.933
2,2026-02-28 08:40:00,117.79,1.607,138.88,0.738,59.95,420.955
2,2026-02-28 08:50:00,117.13,1.445,118.95,0.707,59.97,420.975
2,2026-02-28 09:00:00,118.07,1.579,138.08,0.742,59.97,420.996
2,2026-02-28 09:10:00,115.63,1.438,117.12,0.706,59.99,421.016
2,2026-02-28 09:20:00,116.61,1.89,153.54,0.699,59.96,421.041
2,2026-02-28 09:30:00,116.44,1.102,81.83,0.638,59.97,421.055
2,2026-02-28 09:40:00,113.81,1.107,81.93,0.651,59.98,421.069
2,2026-02-28 09:50:00,115.54,1.105,82.76,0.647,59.96,421.083
2,2026-02-28 10:00:00,115.53,1.143,82.46,0.626,59.94,421.097
2,2026-02-28 10:10:00,115.89,1.188,88.86,0.645,59.95,421.112
2,2026-02-28 10:20:00,115.28,1.148,83.96,0.635,59.96,421.126
2,2026-02-28 10:30:00,114.575,1.36,104.938,0.669,59.975,421.14
2,2026-02-28 10:40:00,114.32,1.23,92.12,0.655,59.98,421.158
2,2026-02-28 10:50:00,114.29,1.133,82.81,0.64,59.95,421.172
2,2026-02-28 11:00:00,114.812,1.066,78.238,0.64,59.95,421.182
2,2026-02-28 11:10:00,114.11,1.039,76.8,0.648,59.94,421.198
2,2026-02-28 11:20:00,113.01,1.099,80.89,0.651,59.94,421.211
2,2026-02-28 11:30:00,113.714,1.073,79.371,0.65,59.971,421.225
2,2026-02-28 11:40:00,112.83,1.087,81.14,0.661,59.96,421.239
2,2026-02-28 11:50:00,113.62,1.05,78.71,0.66,59.96,421.251
2,2026-02-28 12:00:00,114.64,1.119,83.4,0.65,59.96,421.265
2,2026-02-28 12:10:00,113.79,1.128,81.51,0.634,59.95,421.279
2,2026-02-28 12:20:00,113.271,1.12,80.614,0.637,59.971,421.293
2,2026-02-28 12:30:00,113.275,0.898,61.362,0.602,59.975,421.304
2,2026-02-28 12:40:00,114.811,0.868,58.533,0.588,59.956,421.314
2,2026-02-28 12:50:00,114.16,0.857,58.59,0.599,59.95,421.323
2,2026-02-28 13:00:00,113.53,0.852,56.49,0.585,59.93,421.332
2,2026-02-28 13:10:00,114.2,0.858,56.8,0.579,59.96,421.342
2,2026-02-28 13:20:00,115.256,0.824,56.7,0.598,59.956,421.351
2,2026-02-28 13:30:00,114.36,0.827,56.06,0.593,59.97,421.361
2,2026-02-28 13:40:00,112.63,0.818,55.34,0.6,59.96,421.37
2,2026-02-28 13:50:00,114.44,0.81,55.14,0.595,59.95,421.379
2,2026-02-28 14:00:00,114.48,0.817,55.31,0.591,59.95,421.389
2,2026-02-28 14:10:00,115.66,0.811,55.19,0.588,59.99,421.398
2,2026-02-28 14:20:00,115.314,0.817,55.5,0.59,59.943,421.405
2,2026-02-28 14:30:00,114.144,0.818,55.322,0.593,59.978,421.416
2,2026-02-28 14:40:00,113.812,0.821,55.562,0.595,59.912,421.426
2,2026-02-28 14:50:00,114.39,0.828,56.15,0.592,59.94,421.435
2,2026-02-28 15:00:00,116.29,1.068,78.05,0.63,59.95,421.448
2,2026-02-28 15:10:00,115.122,1.234,92.444,0.651,59.922,421.464
2,2026-02-28 15:20:00,115.05,1.174,91.99,0.682,59.97,421.479
2,2026-02-28 15:30:00,114.11,1.193,92.04,0.676,59.97,421.494
2,2026-02-28 15:40:00,114.475,1.2,92.538,0.675,59.925,421.51
2,2026-02-28 15:50:00,114.917,1.207,92.233,0.667,59.967,421.522
2,2026-02-28 16:00:00,116.32,1.142,87.76,0.659,59.94,421.54
2,2026-02-28 16:10:00,115.611,1.048,77.744,0.641,59.967,421.553
2,2026-02-28 16:20:00,115.45,1.043,78.66,0.652,59.96,421.566
2,2026-02-28 16:30:00,118.01,1.092,81.89,0.636,59.93,421.58
2,2026-02-28 16:40:00,116.575,1.04,76.512,0.631,59.938,421.593
2,2026-02-28 16:50:00,115.34,1.508,139.7,0.797,59.98,421.615
2,2026-02-28 17:00:00,116.325,1.569,148.0,0.812,60.0,421.639
2,2026-02-28 17:10:00,115.962,1.378,122.325,0.765,59.925,421.661
2,2026-02-28 17:20:00,116.275,1.266,104.65,0.708,59.962,421.679
2,2026-02-28 17:30:00,117.7,1.174,87.078,0.629,59.967,421.694
2,2026-02-28 17:40:00,116.462,1.176,85.988,0.628,59.962,421.709
2,2026-02-28 17:50:00,114.789,1.196,85.689,0.627,59.956,421.723
2,2026-02-28 18:00:00,116.54,1.225,87.8,0.615,59.98,421.738
2,2026-02-28 18:10:00,116.038,1.292,96.45,0.642,59.938,421.754
2,2026-02-28 18:20:00,114.44,1.585,127.28,0.702,59.95,421.775
2,2026-02-28 18:30:00,114.77,2.005,175.72,0.764,59.95,421.804
2,2026-02-28 18:40:00,114.33,1.982,172.91,0.763,59.97,421.833
2,2026-02-28 18:50:00,115.18,1.851,164.42,0.772,59.94,421.861
2,2026-02-28 19:00:00,115.62,1.736,156.26,0.778,59.97,421.887
2,2026-02-28 19:10:00,115.68,1.714,154.05,0.778,59.97,421.913
2,2026-02-28 19:20:00,114.87,1.586,138.45,0.761,59.98,421.937
2,2026-02-28 19:30:00,116.21,1.592,141.01,0.762,59.95,421.96
2,2026-02-28 19:40:00,114.5,1.643,146.5,0.779,59.962,421.984
2,2026-02-28 19:50:00,115.94,1.632,147.38,0.78,59.98,422.009
2,2026-02-28 20:00:00,116.26,1.582,142.0,0.773,59.98,422.033
2,2026-02-28 20:10:00,117.73,1.557,132.36,0.722,59.97,422.055
2,2026-02-28 20:20:00,118.267,1.449,125.378,0.733,59.967,422.075
2,2026-02-28 20:30:00,117.99,1.441,125.55,0.74,59.99,422.096
2,2026-02-28 20:40:00,116.2,1.522,131.31,0.741,59.96,422.118
2,2026-02-28 20:50:00,115.067,1.648,141.989,0.75,59.956,422.142
2,2026-02-28 21:00:00,116.11,1.663,143.9,0.747,59.95,422.166
2,2026-02-28 21:10:00,117.26,1.61,140.5,0.744,59.98,422.189
2,2026-02-28 21:20:00,116.825,1.443,123.988,0.734,59.95,422.21
2,2026-02-28 21:30:00,117.83,1.353,115.79,0.726,59.93,422.23
2,2026-02-28 21:40:00,118.244,1.332,114.967,0.732,59.978,422.248
2,2026-02-28 21:50:00,119.07,1.36,117.57,0.726,59.97,422.268
2,2026-02-28 22:00:00,118.6,1.311,114.89,0.74,59.95,422.287
2,2026-02-28 22:10:00,118.22,1.385,122.23,0.746,59.95,422.307
2,2026-02-28 22:20:00,117.74,1.196,109.62,0.778,59.95,422.326
2,2026-02-28 22:30:00,117.29,0.845,67.64,0.666,59.94,422.338
2,2026-02-28 22:40:00,117.2,0.682,47.78,0.6,59.96,422.346
2,2026-02-28 22:50:00,117.85,0.685,48.15,0.597,59.97,422.354
2,2026-02-28 23:00:00,118.033,0.64,42.333,0.561,59.967,422.361
2,2026-02-28 23:10:00,118.444,0.632,42.322,0.564,59.933,422.368
2,2026-02-28 23:20:00,119.19,0.635,42.45,0.562,59.96,422.375
2,2026-02-28 23:30:00,120.233,0.632,42.456,0.56,59.944,422.382
2,2026-02-28 23:40:00,121.112,0.627,42.362,0.558,59.95,422.389
2,2026-02-28 23:50:00,119.38,0.659,42.67,0.542,59.95,422.396
2,2026-03-01 00:00:00,118.02,0.652,42.67,0.555,59.95,422.403
2,2026-03-01 00:10:00,118.22,0.649,42.35,0.552,59.95,422.41
2,2026-03-01 00:20:00,117.01,0.653,42.28,0.554,59.95,422.418
2,2026-03-01 00:30:00,117.49,0.647,42.41,0.558,59.96,422.424
2,2026-03-01 00:40:00,117.356,0.649,42.322,0.557,59.956,422.432
2,2026-03-01 00:50:00,117.93,0.642,42.32,0.558,59.94,422.439
2,2026-03-01 01:00:00,117.8,0.649,42.38,0.555,59.92,422.446
2,2026-03-01 01:10:00,117.88,0.653,42.36,0.551,59.97,422.453
2,2026-03-01 01:20:00,117.367,0.65,42.633,0.559,59.978,422.46
2,2026-03-01 01:30:00,118.744,0.643,42.8,0.56,59.944,422.467
2,2026-03-01 01:40:00,118.95,0.639,42.462,0.56,59.962,422.474
2,2026-03-01 01:50:00,119.133,0.638,42.456,0.562,59.978,422.481
2,2026-03-01 02:00:00,117.8,0.647,42.34,0.558,59.94,422.488
2,2026-03-01 02:10:00,117.74,0.666,42.34,0.543,59.95,422.495
2,2026-03-01 02:20:00,117.2,0.654,42.33,0.552,59.96,422.503
2,2026-03-01 02:30:00,117.19,0.66,42.37,0.548,59.95,422.51
2,2026-03-01 02:40:00,117.44,0.662,42.35,0.544,59.94,422.517
2,2026-03-01 02:50:00,117.72,0.657,42.56,0.55,59.93,422.524
2,2026-03-01 03:00:00,119.02,0.652,42.74,0.551,59.97,422.531
2,2026-03-01 03:10:00,118.81,0.645,42.4,0.55,59.96,422.538
2,2026-03-01 03:20:00,119.17,0.666,44.81,0.562,59.96,422.545
2,2026-03-01 03:30:00,119.45,0.65,43.1,0.554,59.96,422.553
2,2026-03-01 03:40:00,118.33,0.642,42.24,0.559,59.97,422.56
2,2026-03-01 03:50:00,117.3,0.643,42.19,0.559,59.95,422.567
2,2026-03-01 04:00:00,118.37,0.682,48.01,0.594,59.95,422.575
2,2026-03-01 04:10:00,117.81,0.688,47.84,0.592,59.96,422.583
2,2026-03-01 04:20:00,118.425,0.704,48.175,0.58,59.962,422.59
2,2026-03-01 04:30:00,117.75,0.692,48.12,0.589,59.96,422.599
2,2026-03-01 04:40:00,117.75,0.691,47.82,0.588,59.96,422.607
2,2026-03-01 04:50:00,118.8,0.682,47.833,0.59,59.989,422.615
2,2026-03-01 05:00:00,119.12,0.678,47.79,0.589,59.96,422.623
2,2026-03-01 05:10:00,118.89,0.678,47.81,0.594,59.95,422.631
2,2026-03-01 05:20:00,118.61,0.691,47.85,0.586,59.95,422.639
2,2026-03-01 05:30:00,118.07,0.686,47.89,0.59,59.96,422.647
2,2026-03-01 05:40:00,117.84,0.687,47.79,0.59,59.96,422.655
2,2026-03-01 05:50:00,117.46,0.69,48.01,0.592,59.99,422.663
2,2026-03-01 06:00:00,117.86,0.704,50.15,0.603,59.96,422.671
2,2026-03-01 06:10:00,118.65,0.744,54.45,0.612,59.94,422.68
2,2026-03-01 06:20:00,117.95,0.639,42.34,0.562,59.95,422.687
2,2026-03-01 06:30:00,119.86,0.684,49.28,0.595,59.95,422.695
2,2026-03-01 06:40:00,118.54,0.984,80.72,0.691,59.94,422.709
2,2026-03-01 06:50:00,119.17,0.986,83.0,0.708,59.97,422.723
2,2026-03-01 07:00:00,117.72,0.766,61.02,0.663,59.96,422.733
2,2026-03-01 07:10:00,118.46,0.34,19.84,0.491,59.96,422.736
2,2026-03-01 07:20:00,117.2,0.338,20.033,0.506,59.944,422.74
2,2026-03-01 07:30:00,118.033,0.335,20.122,0.51,59.967,422.743
2,2026-03-01 07:40:00,117.757,0.334,19.871,0.504,59.971,422.746
2,2026-03-01 07:50:00,117.54,0.338,19.81,0.5,59.94,422.75
2,2026-03-01 08:00:00,117.511,0.34,19.844,0.497,59.956,422.753
2,2026-03-01 08:10:00,116.25,0.338,19.71,0.502,59.99,422.756
2,2026-03-01 08:20:00,115.7,0.343,20.14,0.506,59.97,422.76
2,2026-03-01 08:30:00,114.57,1.231,95.52,0.676,59.95,422.776
2,2026-03-01 08:40:00,113.76,1.07,74.62,0.615,59.97,422.789
2,2026-03-01 08:50:00,114.622,1.091,83.367,0.67,59.989,422.803
2,2026-03-01 09:00:00,115.59,1.507,115.19,0.659,59.93,422.823
2,2026-03-01 09:10:00,114.61,1.129,81.69,0.619,59.96,422.837
2,2026-03-01 09:20:00,112.5,1.864,134.77,0.616,59.96,422.86
2,2026-03-01 09:30:00,113.3,2.225,168.56,0.667,59.97,422.889
2,2026-03-01 09:40:00,113.667,2.668,203.889,0.671,59.978,422.917
2,2026-03-01 09:50:00,112.81,3.0,214.24,0.625,59.96,422.946
2,2026-03-01 10:00:00,115.22,2.584,189.44,0.634,59.95,422.979
2,2026-03-01 10:10:00,117.82,1.597,125.23,0.675,59.94,423.003
2,2026-03-01 10:20:00,116.31,1.375,105.15,0.654,59.94,423.021
2,2026-03-01 10:30:00,116.48,1.862,141.89,0.654,59.96,423.044
2,2026-03-01 10:40:00,113.1,1.915,162.91,0.759,59.96,423.07
2,2026-03-01 10:50:00,112.31,1.629,128.05,0.698,59.96,423.091
2,2026-03-01 11:00:00,115.22,1.799,137.53,0.665,59.94,423.114
2,2026-03-01 11:10:00,115.92,1.593,136.63,0.745,59.97,423.136
2,2026-03-01 11:20:00,115.467,2.238,178.856,0.694,59.989,423.164
2,2026-03-01 11:30:00,115.3,2.578,197.96,0.666,59.95,423.2
2,2026-03-01 11:40:00,115.033,1.762,135.4,0.66,59.95,423.224
2,2026-03-01 11:50:00,114.64,0.875,58.9,0.588,59.97,423.234
2,2026-03-01 12:00:00,112.75,0.89,58.475,0.582,59.962,423.243
2,2026-03-01 12:10:00,115.13,0.872,58.35,0.583,59.96,423.253
2,2026-03-01 12:20:00,115.012,0.886,59.65,0.586,59.975,423.263
2,2026-03-01 12:30:00,113.95,2.122,194.5,0.803,59.98,423.294
2,2026-03-01 12:40:00,112.7,2.13,195.3,0.814,59.96,423.326
2,2026-03-01 12:50:00,114.46,2.116,194.32,0.802,59.96,423.359
2,2026-03-01 13:00:00,113.56,2.022,180.15,0.785,59.94,423.388
2,2026-03-01 13:10:00,113.03,1.971,174.48,0.783,59.98,423.418
2,2026-03-01 13:20:00,114.72,2.002,207.84,0.885,59.94,423.454
2,2026-03-01 13:30:00,113.1,0.889,63.822,0.633,59.967,423.464
2,2026-03-01 13:40:00,116.45,1.162,96.11,0.669,59.95,423.479
2,2026-03-01 13:50:00,117.02,2.143,199.58,0.797,59.97,423.512
2,2026-03-01 14:00:00,115.54,2.033,183.2,0.78,59.96,423.543
2,2026-03-01 14:10:00,115.95,2.0,178.47,0.77,59.95,423.573
2,2026-03-01 14:20:00,115.55,1.982,175.27,0.766,59.94,423.602
2,2026-03-01 14:30:00,115.93,2.001,178.14,0.769,59.98,423.632
2,2026-03-01 14:40:00,115.46,2.098,189.51,0.783,59.96,423.663
2,2026-03-01 14:50:00,116.19,2.198,201.98,0.789,59.96,423.697
2,2026-03-01 15:00:00,115.5,2.398,226.31,0.817,59.98,423.735
2,2026-03-01 15:10:00,114.73,2.285,209.33,0.797,59.94,423.77
2,2026-03-01 15:20:00,116.04,2.182,198.65,0.783,59.95,423.803
2,2026-03-01 15:30:00,115.788,2.174,198.325,0.789,59.938,423.837
2,2026-03-01 15:40:00,115.87,2.186,200.63,0.793,59.97,423.87
2,2026-03-01 15:50:00,117.711,2.169,198.367,0.776,59.989,423.903
2,2026-03-01 16:00:00,114.022,2.176,198.133,0.798,59.967,423.935
2,2026-03-01 16:10:00,114.54,2.198,201.76,0.802,59.94,423.969
2,2026-03-01 16:20:00,115.64,2.167,196.74,0.786,59.94,424.001
2,2026-03-01 16:30:00,114.66,2.122,189.53,0.778,59.97,424.033
2,2026-03-01 16:40:00,114.17,2.196,197.66,0.788,59.98,424.066
2,2026-03-01 16:50:00,115.45,2.514,241.46,0.827,59.91,424.107
2,2026-03-01 17:00:00,116.04,2.772,276.38,0.859,59.97,424.153
2,2026-03-01 17:10:00,116.211,2.699,263.822,0.844,59.944,424.197
2,2026-03-01 17:20:00,116.61,2.603,252.28,0.832,59.97,424.239
2,2026-03-01 17:30:00,117.25,2.514,240.34,0.814,59.97,424.28
2,2026-03-01 17:40:00,117.8,2.016,178.9,0.754,59.94,424.31
2,2026-03-01 17:50:00,118.07,2.005,177.83,0.751,59.95,424.34
2,2026-03-01 18:00:00,117.35,2.022,183.74,0.774,59.96,424.371
2,2026-03-01 18:10:00,116.822,2.102,203.656,0.829,59.956,424.405
2,2026-03-01 18:20:00,114.84,2.091,201.09,0.837,59.95,424.438
2,2026-03-01 18:30:00,114.03,2.084,199.45,0.839,59.94,424.472
2,2026-03-01 18:40:00,114.24,2.283,225.19,0.859,59.96,424.51
2,2026-03-01 18:50:00,116.58,2.618,268.81,0.882,59.96,424.554
2,2026-03-01 19:00:00,116.2,2.434,246.633,0.873,59.967,424.596
2,2026-03-01 19:10:00,115.744,2.433,245.667,0.874,59.956,424.637
2,2026-03-01 19:20:00,116.87,2.78,305.47,0.934,59.96,424.687
2,2026-03-01 19:30:00,115.32,1.974,198.91,0.857,59.98,424.722
2,2026-03-01 19:40:00,118.38,1.917,190.2,0.829,59.98,424.752
2,2026-03-01 19:50:00,115.256,2.907,300.978,0.9,59.956,424.803
2,2026-03-01 20:00:00,115.04,2.718,277.75,0.888,59.96,424.85
2,2026-03-01 20:10:00,110.29,2.461,235.58,0.868,59.95,424.89
2,2026-03-01 20:20:00,112.17,2.446,233.38,0.852,59.97,424.928
2,2026-03-01 20:30:00,117.056,2.539,253.933,0.857,59.978,424.97
2,2026-03-01 20:40:00,117.911,2.586,262.111,0.86,59.944,425.014
2,2026-03-01 20:50:00,116.633,2.587,258.983,0.86,59.933,425.058
2,2026-03-01 21:00:00,117.85,2.528,253.03,0.848,59.95,425.1
2,2026-03-01 21:10:00,116.178,2.469,243.967,0.851,59.956,425.142
2,2026-03-01 21:20:00,117.062,2.486,247.7,0.851,59.962,425.175
2,2026-03-01 21:30:00,116.88,2.418,240.74,0.848,59.94,425.224
2,2026-03-01 21:40:00,117.29,1.932,181.34,0.799,59.94,425.255
2,2026-03-01 21:50:00,119.65,1.957,184.6,0.787,59.97,425.285
2,2026-03-01 22:00:00,119.78,1.959,184.79,0.788,59.97,425.316
2,2026-03-01 22:10:00,118.3,1.941,182.41,0.795,59.99,425.347
2,2026-03-01 22:20:00,116.333,1.928,180.011,0.803,59.978,425.377
2,2026-03-01 22:30:00,118.68,1.955,184.34,0.794,59.95,425.407
2,2026-03-01 22:40:00,117.15,1.892,171.23,0.768,59.95,425.436
2,2026-03-01 22:50:00,118.822,1.812,153.611,0.712,59.978,425.462
2,2026-03-01 23:00:00,118.42,1.764,140.93,0.675,59.93,425.486
2,2026-03-01 23:10:00,119.54,1.736,132.24,0.638,59.94,425.508
2,2026-03-01 23:20:00,119.311,1.73,131.667,0.639,59.956,425.528
2,2026-03-01 23:30:00,119.87,1.743,134.35,0.641,59.95,425.552
2,2026-03-01 23:40:00,118.77,1.727,133.07,0.649,59.95,425.574
2,2026-03-01 23:50:00,120.03,1.742,134.68,0.645,59.97,425.597
2,2026-03-02 00:00:00,120.0,1.739,132.77,0.636,59.94,425.619
2,2026-03-02 00:10:00,119.69,1.734,133.43,0.643,59.96,425.641
2,2026-03-02 00:20:00,119.09,1.732,134.93,0.654,59.96,425.664
2,2026-03-02 00:30:00,120.14,1.731,131.4,0.63,59.96,425.686
2,2026-03-02 00:40:00,118.69,1.712,129.92,0.639,59.98,425.707
2,2026-03-02 00:50:00,119.2,1.717,130.34,0.637,59.98,425.729
2,2026-03-02 01:00:00,118.85,1.711,129.6,0.638,59.95,425.751
2,2026-03-02 01:10:00,119.22,1.718,130.31,0.636,59.92,425.773
2,2026-03-02 01:20:00,117.39,1.747,188.17,0.92,59.97,425.803
2,2026-03-02 01:30:00,117.712,1.058,114.3,0.791,59.95,425.821
2,2026-03-02 01:40:00,118.35,0.695,56.94,0.622,59.94,425.829
2,2026-03-02 01:50:00,117.56,1.873,160.05,0.728,59.97,425.856
2,2026-03-02 02:00:00,117.89,1.769,142.17,0.681,59.97,425.88
2,2026-03-02 02:10:00,118.69,1.745,136.76,0.661,59.94,425.903
2,2026-03-02 02:20:00,119.34,1.736,134.71,0.65,59.96,425.925
2,2026-03-02 02:30:00,119.31,1.727,132.82,0.645,59.97,425.947
2,2026-03-02 02:40:00,118.54,1.716,131.65,0.646,59.95,425.969
2,2026-03-02 02:50:00,118.48,1.713,131.13,0.645,59.96,425.991
2,2026-03-02 03:00:00,119.66,1.723,131.4,0.638,59.94,426.013
2,2026-03-02 03:10:00,116.978,1.689,128.744,0.651,59.967,426.035
2,2026-03-02 03:20:00,117.64,1.695,128.85,0.645,59.94,426.056
2,2026-03-02 03:30:00,117.99,1.697,128.71,0.643,59.95,426.078
2,2026-03-02 03:40:00,118.96,1.709,129.36,0.636,59.96,426.099
2,2026-03-02 03:50:00,118.38,1.702,128.72,0.639,59.95,426.121
2,2026-03-02 04:00:00,119.229,1.715,134.986,0.66,59.971,426.143
2,2026-03-02 04:10:00,116.712,1.686,132.612,0.675,59.962,426.166
2,2026-03-02 04:20:00,116.65,1.686,132.75,0.674,59.98,426.188
2,2026-03-02 04:30:00,116.55,1.685,132.37,0.673,59.94,426.21
2,2026-03-02 04:40:00,117.86,1.695,133.12,0.666,59.96,426.232
2,2026-03-02 04:50:00,116.06,1.687,133.5,0.682,59.96,426.254
2,2026-03-02 05:00:00,118.178,1.705,134.322,0.667,59.978,426.277
2,2026-03-02 05:10:00,116.68,1.683,131.85,0.673,59.93,426.299
2,2026-03-02 05:20:00,117.0,1.688,132.38,0.671,59.95,426.321
2,2026-03-02 05:30:00,115.81,1.674,130.91,0.676,59.94,426.343
2,2026-03-02 05:40:00,115.01,1.841,160.06,0.756,59.95,426.369
2,2026-03-02 05:50:00,114.55,1.847,160.17,0.758,59.95,426.396
2,2026-03-02 06:00:00,115.12,2.57,244.99,0.773,59.95,426.439
2,2026-03-02 06:10:00,117.07,1.69,131.38,0.666,59.96,426.461
2,2026-03-02 06:20:00,116.778,1.693,130.144,0.658,59.967,426.483
2,2026-03-02 06:30:00,117.07,1.683,125.63,0.639,59.93,426.504
2,2026-03-02 06:40:00,116.96,1.765,140.59,0.678,59.96,426.527
2,2026-03-02 06:50:00,117.54,1.855,156.41,0.718,59.93,426.553
2,2026-03-02 07:00:00,115.8,1.834,154.067,0.728,59.956,426.579
2,2026-03-02 07:10:00,116.31,1.837,154.67,0.725,59.96,426.605
2,2026-03-02 07:20:00,115.478,1.735,182.789,0.914,59.956,426.635
2,2026-03-02 07:30:00,115.13,0.904,92.57,0.75,59.99,426.653
2,2026-03-02 07:40:00,116.44,0.692,56.52,0.632,59.94,426.66
2,2026-03-02 07:50:00,114.68,1.846,155.13,0.732,59.94,426.686
2,2026-03-02 08:00:00,115.71,1.741,137.79,0.686,59.95,426.709
2,2026-03-02 08:10:00,113.73,1.685,130.29,0.68,59.98,426.731
2,2026-03-02 08:20:00,114.79,1.681,128.7,0.666,59.98,426.753
2,2026-03-02 08:30:00,114.54,1.671,126.94,0.665,59.96,426.774
2,2026-03-02 08:40:00,114.07,2.318,210.59,0.775,59.97,426.808
2,2026-03-02 08:50:00,113.78,2.724,265.58,0.857,59.94,426.851
2,2026-03-02 09:00:00,113.812,2.515,237.3,0.829,60.0,426.892
2,2026-03-02 09:10:00,111.79,2.554,238.55,0.836,59.96,426.932
2,2026-03-02 09:20:00,112.911,2.489,232.9,0.829,59.956,426.971
2,2026-03-02 09:30:00,112.39,2.415,223.67,0.825,59.97,427.009
2,2026-03-02 09:40:00,114.125,2.398,225.262,0.825,59.975,427.047
2,2026-03-02 09:50:00,114.57,2.362,222.82,0.823,59.94,427.085
2,2026-03-02 10:00:00,114.911,2.368,225.089,0.829,59.989,427.122
2,2026-03-02 10:10:00,113.489,2.325,216.767,0.822,59.978,427.159
2,2026-03-02 10:20:00,113.025,2.386,224.662,0.832,59.962,427.196
2,2026-03-02 10:30:00,111.36,2.352,218.72,0.836,59.95,427.232
2,2026-03-02 10:40:00,112.15,2.302,213.99,0.829,59.94,427.269
2,2026-03-02 10:50:00,112.511,2.381,223.411,0.832,59.989,427.306
2,2026-03-02 11:00:00,112.58,2.391,225.33,0.837,59.93,427.344
2,2026-03-02 11:10:00,114.188,2.26,210.062,0.814,59.95,427.379
2,2026-03-02 11:20:00,116.19,2.307,217.31,0.811,59.98,427.416
2,2026-03-02 11:30:00,116.722,2.31,218.3,0.811,59.944,427.452
2,2026-03-02 11:40:00,114.56,2.332,218.27,0.817,59.96,427.489
2,2026-03-02 11:50:00,114.067,2.286,211.544,0.812,59.944,427.524
2,2026-03-02 12:00:00,114.812,2.302,214.75,0.814,59.962,427.56
2,2026-03-02 12:10:00,115.078,2.276,210.767,0.802,59.978,427.596
2,2026-03-02 12:20:00,114.644,2.353,220.4,0.818,59.933,427.632
2,2026-03-02 12:30:00,115.38,2.343,219.8,0.814,59.98,427.669
2,2026-03-02 12:40:00,116.578,2.322,218.233,0.808,59.989,427.705
2,2026-03-02 12:50:00,116.45,2.264,210.47,0.798,59.97,427.741
2,2026-03-02 13:00:00,117.25,2.178,200.8,0.787,59.98,427.776
2,2026-03-02 13:10:00,116.967,2.171,200.344,0.788,59.944,427.806
2,2026-03-02 13:20:00,115.311,2.423,261.389,0.936,59.944,427.851
2,2026-03-02 13:30:00,115.47,1.638,165.0,0.831,59.95,427.88
2,2026-03-02 13:40:00,115.167,1.477,136.2,0.776,59.978,427.899
2,2026-03-02 13:50:00,116.2,2.336,225.062,0.831,59.962,427.937
2,2026-03-02 14:00:00,115.14,2.264,212.74,0.817,59.97,427.973
2,2026-03-02 14:10:00,115.18,2.32,218.51,0.816,59.96,428.009
2,2026-03-02 14:20:00,115.41,2.327,218.95,0.816,59.98,428.045
2,2026-03-02 14:30:00,115.21,2.339,220.13,0.816,59.96,428.082
2,2026-03-02 14:40:00,114.37,2.326,217.76,0.819,59.98,428.118
2,2026-03-02 14:50:00,114.41,2.304,214.26,0.813,59.95,428.154
2,2026-03-02 15:00:00,114.38,2.316,214.66,0.809,59.98,428.19
2,2026-03-02 15:10:00,114.53,2.285,212.4,0.811,59.98,428.227
2,2026-03-02 15:20:00,113.65,2.316,214.82,0.816,59.95,428.263
2,2026-03-02 15:30:00,114.85,2.37,221.762,0.815,59.988,428.3
2,2026-03-02 15:40:00,114.46,2.368,221.9,0.819,59.99,428.337
2,2026-03-02 15:50:00,116.362,2.377,224.375,0.81,59.988,428.374
2,2026-03-02 16:00:00,114.583,2.417,228.583,0.825,59.967,428.412
2,2026-03-02 16:10:00,114.24,2.381,222.79,0.818,59.96,428.448
2,2026-03-02 16:20:00,115.5,2.392,226.05,0.817,59.96,428.486
2,2026-03-02 16:30:00,115.04,2.345,218.39,0.81,59.97,428.523
2,2026-03-02 16:40:00,115.43,2.443,232.32,0.823,59.94,428.561
2,2026-03-02 16:50:00,115.47,2.379,223.53,0.814,59.96,428.598
2,2026-03-02 17:00:00,117.21,2.287,214.1,0.8,59.96,428.634
2,2026-03-02 17:10:00,116.58,2.263,209.96,0.796,59.91,428.67
2,2026-03-02 17:20:00,118.0,2.274,212.322,0.793,59.967,428.706
2,2026-03-02 17:30:00,117.98,2.294,214.57,0.792,59.97,428.742
2,2026-03-02 17:40:00,116.09,2.374,223.69,0.811,59.98,428.78
2,2026-03-02 17:50:00,115.414,2.644,252.629,0.826,59.957,428.818
2,2026-03-02 18:00:00,114.92,2.979,287.28,0.84,59.96,428.871
2,2026-03-02 18:10:00,115.24,2.92,276.39,0.822,59.92,428.917
2,2026-03-02 18:20:00,114.06,3.501,347.2,0.87,59.98,428.974
2,2026-03-02 18:30:00,113.36,3.618,359.85,0.877,59.97,429.034
2,2026-03-02 18:40:00,111.93,3.552,349.39,0.879,59.97,429.093
2,2026-03-02 18:50:00,112.9,3.37,333.65,0.877,59.97,429.15
2,2026-03-02 19:00:00,114.27,3.356,338.38,0.884,59.95,429.207
2,2026-03-02 19:10:00,114.46,3.319,334.08,0.879,59.98,429.262
2,2026-03-02 19:20:00,114.15,3.68,382.462,0.91,59.962,429.326
2,2026-03-02 19:30:00,112.71,3.031,295.87,0.855,59.95,429.376
2,2026-03-02 19:40:00,115.01,2.743,264.64,0.832,59.98,429.418
2,2026-03-02 19:50:00,114.11,3.427,352.75,0.903,59.95,429.476
2,2026-03-02 20:00:00,114.233,3.176,324.844,0.898,59.956,429.531
2,2026-03-02 20:10:00,115.71,3.051,315.71,0.895,59.96,429.584
2,2026-03-02 20:20:00,115.49,2.888,296.08,0.888,59.92,429.633
2,2026-03-02 20:30:00,113.56,2.877,291.3,0.89,59.95,429.682
2,2026-03-02 20:40:00,114.11,2.841,288.99,0.891,59.98,429.731
2,2026-03-02 20:50:00,114.61,2.826,289.9,0.896,59.95,429.779
2,2026-03-02 21:00:00,117.09,2.744,286.43,0.891,59.94,429.827
2,2026-03-02 21:10:00,116.93,2.641,268.45,0.869,59.96,429.873
2,2026-03-02 21:20:00,116.512,2.588,259.562,0.86,59.975,429.915
2,2026-03-02 21:30:00,117.512,2.879,296.125,0.878,59.938,429.965
2,2026-03-02 21:40:00,115.49,2.515,247.03,0.846,59.97,430.008
2,2026-03-02 21:50:00,115.19,1.898,175.88,0.804,59.97,430.037
2,2026-03-02 22:00:00,116.66,1.821,158.18,0.742,59.97,430.064
2,2026-03-02 22:10:00,116.63,1.741,140.65,0.692,59.95,430.087
2,2026-03-02 22:20:00,118.038,1.721,134.438,0.663,59.95,430.107
2,2026-03-02 22:30:00,117.25,1.713,134.062,0.668,59.938,430.132
2,2026-03-02 22:40:00,118.05,1.716,134.3,0.665,59.95,430.154
2,2026-03-02 22:50:00,117.73,1.71,133.98,0.664,59.96,430.177
2,2026-03-02 23:00:00,117.8,1.702,128.18,0.637,59.96,430.198
2,2026-03-02 23:10:00,117.38,1.703,129.01,0.644,59.94,430.22
2,2026-03-02 23:20:00,117.07,1.693,127.52,0.644,59.98,430.241
2,2026-03-02 23:30:00,118.1,1.7,128.11,0.64,59.95,430.262
2,2026-03-02 23:40:00,117.67,1.695,127.81,0.641,59.96,430.284
2,2026-03-02 23:50:00,117.85,1.695,127.91,0.642,59.91,430.305
2,2026-03-03 00:00:00,117.35,1.688,127.63,0.643,59.96,430.326
2,2026-03-03 00:10:00,117.4,1.687,127.34,0.643,59.95,430.348
2,2026-03-03 00:20:00,117.88,1.692,127.58,0.64,59.94,430.369
2,2026-03-03 00:30:00,117.75,1.688,127.42,0.64,59.95,430.39
2,2026-03-03 00:40:00,119.18,1.703,128.5,0.633,59.98,430.412
2,2026-03-03 00:50:00,118.53,1.696,127.97,0.64,59.96,430.433
2,2026-03-03 01:00:00,118.91,1.701,128.32,0.636,59.96,430.455
2,2026-03-03 01:10:00,118.62,1.696,127.92,0.636,59.93,430.476
2,2026-03-03 01:20:00,117.544,1.742,186.844,0.912,59.944,430.507
2,2026-03-03 01:30:00,119.33,0.929,99.32,0.751,59.93,430.524
2,2026-03-03 01:40:00,117.75,0.726,61.05,0.628,59.96,430.531
2,2026-03-03 01:50:00,118.07,1.871,159.77,0.724,59.93,430.558
2,2026-03-03 02:00:00,118.29,1.762,141.21,0.678,59.95,430.582
2,2026-03-03 02:10:00,118.73,1.734,135.13,0.656,59.96,430.604
2,2026-03-03 02:20:00,119.0,1.722,132.75,0.648,59.96,430.626
2,2026-03-03 02:30:00,118.044,1.701,130.2,0.65,59.956,430.648
2,2026-03-03 02:40:00,119.7,1.717,130.64,0.635,59.96,430.67
2,2026-03-03 02:50:00,119.29,1.71,130.08,0.639,59.94,430.692
2,2026-03-03 03:00:00,120.47,1.724,130.97,0.63,59.92,430.714
2,2026-03-03 03:10:00,119.06,1.703,128.99,0.638,59.95,430.735
2,2026-03-03 03:20:00,117.97,1.688,127.77,0.641,59.96,430.756
2,2026-03-03 03:30:00,118.522,1.693,127.711,0.636,59.967,430.776
2,2026-03-03 03:40:00,118.3,1.697,129.65,0.648,59.95,430.8
2,2026-03-03 03:50:00,118.5,1.699,131.314,0.653,59.943,430.821
2,2026-03-03 04:00:00,116.97,1.675,132.02,0.673,59.97,430.843
2,2026-03-03 04:10:00,118.22,1.692,133.05,0.666,59.97,430.865
2,2026-03-03 04:20:00,118.4,1.693,132.58,0.661,59.96,430.888
2,2026-03-03 04:30:00,118.31,1.699,133.24,0.664,59.95,430.91
2,2026-03-03 04:40:00,119.5,1.711,133.7,0.654,59.95,430.932
2,2026-03-03 04:50:00,118.16,1.694,132.46,0.661,59.97,430.954
2,2026-03-03 05:00:00,118.06,1.695,132.23,0.662,59.94,430.976
2,2026-03-03 05:10:00,116.81,1.678,131.0,0.668,59.95,430.998
2,2026-03-03 05:20:00,116.15,1.673,130.45,0.67,59.94,431.02
2,2026-03-03 05:30:00,115.68,1.675,131.91,0.681,59.96,431.042
2,2026-03-03 05:40:00,116.22,1.829,160.23,0.751,59.95,431.069
2,2026-03-03 05:50:00,116.41,1.93,178.5,0.794,60.0,431.099
2,2026-03-03 06:00:00,116.94,1.831,161.04,0.751,59.97,431.126
2,2026-03-03 06:10:00,116.689,1.705,139.9,0.704,59.967,431.15
2,2026-03-03 06:20:00,116.78,1.691,129.59,0.655,59.97,431.171
2,2026-03-03 06:30:00,115.32,1.663,124.05,0.647,59.99,431.192
2,2026-03-03 06:40:00,117.22,1.681,125.29,0.637,59.97,431.213
2,2026-03-03 06:50:00,116.54,1.673,124.62,0.638,59.96,431.233
2,2026-03-03 07:00:00,117.12,1.678,124.98,0.637,59.95,431.254
2,2026-03-03 07:10:00,116.23,1.668,124.57,0.642,59.95,431.275
2,2026-03-03 07:20:00,116.22,1.731,184.69,0.918,59.96,431.305
2,2026-03-03 07:30:00,115.51,1.032,110.73,0.894,59.95,431.324
2,2026-03-03 07:40:00,117.66,0.719,68.88,0.82,59.96,431.336
2,2026-03-03 07:50:00,115.85,2.072,189.68,0.79,59.96,431.368
2,2026-03-03 08:00:00,114.68,2.111,188.71,0.78,59.95,431.4
2,2026-03-03 08:10:00,112.63,2.346,207.14,0.779,59.94,431.433
2,2026-03-03 08:20:00,112.51,2.926,269.21,0.814,59.95,431.478
2,2026-03-03 08:30:00,112.57,2.761,264.23,0.85,59.96,431.522
2,2026-03-03 08:40:00,114.33,2.877,267.56,0.812,59.97,431.568
2,2026-03-03 08:50:00,113.79,3.219,286.4,0.78,59.96,431.617
2,2026-03-03 09:00:00,115.07,2.476,236.07,0.828,59.96,431.655
2,2026-03-03 09:10:00,115.06,3.018,302.15,0.849,59.97,431.704
2,2026-03-03 09:20:00,113.87,5.492,606.17,0.97,59.96,431.805
2,2026-03-03 09:30:00,113.18,5.385,590.72,0.97,59.96,431.904
2,2026-03-03 09:40:00,112.78,5.386,588.83,0.97,59.97,432.002
2,2026-03-03 09:50:00,113.34,5.545,608.03,0.968,59.95,432.103
2,2026-03-03 10:00:00,111.9,6.253,670.522,0.959,59.944,432.215
2,2026-03-03 10:10:00,113.42,6.028,657.81,0.963,59.92,432.322
2,2026-03-03 10:20:00,113.98,5.859,640.79,0.961,59.95,432.427
2,2026-03-03 10:30:00,112.3,6.302,669.84,0.946,59.98,432.538
2,2026-03-03 10:40:00,112.51,5.375,586.7,0.971,59.98,432.636
2,2026-03-03 10:50:00,112.53,5.315,580.14,0.97,59.96,432.733
2,2026-03-03 11:00:00,111.97,5.51,599.21,0.97,59.96,432.831
2,2026-03-03 11:10:00,111.29,5.402,583.51,0.97,59.98,432.927
2,2026-03-03 11:20:00,110.88,5.272,567.62,0.971,59.97,433.022
2,2026-03-03 11:30:00,113.44,5.395,593.23,0.97,59.94,433.121
2,2026-03-03 11:40:00,111.278,4.675,496.1,0.938,59.967,433.21
2,2026-03-03 11:50:00,114.5,2.344,220.03,0.819,59.96,433.247
2,2026-03-03 12:00:00,113.49,2.389,224.96,0.829,59.97,433.285
2,2026-03-03 12:10:00,113.056,2.508,239.1,0.843,59.944,433.325
2,2026-03-03 12:20:00,113.96,2.374,223.77,0.827,59.97,433.362
2,2026-03-03 12:30:00,113.69,2.372,221.91,0.823,59.98,433.399
2,2026-03-03 12:40:00,114.386,2.358,219.214,0.813,59.957,433.429
2,2026-03-03 12:50:00,115.19,2.374,223.61,0.818,59.97,433.474
2,2026-03-03 13:00:00,113.51,2.351,219.33,0.822,59.97,433.511
2,2026-03-03 13:10:00,113.588,2.327,216.925,0.821,59.912,433.547
2,2026-03-03 13:20:00,114.53,2.653,280.25,0.92,59.99,433.593
2,2026-03-03 13:30:00,114.68,1.798,178.46,0.835,59.95,433.625
2,2026-03-03 13:40:00,114.77,1.409,126.21,0.774,59.94,433.646
2,2026-03-03 13:50:00,115.48,2.489,241.53,0.838,59.96,433.687
2,2026-03-03 14:00:00,114.37,2.398,227.3,0.829,59.95,433.725
2,2026-03-03 14:10:00,114.33,2.397,226.09,0.824,59.99,433.762
2,2026-03-03 14:20:00,114.28,2.403,227.55,0.829,59.93,433.8
2,2026-03-03 14:30:00,114.1,2.37,221.99,0.82,59.95,433.838
2,2026-03-03 14:40:00,113.744,2.349,219.389,0.82,59.911,433.874
2,2026-03-03 14:50:00,114.075,2.352,220.125,0.82,59.95,433.911
2,2026-03-03 15:00:00,114.33,2.301,213.86,0.815,59.94,433.947
2,2026-03-03 15:10:00,112.81,2.358,220.23,0.827,59.95,433.984
2,2026-03-03 15:20:00,113.21,2.348,219.21,0.825,59.94,434.021
2,2026-03-03 15:30:00,114.17,2.373,223.01,0.824,59.98,434.058
2,2026-03-03 15:40:00,114.478,2.398,225.511,0.822,59.967,434.095
2,2026-03-03 15:50:00,115.84,2.394,227.08,0.818,59.96,434.133
2,2026-03-03 16:00:00,115.0,2.356,222.44,0.822,59.98,434.17
2,2026-03-03 16:10:00,114.311,2.329,218.944,0.821,59.956,434.207
2,2026-03-03 16:20:00,115.612,2.322,218.712,0.815,59.962,434.243
2,2026-03-03 16:30:00,114.76,2.305,216.39,0.819,59.96,434.28
2,2026-03-03 16:40:00,115.59,2.402,227.74,0.82,59.97,434.318
2,2026-03-03 16:50:00,115.26,2.46,236.14,0.832,59.98,434.356
2,2026-03-03 17:00:00,115.42,2.404,228.87,0.825,59.98,434.395
2,2026-03-03 17:10:00,115.3,2.551,246.04,0.833,59.94,434.433
2,2026-03-03 17:20:00,116.667,2.41,230.033,0.818,59.967,434.471
2,2026-03-03 17:30:00,116.05,2.372,224.27,0.814,59.96,434.509
2,2026-03-03 17:40:00,117.28,2.396,227.11,0.808,59.99,434.546
2,2026-03-03 17:50:00,116.944,2.362,221.711,0.803,60.0,434.584
2,2026-03-03 18:00:00,115.89,2.31,214.45,0.801,59.95,434.62
2,2026-03-03 18:10:00,116.344,2.363,224.767,0.819,59.967,434.658
2,2026-03-03 18:20:00,114.6,2.636,263.24,0.871,59.96,434.701
2,2026-03-03 18:30:00,113.88,2.594,256.53,0.869,59.96,434.744
2,2026-03-03 18:40:00,112.11,2.54,251.07,0.881,59.96,434.786
2,2026-03-03 18:50:00,111.26,2.576,253.71,0.885,59.94,434.829
2,2026-03-03 19:00:00,115.662,2.542,253.288,0.861,59.95,434.871
2,2026-03-03 19:10:00,116.0,2.71,278.1,0.885,59.938,434.917
2,2026-03-03 19:20:00,115.84,3.356,360.66,0.926,59.95,434.976
2,2026-03-03 19:30:00,115.911,2.53,253.033,0.848,59.967,435.022
2,2026-03-03 19:40:00,116.29,1.973,187.36,0.813,59.94,435.054
2,2026-03-03 19:50:00,115.09,2.92,304.05,0.904,59.95,435.105
2,2026-03-03 20:00:00,114.44,2.984,304.4,0.891,59.99,435.156
2,2026-03-03 20:10:00,113.97,3.125,316.68,0.889,59.95,435.209
2,2026-03-03 20:20:00,113.59,3.141,313.98,0.878,59.95,435.261
2,2026-03-03 20:30:00,114.338,2.821,281.0,0.869,59.962,435.307
2,2026-03-03 20:40:00,115.67,2.95,299.26,0.878,59.99,435.357
2,2026-03-03 20:50:00,116.11,2.797,281.02,0.867,59.92,435.405
2,2026-03-03 21:00:00,116.125,2.677,273.012,0.879,59.988,435.451
2,2026-03-03 21:10:00,115.271,2.544,251.086,0.853,59.914,435.49
2,2026-03-03 21:20:00,115.778,2.733,269.989,0.852,59.944,435.54
2,2026-03-03 21:30:00,115.0,2.751,270.033,0.853,59.967,435.584
2,2026-03-03 21:40:00,114.43,2.711,262.73,0.846,59.96,435.63
2,2026-03-03 21:50:00,115.02,2.339,229.27,0.853,59.97,435.668
2,2026-03-03 22:00:00,116.25,2.194,212.612,0.831,59.925,435.703
2,2026-03-03 22:10:00,115.76,1.759,147.04,0.721,59.96,435.728
2,2026-03-03 22:20:00,116.83,1.719,136.43,0.679,59.96,435.751
2,2026-03-03 22:30:00,116.56,1.699,133.53,0.673,59.94,435.773
2,2026-03-03 22:40:00,118.367,1.718,135.089,0.663,59.967,435.796
2,2026-03-03 22:50:00,118.56,1.719,134.83,0.661,59.95,435.819
2,2026-03-03 23:00:00,116.87,1.684,126.75,0.643,59.96,435.84
2,2026-03-03 23:10:00,115.7,1.692,129.19,0.662,59.98,435.861
2,2026-03-03 23:20:00,118.39,1.701,127.86,0.636,59.96,435.882
2,2026-03-03 23:30:00,117.4,1.688,127.01,0.642,59.98,435.904
2,2026-03-03 23:40:00,117.33,1.686,126.98,0.642,59.94,435.925
2,2026-03-03 23:50:00,117.289,1.692,128.311,0.647,59.967,435.946
2,2026-03-04 00:00:00,117.64,1.689,127.05,0.641,59.98,435.967
2,2026-03-04 00:10:00,115.88,1.668,125.53,0.649,59.98,435.988
2,2026-03-04 00:20:00,117.78,1.686,126.83,0.638,59.97,436.01
2,2026-03-04 00:30:00,117.97,1.688,127.1,0.638,59.96,436.031
2,2026-03-04 00:40:00,117.011,1.676,126.078,0.642,59.978,436.052
2,2026-03-04 00:50:00,117.744,1.684,126.756,0.639,59.989,436.073
2,2026-03-04 01:00:00,116.57,1.668,125.32,0.645,59.94,436.094
2,2026-03-04 01:10:00,117.12,1.675,125.85,0.643,59.93,436.115
2,2026-03-04 01:20:00,116.4,1.73,185.32,0.921,59.93,436.145
2,2026-03-04 01:30:00,118.06,0.915,95.97,0.749,59.97,436.163
2,2026-03-04 01:40:00,117.15,0.512,38.94,0.611,59.98,436.17
2,2026-03-04 01:50:00,117.17,1.86,158.37,0.725,59.96,436.196
2,2026-03-04 02:00:00,117.88,1.751,139.69,0.677,59.93,436.22
2,2026-03-04 02:10:00,118.42,1.725,134.34,0.657,59.95,436.242
2,2026-03-04 02:20:00,117.98,1.704,131.0,0.651,59.98,436.264
2,2026-03-04 02:30:00,118.22,1.697,129.63,0.647,59.97,436.286
2,2026-03-04 02:40:00,117.167,1.682,127.889,0.648,59.944,436.305
2,2026-03-04 02:50:00,116.92,1.675,127.08,0.649,59.98,436.328
2,2026-03-04 03:00:00,117.9,1.684,127.32,0.642,59.97,436.35
2,2026-03-04 03:10:00,117.12,1.674,126.41,0.646,59.92,436.371
2,2026-03-04 03:20:00,117.99,1.682,126.88,0.64,59.93,436.392
2,2026-03-04 03:30:00,116.96,1.67,125.93,0.644,59.95,436.413
2,2026-03-04 03:40:00,118.1,1.682,126.6,0.636,59.96,436.434
2,2026-03-04 03:50:00,117.656,1.685,129.444,0.652,59.922,436.456
2,2026-03-04 04:00:00,117.61,1.677,131.43,0.665,59.96,436.478
2,2026-03-04 04:10:00,118.45,1.689,132.21,0.661,59.93,436.5
2,2026-03-04 04:20:00,117.61,1.676,131.35,0.666,59.98,436.522
2,2026-03-04 04:30:00,117.689,1.678,131.478,0.666,59.978,436.544
2,2026-03-04 04:40:00,116.422,1.666,130.367,0.671,59.978,436.565
2,2026-03-04 04:50:00,117.4,1.69,134.78,0.679,59.98,436.588
2,2026-03-04 05:00:00,115.68,1.659,129.51,0.674,59.96,436.609
2,2026-03-04 05:10:00,116.43,1.668,130.14,0.672,59.96,436.631
2,2026-03-04 05:20:00,114.97,1.652,128.69,0.677,59.96,436.653
2,2026-03-04 05:30:00,116.07,1.666,129.65,0.669,59.94,436.675
2,2026-03-04 05:40:00,117.133,1.863,167.767,0.77,59.989,436.702
2,2026-03-04 05:50:00,115.98,1.876,169.15,0.778,59.97,436.73
2,2026-03-04 06:00:00,114.99,1.777,152.67,0.746,59.95,436.756
2,2026-03-04 06:10:00,114.178,1.647,127.3,0.677,60.0,436.777
2,2026-03-04 06:20:00,114.36,1.651,124.64,0.659,59.98,436.798
2,2026-03-04 06:30:00,115.45,1.676,129.27,0.667,60.0,436.82
2,2026-03-04 06:40:00,115.77,1.678,129.1,0.665,59.96,436.841
2,2026-03-04 06:50:00,114.26,1.76,155.46,0.772,59.99,436.868
2,2026-03-04 07:00:00,113.06,1.854,168.64,0.803,59.94,436.895
2,2026-03-04 07:10:00,113.511,1.959,183.667,0.827,59.956,436.926
2,2026-03-04 07:20:00,114.66,2.234,243.2,0.947,59.97,436.966
2,2026-03-04 07:30:00,116.611,1.515,164.056,0.902,59.956,436.995
2,2026-03-04 07:40:00,116.61,1.027,100.69,0.839,59.96,437.012
2,2026-03-04 07:50:00,115.0,2.198,217.15,0.859,59.93,437.048
2,2026-03-04 08:00:00,115.66,2.068,199.47,0.835,59.97,437.082
2,2026-03-04 08:10:00,115.98,2.021,193.01,0.825,59.93,437.114
2,2026-03-04 08:20:00,115.61,2.0,190.2,0.822,59.94,437.146
2,2026-03-04 08:30:00,115.19,1.988,188.22,0.821,59.97,437.177
2,2026-03-04 08:40:00,115.09,1.836,154.95,0.733,59.96,437.203
2,2026-03-04 08:50:00,114.73,1.829,154.06,0.733,59.98,437.229
2,2026-03-04 09:00:00,115.92,1.82,152.12,0.719,59.98,437.255
2,2026-03-04 09:10:00,114.1,1.644,123.24,0.659,59.94,437.275
2,2026-03-04 09:20:00,115.04,1.658,125.0,0.655,59.95,437.296
2,2026-03-04 09:30:00,114.6,1.651,123.59,0.653,59.98,437.317
2,2026-03-04 09:40:00,114.4,1.65,123.83,0.658,59.98,437.338
2,2026-03-04 09:50:00,112.07,1.634,121.96,0.666,59.94,437.358
2,2026-03-04 10:00:00,113.5,1.642,122.944,0.66,59.956,437.378
2,2026-03-04 10:10:00,112.544,1.63,121.456,0.662,59.978,437.399
2,2026-03-04 10:20:00,112.85,1.632,121.9,0.661,59.96,437.419
2,2026-03-04 10:30:00,111.43,1.618,120.69,0.671,59.94,437.439
2,2026-03-04 10:40:00,112.74,1.63,121.57,0.663,59.97,437.46
2,2026-03-04 10:50:00,112.956,1.636,122.267,0.662,59.967,437.48
2,2026-03-04 11:00:00,112.17,1.627,121.28,0.663,59.96,437.5
2,2026-03-04 11:10:00,110.59,1.611,119.99,0.673,59.99,437.52
2,2026-03-04 11:20:00,109.91,1.606,119.81,0.68,59.96,437.54
2,2026-03-04 11:30:00,110.511,1.639,124.211,0.688,59.989,437.561
2,2026-03-04 11:40:00,109.63,1.642,124.99,0.694,59.95,437.582
2,2026-03-04 11:50:00,111.54,1.641,124.21,0.678,59.98,437.603
2,2026-03-04 12:00:00,111.25,1.631,122.7,0.676,59.97,437.623
2,2026-03-04 12:10:00,113.65,1.649,123.89,0.662,59.97,437.644
2,2026-03-04 12:20:00,116.09,1.666,124.97,0.646,59.96,437.665
2,2026-03-04 12:30:00,114.99,1.654,123.75,0.651,59.92,437.685
2,2026-03-04 12:40:00,116.956,1.676,125.267,0.64,59.956,437.706
2,2026-03-04 12:50:00,114.429,1.65,123.114,0.651,59.914,437.725
2,2026-03-04 13:00:00,114.6,1.656,124.18,0.655,59.97,437.748
2,2026-03-04 13:10:00,114.3,1.649,123.26,0.653,59.93,437.768
2,2026-03-04 13:20:00,114.344,1.708,178.833,0.917,59.967,437.797
2,2026-03-04 13:30:00,115.611,0.97,101.311,0.768,59.967,437.817
2,2026-03-04 13:40:00,115.12,0.513,38.62,0.611,59.95,437.824
2,2026-03-04 13:50:00,114.09,1.856,158.01,0.745,59.96,437.85
2,2026-03-04 14:00:00,114.19,1.735,138.64,0.699,59.95,437.874
2,2026-03-04 14:10:00,114.025,1.698,132.325,0.684,59.975,437.896
2,2026-03-04 14:20:00,114.58,1.687,129.98,0.673,59.96,437.918
2,2026-03-04 14:30:00,114.56,1.739,139.54,0.7,59.98,437.941
2,2026-03-04 14:40:00,114.61,1.732,138.62,0.699,59.98,437.964
2,2026-03-04 14:50:00,114.47,1.67,127.05,0.664,59.95,437.985
2,2026-03-04 15:00:00,112.671,1.652,125.357,0.676,59.971,438.006
2,2026-03-04 15:10:00,114.38,1.666,126.33,0.663,59.96,438.027
2,2026-03-04 15:20:00,114.356,1.665,126.522,0.666,59.956,438.048
2,2026-03-04 15:30:00,115.79,1.677,127.45,0.658,59.97,438.07
2,2026-03-04 15:40:00,116.92,1.793,148.23,0.708,59.97,438.094
2,2026-03-04 15:50:00,115.978,1.808,151.4,0.722,59.978,438.12
2,2026-03-04 16:00:00,114.944,1.742,139.7,0.699,59.978,438.143
2,2026-03-04 16:10:00,115.533,1.806,149.656,0.718,59.956,438.168
2,2026-03-04 16:20:00,114.34,1.746,140.23,0.702,59.95,438.191
2,2026-03-04 16:30:00,113.77,1.731,136.72,0.696,59.97,438.214
2,2026-03-04 16:40:00,113.867,1.715,134.178,0.689,59.978,438.237
2,2026-03-04 16:50:00,115.6,1.731,135.44,0.679,59.98,438.259
2,2026-03-04 17:00:00,115.244,1.709,132.778,0.673,59.944,438.281
2,2026-03-04 17:10:00,115.71,1.685,128.46,0.659,59.92,438.303
2,2026-03-04 17:20:00,115.87,1.681,128.14,0.658,59.95,438.324
2,2026-03-04 17:30:00,115.94,1.679,127.9,0.656,59.98,438.346
2,2026-03-04 17:40:00,117.989,1.702,129.511,0.644,59.956,438.367
2,2026-03-04 17:50:00,116.6,1.684,127.94,0.652,59.94,438.389
2,2026-03-04 18:00:00,117.14,1.685,128.12,0.649,59.97,438.41
2,2026-03-04 18:10:00,113.09,1.652,126.71,0.679,59.94,438.431
2,2026-03-04 18:20:00,112.26,1.795,150.09,0.741,59.96,438.456
2,2026-03-04 18:30:00,109.644,1.983,185.078,0.851,59.944,438.487
2,2026-03-04 18:40:00,112.75,2.022,191.89,0.841,59.95,438.519
2,2026-03-04 18:50:00,114.32,2.028,194.37,0.838,59.98,438.551
2,2026-03-04 19:00:00,115.088,2.037,195.35,0.834,59.938,438.584
2,2026-03-04 19:10:00,113.61,1.996,189.27,0.835,59.96,438.616
2,2026-03-04 19:20:00,113.45,2.024,212.55,0.924,59.962,438.652
2,2026-03-04 19:30:00,115.0,2.025,191.77,0.788,59.96,438.685
2,2026-03-04 19:40:00,113.89,1.688,140.56,0.722,59.96,438.708
2,2026-03-04 19:50:00,113.73,2.625,260.93,0.874,59.97,438.751
2,2026-03-04 20:00:00,116.267,2.443,240.078,0.844,59.989,438.792
2,2026-03-04 20:10:00,116.1,2.366,230.656,0.841,59.989,438.83
2,2026-03-04 20:20:00,115.7,2.382,231.38,0.839,59.93,438.869
2,2026-03-04 20:30:00,114.74,2.326,225.8,0.846,59.96,438.906
2,2026-03-04 20:40:00,115.067,2.334,227.056,0.847,59.978,438.944
2,2026-03-04 20:50:00,114.83,2.347,228.96,0.85,59.95,438.982
2,2026-03-04 21:00:00,116.28,2.274,224.66,0.849,59.95,439.019
2,2026-03-04 21:10:00,116.15,3.715,392.71,0.864,59.95,439.08
2,2026-03-04 21:20:00,117.69,2.003,193.03,0.818,59.96,439.142
2,2026-03-04 21:30:00,116.09,4.004,430.99,0.892,59.96,439.205
2,2026-03-04 21:40:00,115.47,3.384,357.96,0.899,59.95,439.271
2,2026-03-04 21:50:00,114.4,4.658,504.48,0.91,59.97,439.338
2,2026-03-04 22:00:00,117.64,2.042,200.44,0.833,59.95,439.381
2,2026-03-04 22:10:00,116.09,2.056,200.66,0.841,59.97,439.415
2,2026-03-04 22:20:00,117.162,2.078,204.125,0.839,59.95,439.448
2,2026-03-04 22:30:00,118.24,2.076,204.59,0.833,59.96,439.482
2,2026-03-04 22:40:00,118.762,2.056,203.1,0.831,59.95,439.516
2,2026-03-04 22:50:00,119.94,2.048,202.45,0.825,59.99,439.55
2,2026-03-04 23:00:00,118.63,2.074,203.51,0.827,59.95,439.584
2,2026-03-04 23:10:00,117.5,1.848,161.28,0.743,59.94,439.611
2,2026-03-04 23:20:00,116.962,1.826,158.738,0.741,59.95,439.638
2,2026-03-04 23:30:00,117.42,1.826,158.98,0.74,59.97,439.664
2,2026-03-04 23:40:00,117.43,1.769,148.7,0.715,59.99,439.689
2,2026-03-04 23:50:00,117.612,1.762,147.412,0.71,59.95,439.714
2,2026-03-05 00:00:00,119.46,1.779,148.88,0.703,59.9,439.739
2,2026-03-05 00:10:00,119.33,1.784,150.11,0.705,59.97,439.764
2,2026-03-05 00:20:00,117.68,1.761,147.33,0.712,59.97,439.788
2,2026-03-05 00:30:00,116.48,1.751,146.32,0.719,59.93,439.813
2,2026-03-05 00:40:00,117.222,1.759,147.178,0.711,59.956,439.835
2,2026-03-05 00:50:00,116.833,1.751,146.344,0.716,59.944,439.862
2,2026-03-05 01:00:00,115.93,1.742,145.38,0.72,59.96,439.886
2,2026-03-05 01:10:00,117.7,1.756,146.888,0.71,59.95,439.906
2,2026-03-05 01:20:00,118.112,1.936,207.162,0.898,59.988,439.937
2,2026-03-05 01:30:00,118.614,1.52,160.186,0.801,59.957,439.967
2,2026-03-05 01:40:00,118.4,0.778,59.81,0.621,59.96,439.978
2,2026-03-05 01:50:00,116.94,1.961,179.73,0.784,59.95,440.009
2,2026-03-05 02:00:00,117.48,1.835,160.77,0.746,59.96,440.036
2,2026-03-05 02:10:00,117.46,1.801,154.82,0.731,59.97,440.061
2,2026-03-05 02:20:00,117.189,1.776,151.067,0.726,59.989,440.087
2,2026-03-05 02:30:00,117.33,1.765,149.58,0.721,59.94,440.112
2,2026-03-05 02:40:00,117.94,1.76,148.68,0.717,59.93,440.137
2,2026-03-05 02:50:00,118.956,1.766,149.133,0.71,59.956,440.161
2,2026-03-05 03:00:00,119.18,1.767,148.95,0.707,59.96,440.186
2,2026-03-05 03:10:00,117.588,1.751,147.288,0.716,59.925,440.211
2,2026-03-05 03:20:00,116.96,1.746,146.67,0.719,59.94,440.236
2,2026-03-05 03:30:00,117.36,1.746,146.37,0.716,59.95,440.26
2,2026-03-05 03:40:00,117.322,1.751,146.922,0.716,59.933,440.285
2,2026-03-05 03:50:00,116.29,1.739,146.32,0.724,59.96,440.309
2,2026-03-05 04:00:00,118.078,1.759,152.867,0.738,59.944,440.334
2,2026-03-05 04:10:00,118.26,1.759,152.54,0.733,59.96,440.36
2,2026-03-05 04:20:00,118.45,1.761,152.39,0.73,59.97,440.385
2,2026-03-05 04:30:00,118.02,1.757,152.08,0.735,59.94,440.411
2,2026-03-05 04:40:00,117.49,1.755,151.46,0.734,59.96,440.436
2,2026-03-05 04:50:00,117.122,1.752,151.233,0.739,59.956,440.461
2,2026-03-05 05:00:00,115.42,1.752,149.9,0.739,59.95,440.486
2,2026-03-05 05:10:00,113.662,1.752,149.1,0.749,59.962,440.511
2,2026-03-05 05:20:00,115.18,1.745,149.34,0.744,59.96,440.536
2,2026-03-05 05:30:00,114.67,1.764,152.8,0.756,59.93,440.562
2,2026-03-05 05:40:00,117.11,1.964,182.43,0.793,59.93,440.592
2,2026-03-05 05:50:00,114.74,1.946,178.94,0.801,59.96,440.622
2,2026-03-05 06:00:00,115.8,1.901,172.77,0.784,59.94,440.652
2,2026-03-05 06:10:00,114.756,1.747,148.167,0.739,59.978,440.676
2,2026-03-05 06:20:00,114.322,1.743,145.1,0.727,59.978,440.701
2,2026-03-05 06:30:00,114.92,1.741,143.32,0.718,59.97,440.725
2,2026-03-05 06:40:00,112.31,1.73,141.85,0.731,59.95,440.748
2,2026-03-05 06:50:00,116.11,1.748,144.23,0.711,59.95,440.773
2,2026-03-05 07:00:00,117.07,1.75,145.21,0.708,59.95,440.797
2,2026-03-05 07:10:00,116.067,1.739,143.978,0.713,59.978,440.821
2,2026-03-05 07:20:00,117.81,1.932,206.85,0.9,59.94,440.855
2,2026-03-05 07:30:00,116.389,1.383,143.422,0.802,59.956,440.876
2,2026-03-05 07:40:00,115.775,0.83,63.55,0.626,59.962,440.887
2,2026-03-05 07:50:00,114.78,1.96,177.36,0.788,59.97,440.917
2,2026-03-05 08:00:00,114.97,1.828,157.32,0.749,59.95,440.943
2,2026-03-05 08:10:00,116.53,1.794,152.53,0.73,59.93,440.969
2,2026-03-05 08:20:00,116.289,1.773,149.444,0.726,59.944,440.994
2,2026-03-05 08:30:00,117.5,1.774,148.49,0.712,59.99,441.019
2,2026-03-05 08:40:00,114.69,1.791,150.58,0.732,59.91,441.044
2,2026-03-05 08:50:00,115.6,2.197,201.98,0.794,59.96,441.078
2,2026-03-05 09:00:00,116.48,2.02,180.59,0.764,59.97,441.108
2,2026-03-05 09:10:00,115.17,1.882,165.34,0.762,59.94,441.135
2,2026-03-05 09:20:00,116.062,1.938,169.175,0.752,59.975,441.163
2,2026-03-05 09:30:00,114.478,1.879,162.2,0.754,59.956,441.19
2,2026-03-05 09:40:00,114.22,1.798,155.46,0.757,59.94,441.217
2,2026-03-05 09:50:00,114.411,1.802,155.444,0.754,59.944,441.242
2,2026-03-05 10:00:00,114.09,1.783,151.5,0.745,59.97,441.267
2,2026-03-05 10:10:00,114.86,2.164,186.88,0.753,59.95,441.298
2,2026-03-05 10:20:00,114.7,1.915,168.78,0.768,59.95,441.326
2,2026-03-05 10:30:00,114.47,1.747,150.66,0.753,59.98,441.351
2,2026-03-05 10:40:00,112.244,1.753,148.378,0.756,59.967,441.376
2,2026-03-05 10:50:00,113.9,1.771,156.82,0.776,59.96,441.402
2,2026-03-05 11:00:00,113.8,1.964,181.59,0.813,59.93,441.433
2,2026-03-05 11:10:00,113.78,1.881,171.9,0.803,59.97,441.462
2,2026-03-05 11:20:00,112.7,2.64,261.55,0.843,59.95,441.501
2,2026-03-05 11:30:00,112.0,4.886,528.04,0.964,59.94,441.589
2,2026-03-05 11:40:00,112.41,4.843,525.09,0.965,59.96,441.677
2,2026-03-05 11:50:00,111.37,4.719,507.61,0.968,59.97,441.762
2,2026-03-05 12:00:00,112.28,4.582,499.07,0.97,59.98,441.845
2,2026-03-05 12:10:00,111.72,4.514,490.06,0.97,59.92,441.927
2,2026-03-05 12:20:00,113.28,4.523,498.63,0.972,59.94,442.011
2,2026-03-05 12:30:00,113.11,4.475,493.5,0.974,59.93,442.093
2,2026-03-05 12:40:00,112.84,4.402,485.22,0.978,59.95,442.175
2,2026-03-05 12:50:00,113.37,4.433,490.45,0.976,59.95,442.257
2,2026-03-05 13:00:00,112.789,4.482,492.678,0.978,59.956,442.339
2,2026-03-05 13:10:00,114.05,4.329,483.47,0.98,59.96,442.42
2,2026-03-05 13:20:00,113.167,4.229,469.411,0.98,59.944,442.498
2,2026-03-05 13:30:00,114.32,4.194,470.48,0.98,59.96,442.576
2,2026-03-05 13:40:00,114.7,4.177,470.45,0.98,59.96,442.655
2,2026-03-05 13:50:00,113.69,4.165,465.16,0.98,59.96,442.733
2,2026-03-05 14:00:00,113.99,4.185,468.22,0.98,59.94,442.811
2,2026-03-05 14:10:00,113.36,4.091,456.14,0.983,59.93,442.887
2,2026-03-05 14:20:00,112.23,4.02,443.81,0.982,59.96,442.962
2,2026-03-05 14:30:00,112.13,4.158,457.79,0.981,59.96,443.038
2,2026-03-05 14:40:00,113.51,4.295,478.12,0.98,59.94,443.117
2,2026-03-05 14:50:00,114.8,4.292,483.578,0.98,59.978,443.198
2,2026-03-05 15:00:00,113.662,6.059,679.812,0.985,59.975,443.315
2,2026-03-05 15:10:00,113.98,7.74,876.0,0.99,59.93,443.462
2,2026-03-05 15:20:00,112.34,7.647,852.89,0.99,59.98,443.604
2,2026-03-05 15:30:00,113.09,7.654,859.39,0.99,59.98,443.748
2,2026-03-05 15:40:00,112.2,7.656,851.956,0.99,59.956,443.89
2,2026-03-05 15:50:00,112.88,8.377,939.21,0.992,59.94,444.044
2,2026-03-05 16:00:00,113.044,8.336,935.956,0.992,59.956,444.201
2,2026-03-05 16:10:00,113.61,5.022,556.82,0.973,59.97,444.297
2,2026-03-05 16:20:00,115.44,4.919,550.67,0.969,59.99,444.388
2,2026-03-05 16:30:00,114.59,4.811,535.26,0.97,59.96,444.477
2,2026-03-05 16:40:00,114.85,5.096,564.38,0.967,59.94,444.571
2,2026-03-05 16:50:00,113.65,5.436,589.7,0.954,59.97,444.671
2,2026-03-05 17:00:00,114.41,5.302,581.29,0.959,59.96,444.768
2,2026-03-05 17:10:00,114.75,5.279,578.22,0.953,59.98,444.865
2,2026-03-05 17:20:00,115.13,5.24,573.55,0.95,59.93,444.961
2,2026-03-05 17:30:00,116.089,3.856,399.022,0.847,59.978,445.029
2,2026-03-05 17:40:00,116.94,1.685,134.9,0.685,59.97,445.052
2,2026-03-05 17:50:00,115.01,1.938,164.6,0.735,59.98,445.078
2,2026-03-05 18:00:00,115.156,2.137,194.378,0.791,59.944,445.111
2,2026-03-05 18:10:00,114.43,2.035,180.79,0.776,59.94,445.141
2,2026-03-05 18:20:00,115.444,2.205,184.178,0.723,59.956,445.17
2,2026-03-05 18:30:00,114.344,2.165,176.167,0.716,59.967,445.2
2,2026-03-05 18:40:00,111.788,2.482,200.325,0.725,59.95,445.232
2,2026-03-05 18:50:00,113.689,2.42,211.978,0.77,59.978,445.269
2,2026-03-05 19:00:00,116.53,2.173,197.55,0.78,60.0,445.302
2,2026-03-05 19:10:00,114.94,2.409,212.05,0.767,59.96,445.337
2,2026-03-05 19:20:00,115.2,2.451,215.04,0.763,59.95,445.373
2,2026-03-05 19:30:00,115.244,2.496,219.089,0.764,59.967,445.409
2,2026-03-05 19:40:00,111.289,2.446,212.922,0.783,59.989,445.445
2,2026-03-05 19:50:00,116.344,2.307,208.944,0.778,59.944,445.479
2,2026-03-05 20:00:00,114.78,1.94,175.87,0.79,59.94,445.509
2,2026-03-05 20:10:00,116.41,1.674,152.37,0.783,59.92,445.535
2,2026-03-05 20:20:00,115.14,1.636,144.88,0.768,59.95,445.56
2,2026-03-05 20:30:00,115.0,1.624,144.71,0.776,59.96,445.584
2,2026-03-05 20:40:00,115.68,1.578,139.27,0.763,59.95,445.607
2,2026-03-05 20:50:00,117.25,1.49,123.7,0.708,59.96,445.627
2,2026-03-05 21:00:00,117.15,5.221,589.11,0.94,59.96,445.721
2,2026-03-05 21:10:00,116.31,4.71,520.12,0.93,59.99,445.812
2,2026-03-05 21:20:00,116.83,2.401,232.07,0.827,59.95,445.851
2,2026-03-05 21:30:00,118.625,2.357,227.5,0.815,59.938,445.882
2,2026-03-05 21:40:00,117.34,2.339,223.8,0.814,59.98,445.926
2,2026-03-05 21:50:00,119.36,2.209,207.26,0.787,59.97,445.962
2,2026-03-05 22:00:00,117.81,2.222,208.92,0.798,59.95,445.997
2,2026-03-05 22:10:00,118.16,2.25,213.29,0.803,59.98,446.032
2,2026-03-05 22:20:00,118.24,2.244,210.68,0.795,59.96,446.068
2,2026-03-05 22:30:00,117.733,2.156,200.411,0.789,59.956,446.101
2,2026-03-05 22:40:00,118.99,1.821,156.09,0.718,59.98,446.128
2,2026-03-05 22:50:00,117.53,1.73,143.63,0.707,59.95,446.152
2,2026-03-05 23:00:00,118.43,1.722,137.93,0.676,59.96,446.175
2,2026-03-05 23:10:00,116.233,1.702,137.044,0.693,59.944,446.198
2,2026-03-05 23:20:00,119.0,1.72,137.85,0.673,59.96,446.221
2,2026-03-05 23:30:00,117.8,1.783,150.93,0.718,59.97,446.246
2,2026-03-05 23:40:00,118.525,1.723,133.65,0.653,59.912,446.268
2,2026-03-05 23:50:00,116.644,1.72,135.356,0.672,59.944,446.29
2,2026-03-06 00:00:00,117.2,1.692,129.42,0.65,59.99,446.312
2,2026-03-06 00:10:00,118.156,1.684,126.822,0.639,59.967,446.333
2,2026-03-06 00:20:00,117.53,1.676,126.2,0.64,59.95,446.354
2,2026-03-06 00:30:00,119.26,1.697,127.81,0.632,59.93,446.376
2,2026-03-06 00:40:00,118.533,1.686,126.778,0.633,59.967,446.397
2,2026-03-06 00:50:00,119.033,1.691,127.2,0.631,59.956,446.418
2,2026-03-06 01:00:00,119.36,1.694,127.43,0.63,59.97,446.439
2,2026-03-06 01:10:00,117.39,1.669,125.53,0.64,59.96,446.46
2,2026-03-06 01:20:00,118.311,1.777,207.111,0.983,59.967,446.49
2,2026-03-06 01:30:00,117.822,0.841,85.133,0.709,59.944,446.507
2,2026-03-06 01:40:00,119.09,0.847,70.05,0.62,59.95,446.519
2,2026-03-06 01:50:00,119.18,1.842,155.51,0.707,59.99,446.545
2,2026-03-06 02:00:00,119.61,1.762,141.63,0.674,59.97,446.569
2,2026-03-06 02:10:00,119.322,1.726,134.533,0.654,59.967,446.591
2,2026-03-06 02:20:00,118.94,1.706,131.18,0.647,59.95,446.614
2,2026-03-06 02:30:00,119.325,1.706,130.438,0.643,59.95,446.635
2,2026-03-06 02:40:00,118.04,1.686,128.37,0.644,59.95,446.657
2,2026-03-06 02:50:00,118.414,1.686,127.929,0.64,59.943,446.678
2,2026-03-06 03:00:00,118.41,1.684,127.49,0.64,59.97,446.699
2,2026-03-06 03:10:00,119.27,1.694,127.66,0.631,59.94,446.721
2,2026-03-06 03:20:00,119.19,1.695,127.54,0.631,59.95,446.742
2,2026-03-06 03:30:00,119.5,1.696,127.311,0.629,59.956,446.763
2,2026-03-06 03:40:00,119.91,1.7,127.67,0.624,59.95,446.785
2,2026-03-06 03:50:00,118.2,1.677,126.51,0.637,59.96,446.806
2,2026-03-06 04:00:00,118.93,1.691,132.35,0.658,59.94,446.828
2,2026-03-06 04:10:00,118.175,1.682,131.512,0.663,59.962,446.845
2,2026-03-06 04:20:00,118.47,1.683,131.48,0.659,59.94,446.872
2,2026-03-06 04:30:00,119.533,1.698,132.422,0.651,59.911,446.894
2,2026-03-06 04:40:00,119.27,1.696,132.08,0.653,59.93,446.916
2,2026-03-06 04:50:00,118.589,1.686,131.222,0.66,59.978,446.938
2,2026-03-06 05:00:00,117.33,1.672,130.17,0.665,59.93,446.96
2,2026-03-06 05:10:00,116.95,1.666,129.39,0.662,59.91,446.981
2,2026-03-06 05:20:00,116.811,1.667,129.289,0.664,59.967,447.003
2,2026-03-06 05:30:00,114.344,1.643,127.444,0.679,59.944,447.024
2,2026-03-06 05:40:00,115.23,1.791,154.12,0.743,59.92,447.05
2,2026-03-06 05:50:00,115.2,1.865,167.59,0.781,59.94,447.078
2,2026-03-06 06:00:00,116.7,1.802,155.02,0.736,59.94,447.104
2,2026-03-06 06:10:00,114.638,1.65,127.7,0.675,59.975,447.121
2,2026-03-06 06:20:00,114.97,1.705,138.6,0.706,59.99,447.148
2,2026-03-06 06:30:00,115.46,1.681,132.4,0.684,60.0,447.17
2,2026-03-06 06:40:00,115.34,1.696,136.34,0.695,59.97,447.192
2,2026-03-06 06:50:00,116.262,1.69,133.062,0.676,59.925,447.215
2,2026-03-06 07:00:00,116.889,1.697,133.278,0.672,59.933,447.237
2,2026-03-06 07:10:00,116.99,1.698,133.65,0.674,59.99,447.259
2,2026-03-06 07:20:00,116.93,1.848,212.59,0.98,59.97,447.294
2,2026-03-06 07:30:00,117.26,0.874,89.02,0.764,59.94,447.309
2,2026-03-06 07:40:00,115.96,0.845,69.2,0.659,59.96,447.321
2,2026-03-06 07:50:00,115.66,1.812,150.33,0.716,59.96,447.346
2,2026-03-06 08:00:00,118.529,1.754,138.386,0.667,59.971,447.365
2,2026-03-06 08:10:00,117.178,1.706,130.633,0.653,59.956,447.391
2,2026-03-06 08:20:00,117.71,1.972,167.81,0.709,59.96,447.418
2,2026-03-06 08:30:00,116.32,2.343,219.77,0.806,59.96,447.455
2,2026-03-06 08:40:00,116.13,2.216,202.58,0.787,59.94,447.489
2,2026-03-06 08:50:00,116.33,2.186,200.46,0.787,59.99,447.522
2,2026-03-06 09:00:00,116.7,2.186,201.69,0.79,59.97,447.556
2,2026-03-06 09:10:00,114.62,2.184,199.07,0.795,59.93,447.589
2,2026-03-06 09:20:00,115.53,2.212,203.2,0.794,59.95,447.624
2,2026-03-06 09:30:00,116.05,2.322,214.88,0.798,59.96,447.66
2,2026-03-06 09:40:00,114.53,2.317,212.47,0.801,59.95,447.696
2,2026-03-06 09:50:00,114.53,2.351,217.68,0.808,59.94,447.732
2,2026-03-06 10:00:00,115.01,2.355,219.21,0.808,59.95,447.769
2,2026-03-06 10:10:00,115.71,2.258,209.0,0.798,59.97,447.805
2,2026-03-06 10:20:00,116.03,2.271,211.32,0.803,59.95,447.84
2,2026-03-06 10:30:00,115.26,2.288,211.24,0.8,59.96,447.876
2,2026-03-06 10:40:00,115.97,2.312,213.41,0.798,59.97,447.912
2,2026-03-06 10:50:00,114.49,2.253,206.02,0.797,59.94,447.946
2,2026-03-06 11:00:00,113.92,2.264,207.14,0.803,59.96,447.981
2,2026-03-06 11:10:00,115.63,2.264,208.19,0.796,59.97,448.016
2,2026-03-06 11:20:00,114.656,2.259,207.833,0.802,59.933,448.047
2,2026-03-06 11:30:00,115.09,2.298,213.72,0.807,59.97,448.086
2,2026-03-06 11:40:00,114.656,2.294,213.0,0.809,59.967,448.121
2,2026-03-06 11:50:00,115.35,2.272,209.675,0.8,59.988,448.152
2,2026-03-06 12:00:00,115.375,2.261,206.538,0.792,59.95,448.191
2,2026-03-06 12:10:00,116.144,2.289,212.322,0.8,59.989,448.227
2,2026-03-06 12:20:00,116.25,2.238,205.14,0.788,59.94,448.261
2,2026-03-06 12:30:00,116.27,2.238,206.98,0.795,59.95,448.296
2,2026-03-06 12:40:00,115.07,2.37,222.79,0.815,59.96,448.335
2,2026-03-06 12:50:00,114.64,2.264,208.67,0.805,59.92,448.369
2,2026-03-06 13:00:00,112.67,2.304,210.67,0.811,59.96,448.405
2,2026-03-06 13:10:00,113.63,2.302,211.44,0.808,59.94,448.44
2,2026-03-06 13:20:00,116.983,2.82,307.4,0.932,59.95,448.481
2,2026-03-06 13:30:00,118.81,1.708,166.98,0.787,59.95,448.521
2,2026-03-06 13:40:00,117.64,1.589,145.4,0.759,59.98,448.545
2,2026-03-06 13:50:00,115.88,2.385,227.37,0.822,59.95,448.584
2,2026-03-06 14:00:00,115.1,2.345,220.41,0.818,59.95,448.621
2,2026-03-06 14:10:00,114.556,2.313,215.422,0.811,59.967,448.656
2,2026-03-06 14:20:00,112.75,2.372,219.67,0.821,59.94,448.692
2,2026-03-06 14:30:00,111.21,2.279,205.51,0.81,59.96,448.727
2,2026-03-06 14:40:00,112.767,2.291,209.011,0.809,59.956,448.758
2,2026-03-06 14:50:00,114.722,2.311,212.344,0.8,59.922,448.794
2,2026-03-06 15:00:00,115.58,2.455,232.18,0.818,60.0,448.836
2,2026-03-06 15:10:00,116.04,2.443,230.06,0.812,59.95,448.875
2,2026-03-06 15:20:00,116.067,2.398,225.9,0.81,59.956,448.909
2,2026-03-06 15:30:00,117.838,2.439,233.088,0.811,59.962,448.952
2,2026-03-06 15:40:00,116.62,2.436,231.29,0.813,59.97,448.99
2,2026-03-06 15:50:00,114.311,2.439,227.789,0.818,59.956,449.028
2,2026-03-06 16:00:00,115.588,2.466,233.262,0.819,59.962,449.066
2,2026-03-06 16:10:00,114.711,2.417,226.178,0.814,59.967,449.104
2,2026-03-06 16:20:00,114.88,2.385,223.99,0.817,59.94,449.141
2,2026-03-06 16:30:00,115.556,2.351,219.922,0.811,59.944,449.178
2,2026-03-06 16:40:00,117.062,2.413,229.462,0.812,59.95,449.216
2,2026-03-06 16:50:00,118.367,2.459,236.2,0.809,59.956,449.256
2,2026-03-06 17:00:00,116.99,2.387,221.27,0.793,59.94,449.292
2,2026-03-06 17:10:00,116.22,2.324,211.08,0.78,59.93,449.328
2,2026-03-06 17:20:00,116.244,2.248,207.478,0.793,59.956,449.363
2,2026-03-06 17:30:00,113.733,2.236,203.1,0.798,59.989,449.396
2,2026-03-06 17:40:00,115.22,2.126,188.73,0.77,59.98,449.428
2,2026-03-06 17:50:00,117.811,2.128,188.878,0.756,59.967,449.459
2,2026-03-06 18:00:00,117.73,2.103,185.33,0.749,59.95,449.49
2,2026-03-06 18:10:00,118.122,2.312,225.122,0.822,59.944,449.527
2,2026-03-06 18:20:00,115.5,2.102,189.5,0.776,59.94,449.559
2,2026-03-06 18:30:00,115.68,1.907,156.78,0.709,59.97,449.585
2,2026-03-06 18:40:00,115.43,1.912,160.03,0.724,59.93,449.611
2,2026-03-06 18:50:00,116.92,2.04,182.86,0.761,59.94,449.642
2,2026-03-06 19:00:00,116.689,2.173,201.711,0.796,59.989,449.676
2,2026-03-06 19:10:00,116.2,2.31,220.544,0.82,59.978,449.712
2,2026-03-06 19:20:00,117.67,2.782,309.1,0.943,59.96,449.763
2,2026-03-06 19:30:00,114.84,1.863,180.24,0.819,59.95,449.794
2,2026-03-06 19:40:00,116.07,1.812,170.42,0.796,59.98,449.823
2,2026-03-06 19:50:00,115.667,2.347,226.989,0.838,59.933,449.861
2,2026-03-06 20:00:00,116.622,2.252,213.311,0.813,59.944,449.896
2,2026-03-06 20:10:00,117.51,2.196,205.59,0.795,59.98,449.931
2,2026-03-06 20:20:00,116.911,2.212,207.267,0.801,59.956,449.965
2,2026-03-06 20:30:00,119.756,2.195,205.078,0.783,59.956,449.999
2,2026-03-06 20:40:00,116.06,2.402,233.6,0.835,59.94,450.037
2,2026-03-06 20:50:00,117.09,2.717,275.53,0.868,59.96,450.083
2,2026-03-06 21:00:00,117.171,2.686,272.143,0.866,59.943,450.129
2,2026-03-06 21:10:00,117.217,2.706,276.1,0.87,60.0,450.175
2,2026-03-06 21:20:00,117.967,2.36,235.644,0.843,59.956,450.215
2,2026-03-06 21:30:00,116.79,1.961,184.09,0.804,59.95,450.246
2,2026-03-06 21:40:00,117.35,1.955,183.6,0.802,59.96,450.276
2,2026-03-06 21:50:00,115.92,1.957,184.13,0.812,59.96,450.307
2,2026-03-06 22:00:00,117.0,1.955,183.81,0.802,59.96,450.337
2,2026-03-06 22:10:00,117.1,1.95,183.522,0.802,59.944,450.365
2,2026-03-06 22:20:00,117.922,2.092,204.222,0.828,59.967,450.402
2,2026-03-06 22:30:00,116.86,2.047,198.07,0.827,59.97,450.435
2,2026-03-06 22:40:00,116.68,1.875,173.53,0.794,59.94,450.465
2,2026-03-06 22:50:00,116.88,1.893,175.96,0.795,59.93,450.494
2,2026-03-06 23:00:00,116.778,1.888,172.911,0.787,59.967,450.523
2,2026-03-06 23:10:00,117.54,1.907,175.61,0.782,59.98,450.552
2,2026-03-06 23:20:00,117.667,1.766,145.111,0.696,59.967,450.577
2,2026-03-06 23:30:00,118.06,1.706,129.54,0.641,59.94,450.599
2,2026-03-06 23:40:00,119.13,1.734,133.73,0.645,59.96,450.621
2,2026-03-06 23:50:00,117.47,1.696,128.65,0.646,59.96,450.643
2,2026-03-07 00:00:00,117.678,1.697,129.678,0.649,59.978,450.664
2,2026-03-07 00:10:00,116.788,1.711,132.612,0.664,59.925,450.686
2,2026-03-07 00:20:00,117.58,1.678,126.09,0.639,59.96,450.707
2,2026-03-07 00:30:00,118.12,1.684,126.57,0.637,59.96,450.729
2,2026-03-07 00:40:00,119.28,1.702,128.94,0.633,59.97,450.75
2,2026-03-07 00:50:00,120.45,1.717,129.88,0.628,59.96,450.772
2,2026-03-07 01:00:00,119.57,1.696,126.19,0.622,59.96,450.793
2,2026-03-07 01:10:00,118.789,1.694,128.422,0.638,59.978,450.814
2,2026-03-07 01:20:00,118.04,1.812,210.42,0.984,59.98,450.848
2,2026-03-07 01:30:00,118.22,0.652,61.75,0.665,59.96,450.861
2,2026-03-07 01:40:00,117.611,0.902,74.867,0.64,59.978,450.872
2,2026-03-07 01:50:00,116.8,1.816,151.16,0.712,59.95,450.898
2,2026-03-07 02:00:00,117.233,1.726,135.633,0.67,59.978,450.921
2,2026-03-07 02:10:00,117.444,1.702,130.989,0.654,59.944,450.942
2,2026-03-07 02:20:00,116.444,1.679,127.856,0.653,59.944,450.964
2,2026-03-07 02:30:00,117.22,1.68,126.89,0.645,59.98,450.985
2,2026-03-07 02:40:00,115.96,1.662,125.06,0.649,59.97,451.006
2,2026-03-07 02:50:00,117.23,1.67,125.23,0.64,59.99,451.027
2,2026-03-07 03:00:00,117.356,1.67,124.889,0.637,59.956,451.048
2,2026-03-07 03:10:00,117.69,1.672,125.04,0.637,59.96,451.069
2,2026-03-07 03:20:00,118.4,1.681,125.9,0.632,59.956,451.09
2,2026-03-07 03:30:00,118.2,1.676,124.662,0.63,59.95,451.11
2,2026-03-07 03:40:00,117.725,1.67,124.462,0.63,59.95,451.131
2,2026-03-07 03:50:00,116.2,1.652,123.789,0.644,60.0,451.152
2,2026-03-07 04:00:00,116.88,1.661,129.24,0.668,59.95,451.173
2,2026-03-07 04:10:00,116.867,1.661,128.8,0.662,59.944,451.195
2,2026-03-07 04:20:00,117.32,1.666,128.9,0.66,59.94,451.217
2,2026-03-07 04:30:00,117.062,1.661,128.425,0.661,59.95,451.238
2,2026-03-07 04:40:00,117.93,1.671,129.12,0.654,59.97,451.26
2,2026-03-07 04:50:00,117.37,1.664,128.76,0.659,59.96,451.281
2,2026-03-07 05:00:00,117.68,1.675,130.86,0.664,59.98,451.303
2,2026-03-07 05:10:00,115.74,1.647,127.13,0.666,59.94,451.324
2,2026-03-07 05:20:00,116.833,1.66,128.111,0.66,59.967,451.343
2,2026-03-07 05:30:00,115.96,1.652,127.52,0.665,59.96,451.367
2,2026-03-07 05:40:00,117.2,1.668,128.629,0.659,59.943,451.386
2,2026-03-07 05:50:00,117.52,1.669,128.38,0.655,59.95,451.41
2,2026-03-07 06:00:00,116.91,1.662,127.78,0.658,59.96,451.431
2,2026-03-07 06:10:00,118.38,1.678,128.17,0.646,59.95,451.453
2,2026-03-07 06:20:00,117.35,1.678,125.55,0.639,59.962,451.473
2,2026-03-07 06:30:00,117.588,1.72,134.8,0.67,59.975,451.496
2,2026-03-07 06:40:00,116.256,1.701,132.778,0.671,59.956,451.518
2,2026-03-07 06:50:00,115.98,1.7,132.49,0.673,59.97,451.54
2,2026-03-07 07:00:00,117.56,1.717,134.62,0.667,59.96,451.563
2,2026-03-07 07:10:00,117.97,1.698,129.46,0.646,59.93,451.584
2,2026-03-07 07:20:00,116.41,1.752,198.01,0.968,59.94,451.617
2,2026-03-07 07:30:00,116.45,0.64,59.97,0.666,59.96,451.629
2,2026-03-07 07:40:00,115.189,0.699,54.978,0.623,59.967,451.637
2,2026-03-07 07:50:00,115.58,1.804,149.08,0.715,59.96,451.665
2,2026-03-07 08:00:00,115.94,1.718,134.66,0.677,59.95,451.687
2,2026-03-07 08:10:00,114.9,1.675,127.722,0.662,59.967,451.709
2,2026-03-07 08:20:00,116.04,1.671,125.79,0.649,59.94,451.73
2,2026-03-07 08:30:00,115.99,1.664,124.51,0.645,59.98,451.751
2,2026-03-07 08:40:00,114.667,1.646,122.911,0.651,59.967,451.771
2,2026-03-07 08:50:00,115.89,1.657,122.99,0.641,59.93,451.792
2,2026-03-07 09:00:00,116.76,1.666,123.44,0.636,59.96,451.812
2,2026-03-07 09:10:00,116.7,1.659,122.989,0.637,59.967,451.833
2,2026-03-07 09:20:00,115.23,1.644,121.91,0.643,59.96,451.853
2,2026-03-07 09:30:00,115.14,1.646,121.51,0.641,59.96,451.874
2,2026-03-07 09:40:00,115.23,1.645,121.54,0.64,59.97,451.894
2,2026-03-07 09:50:00,114.25,1.635,120.65,0.647,59.97,451.914
2,2026-03-07 10:00:00,116.26,1.725,132.61,0.656,59.95,451.936
2,2026-03-07 10:10:00,116.2,2.095,185.95,0.761,59.95,451.968
2,2026-03-07 10:20:00,117.45,2.073,184.42,0.757,59.93,451.998
2,2026-03-07 10:30:00,114.68,1.75,136.74,0.677,59.97,452.022
2,2026-03-07 10:40:00,114.8,1.64,121.03,0.644,59.98,452.042
2,2026-03-07 10:50:00,115.122,1.644,121.267,0.641,59.956,452.06
2,2026-03-07 11:00:00,113.82,1.631,120.26,0.648,59.96,452.082
2,2026-03-07 11:10:00,115.678,1.934,150.856,0.674,59.944,452.107
2,2026-03-07 11:20:00,114.88,2.423,196.11,0.698,59.93,452.14
2,2026-03-07 11:30:00,114.956,2.05,156.633,0.663,59.978,452.165
2,2026-03-07 11:40:00,115.05,2.057,154.49,0.65,59.93,452.19
2,2026-03-07 11:50:00,114.478,1.819,138.289,0.666,59.967,452.214
2,2026-03-07 12:00:00,114.49,2.171,167.42,0.669,59.94,452.241
2,2026-03-07 12:10:00,116.011,1.888,146.5,0.667,59.956,452.265
2,2026-03-07 12:20:00,115.4,2.167,157.73,0.629,59.95,452.293
2,2026-03-07 12:30:00,113.32,2.138,167.57,0.678,59.96,452.321
2,2026-03-07 12:40:00,113.133,1.622,119.822,0.651,59.956,452.341
2,2026-03-07 12:50:00,114.322,1.637,120.767,0.643,59.956,452.359
2,2026-03-07 13:00:00,115.122,1.647,121.5,0.641,59.933,452.379
2,2026-03-07 13:10:00,114.61,1.643,121.5,0.644,59.97,452.402
2,2026-03-07 13:20:00,115.311,1.725,188.689,0.946,59.967,452.434
2,2026-03-07 13:30:00,114.22,0.766,74.61,0.709,59.97,452.447
2,2026-03-07 13:40:00,115.712,0.938,76.9,0.651,59.975,452.458
2,2026-03-07 13:50:00,114.567,2.102,188.789,0.779,59.989,452.488
2,2026-03-07 14:00:00,114.77,2.227,203.74,0.797,59.93,452.522
2,2026-03-07 14:10:00,115.022,2.054,180.822,0.764,59.944,452.553
2,2026-03-07 14:20:00,115.68,1.961,170.18,0.749,59.94,452.581
2,2026-03-07 14:30:00,116.95,1.957,170.325,0.742,59.962,452.607
2,2026-03-07 14:40:00,117.04,1.947,168.02,0.737,59.97,452.638
2,2026-03-07 14:50:00,116.68,1.942,166.91,0.736,59.94,452.665
2,2026-03-07 15:00:00,115.588,2.104,188.575,0.774,59.975,452.695
2,2026-03-07 15:10:00,115.85,2.115,187.73,0.767,59.96,452.727
2,2026-03-07 15:20:00,114.867,2.061,178.833,0.754,59.911,452.757
2,2026-03-07 15:30:00,113.567,1.992,169.344,0.748,59.967,452.785
2,2026-03-07 15:40:00,114.94,1.982,170.8,0.749,59.96,452.814
2,2026-03-07 15:50:00,114.05,2.071,179.11,0.759,59.97,452.844
2,2026-03-07 16:00:00,115.67,2.042,175.36,0.741,59.93,452.873
2,2026-03-07 16:10:00,117.556,2.082,183.911,0.753,59.956,452.903
2,2026-03-07 16:20:00,117.312,2.072,181.988,0.751,59.988,452.934
2,2026-03-07 16:30:00,116.686,2.077,181.629,0.75,59.943,452.958
2,2026-03-07 16:40:00,116.12,2.028,175.45,0.744,59.97,452.993
2,2026-03-07 16:50:00,115.71,1.936,164.76,0.735,59.95,453.021
2,2026-03-07 17:00:00,118.089,1.904,163.389,0.724,59.956,453.048
2,2026-03-07 17:10:00,115.983,2.067,197.233,0.818,59.95,453.079
2,2026-03-07 17:20:00,116.525,2.023,192.75,0.819,59.975,453.108
2,2026-03-07 17:30:00,116.856,2.047,195.456,0.816,59.978,453.144
2,2026-03-07 17:40:00,117.433,2.053,195.778,0.811,59.933,453.173
2,2026-03-07 17:50:00,118.92,2.064,196.68,0.801,59.96,453.209
2,2026-03-07 18:00:00,118.19,2.118,203.33,0.81,59.97,453.243
2,2026-03-07 18:10:00,115.56,2.178,213.49,0.848,59.94,453.279
2,2026-03-07 18:20:00,115.54,2.186,215.8,0.856,59.97,453.315
2,2026-03-07 18:30:00,114.32,2.163,210.85,0.854,59.94,453.35
2,2026-03-07 18:40:00,116.267,2.207,220.089,0.857,59.967,453.383
2,2026-03-07 18:50:00,115.011,2.817,286.356,0.886,59.989,453.434
2,2026-03-07 19:00:00,115.67,2.776,282.14,0.88,59.95,453.481
2,2026-03-07 19:10:00,118.07,2.686,274.22,0.864,59.95,453.527
2,2026-03-07 19:20:00,116.42,3.2,346.09,0.926,59.99,453.585
2,2026-03-07 19:30:00,118.789,2.286,230.089,0.834,59.978,453.626
2,2026-03-07 19:40:00,115.81,2.365,233.57,0.841,59.96,453.665
2,2026-03-07 19:50:00,116.4,3.621,378.24,0.898,59.96,453.728
2,2026-03-07 20:00:00,117.64,3.47,362.5,0.889,59.96,453.789
2,2026-03-07 20:10:00,117.11,3.421,357.13,0.89,59.96,453.849
2,2026-03-07 20:20:00,117.25,3.362,350.48,0.89,59.94,453.907
2,2026-03-07 20:30:00,118.644,3.407,358.122,0.889,59.967,453.966
2,2026-03-07 20:40:00,118.11,3.163,329.63,0.882,59.97,454.022
2,2026-03-07 20:50:00,118.14,2.8,288.12,0.872,59.94,454.07
2,2026-03-07 21:00:00,117.11,2.762,283.88,0.877,59.97,454.118
2,2026-03-07 21:10:00,115.289,2.782,283.978,0.886,59.956,454.165
2,2026-03-07 21:20:00,113.567,2.786,282.122,0.891,59.956,454.213
2,2026-03-07 21:30:00,115.02,2.858,290.62,0.884,59.96,454.261
2,2026-03-07 21:40:00,119.41,3.206,334.32,0.874,59.95,454.319
2,2026-03-07 21:50:00,119.4,3.06,316.45,0.865,59.97,454.373
2,2026-03-07 22:00:00,118.02,2.88,293.09,0.862,59.96,454.422
2,2026-03-07 22:10:00,120.4,2.464,244.7,0.817,59.98,454.464
2,2026-03-07 22:20:00,118.3,1.862,164.29,0.742,59.99,454.492
2,2026-03-07 22:30:00,116.289,5.236,575.056,0.859,59.978,454.593
2,2026-03-07 22:40:00,117.138,4.913,538.612,0.845,59.962,454.688
2,2026-03-07 22:50:00,116.9,1.756,143.856,0.699,59.933,454.712
2,2026-03-07 23:00:00,118.32,1.718,130.71,0.643,59.98,454.733
2,2026-03-07 23:10:00,117.59,1.699,128.16,0.642,59.93,454.755
2,2026-03-07 23:20:00,118.7,1.692,125.13,0.623,59.98,454.776
2,2026-03-07 23:30:00,119.26,1.706,127.09,0.625,59.95,454.798
2,2026-03-07 23:40:00,118.475,1.704,128.238,0.635,59.962,454.819
2,2026-03-07 23:50:00,119.47,1.704,126.74,0.622,59.92,454.84
2,2026-03-08 00:00:00,116.312,1.667,124.2,0.643,59.975,454.861
2,2026-03-08 00:10:00,116.67,1.661,122.6,0.631,59.92,454.881
2,2026-03-08 00:20:00,116.78,1.667,124.05,0.637,59.95,454.902
2,2026-03-08 00:30:00,116.525,1.676,125.862,0.643,59.938,454.923
2,2026-03-08 00:40:00,116.33,1.656,122.44,0.638,59.96,454.943
2,2026-03-08 00:50:00,117.27,1.665,123.08,0.631,59.94,454.964
2,2026-03-08 01:00:00,117.29,1.667,123.4,0.631,59.94,454.984
2,2026-03-08 01:10:00,118.34,1.692,129.84,0.648,59.97,455.006
2,2026-03-08 01:20:00,119.144,1.77,199.444,0.944,59.956,455.04
2,2026-03-08 01:30:00,117.533,0.678,64.978,0.671,59.978,455.052
2,2026-03-08 01:40:00,118.49,0.842,69.42,0.631,59.95,455.064
2,2026-03-08 01:50:00,116.94,1.818,151.51,0.712,59.96,455.089
2,2026-03-08 02:00:00,116.9,1.72,134.625,0.67,59.975,455.112
2,2026-03-08 02:10:00,117.97,1.704,130.44,0.65,59.97,455.134
2,2026-03-08 02:20:00,117.133,1.684,127.544,0.649,59.956,455.155
2,2026-03-08 02:30:00,118.77,1.698,127.88,0.633,59.92,455.176
2,2026-03-08 02:40:00,118.767,1.688,126.233,0.629,59.967,455.197
2,2026-03-08 02:50:00,117.71,1.672,124.62,0.633,59.97,455.218
2,2026-03-08 03:00:00,119.08,1.688,125.65,0.624,59.96,455.239
2,2026-03-08 03:10:00,116.89,1.66,123.43,0.636,59.95,455.26
2,2026-03-08 03:20:00,117.41,1.663,123.37,0.631,59.95,455.28
2,2026-03-08 03:30:00,117.37,1.662,123.04,0.63,59.98,455.301
2,2026-03-08 03:40:00,116.75,1.655,122.55,0.634,59.97,455.321
2,2026-03-08 03:50:00,116.57,1.654,123.15,0.638,59.96,455.342
2,2026-03-08 04:00:00,117.12,1.661,128.55,0.66,59.94,455.364
2,2026-03-08 04:10:00,116.767,1.656,127.767,0.66,59.944,455.385
2,2026-03-08 04:20:00,117.98,1.671,128.67,0.653,59.95,455.406
2,2026-03-08 04:30:00,117.53,1.666,128.32,0.657,59.96,455.428
2,2026-03-08 04:40:00,116.3,1.651,127.26,0.664,59.98,455.449
2,2026-03-08 04:50:00,116.59,1.653,127.33,0.661,59.97,455.47
2,2026-03-08 05:00:00,115.57,1.642,126.34,0.665,59.99,455.491
2,2026-03-08 05:10:00,115.88,1.652,128.64,0.67,59.97,455.513
2,2026-03-08 05:20:00,117.0,1.672,132.078,0.677,59.956,455.532
2,2026-03-08 05:30:00,116.14,1.65,127.15,0.663,59.95,455.556
2,2026-03-08 05:40:00,117.62,1.666,128.02,0.652,59.94,455.577
2,2026-03-08 05:50:00,116.35,1.69,134.86,0.685,59.98,455.6
2,2026-03-08 06:00:00,116.77,1.747,145.84,0.716,59.97,455.624
2,2026-03-08 06:10:00,118.42,1.753,143.77,0.691,59.97,455.648
2,2026-03-08 06:20:00,116.62,1.72,135.68,0.676,59.99,455.671
2,2026-03-08 06:30:00,117.27,1.736,138.4,0.68,59.98,455.694
2,2026-03-08 06:40:00,116.88,1.734,138.03,0.679,59.96,455.717
2,2026-03-08 06:50:00,116.54,1.725,135.95,0.677,59.95,455.74
2,2026-03-08 07:00:00,116.2,1.74,138.51,0.686,59.95,455.763
2,2026-03-08 07:10:00,117.14,1.716,132.02,0.656,59.99,455.785
2,2026-03-08 07:20:00,117.43,1.819,202.66,0.947,59.99,455.819
2,2026-03-08 07:30:00,117.678,0.721,68.778,0.684,59.989,455.833
2,2026-03-08 07:40:00,117.77,0.838,69.1,0.638,59.96,455.844
2,2026-03-08 07:50:00,115.39,1.801,148.82,0.717,59.96,455.87
2,2026-03-08 08:00:00,115.91,1.71,132.99,0.671,59.94,455.892
2,2026-03-08 08:10:00,114.89,1.671,126.83,0.661,59.93,455.913
2,2026-03-08 08:20:00,114.556,1.656,124.722,0.657,59.967,455.932
2,2026-03-08 08:30:00,115.23,1.657,123.69,0.648,59.97,455.955
2,2026-03-08 08:40:00,114.17,1.741,137.28,0.69,59.91,455.978
2,2026-03-08 08:50:00,116.67,1.666,124.53,0.642,59.95,455.998
2,2026-03-08 09:00:00,116.37,1.655,123.01,0.639,59.96,456.019
2,2026-03-08 09:10:00,115.18,1.639,121.7,0.643,59.99,456.039
2,2026-03-08 09:20:00,114.56,1.633,120.81,0.646,59.95,456.059
2,2026-03-08 09:30:00,111.978,1.611,118.933,0.658,59.956,456.077
2,2026-03-08 09:40:00,113.54,1.748,133.82,0.669,59.97,456.1
2,2026-03-08 09:50:00,115.93,1.94,153.44,0.679,59.95,456.124
2,2026-03-08 10:00:00,117.21,2.089,167.84,0.679,59.94,456.154
2,2026-03-08 10:10:00,116.52,2.527,209.72,0.709,59.96,456.189
2,2026-03-08 10:20:00,116.15,2.411,200.82,0.703,59.96,456.225
2,2026-03-08 10:30:00,114.82,2.334,176.52,0.654,59.99,456.253
2,2026-03-08 10:40:00,116.478,1.818,137.922,0.661,59.978,456.277
2,2026-03-08 10:50:00,116.33,1.999,158.3,0.677,59.94,456.302
2,2026-03-08 11:00:00,117.675,2.114,158.138,0.636,59.95,456.324
2,2026-03-08 11:10:00,119.567,2.055,157.589,0.641,59.956,456.357
2,2026-03-08 11:20:00,117.15,1.892,147.73,0.664,59.93,456.381
2,2026-03-08 11:30:00,118.075,2.162,166.588,0.652,59.975,456.408
2,2026-03-08 11:40:00,114.98,2.665,211.16,0.684,59.96,456.444
2,2026-03-08 11:50:00,115.03,3.646,328.9,0.779,59.96,456.497
2,2026-03-08 12:00:00,116.56,2.906,273.69,0.81,59.99,456.544
2,2026-03-08 12:10:00,115.98,2.321,219.53,0.815,59.94,456.582
2,2026-03-08 12:20:00,115.54,2.302,216.13,0.814,59.97,456.618
2,2026-03-08 12:30:00,114.48,2.609,247.71,0.829,59.95,456.659
2,2026-03-08 12:40:00,114.95,2.748,259.66,0.824,59.95,456.702
2,2026-03-08 12:50:00,116.46,2.979,280.98,0.812,59.94,456.748
2,2026-03-08 13:00:00,117.056,3.047,275.489,0.771,59.967,456.793
2,2026-03-08 13:10:00,117.033,2.867,259.3,0.771,59.956,456.837
2,2026-03-08 13:20:00,116.35,2.739,293.2,0.919,59.938,456.889
2,2026-03-08 13:30:00,117.43,1.669,159.05,0.775,59.98,456.916
2,2026-03-08 13:40:00,116.0,1.842,152.762,0.71,59.925,456.937
2,2026-03-08 13:50:00,116.411,3.136,283.578,0.774,59.944,456.99
2,2026-03-08 14:00:00,116.11,4.463,408.27,0.786,59.98,457.058
2,2026-03-08 14:10:00,115.378,3.932,355.444,0.78,59.956,457.117
2,2026-03-08 14:20:00,116.89,2.12,188.65,0.763,59.96,457.149
2,2026-03-08 14:30:00,119.7,2.173,198.7,0.764,59.96,457.183
2,2026-03-08 14:40:00,116.47,2.174,198.34,0.781,59.95,457.215
2,2026-03-08 14:50:00,115.43,2.138,191.38,0.776,59.97,457.247
2,2026-03-08 15:00:00,115.81,1.988,171.39,0.745,59.97,457.276
2,2026-03-08 15:10:00,113.275,1.907,161.488,0.746,59.962,457.303
2,2026-03-08 15:20:00,113.75,1.902,161.66,0.746,59.94,457.33
2,2026-03-08 15:30:00,115.76,1.887,160.09,0.732,59.93,457.357
2,2026-03-08 15:40:00,116.075,1.9,160.862,0.73,59.975,457.384
2,2026-03-08 15:50:00,115.76,2.081,181.6,0.755,59.98,457.414
2,2026-03-08 16:00:00,117.567,2.126,189.222,0.758,59.956,457.446
2,2026-03-08 16:10:00,119.34,2.13,190.96,0.751,59.98,457.478
2,2026-03-08 16:20:00,117.8,2.115,188.425,0.758,59.938,457.509
2,2026-03-08 16:30:00,117.512,2.106,186.85,0.755,59.988,457.541
2,2026-03-08 16:40:00,117.51,2.112,188.35,0.759,59.98,457.572
2,2026-03-08 16:50:00,117.522,2.103,186.844,0.756,59.922,457.603
2,2026-03-08 17:00:00,118.214,2.132,191.971,0.763,59.986,457.635
2,2026-03-08 17:10:00,117.4,2.091,185.74,0.757,59.95,457.666
2,2026-03-08 17:20:00,117.99,2.101,187.1,0.755,59.94,457.697
2,2026-03-08 17:30:00,119.11,2.245,215.59,0.803,59.96,457.733
2,2026-03-08 17:40:00,118.878,2.262,222.389,0.827,59.967,457.766
2,2026-03-08 17:50:00,119.59,2.308,228.52,0.827,59.96,457.808
2,2026-03-08 18:00:00,117.68,2.251,217.8,0.821,59.96,457.845
2,2026-03-08 18:10:00,116.28,2.3,222.83,0.833,59.98,457.882
2,2026-03-08 18:20:00,116.13,2.299,221.48,0.828,59.94,457.919
2,2026-03-08 18:30:00,116.14,2.287,219.37,0.827,59.95,457.956
2,2026-03-08 18:40:00,114.26,2.393,231.87,0.848,59.96,457.994
2,2026-03-08 18:50:00,114.67,2.38,231.24,0.848,59.95,458.033
2,2026-03-08 19:00:00,114.17,2.625,252.5,0.843,59.96,458.075
2,2026-03-08 19:10:00,117.722,2.536,251.311,0.841,59.967,458.117
2,2026-03-08 19:20:00,117.6,3.137,342.7,0.929,59.97,458.175
2,2026-03-08 19:30:00,114.95,2.173,214.82,0.841,59.95,458.211
2,2026-03-08 19:40:00,115.77,2.109,204.02,0.824,59.97,458.245
2,2026-03-08 19:50:00,118.15,2.839,295.46,0.881,59.93,458.294
2,2026-03-08 20:00:00,118.73,2.969,312.2,0.886,59.95,458.346
2,2026-03-08 20:10:00,117.056,2.918,303.011,0.887,59.978,458.397
2,2026-03-08 20:20:00,116.76,2.792,287.19,0.882,59.97,458.445
2,2026-03-08 20:30:00,117.312,2.919,300.188,0.878,59.962,458.495
2,2026-03-08 20:40:00,118.91,3.075,323.36,0.885,59.97,458.549
2,2026-03-08 20:50:00,118.688,3.01,315.088,0.883,59.988,458.602
2,2026-03-08 21:00:00,119.51,2.649,272.99,0.862,59.98,458.647
2,2026-03-08 21:10:00,118.556,2.472,247.122,0.843,59.978,458.688
2,2026-03-08 21:20:00,116.38,2.473,245.39,0.854,59.97,458.729
2,2026-03-08 21:30:00,117.15,2.487,247.31,0.847,59.94,458.77
2,2026-03-08 21:40:00,117.14,2.456,242.57,0.845,59.96,458.811
2,2026-03-08 21:50:00,116.6,2.388,234.75,0.843,59.97,458.851
2,2026-03-08 22:00:00,117.92,2.425,240.88,0.843,59.96,458.891
2,2026-03-08 22:10:00,118.789,2.447,243.833,0.84,59.967,458.932
2,2026-03-08 22:20:00,118.98,1.933,181.28,0.786,59.97,458.963
2,2026-03-08 22:30:00,120.41,1.922,179.51,0.776,59.96,458.993
2,2026-03-08 22:40:00,118.6,1.889,175.56,0.784,59.99,459.023
2,2026-03-08 22:50:00,117.97,1.892,175.57,0.786,59.94,459.052
2,2026-03-08 23:00:00,117.667,1.861,168.8,0.771,59.978,459.08
2,2026-03-08 23:10:00,116.67,1.811,157.44,0.741,59.98,459.107
2,2026-03-08 23:20:00,117.711,1.683,123.989,0.627,59.989,459.127
2,2026-03-08 23:30:00,118.96,1.697,124.93,0.619,59.96,459.148
2,2026-03-08 23:40:00,118.18,1.684,123.93,0.621,59.97,459.169
2,2026-03-08 23:50:00,119.62,1.702,125.17,0.616,59.99,459.19
2,2026-03-09 00:00:00,117.633,1.677,123.622,0.627,59.978,459.211
2,2026-03-09 00:10:00,117.58,1.675,123.22,0.628,59.95,459.231
2,2026-03-09 00:20:00,118.29,1.682,123.91,0.622,59.96,459.252
2,2026-03-09 00:30:00,117.567,1.674,123.656,0.629,59.967,459.273
2,2026-03-09 00:40:00,118.15,1.684,125.04,0.627,60.0,459.293
2,2026-03-09 00:50:00,118.56,1.683,124.03,0.623,59.94,459.314
2,2026-03-09 01:00:00,118.05,1.673,123.225,0.625,59.975,459.335
2,2026-03-09 01:10:00,120.16,1.7,125.17,0.612,59.99,459.355
2,2026-03-09 01:20:00,117.01,1.743,193.74,0.947,59.95,459.388
2,2026-03-09 01:30:00,117.9,0.639,60.73,0.67,59.98,459.401
2,2026-03-09 01:40:00,118.744,0.868,70.833,0.636,59.967,459.411
2,2026-03-09 01:50:00,117.61,1.819,150.81,0.704,59.93,459.437
2,2026-03-09 02:00:00,119.1,1.746,136.47,0.655,59.96,459.46
2,2026-03-09 02:10:00,120.27,1.732,132.09,0.633,59.94,459.482
2,2026-03-09 02:20:00,119.96,1.714,129.19,0.629,59.94,459.503
2,2026-03-09 02:30:00,119.93,1.708,127.8,0.622,59.97,459.525
2,2026-03-09 02:40:00,117.53,1.68,126.7,0.64,59.95,459.546
2,2026-03-09 02:50:00,118.22,1.68,124.63,0.628,59.97,459.567
2,2026-03-09 03:00:00,120.02,1.704,126.71,0.62,59.96,459.588
2,2026-03-09 03:10:00,118.07,1.673,123.74,0.627,59.96,459.609
2,2026-03-09 03:20:00,119.52,1.69,124.9,0.616,59.97,459.63
2,2026-03-09 03:30:00,120.57,1.702,125.32,0.611,59.97,459.65
2,2026-03-09 03:40:00,120.08,1.696,124.71,0.613,59.93,459.671
2,2026-03-09 03:50:00,119.32,1.687,124.84,0.62,59.96,459.692
2,2026-03-09 04:00:00,118.06,1.679,130.09,0.654,59.96,459.714
2,2026-03-09 04:10:00,117.611,1.666,128.111,0.654,59.967,459.735
2,2026-03-09 04:20:00,118.56,1.679,128.85,0.646,59.96,459.757
2,2026-03-09 04:30:00,117.89,1.671,128.2,0.652,59.96,459.778
2,2026-03-09 04:40:00,119.65,1.691,129.19,0.64,59.96,459.8
2,2026-03-09 04:50:00,119.39,1.691,129.83,0.644,59.95,459.821
2,2026-03-09 05:00:00,116.78,1.654,126.6,0.654,59.95,459.842
2,2026-03-09 05:10:00,116.76,1.659,126.99,0.655,59.95,459.864
2,2026-03-09 05:20:00,115.98,1.65,125.87,0.658,59.95,459.885
2,2026-03-09 05:30:00,114.8,1.637,124.82,0.664,59.93,459.906
2,2026-03-09 05:40:00,115.33,1.795,151.44,0.729,59.94,459.931
2,2026-03-09 05:50:00,115.58,1.822,155.42,0.739,59.98,459.957
2,2026-03-09 06:00:00,116.6,1.79,150.767,0.722,59.978,459.979
2,2026-03-09 06:10:00,117.89,1.676,126.69,0.642,59.98,460.002
2,2026-03-09 06:20:00,117.2,1.669,123.13,0.629,59.99,460.023
2,2026-03-09 06:30:00,117.7,1.669,121.38,0.617,59.96,460.043
2,2026-03-09 06:40:00,117.96,1.671,121.52,0.619,59.95,460.064
2,2026-03-09 06:50:00,117.778,1.668,121.311,0.62,59.967,460.084
2,2026-03-09 07:00:00,118.544,1.748,135.611,0.653,59.956,460.104
2,2026-03-09 07:10:00,116.81,1.831,153.85,0.722,59.95,460.132
2,2026-03-09 07:20:00,116.96,1.988,224.08,0.963,59.97,460.17
2,2026-03-09 07:30:00,118.23,1.402,149.32,0.872,59.94,460.195
2,2026-03-09 07:40:00,117.07,1.388,138.21,0.842,59.96,460.218
2,2026-03-09 07:50:00,117.39,2.268,223.19,0.838,59.95,460.255
2,2026-03-09 08:00:00,115.36,3.411,345.68,0.82,59.96,460.303
2,2026-03-09 08:10:00,114.38,8.393,948.57,0.99,59.97,460.462
2,2026-03-09 08:20:00,114.9,8.375,951.28,0.99,59.99,460.621
2,2026-03-09 08:30:00,114.91,8.442,958.89,0.99,59.97,460.782
2,2026-03-09 08:40:00,113.267,8.483,949.678,0.99,59.956,460.925
2,2026-03-09 08:50:00,112.98,8.494,947.96,0.99,59.96,461.099
2,2026-03-09 09:00:00,113.71,8.698,976.76,0.99,59.96,461.263
2,2026-03-09 09:10:00,110.42,8.52,929.71,0.99,59.94,461.419
2,2026-03-09 09:20:00,112.36,8.58,952.38,0.99,59.95,461.579
2,2026-03-09 09:30:00,112.17,8.56,948.53,0.99,59.96,461.737
2,2026-03-09 09:40:00,111.9,8.444,933.09,0.99,59.93,461.893
2,2026-03-09 09:50:00,111.04,8.406,921.96,0.99,59.94,462.047
2,2026-03-09 10:00:00,111.48,8.439,930.22,0.99,59.97,462.203
2,2026-03-09 10:10:00,110.43,8.31,907.7,0.99,59.97,462.356
2,2026-03-09 10:20:00,110.75,8.352,914.68,0.99,59.95,462.508
2,2026-03-09 10:30:00,111.27,8.434,927.76,0.99,59.98,462.662
2,2026-03-09 10:40:00,108.333,8.279,886.867,0.99,59.967,462.81
2,2026-03-09 10:50:00,110.33,8.364,911.79,0.99,59.97,462.962
2,2026-03-09 11:00:00,108.56,8.314,892.41,0.99,59.96,463.111
2,2026-03-09 11:10:00,109.99,8.322,905.06,0.99,59.95,463.262
2,2026-03-09 11:20:00,111.8,8.332,921.35,0.99,59.95,463.417
2,2026-03-09 11:30:00,111.367,7.66,837.7,0.971,59.978,463.566
2,2026-03-09 11:40:00,114.4,2.283,211.94,0.81,59.98,463.601
2,2026-03-09 11:50:00,114.41,2.257,209.15,0.81,59.97,463.636
2,2026-03-09 12:00:00,115.08,2.226,205.44,0.802,59.94,463.671
2,2026-03-09 12:10:00,116.78,2.343,221.97,0.811,59.96,463.707
2,2026-03-09 12:20:00,114.678,2.275,211.322,0.81,59.978,463.743
2,2026-03-09 12:30:00,115.85,2.262,210.22,0.801,59.97,463.778
2,2026-03-09 12:40:00,116.65,2.212,203.71,0.789,59.98,463.813
2,2026-03-09 12:50:00,113.66,2.214,201.73,0.801,59.97,463.847
2,2026-03-09 13:00:00,115.38,2.223,204.0,0.794,59.93,463.881
2,2026-03-09 13:10:00,114.622,2.21,202.078,0.797,59.956,463.915
2,2026-03-09 13:20:00,114.6,2.486,266.42,0.935,59.96,463.959
2,2026-03-09 13:30:00,114.85,1.552,149.98,0.805,59.95,463.984
2,2026-03-09 13:40:00,116.2,1.588,145.233,0.767,59.967,464.007
2,2026-03-09 13:50:00,115.0,2.381,227.35,0.831,59.96,464.044
2,2026-03-09 14:00:00,115.3,2.285,213.55,0.81,59.975,464.08
2,2026-03-09 14:10:00,114.38,2.394,223.11,0.814,59.95,464.116
2,2026-03-09 14:20:00,114.75,2.333,218.49,0.817,59.96,464.152
2,2026-03-09 14:30:00,115.01,2.206,201.75,0.796,59.97,464.186
2,2026-03-09 14:40:00,114.47,2.304,214.73,0.813,59.93,464.222
2,2026-03-09 14:50:00,113.4,2.324,216.078,0.82,59.989,464.258
2,2026-03-09 15:00:00,115.5,2.313,217.65,0.815,59.95,464.296
2,2026-03-09 15:10:00,115.25,2.268,211.238,0.808,59.962,464.331
2,2026-03-09 15:20:00,118.45,2.316,218.825,0.8,59.988,464.364
2,2026-03-09 15:30:00,119.27,2.328,218.88,0.787,59.94,464.405
2,2026-03-09 15:40:00,116.7,2.272,212.64,0.802,59.95,464.441
2,2026-03-09 15:50:00,116.8,2.362,224.178,0.813,59.944,464.479
2,2026-03-09 16:00:00,115.578,2.397,226.944,0.821,59.967,464.517
2,2026-03-09 16:10:00,114.96,2.335,218.95,0.817,59.93,464.554
2,2026-03-09 16:20:00,115.7,2.309,214.1,0.801,59.92,464.591
2,2026-03-09 16:30:00,115.833,2.325,216.322,0.804,59.967,464.628
2,2026-03-09 16:40:00,114.822,2.31,213.667,0.807,59.956,464.664
2,2026-03-09 16:50:00,117.75,2.305,215.88,0.795,59.95,464.7
2,2026-03-09 17:00:00,116.556,2.284,213.089,0.8,59.956,464.735
2,2026-03-09 17:10:00,116.87,2.305,215.98,0.803,59.94,464.771
2,2026-03-09 17:20:00,115.4,2.352,217.05,0.799,59.99,464.806
2,2026-03-09 17:30:00,117.24,2.349,221.13,0.801,59.95,464.842
2,2026-03-09 17:40:00,117.49,2.299,216.09,0.799,59.96,464.878
2,2026-03-09 17:50:00,117.98,2.294,214.46,0.792,59.96,464.914
2,2026-03-09 18:00:00,117.39,2.291,213.83,0.794,59.96,464.95
2,2026-03-09 18:10:00,117.389,2.319,221.033,0.812,59.956,464.986
2,2026-03-09 18:20:00,116.456,2.418,230.556,0.819,59.967,465.024
2,2026-03-09 18:30:00,116.644,2.493,235.378,0.81,59.933,465.063
2,2026-03-09 18:40:00,116.32,2.509,240.13,0.821,59.95,465.103
2,2026-03-09 18:50:00,118.19,2.394,232.49,0.822,59.95,465.142
2,2026-03-09 19:00:00,115.19,2.282,218.96,0.831,59.94,465.179
2,2026-03-09 19:10:00,116.438,2.278,219.038,0.827,59.938,465.215
2,2026-03-09 19:20:00,115.74,2.623,283.52,0.934,59.95,465.262
2,2026-03-09 19:30:00,115.678,1.757,172.833,0.819,59.967,465.29
2,2026-03-09 19:40:00,117.214,1.685,160.571,0.791,59.971,465.319
2,2026-03-09 19:50:00,118.49,2.427,242.56,0.842,59.97,465.361
2,2026-03-09 20:00:00,116.562,2.214,205.05,0.798,59.988,465.396
2,2026-03-09 20:10:00,116.82,2.218,204.0,0.786,59.94,465.43
2,2026-03-09 20:20:00,117.39,2.228,204.59,0.782,59.97,465.465
2,2026-03-09 20:30:00,117.84,2.21,201.68,0.774,59.98,465.499
2,2026-03-09 20:40:00,117.44,2.176,197.44,0.771,59.95,465.532
2,2026-03-09 20:50:00,118.05,2.153,195.57,0.769,59.95,465.565
2,2026-03-09 21:00:00,117.657,2.173,199.886,0.781,59.971,465.594
2,2026-03-09 21:10:00,118.03,2.162,196.38,0.77,59.99,465.63
2,2026-03-09 21:20:00,117.15,2.181,198.17,0.775,59.97,465.663
2,2026-03-09 21:30:00,117.22,2.19,197.57,0.769,59.93,465.696
2,2026-03-09 21:40:00,116.144,2.191,197.067,0.773,59.978,465.729
2,2026-03-09 21:50:00,114.944,2.175,194.889,0.779,59.956,465.762
2,2026-03-09 22:00:00,115.23,2.21,199.83,0.783,59.97,465.794
2,2026-03-09 22:10:00,116.062,2.192,201.538,0.792,59.962,465.827
2,2026-03-09 22:20:00,116.8,2.154,196.24,0.78,59.92,465.86
2,2026-03-09 22:30:00,116.87,2.117,189.97,0.768,59.96,465.892
2,2026-03-09 22:40:00,117.089,1.994,172.578,0.732,59.967,465.921
2,2026-03-09 22:50:00,118.06,1.697,130.31,0.651,59.99,465.943
2,2026-03-09 23:00:00,116.84,1.665,122.23,0.629,59.96,465.963
2,2026-03-09 23:10:00,116.99,1.817,149.35,0.7,59.99,465.988
2,2026-03-09 23:20:00,115.889,1.776,143.289,0.694,59.967,466.012
2,2026-03-09 23:30:00,116.84,1.66,121.7,0.63,59.94,466.033
2,2026-03-09 23:40:00,115.55,1.644,120.35,0.631,59.96,466.053
2,2026-03-09 23:50:00,116.79,1.664,122.73,0.63,59.97,466.073
2,2026-03-10 00:00:00,119.1,1.685,123.29,0.614,59.96,466.094
2,2026-03-10 00:10:00,116.35,1.65,121.07,0.631,59.95,466.114
2,2026-03-10 00:20:00,115.95,1.644,120.6,0.635,59.96,466.134
2,2026-03-10 00:30:00,116.19,1.647,120.71,0.631,59.98,466.154
2,2026-03-10 00:40:00,115.14,1.635,119.74,0.637,59.96,466.174
2,2026-03-10 00:50:00,115.722,1.642,120.389,0.633,59.933,466.194
2,2026-03-10 01:00:00,115.0,1.631,119.45,0.639,59.962,466.214
2,2026-03-10 01:10:00,115.59,1.638,119.97,0.633,59.96,466.234
2,2026-03-10 01:20:00,116.486,1.728,188.929,0.939,59.971,466.266
2,2026-03-10 01:30:00,117.98,0.786,78.9,0.698,59.94,466.281
2,2026-03-10 01:40:00,117.2,0.889,73.933,0.647,59.95,466.292
2,2026-03-10 01:50:00,117.39,1.816,151.17,0.709,59.99,466.317
2,2026-03-10 02:00:00,116.6,1.714,133.89,0.668,59.95,466.34
2,2026-03-10 02:10:00,116.59,1.682,127.93,0.652,59.97,466.361
2,2026-03-10 02:20:00,117.78,1.684,126.55,0.64,59.96,466.382
2,2026-03-10 02:30:00,116.789,1.663,124.078,0.639,59.989,466.403
2,2026-03-10 02:40:00,116.4,1.667,125.33,0.647,59.97,466.424
2,2026-03-10 02:50:00,116.8,1.658,123.27,0.634,59.94,466.444
2,2026-03-10 03:00:00,117.37,1.659,122.43,0.63,59.96,466.465
2,2026-03-10 03:10:00,118.15,1.68,125.64,0.632,59.96,466.485
2,2026-03-10 03:20:00,118.96,1.675,123.22,0.619,59.97,466.506
2,2026-03-10 03:30:00,116.938,1.648,120.575,0.626,59.975,466.526
2,2026-03-10 03:40:00,117.36,1.655,121.55,0.626,59.96,466.547
2,2026-03-10 03:50:00,116.28,1.639,120.78,0.633,59.95,466.567
2,2026-03-10 04:00:00,115.74,1.631,125.35,0.665,59.94,466.588
2,2026-03-10 04:10:00,117.26,1.65,126.73,0.655,59.93,466.609
2,2026-03-10 04:20:00,117.79,1.657,127.09,0.653,59.94,466.63
2,2026-03-10 04:30:00,117.93,1.658,127.02,0.652,59.94,466.652
2,2026-03-10 04:40:00,118.16,1.66,127.04,0.648,59.96,466.673
2,2026-03-10 04:50:00,117.46,1.653,126.28,0.65,59.96,466.694
2,2026-03-10 05:00:00,116.011,1.638,125.1,0.659,59.967,466.715
2,2026-03-10 05:10:00,116.21,1.642,125.38,0.657,59.96,466.736
2,2026-03-10 05:20:00,115.19,1.632,124.86,0.662,59.95,466.756
2,2026-03-10 05:30:00,114.88,1.628,124.04,0.663,59.96,466.777
2,2026-03-10 05:40:00,113.75,1.831,163.07,0.783,59.93,466.804
2,2026-03-10 05:50:00,113.433,1.834,162.733,0.783,59.978,466.831
2,2026-03-10 06:00:00,114.87,1.769,149.95,0.737,59.96,466.856
2,2026-03-10 06:10:00,115.92,1.653,125.61,0.656,59.96,466.877
2,2026-03-10 06:20:00,115.92,1.963,166.59,0.721,59.97,466.904
2,2026-03-10 06:30:00,117.03,2.009,175.01,0.743,59.97,466.934
2,2026-03-10 06:40:00,116.856,1.98,171.956,0.743,59.922,466.963
2,2026-03-10 06:50:00,115.811,2.005,175.356,0.756,59.967,466.992
2,2026-03-10 07:00:00,115.856,1.986,170.6,0.741,59.967,467.018
2,2026-03-10 07:10:00,117.15,2.015,177.85,0.754,59.97,467.05
2,2026-03-10 07:20:00,116.76,2.274,247.56,0.929,59.96,467.091
2,2026-03-10 07:30:00,118.04,1.362,129.9,0.754,59.92,467.114
2,2026-03-10 07:40:00,117.678,1.425,124.122,0.706,59.978,467.133
2,2026-03-10 07:50:00,116.456,2.155,199.933,0.798,59.956,467.166
2,2026-03-10 08:00:00,115.989,2.036,182.911,0.774,59.956,467.197
2,2026-03-10 08:10:00,116.07,2.0,177.51,0.765,59.93,467.227
2,2026-03-10 08:20:00,114.933,2.01,176.656,0.763,59.967,467.256
2,2026-03-10 08:30:00,115.5,1.879,161.17,0.743,59.96,467.283
2,2026-03-10 08:40:00,114.478,2.002,175.078,0.76,59.933,467.311
2,2026-03-10 08:50:00,114.19,2.569,244.5,0.833,59.97,467.353
2,2026-03-10 09:00:00,116.03,2.477,233.38,0.81,59.96,467.392
2,2026-03-10 09:10:00,114.26,2.555,242.81,0.831,59.97,467.433
2,2026-03-10 09:20:00,113.988,2.495,233.75,0.821,59.912,467.471
2,2026-03-10 09:30:00,114.4,2.356,216.89,0.805,59.96,467.507
2,2026-03-10 09:40:00,113.63,2.261,204.98,0.797,59.98,467.541
2,2026-03-10 09:50:00,115.338,2.248,205.375,0.794,59.95,467.572
2,2026-03-10 10:00:00,115.91,2.237,205.74,0.793,59.96,467.611
2,2026-03-10 10:10:00,113.611,2.305,213.267,0.812,59.956,467.645
2,2026-03-10 10:20:00,113.12,2.333,217.44,0.824,59.97,467.681
2,2026-03-10 10:30:00,113.59,2.214,200.93,0.798,59.94,467.715
2,2026-03-10 10:40:00,112.0,4.399,464.59,0.923,59.94,467.787
2,2026-03-10 10:50:00,112.9,5.284,578.51,0.97,59.96,467.884
2,2026-03-10 11:00:00,112.06,5.33,580.01,0.97,59.95,467.981
2,2026-03-10 11:10:00,112.33,5.312,579.22,0.97,59.97,468.078
2,2026-03-10 11:20:00,112.23,5.345,581.89,0.97,59.95,468.174
2,2026-03-10 11:30:00,112.96,5.22,571.82,0.97,59.98,468.27
2,2026-03-10 11:40:00,113.21,5.191,569.6,0.97,59.96,468.365
2,2026-03-10 11:50:00,112.24,5.266,573.21,0.97,59.99,468.461
2,2026-03-10 12:00:00,113.233,5.303,582.067,0.97,59.944,468.558
2,2026-03-10 12:10:00,112.68,5.273,575.71,0.97,59.94,468.655
2,2026-03-10 12:20:00,113.089,5.334,584.944,0.97,59.967,468.742
2,2026-03-10 12:30:00,111.66,5.327,576.56,0.97,59.96,468.847
2,2026-03-10 12:40:00,113.056,5.33,584.144,0.97,59.944,468.944
2,2026-03-10 12:50:00,112.7,5.334,583.28,0.97,59.97,469.042
2,2026-03-10 13:00:00,115.36,3.42,353.72,0.862,59.94,469.102
2,2026-03-10 13:10:00,117.044,2.206,204.9,0.796,59.956,469.136
2,2026-03-10 13:20:00,116.35,2.44,266.55,0.935,59.95,469.18
2,2026-03-10 13:30:00,116.011,1.598,159.3,0.821,59.967,469.207
2,2026-03-10 13:40:00,116.411,1.536,142.2,0.777,59.978,469.229
2,2026-03-10 13:50:00,115.27,2.312,221.25,0.831,59.95,469.266
2,2026-03-10 14:00:00,117.078,2.428,234.278,0.822,59.956,469.304
2,2026-03-10 14:10:00,116.04,2.287,216.8,0.815,59.95,469.341
2,2026-03-10 14:20:00,113.778,2.286,214.967,0.828,59.956,469.376
2,2026-03-10 14:30:00,115.244,2.177,201.922,0.807,59.967,469.41
2,2026-03-10 14:40:00,114.367,2.122,195.1,0.804,59.956,469.443
2,2026-03-10 14:50:00,113.58,2.116,193.6,0.806,59.95,469.475
2,2026-03-10 15:00:00,113.9,2.237,206.94,0.814,59.96,469.51
2,2026-03-10 15:10:00,115.312,4.121,442.638,0.904,59.962,469.589
2,2026-03-10 15:20:00,113.84,5.372,594.42,0.97,59.95,469.688
2,2026-03-10 15:30:00,113.811,5.514,611.389,0.971,59.944,469.791
2,2026-03-10 15:40:00,112.06,5.46,596.1,0.971,59.95,469.891
2,2026-03-10 15:50:00,112.125,5.481,598.338,0.97,59.938,469.99
2,2026-03-10 16:00:00,113.02,5.605,617.69,0.973,59.97,470.093
2,2026-03-10 16:10:00,113.34,5.726,635.02,0.98,59.94,470.2
2,2026-03-10 16:20:00,113.4,5.736,636.344,0.98,59.944,470.306
2,2026-03-10 16:30:00,114.12,5.77,644.03,0.98,59.96,470.414
2,2026-03-10 16:40:00,114.333,5.768,645.011,0.98,59.967,470.521
2,2026-03-10 16:50:00,113.53,5.791,642.18,0.979,59.93,470.628
2,2026-03-10 17:00:00,114.44,5.8,648.82,0.979,59.96,470.737
2,2026-03-10 17:10:00,112.39,5.711,627.65,0.98,59.95,470.841
2,2026-03-10 17:20:00,111.41,5.677,618.41,0.98,59.97,470.945
2,2026-03-10 17:30:00,111.55,5.681,620.0,0.98,59.98,471.048
2,2026-03-10 17:40:00,112.81,5.774,636.5,0.98,59.93,471.154
2,2026-03-10 17:50:00,114.28,5.871,654.91,0.978,59.97,471.263
2,2026-03-10 18:00:00,113.3,5.732,633.289,0.978,59.978,471.369
2,2026-03-10 18:10:00,112.39,5.73,627.72,0.974,59.92,471.474
2,2026-03-10 18:20:00,113.0,5.725,630.62,0.975,59.96,471.58
2,2026-03-10 18:30:00,110.92,5.775,624.43,0.972,59.96,471.684
2,2026-03-10 18:40:00,110.44,4.881,516.25,0.952,59.96,471.772
2,2026-03-10 18:50:00,114.38,2.767,278.45,0.881,59.96,471.819
2,2026-03-10 19:00:00,114.789,2.73,274.756,0.876,59.956,471.86
2,2026-03-10 19:10:00,114.756,3.158,312.122,0.862,59.956,471.911
2,2026-03-10 19:20:00,115.23,3.488,364.54,0.908,59.98,471.978
2,2026-03-10 19:30:00,113.55,2.729,243.09,0.766,59.94,472.021
2,2026-03-10 19:40:00,115.867,2.24,189.722,0.711,59.944,472.051
2,2026-03-10 19:50:00,115.478,2.745,257.544,0.813,59.956,472.094
2,2026-03-10 20:00:00,115.45,2.513,230.53,0.794,59.98,472.132
2,2026-03-10 20:10:00,116.12,2.383,217.06,0.784,59.98,472.169
2,2026-03-10 20:20:00,116.95,2.242,202.69,0.773,59.97,472.202
2,2026-03-10 20:30:00,114.91,2.153,192.58,0.778,59.96,472.235
2,2026-03-10 20:40:00,115.95,2.154,193.67,0.775,59.96,472.267
2,2026-03-10 20:50:00,116.72,2.116,190.21,0.77,59.96,472.299
2,2026-03-10 21:00:00,118.05,2.102,190.12,0.766,59.96,472.331
2,2026-03-10 21:10:00,117.27,2.122,193.6,0.778,59.94,472.363
2,2026-03-10 21:20:00,115.27,2.131,195.09,0.794,59.97,472.395
2,2026-03-10 21:30:00,114.05,2.116,190.53,0.789,59.97,472.427
2,2026-03-10 21:40:00,114.956,2.154,193.411,0.78,59.944,472.459
2,2026-03-10 21:50:00,113.95,2.145,193.08,0.791,59.97,472.491
2,2026-03-10 22:00:00,114.22,2.108,186.81,0.776,59.97,472.522
2,2026-03-10 22:10:00,116.678,2.062,182.344,0.758,59.967,472.552
2,2026-03-10 22:20:00,116.81,5.326,585.98,0.876,59.93,472.649
2,2026-03-10 22:30:00,113.15,8.201,917.12,0.99,59.96,472.802
2,2026-03-10 22:40:00,113.66,8.271,929.39,0.99,59.96,472.957
2,2026-03-10 22:50:00,112.82,7.69,857.82,0.99,59.95,473.101
2,2026-03-10 23:00:00,115.78,1.648,120.85,0.633,59.96,473.121
2,2026-03-10 23:10:00,116.74,1.658,121.67,0.63,59.95,473.142
2,2026-03-10 23:20:00,116.778,1.658,121.744,0.629,59.956,473.162
2,2026-03-10 23:30:00,117.06,1.669,123.5,0.631,59.97,473.183
2,2026-03-10 23:40:00,117.81,1.67,122.66,0.624,59.95,473.203
2,2026-03-10 23:50:00,115.92,1.645,120.9,0.633,59.94,473.223
2,2026-03-11 00:00:00,115.47,1.639,120.48,0.635,59.96,473.243
2,2026-03-11 00:10:00,114.8,1.638,121.311,0.647,59.989,473.264
2,2026-03-11 00:20:00,115.84,1.64,120.5,0.633,59.97,473.284
2,2026-03-11 00:30:00,117.925,1.665,122.55,0.622,59.938,473.302
2,2026-03-11 00:40:00,116.556,1.647,120.933,0.63,59.933,473.324
2,2026-03-11 00:50:00,116.09,1.641,120.46,0.633,59.97,473.344
2,2026-03-11 01:00:00,117.633,1.658,121.733,0.624,59.933,473.365
2,2026-03-11 01:10:00,115.911,1.636,120.111,0.634,59.967,473.385
2,2026-03-11 01:20:00,115.411,1.724,189.0,0.95,59.967,473.416
2,2026-03-11 01:30:00,116.91,0.801,80.65,0.716,59.96,473.432
2,2026-03-11 01:40:00,116.45,0.839,68.91,0.639,59.96,473.442
2,2026-03-11 01:50:00,117.3,1.786,146.15,0.696,59.938,473.467
2,2026-03-11 02:00:00,117.31,1.716,133.67,0.663,59.98,473.49
2,2026-03-11 02:10:00,117.38,1.688,128.36,0.649,59.97,473.511
2,2026-03-11 02:20:00,117.25,1.672,125.63,0.641,59.95,473.532
2,2026-03-11 02:30:00,116.12,1.653,123.18,0.642,59.97,473.553
2,2026-03-11 02:40:00,115.68,1.649,123.91,0.648,59.93,473.573
2,2026-03-11 02:50:00,116.4,1.648,122.08,0.637,59.97,473.594
2,2026-03-11 03:00:00,116.83,1.651,121.83,0.632,59.97,473.614
2,2026-03-11 03:10:00,117.4,1.657,122.15,0.629,59.97,473.634
2,2026-03-11 03:20:00,117.16,1.652,121.63,0.629,59.96,473.655
2,2026-03-11 03:30:00,117.11,1.649,121.44,0.629,59.97,473.675
2,2026-03-11 03:40:00,115.95,1.636,120.362,0.634,59.938,473.695
2,2026-03-11 03:50:00,116.7,1.644,121.488,0.634,59.925,473.715
2,2026-03-11 04:00:00,115.31,1.629,125.33,0.668,59.95,473.736
2,2026-03-11 04:10:00,115.078,1.628,125.056,0.669,59.956,473.757
2,2026-03-11 04:20:00,117.92,1.662,127.31,0.65,59.95,473.778
2,2026-03-11 04:30:00,116.99,1.651,126.3,0.654,59.94,473.8
2,2026-03-11 04:40:00,116.31,1.643,125.58,0.656,59.96,473.821
2,2026-03-11 04:50:00,116.42,1.645,125.8,0.657,59.96,473.842
2,2026-03-11 05:00:00,114.638,1.624,124.05,0.666,59.938,473.862
2,2026-03-11 05:10:00,113.7,1.614,123.29,0.673,59.95,473.883
2,2026-03-11 05:20:00,115.56,1.635,124.7,0.659,59.96,473.904
2,2026-03-11 05:30:00,114.22,1.629,124.92,0.672,59.98,473.925
2,2026-03-11 05:40:00,115.58,1.776,149.52,0.724,59.93,473.949
2,2026-03-11 05:50:00,116.462,1.868,163.55,0.754,59.975,473.974
2,2026-03-11 06:00:00,115.4,1.786,151.4,0.735,59.98,474.002
2,2026-03-11 06:10:00,115.06,1.64,124.55,0.659,59.94,474.023
2,2026-03-11 06:20:00,115.79,1.656,124.37,0.649,59.95,474.044
2,2026-03-11 06:30:00,115.322,1.639,120.144,0.634,59.978,474.064
2,2026-03-11 06:40:00,116.32,1.642,119.32,0.624,59.94,474.084
2,2026-03-11 06:50:00,115.289,1.632,118.833,0.633,59.978,474.103
2,2026-03-11 07:00:00,116.03,1.699,130.35,0.658,59.96,474.125
2,2026-03-11 07:10:00,116.77,1.816,150.44,0.71,59.98,474.15
2,2026-03-11 07:20:00,116.09,1.98,220.5,0.961,59.94,474.186
2,2026-03-11 07:30:00,114.29,1.126,120.58,0.895,59.96,474.207
2,2026-03-11 07:40:00,117.233,0.778,66.967,0.704,59.944,474.216
2,2026-03-11 07:50:00,114.65,1.79,147.2,0.715,59.94,474.243
2,2026-03-11 08:00:00,113.56,1.681,129.72,0.681,59.95,474.265
2,2026-03-11 08:10:00,116.89,1.686,127.27,0.646,59.95,474.286
2,2026-03-11 08:20:00,115.32,1.654,122.87,0.645,59.97,474.307
2,2026-03-11 08:30:00,114.689,1.641,121.244,0.644,59.956,474.327
2,2026-03-11 08:40:00,114.4,1.631,120.044,0.643,59.967,474.347
2,2026-03-11 08:50:00,113.68,1.622,118.91,0.645,59.95,474.367
2,2026-03-11 09:00:00,114.79,1.632,119.43,0.637,59.97,474.387
2,2026-03-11 09:10:00,116.73,1.654,120.88,0.626,59.95,474.407
2,2026-03-11 09:20:00,115.15,1.635,119.72,0.637,59.99,474.427
2,2026-03-11 09:30:00,112.078,1.602,117.1,0.652,59.933,474.445
2,2026-03-11 09:40:00,112.39,1.608,117.62,0.65,59.94,474.467
2,2026-03-11 09:50:00,112.41,1.608,117.25,0.649,59.97,474.486
2,2026-03-11 10:00:00,112.36,1.61,117.23,0.648,59.98,474.506
2,2026-03-11 10:10:00,112.41,1.61,117.3,0.648,59.92,474.525
2,2026-03-11 10:20:00,115.32,1.636,119.52,0.633,59.95,474.545
2,2026-03-11 10:30:00,112.97,1.608,117.81,0.648,59.99,474.565
2,2026-03-11 10:40:00,115.17,1.634,119.53,0.635,59.94,474.585
2,2026-03-11 10:50:00,113.28,1.613,117.97,0.647,59.97,474.605
2,2026-03-11 11:00:00,112.0,1.601,117.07,0.652,60.0,474.624
2,2026-03-11 11:10:00,113.85,1.619,118.38,0.643,59.93,474.644
2,2026-03-11 11:20:00,115.733,1.642,120.133,0.634,59.956,474.664
2,2026-03-11 11:30:00,113.475,1.618,118.462,0.645,59.938,474.684
2,2026-03-11 11:40:00,113.93,1.622,118.92,0.644,59.97,474.704
2,2026-03-11 11:50:00,113.688,1.619,118.788,0.646,59.975,474.724
2,2026-03-11 12:00:00,113.011,1.612,118.189,0.65,59.967,474.743
2,2026-03-11 12:10:00,112.31,1.608,118.18,0.655,59.98,474.763
2,2026-03-11 12:20:00,115.175,1.638,119.962,0.639,59.95,474.783
2,2026-03-11 12:30:00,113.57,1.62,119.05,0.648,59.97,474.803
2,2026-03-11 12:40:00,114.689,1.632,119.733,0.64,59.978,474.823
2,2026-03-11 12:50:00,114.767,1.636,119.833,0.639,59.956,474.841
2,2026-03-11 13:00:00,113.48,1.623,118.87,0.647,59.93,474.863
2,2026-03-11 13:10:00,113.37,1.618,118.6,0.646,59.96,474.883
2,2026-03-11 13:20:00,114.1,1.709,185.47,0.946,59.97,474.913
2,2026-03-11 13:30:00,115.34,0.913,93.39,0.74,59.95,474.929
2,2026-03-11 13:40:00,114.71,0.833,67.56,0.639,59.94,474.939
2,2026-03-11 13:50:00,116.32,1.928,177.97,0.794,59.96,474.968
2,2026-03-11 14:00:00,114.69,1.832,165.46,0.786,59.96,474.996
2,2026-03-11 14:10:00,113.744,1.794,159.989,0.783,59.956,475.023
2,2026-03-11 14:20:00,115.3,1.783,157.62,0.766,59.97,475.049
2,2026-03-11 14:30:00,115.16,1.778,156.6,0.764,59.96,475.075
2,2026-03-11 14:40:00,114.55,2.033,192.72,0.823,59.96,475.107
2,2026-03-11 14:50:00,116.16,1.961,183.06,0.803,59.96,475.138
2,2026-03-11 15:00:00,116.067,2.12,209.111,0.851,59.989,475.173
2,2026-03-11 15:10:00,117.17,2.145,214.47,0.854,59.96,475.209
2,2026-03-11 15:20:00,116.1,2.14,212.74,0.855,59.96,475.244
2,2026-03-11 15:30:00,115.512,2.122,209.938,0.855,59.975,475.279
2,2026-03-11 15:40:00,113.69,2.103,205.47,0.861,59.94,475.314
2,2026-03-11 15:50:00,113.978,2.079,203.589,0.859,59.956,475.348
2,2026-03-11 16:00:00,112.76,2.071,201.0,0.861,59.99,475.381
2,2026-03-11 16:10:00,113.92,2.046,198.28,0.851,59.95,475.414
2,2026-03-11 16:20:00,116.98,1.882,166.76,0.757,59.95,475.443
2,2026-03-11 16:30:00,117.844,1.853,159.944,0.732,59.967,475.469
2,2026-03-11 16:40:00,116.38,1.836,158.41,0.742,59.97,475.496
2,2026-03-11 16:50:00,115.2,1.825,157.24,0.747,59.94,475.522
2,2026-03-11 17:00:00,115.24,1.814,155.78,0.747,59.94,475.548
2,2026-03-11 17:10:00,113.611,1.804,154.078,0.751,59.967,475.574
2,2026-03-11 17:20:00,115.688,1.809,154.962,0.739,59.975,475.6
2,2026-03-11 17:30:00,116.6,1.821,156.08,0.735,59.97,475.626
2,2026-03-11 17:40:00,117.57,1.828,157.1,0.731,59.98,475.652
2,2026-03-11 17:50:00,118.144,1.795,149.433,0.704,59.944,475.677
2,2026-03-11 18:00:00,115.84,1.648,121.01,0.633,59.97,475.698
2,2026-03-11 18:10:00,113.57,1.626,119.2,0.646,59.96,475.717
2,2026-03-11 18:20:00,114.69,1.648,121.25,0.643,59.96,475.738
2,2026-03-11 18:30:00,113.95,1.675,126.04,0.658,59.97,475.758
2,2026-03-11 18:40:00,114.71,1.902,166.99,0.764,59.94,475.786
2,2026-03-11 18:50:00,116.144,2.087,200.789,0.828,59.956,475.82
2,2026-03-11 19:00:00,115.87,2.108,203.07,0.832,59.98,475.853
2,2026-03-11 19:10:00,113.87,2.114,203.74,0.845,59.95,475.887
2,2026-03-11 19:20:00,113.356,2.516,271.367,0.949,59.944,475.932
2,2026-03-11 19:30:00,113.89,1.584,155.52,0.816,59.97,475.958
2,2026-03-11 19:40:00,113.07,1.418,128.13,0.767,59.94,475.978
2,2026-03-11 19:50:00,115.21,2.705,275.42,0.882,59.98,476.025
2,2026-03-11 20:00:00,116.89,2.859,294.14,0.881,59.95,476.074
2,2026-03-11 20:10:00,115.52,2.924,299.13,0.888,59.95,476.123
2,2026-03-11 20:20:00,115.556,2.692,276.233,0.89,59.967,476.171
2,2026-03-11 20:30:00,116.46,2.263,230.79,0.876,59.97,476.21
2,2026-03-11 20:40:00,114.378,2.274,230.211,0.886,59.956,476.248
2,2026-03-11 20:50:00,117.27,2.249,228.91,0.866,59.95,476.286
2,2026-03-11 21:00:00,118.544,2.116,209.933,0.836,59.978,476.321
2,2026-03-11 21:10:00,114.47,2.006,191.73,0.837,59.96,476.354
2,2026-03-11 21:20:00,115.544,2.006,193.444,0.833,59.956,476.386
2,2026-03-11 21:30:00,116.24,2.019,195.79,0.834,59.95,476.418
2,2026-03-11 21:40:00,115.65,1.984,190.58,0.83,60.0,476.45
2,2026-03-11 21:50:00,116.956,1.998,192.833,0.827,59.956,476.479
2,2026-03-11 22:00:00,119.214,1.994,193.086,0.813,59.986,476.515
2,2026-03-11 22:10:00,118.467,2.02,197.044,0.823,59.978,476.547
2,2026-03-11 22:20:00,119.21,2.014,196.58,0.819,59.97,476.58
2,2026-03-11 22:30:00,118.79,2.019,196.16,0.818,59.95,476.612
2,2026-03-11 22:40:00,117.338,1.954,183.962,0.802,59.975,476.643
2,2026-03-11 22:50:00,118.39,1.81,155.32,0.723,59.93,476.669
2,2026-03-11 23:00:00,117.72,1.73,134.67,0.66,59.95,476.692
2,2026-03-11 23:10:00,117.0,1.682,126.18,0.641,59.97,476.712
2,2026-03-11 23:20:00,117.78,1.678,124.3,0.629,59.93,476.733
2,2026-03-11 23:30:00,118.91,1.715,130.98,0.641,59.95,476.755
2,2026-03-11 23:40:00,119.629,1.707,127.357,0.623,59.929,476.777
2,2026-03-11 23:50:00,118.089,1.691,127.2,0.637,59.956,476.798
2,2026-03-12 00:00:00,117.34,1.668,123.64,0.631,59.94,476.819
2,2026-03-12 00:10:00,117.21,1.658,122.76,0.631,59.97,476.84
2,2026-03-12 00:20:00,118.2,1.67,122.69,0.622,59.98,476.86
2,2026-03-12 00:30:00,118.29,1.67,122.73,0.62,59.93,476.881
2,2026-03-12 00:40:00,119.25,1.695,126.45,0.624,59.93,476.902
2,2026-03-12 00:50:00,119.59,1.69,124.72,0.618,59.93,476.922
2,2026-03-12 01:00:00,118.833,1.668,121.722,0.614,59.967,476.941
2,2026-03-12 01:10:00,119.138,1.67,121.775,0.61,59.962,476.963
2,2026-03-12 01:20:00,119.58,1.773,201.51,0.951,59.96,476.996
2,2026-03-12 01:30:00,119.01,0.782,79.79,0.71,59.94,477.011
2,2026-03-12 01:40:00,118.32,0.839,70.09,0.64,59.96,477.021
2,2026-03-12 01:50:00,118.744,1.809,149.122,0.693,59.956,477.046
2,2026-03-12 02:00:00,118.767,1.725,134.033,0.653,59.967,477.068
2,2026-03-12 02:10:00,119.575,1.706,129.15,0.634,59.975,477.09
2,2026-03-12 02:20:00,120.26,1.703,127.22,0.621,59.94,477.111
2,2026-03-12 02:30:00,119.76,1.7,127.17,0.625,59.95,477.133
2,2026-03-12 02:40:00,118.5,1.67,123.2,0.622,59.96,477.153
2,2026-03-12 02:50:00,119.43,1.677,123.41,0.619,59.94,477.174
2,2026-03-12 03:00:00,118.367,1.662,122.011,0.62,59.967,477.194
2,2026-03-12 03:10:00,119.82,1.682,123.28,0.612,59.95,477.215
2,2026-03-12 03:20:00,120.61,1.692,123.75,0.607,59.95,477.236
2,2026-03-12 03:30:00,119.38,1.672,121.95,0.609,59.95,477.256
2,2026-03-12 03:40:00,117.89,1.656,121.07,0.62,59.92,477.276
2,2026-03-12 03:50:00,118.09,1.674,128.49,0.649,59.97,477.297
2,2026-03-12 04:00:00,116.59,1.64,125.55,0.656,59.96,477.318
2,2026-03-12 04:10:00,115.98,1.63,124.26,0.656,59.96,477.339
2,2026-03-12 04:20:00,115.91,1.63,124.22,0.659,59.95,477.36
2,2026-03-12 04:30:00,116.63,1.64,124.6,0.652,59.95,477.381
2,2026-03-12 04:40:00,117.21,1.646,124.84,0.649,59.95,477.402
2,2026-03-12 04:50:00,117.75,1.654,126.05,0.646,59.94,477.423
2,2026-03-12 05:00:00,114.85,1.619,123.0,0.661,59.92,477.443
2,2026-03-12 05:10:00,113.74,1.608,121.97,0.668,59.95,477.464
2,2026-03-12 05:20:00,115.344,2.018,183.0,0.783,59.978,477.494
2,2026-03-12 05:30:00,112.07,2.027,182.23,0.804,59.96,477.525
2,2026-03-12 05:40:00,113.04,2.143,200.41,0.828,59.94,477.558
2,2026-03-12 05:50:00,115.5,2.14,201.06,0.814,59.94,477.592
2,2026-03-12 06:00:00,115.967,1.914,165.789,0.746,59.967,477.62
2,2026-03-12 06:10:00,116.6,1.783,143.33,0.689,59.96,477.644
2,2026-03-12 06:20:00,116.88,1.681,126.35,0.642,60.0,477.665
2,2026-03-12 06:30:00,115.05,1.622,117.09,0.629,59.93,477.684
2,2026-03-12 06:40:00,116.37,1.638,118.22,0.621,59.95,477.704
2,2026-03-12 06:50:00,115.75,1.63,117.97,0.625,59.98,477.724
2,2026-03-12 07:00:00,115.72,1.629,117.72,0.626,59.96,477.743
2,2026-03-12 07:10:00,117.92,1.657,119.72,0.613,59.95,477.763
2,2026-03-12 07:20:00,116.21,1.732,191.13,0.952,59.96,477.795
2,2026-03-12 07:30:00,116.189,0.965,100.989,0.769,59.967,477.81
2,2026-03-12 07:40:00,114.29,0.856,71.56,0.666,59.99,477.82
2,2026-03-12 07:50:00,115.97,1.818,150.76,0.714,59.95,477.846
2,2026-03-12 08:00:00,113.25,1.691,131.59,0.686,59.96,477.868
2,2026-03-12 08:10:00,114.88,1.671,126.35,0.659,59.98,477.889
2,2026-03-12 08:20:00,116.77,1.675,125.12,0.64,59.96,477.91
2,2026-03-12 08:30:00,116.8,1.666,123.367,0.634,59.933,477.93
2,2026-03-12 08:40:00,114.49,1.634,120.55,0.645,59.97,477.951
2,2026-03-12 08:50:00,116.23,1.651,121.05,0.632,59.96,477.971
2,2026-03-12 09:00:00,115.238,1.638,120.138,0.639,59.975,477.991
2,2026-03-12 09:10:00,116.53,1.65,120.57,0.627,59.95,478.011
2,2026-03-12 09:20:00,115.98,2.338,208.34,0.696,59.94,478.046
2,2026-03-12 09:30:00,111.311,4.734,513.311,0.977,59.922,478.132
2,2026-03-12 09:40:00,112.375,4.636,509.312,0.98,59.962,478.216
2,2026-03-12 09:50:00,114.37,4.603,515.64,0.98,59.96,478.302
2,2026-03-12 10:00:00,112.48,4.548,500.58,0.98,59.96,478.386
2,2026-03-12 10:10:00,113.12,4.556,503.64,0.979,59.94,478.469
2,2026-03-12 10:20:00,113.57,4.616,512.09,0.978,59.97,478.555
2,2026-03-12 10:30:00,114.022,4.409,492.411,0.98,59.989,478.637
2,2026-03-12 10:40:00,113.04,4.871,538.53,0.978,59.95,478.723
2,2026-03-12 10:50:00,110.21,7.822,853.78,0.99,59.96,478.865
2,2026-03-12 11:00:00,110.61,7.914,866.26,0.99,59.97,479.01
2,2026-03-12 11:10:00,110.26,7.921,864.39,0.99,59.92,479.155
2,2026-03-12 11:20:00,112.09,7.955,882.75,0.99,60.0,479.302
2,2026-03-12 11:30:00,113.84,8.05,906.61,0.989,60.0,479.453
2,2026-03-12 11:40:00,112.05,7.847,869.45,0.99,59.95,479.598
2,2026-03-12 11:50:00,112.02,7.776,862.21,0.99,59.95,479.742
2,2026-03-12 12:00:00,111.83,7.629,845.82,0.99,59.95,479.884
2,2026-03-12 12:10:00,112.03,7.689,854.32,0.99,59.97,480.026
2,2026-03-12 12:20:00,111.1,7.653,843.09,0.99,59.97,480.168
2,2026-03-12 12:30:00,114.83,4.788,537.12,0.979,59.97,480.258
2,2026-03-12 12:40:00,116.73,4.382,501.16,0.98,59.96,480.342
2,2026-03-12 12:50:00,114.11,4.343,484.8,0.98,59.96,480.423
2,2026-03-12 13:00:00,115.63,4.355,493.07,0.98,59.95,480.505
2,2026-03-12 13:10:00,114.62,4.351,487.96,0.98,59.96,480.587
2,2026-03-12 13:20:00,114.922,4.354,489.689,0.98,59.989,480.668
2,2026-03-12 13:30:00,114.71,4.647,519.13,0.973,59.94,480.755
2,2026-03-12 13:40:00,114.61,4.837,537.28,0.969,59.93,480.844
2,2026-03-12 13:50:00,114.68,4.797,532.5,0.97,59.99,480.934
2,2026-03-12 14:00:00,116.57,4.777,539.43,0.97,59.96,481.024
2,2026-03-12 14:10:00,116.34,4.856,546.29,0.969,59.97,481.115
2,2026-03-12 14:20:00,115.18,4.762,531.49,0.97,59.96,481.204
2,2026-03-12 14:30:00,114.87,4.611,514.37,0.97,59.96,481.29
2,2026-03-12 14:40:00,116.37,4.721,532.84,0.969,59.95,481.378
2,2026-03-12 14:50:00,115.15,4.53,508.5,0.975,59.99,481.464
2,2026-03-12 15:00:00,114.93,7.536,857.73,0.989,59.96,481.602
2,2026-03-12 15:10:00,115.57,7.851,898.54,0.989,59.95,481.752
2,2026-03-12 15:20:00,113.16,7.928,888.3,0.99,59.96,481.901
2,2026-03-12 15:30:00,114.31,7.911,895.6,0.99,59.94,482.051
2,2026-03-12 15:40:00,114.54,7.928,899.42,0.99,59.95,482.201
2,2026-03-12 15:50:00,114.114,7.92,894.914,0.99,59.957,482.335
2,2026-03-12 16:00:00,112.76,7.903,880.95,0.99,59.95,482.497
2,2026-03-12 16:10:00,113.1,7.991,892.9,0.99,59.94,482.647
2,2026-03-12 16:20:00,113.26,7.96,890.91,0.99,59.95,482.794
2,2026-03-12 16:30:00,114.622,5.218,581.033,0.972,59.911,482.903
2,2026-03-12 16:40:00,115.59,4.908,548.99,0.969,59.97,482.995
2,2026-03-12 16:50:00,114.53,4.893,542.42,0.97,59.95,483.086
2,2026-03-12 17:00:00,114.36,4.752,526.1,0.969,59.94,483.174
2,2026-03-12 17:10:00,115.44,4.722,527.41,0.965,59.96,483.261
2,2026-03-12 17:20:00,115.256,4.73,527.678,0.97,59.944,483.35
2,2026-03-12 17:30:00,113.45,4.758,524.76,0.972,59.96,483.439
2,2026-03-12 17:40:00,113.9,4.802,530.878,0.972,59.956,483.527
2,2026-03-12 17:50:00,113.89,4.776,528.63,0.97,59.95,483.616
2,2026-03-12 18:00:00,116.6,4.999,566.47,0.973,59.96,483.71
2,2026-03-12 18:10:00,115.36,5.142,565.25,0.953,59.93,483.805
2,2026-03-12 18:20:00,114.1,4.571,508.638,0.975,59.938,483.892
2,2026-03-12 18:30:00,110.71,5.476,587.94,0.973,59.96,483.991
2,2026-03-12 18:40:00,110.09,6.262,671.48,0.977,59.96,484.092
2,2026-03-12 18:50:00,113.73,5.531,604.94,0.964,59.95,484.189
2,2026-03-12 19:00:00,116.47,5.179,551.29,0.895,59.97,484.284
2,2026-03-12 19:10:00,116.97,3.188,299.98,0.806,59.94,484.334
2,2026-03-12 19:20:00,116.011,2.855,258.344,0.777,59.978,484.377
2,2026-03-12 19:30:00,115.5,2.085,185.025,0.766,59.962,484.409
2,2026-03-12 19:40:00,114.76,1.993,176.03,0.768,59.96,484.438
2,2026-03-12 19:50:00,119.85,1.903,175.48,0.771,59.93,484.468
2,2026-03-12 20:00:00,118.62,1.854,170.84,0.777,59.95,484.497
2,2026-03-12 20:10:00,116.089,1.881,170.344,0.781,59.956,484.526
2,2026-03-12 20:20:00,117.233,1.875,171.122,0.78,59.956,484.554
2,2026-03-12 20:30:00,114.91,1.948,172.87,0.773,59.97,484.583
2,2026-03-12 20:40:00,112.83,1.874,162.56,0.771,59.96,484.61
2,2026-03-12 20:50:00,114.86,1.807,162.32,0.782,59.93,484.637
2,2026-03-12 21:00:00,117.01,1.842,171.28,0.795,59.98,484.666
2,2026-03-12 21:10:00,117.25,1.742,164.3,0.805,59.938,484.693
2,2026-03-12 21:20:00,116.6,1.734,164.8,0.815,59.95,484.721
2,2026-03-12 21:30:00,117.49,1.749,166.16,0.81,59.98,484.748
2,2026-03-12 21:40:00,115.712,1.664,153.762,0.8,59.925,484.774
2,2026-03-12 21:50:00,116.36,1.645,153.29,0.801,59.98,484.8
2,2026-03-12 22:00:00,117.45,1.634,154.65,0.805,59.92,484.826
2,2026-03-12 22:10:00,116.98,1.735,163.02,0.801,59.96,484.853
2,2026-03-12 22:20:00,117.22,1.655,155.55,0.8,59.97,484.879
2,2026-03-12 22:30:00,117.9,1.553,141.17,0.767,59.94,484.903
2,2026-03-12 22:40:00,120.28,1.292,111.77,0.719,59.95,484.922
2,2026-03-12 22:50:00,119.98,1.406,123.83,0.734,59.96,484.942
2,2026-03-12 23:00:00,119.68,1.462,127.44,0.73,59.95,484.964
2,2026-03-12 23:10:00,117.41,0.843,67.17,0.636,59.99,484.976
2,2026-03-12 23:20:00,118.77,0.419,27.12,0.534,59.96,484.981
2,2026-03-12 23:30:00,119.975,0.492,37.212,0.62,59.95,484.986
2,2026-03-12 23:40:00,120.18,0.357,21.84,0.503,59.96,484.99
2,2026-03-12 23:50:00,119.611,0.395,25.367,0.529,59.967,484.994
2,2026-03-13 00:00:00,119.444,0.345,19.844,0.481,59.989,484.997
2,2026-03-13 00:10:00,117.657,0.349,19.743,0.481,60.0,485.001
2,2026-03-13 00:20:00,116.689,0.347,20.733,0.51,59.967,485.005
2,2026-03-13 00:30:00,117.35,0.372,23.05,0.522,59.97,485.008
2,2026-03-13 00:40:00,117.278,0.355,21.389,0.509,59.933,485.012
2,2026-03-13 00:50:00,116.856,0.345,19.722,0.489,59.967,485.016
2,2026-03-13 01:00:00,118.56,0.346,19.95,0.486,59.95,485.019
2,2026-03-13 01:10:00,116.98,0.34,19.67,0.494,59.98,485.022
2,2026-03-13 01:20:00,116.5,0.34,19.65,0.496,59.938,485.025
2,2026-03-13 01:30:00,118.012,0.344,19.788,0.488,59.95,485.029
2,2026-03-13 01:40:00,118.01,0.343,19.74,0.488,59.97,485.032
2,2026-03-13 01:50:00,117.2,0.341,19.95,0.498,59.94,485.036
2,2026-03-13 02:00:00,119.189,0.344,20.289,0.494,60.0,485.039
2,2026-03-13 02:10:00,117.78,0.342,19.8,0.492,59.94,485.042
2,2026-03-13 02:20:00,118.511,0.346,19.811,0.482,59.944,485.046
2,2026-03-13 02:30:00,119.64,0.344,19.89,0.482,59.97,485.049
2,2026-03-13 02:40:00,117.61,0.337,19.7,0.498,59.94,485.052
2,2026-03-13 02:50:00,116.1,0.338,19.578,0.5,59.944,485.056
2,2026-03-13 03:00:00,117.762,0.352,20.625,0.496,59.95,485.058
2,2026-03-13 03:10:00,118.46,0.376,22.85,0.51,59.94,485.063
2,2026-03-13 03:20:00,118.325,0.342,19.912,0.49,59.962,485.067
2,2026-03-13 03:30:00,118.99,0.416,32.21,0.617,59.98,485.072
2,2026-03-13 03:40:00,118.244,0.565,53.289,0.794,59.922,485.081
2,2026-03-13 03:50:00,117.36,0.348,20.26,0.495,59.96,485.084
2,2026-03-13 04:00:00,118.333,0.391,25.422,0.551,59.933,485.089
2,2026-03-13 04:10:00,117.1,0.378,25.2,0.568,59.96,485.092
2,2026-03-13 04:20:00,116.63,0.38,25.07,0.567,59.97,485.097
2,2026-03-13 04:30:00,118.967,0.382,25.322,0.556,59.956,485.101
2,2026-03-13 04:40:00,118.69,0.387,25.28,0.55,59.97,485.105
2,2026-03-13 04:50:00,118.23,0.384,25.2,0.555,59.94,485.11
2,2026-03-13 05:00:00,117.43,0.39,25.65,0.56,59.93,485.114
2,2026-03-13 05:10:00,116.37,0.388,25.27,0.56,59.95,485.118
2,2026-03-13 05:20:00,115.844,0.392,25.1,0.55,59.989,485.122
2,2026-03-13 05:30:00,116.93,0.55,42.79,0.626,59.93,485.129
2,2026-03-13 05:40:00,115.57,0.886,82.23,0.801,59.93,485.143
2,2026-03-13 05:50:00,115.69,0.902,83.79,0.804,59.97,485.157
2,2026-03-13 06:00:00,117.378,0.746,64.711,0.73,59.978,485.168
2,2026-03-13 06:10:00,117.322,0.938,78.689,0.697,59.956,485.18
2,2026-03-13 06:20:00,116.433,1.727,157.933,0.787,59.978,485.206
2,2026-03-13 06:30:00,115.089,1.735,160.156,0.801,59.978,485.23
2,2026-03-13 06:40:00,115.45,1.751,162.02,0.801,59.94,485.259
2,2026-03-13 06:50:00,115.26,1.674,154.25,0.799,59.95,485.285
2,2026-03-13 07:00:00,116.66,1.6,148.76,0.799,59.95,485.31
2,2026-03-13 07:10:00,115.25,1.494,135.07,0.783,59.97,485.332
2,2026-03-13 07:20:00,115.46,1.212,106.78,0.764,59.96,485.35
2,2026-03-13 07:30:00,116.73,0.917,68.59,0.631,59.95,485.362
2,2026-03-13 07:40:00,115.62,0.845,56.17,0.575,59.94,485.371
2,2026-03-13 07:50:00,113.77,0.842,55.89,0.582,59.95,485.38
2,2026-03-13 08:00:00,115.125,0.851,56.212,0.575,59.95,485.389
2,2026-03-13 08:10:00,115.122,0.876,56.889,0.568,59.967,485.399
2,2026-03-13 08:20:00,114.988,0.851,55.638,0.57,59.938,485.407
2,2026-03-13 08:30:00,113.789,0.855,55.978,0.574,59.956,485.418
2,2026-03-13 08:40:00,114.25,0.831,55.97,0.59,59.96,485.427
2,2026-03-13 08:50:00,114.27,0.835,55.56,0.581,60.0,485.437
2,2026-03-13 09:00:00,112.829,0.851,55.343,0.58,59.971,485.446
2,2026-03-13 09:10:00,111.362,0.825,55.75,0.607,59.962,485.456
2,2026-03-13 09:20:00,111.52,1.146,94.53,0.732,59.96,485.471
2,2026-03-13 09:30:00,110.567,1.597,133.711,0.758,59.989,485.492
2,2026-03-13 09:40:00,112.112,1.574,133.262,0.756,59.975,485.515
2,2026-03-13 09:50:00,114.278,1.551,131.722,0.743,59.944,485.536
2,2026-03-13 10:00:00,113.48,1.324,111.25,0.74,59.98,485.554
2,2026-03-13 10:10:00,113.733,1.264,106.611,0.742,59.956,485.572
2,2026-03-13 10:20:00,114.7,1.256,105.444,0.731,59.944,485.588
2,2026-03-13 10:30:00,114.822,1.296,109.211,0.733,59.989,485.608
2,2026-03-13 10:40:00,114.67,1.27,105.37,0.723,59.96,485.626
2,2026-03-13 10:50:00,115.52,1.22,101.01,0.716,59.97,485.644
2,2026-03-13 11:00:00,114.8,1.248,100.622,0.704,60.0,485.661
2,2026-03-13 11:10:00,113.66,1.322,107.22,0.713,59.96,485.678
2,2026-03-13 11:20:00,113.82,1.34,111.57,0.73,60.0,485.697
2,2026-03-13 11:30:00,114.544,1.318,110.344,0.73,59.956,485.715
2,2026-03-13 11:40:00,114.133,1.454,121.011,0.73,59.944,485.734
2,2026-03-13 11:50:00,114.878,1.377,113.856,0.718,59.978,485.752
2,2026-03-13 12:00:00,116.33,1.318,106.43,0.693,59.95,485.772
2,2026-03-13 12:10:00,114.94,1.341,103.09,0.67,59.94,485.79
2,2026-03-13 12:20:00,115.32,1.265,104.09,0.714,59.95,485.807
2,2026-03-13 12:30:00,116.15,1.354,115.73,0.736,59.97,485.826
2,2026-03-13 12:40:00,114.93,1.265,105.49,0.725,59.95,485.844
2,2026-03-13 12:50:00,114.1,1.294,108.32,0.731,59.96,485.863
2,2026-03-13 13:00:00,115.378,1.238,101.178,0.71,59.967,485.88
2,2026-03-13 13:10:00,115.867,1.071,83.967,0.678,59.944,485.894
2,2026-03-13 13:20:00,115.125,1.02,78.862,0.671,60.0,485.905
2,2026-03-13 13:30:00,115.13,1.048,83.77,0.693,59.93,485.921
2,2026-03-13 13:40:00,115.58,1.026,81.71,0.688,59.98,485.935
2,2026-03-13 13:50:00,116.78,1.089,89.4,0.7,59.97,485.949
2,2026-03-13 14:00:00,119.389,1.315,112.489,0.717,59.944,485.967
2,2026-03-13 14:10:00,118.82,1.3,110.17,0.713,59.94,485.985
2,2026-03-13 14:20:00,117.05,1.299,108.47,0.714,59.94,486.003
2,2026-03-13 14:30:00,117.238,1.3,109.45,0.718,59.962,486.021
2,2026-03-13 14:40:00,118.5,1.256,104.756,0.702,59.956,486.039
2,2026-03-13 14:50:00,116.611,1.255,104.978,0.717,59.944,486.055
2,2026-03-13 15:00:00,116.133,1.47,129.722,0.759,59.967,486.079
2,2026-03-13 15:10:00,115.944,1.434,124.789,0.751,59.978,486.099
2,2026-03-13 15:20:00,114.4,1.454,124.55,0.748,59.93,486.12
2,2026-03-13 15:30:00,115.08,1.485,130.09,0.761,59.99,486.142
2,2026-03-13 15:40:00,115.667,1.504,132.678,0.763,59.978,486.164
2,2026-03-13 15:50:00,113.888,1.468,127.925,0.764,59.962,486.185
2,2026-03-13 16:00:00,115.4,1.169,95.85,0.709,59.96,486.202
2,2026-03-13 16:10:00,116.025,1.205,101.862,0.728,59.962,486.219
2,2026-03-13 16:20:00,116.69,1.277,107.87,0.723,59.98,486.238
2,2026-03-13 16:30:00,115.95,1.404,126.17,0.774,59.94,486.258
2,2026-03-13 16:40:00,115.19,1.583,141.51,0.776,59.97,486.282
2,2026-03-13 16:50:00,113.022,1.509,129.933,0.763,59.956,486.304
2,2026-03-13 17:00:00,113.78,1.38,117.89,0.751,59.97,486.323
2,2026-03-13 17:10:00,115.81,1.423,121.07,0.732,59.98,486.343
2,2026-03-13 17:20:00,116.31,1.322,113.98,0.74,59.98,486.362
2,2026-03-13 17:30:00,116.378,1.37,118.578,0.744,59.956,486.379
2,2026-03-13 17:40:00,118.31,1.465,128.34,0.741,59.98,486.402
2,2026-03-13 17:50:00,117.644,1.315,110.9,0.718,59.944,486.421
2,2026-03-13 18:00:00,117.983,1.266,105.133,0.703,59.917,486.437
2,2026-03-13 18:10:00,116.443,1.125,89.157,0.677,59.957,486.454
2,2026-03-13 18:20:00,116.789,1.059,77.078,0.623,59.944,486.468
2,2026-03-13 18:30:00,115.725,1.228,92.575,0.652,59.95,486.484
2,2026-03-13 18:40:00,115.822,1.45,110.6,0.658,59.944,486.502
2,2026-03-13 18:50:00,118.075,1.353,105.475,0.66,59.95,486.519
2,2026-03-13 19:00:00,116.944,0.904,69.633,0.662,59.956,486.532
2,2026-03-13 19:10:00,117.54,0.483,36.06,0.633,59.94,486.538
2,2026-03-13 19:20:00,115.51,0.512,38.35,0.645,59.94,486.544
2,2026-03-13 19:30:00,115.63,0.48,35.36,0.637,59.97,486.55
2,2026-03-13 19:40:00,116.1,0.489,37.238,0.654,59.95,486.556
2,2026-03-13 19:50:00,115.388,0.55,43.525,0.679,59.962,486.563
2,2026-03-13 20:00:00,115.98,0.466,35.01,0.648,59.96,486.569
2,2026-03-13 20:10:00,116.46,0.493,37.78,0.658,59.94,486.575
2,2026-03-13 20:20:00,118.59,0.509,39.79,0.657,59.98,486.582
2,2026-03-13 20:30:00,117.27,0.501,38.73,0.659,59.98,486.588
2,2026-03-13 20:40:00,115.58,0.482,36.27,0.65,59.93,486.594
2,2026-03-13 20:50:00,115.82,0.868,76.81,0.755,59.97,486.607
2,2026-03-13 21:00:00,116.29,0.992,92.46,0.799,59.94,486.623
2,2026-03-13 21:10:00,116.875,0.939,81.825,0.746,59.975,486.636
2,2026-03-13 21:20:00,113.97,1.265,116.07,0.802,59.98,486.655
2,2026-03-13 21:30:00,115.8,1.317,124.8,0.82,59.933,486.674
2,2026-03-13 21:40:00,117.714,1.364,130.5,0.816,59.971,486.698
2,2026-03-13 21:50:00,118.38,1.371,131.18,0.807,59.96,486.72
2,2026-03-13 22:00:00,116.91,1.327,126.61,0.817,59.94,486.741
2,2026-03-13 22:10:00,117.29,1.274,122.45,0.82,59.93,486.761
2,2026-03-13 22:20:00,117.8,1.109,104.09,0.79,59.97,486.779
2,2026-03-13 22:30:00,119.31,1.018,96.61,0.791,59.97,486.795
2,2026-03-13 22:40:00,117.456,0.971,87.589,0.767,59.967,486.809
2,2026-03-13 22:50:00,118.775,0.62,51.475,0.686,59.962,486.818
2,2026-03-13 23:00:00,118.91,0.344,20.08,0.49,59.95,486.821
2,2026-03-13 23:10:00,117.467,0.375,22.833,0.513,59.967,486.824
2,2026-03-13 23:20:00,117.588,0.348,19.825,0.486,59.975,486.829
2,2026-03-13 23:30:00,117.525,0.352,19.825,0.479,59.988,486.832
2,2026-03-13 23:40:00,118.667,0.349,19.922,0.481,59.933,486.835
2,2026-03-13 23:50:00,119.529,0.364,22.0,0.501,59.943,486.839
2,2026-03-14 00:00:00,119.178,0.361,21.6,0.497,59.956,486.843
2,2026-03-14 00:10:00,118.944,0.349,19.933,0.481,59.967,486.846
2,2026-03-14 00:20:00,119.34,0.356,20.26,0.477,59.96,486.849
2,2026-03-14 00:30:00,119.58,0.342,20.15,0.493,59.96,486.853
2,2026-03-14 00:40:00,119.28,0.339,19.96,0.494,59.95,486.856
2,2026-03-14 00:50:00,117.43,0.338,19.75,0.499,59.97,486.859
2,2026-03-14 01:00:00,118.82,0.343,19.86,0.49,59.97,486.863
2,2026-03-14 01:10:00,119.65,0.395,26.06,0.535,59.95,486.867
2,2026-03-14 01:20:00,120.88,0.356,22.1,0.507,59.93,486.871
2,2026-03-14 01:30:00,119.56,0.34,20.03,0.494,59.96,486.874
2,2026-03-14 01:40:00,117.611,0.342,19.844,0.492,59.956,486.877
2,2026-03-14 01:50:00,116.2,0.35,20.2,0.497,59.956,486.881
2,2026-03-14 02:00:00,115.767,0.342,19.889,0.501,59.989,486.884
2,2026-03-14 02:10:00,117.14,0.338,19.78,0.5,59.95,486.887
2,2026-03-14 02:20:00,117.067,0.336,19.789,0.503,59.944,486.891
2,2026-03-14 02:30:00,118.675,0.34,19.862,0.492,59.938,486.894
2,2026-03-14 02:40:00,118.822,0.341,20.222,0.498,59.978,486.897
2,2026-03-14 02:50:00,117.89,0.335,20.09,0.511,59.97,486.901
2,2026-03-14 03:00:00,118.275,0.356,22.362,0.52,59.962,486.904
2,2026-03-14 03:10:00,117.562,0.36,21.888,0.515,59.988,486.907
2,2026-03-14 03:20:00,117.39,0.35,20.15,0.491,59.99,486.911
2,2026-03-14 03:30:00,116.843,0.341,19.886,0.5,59.943,486.915
2,2026-03-14 03:40:00,117.92,0.337,19.78,0.5,60.0,486.918
2,2026-03-14 03:50:00,118.625,0.365,23.125,0.526,59.975,486.922
2,2026-03-14 04:00:00,117.84,0.404,27.45,0.572,59.95,486.926
2,2026-03-14 04:10:00,118.14,0.382,25.45,0.565,59.96,486.931
2,2026-03-14 04:20:00,118.91,0.377,25.49,0.569,59.96,486.935
2,2026-03-14 04:30:00,117.122,0.383,25.411,0.568,59.944,486.939
2,2026-03-14 04:40:00,116.589,0.389,25.267,0.558,59.978,486.943
2,2026-03-14 04:50:00,116.6,0.39,25.48,0.56,59.95,486.948
2,2026-03-14 05:00:00,117.656,0.384,25.5,0.567,59.956,486.952
2,2026-03-14 05:10:00,117.712,0.4,27.8,0.584,59.975,486.955
2,2026-03-14 05:20:00,116.788,0.384,25.138,0.562,59.95,486.96
2,2026-03-14 05:30:00,117.525,0.385,25.212,0.559,59.975,486.965
2,2026-03-14 05:40:00,118.412,0.379,25.25,0.562,59.962,486.969
2,2026-03-14 05:50:00,117.45,0.524,46.41,0.735,59.97,486.976
2,2026-03-14 06:00:00,117.33,0.452,34.87,0.637,59.95,486.983
2,2026-03-14 06:10:00,117.55,0.393,26.19,0.563,59.95,486.987
2,2026-03-14 06:20:00,118.622,0.352,21.656,0.514,59.933,486.991
2,2026-03-14 06:30:00,120.122,0.336,20.189,0.5,59.944,486.994
2,2026-03-14 06:40:00,120.37,0.334,19.95,0.496,59.97,486.998
2,2026-03-14 06:50:00,120.367,0.334,19.856,0.493,59.967,487.001
2,2026-03-14 07:00:00,119.0,0.335,19.87,0.497,59.97,487.004
2,2026-03-14 07:10:00,117.067,0.338,20.0,0.506,59.978,487.008
2,2026-03-14 07:20:00,116.25,0.334,19.75,0.51,59.962,487.011
2,2026-03-14 07:30:00,116.54,0.338,19.85,0.505,59.96,487.014
2,2026-03-14 07:40:00,117.48,0.422,30.07,0.609,59.96,487.019
2,2026-03-14 07:50:00,116.93,0.39,26.11,0.568,59.94,487.024
2,2026-03-14 08:00:00,116.06,0.339,19.86,0.505,59.99,487.027
2,2026-03-14 08:10:00,116.511,0.353,21.422,0.519,59.944,487.031
2,2026-03-14 08:20:00,115.44,0.463,31.29,0.585,59.97,487.036
2,2026-03-14 08:30:00,115.1,0.446,29.278,0.57,59.956,487.041
2,2026-03-14 08:40:00,113.6,0.427,26.9,0.556,59.967,487.045
2,2026-03-14 08:50:00,116.85,0.404,25.51,0.54,59.96,487.05
2,2026-03-14 09:00:00,115.6,0.391,24.167,0.537,59.978,487.054
2,2026-03-14 09:10:00,115.522,0.382,23.556,0.533,59.956,487.058
2,2026-03-14 09:20:00,113.34,0.372,22.71,0.538,59.96,487.061
2,2026-03-14 09:30:00,115.211,0.383,23.067,0.526,59.956,487.065
2,2026-03-14 09:40:00,114.256,0.382,22.644,0.519,59.933,487.069
2,2026-03-14 09:50:00,113.54,0.362,21.76,0.529,59.98,487.073
2,2026-03-14 10:00:00,115.01,0.345,20.36,0.513,59.95,487.076
2,2026-03-14 10:10:00,116.2,0.346,20.31,0.505,59.96,487.079
2,2026-03-14 10:20:00,114.63,0.359,21.22,0.516,59.93,487.083
2,2026-03-14 10:30:00,112.73,0.356,20.99,0.523,59.97,487.086
2,2026-03-14 10:40:00,112.81,0.349,20.48,0.522,59.97,487.09
2,2026-03-14 10:50:00,112.41,0.34,20.2,0.528,59.97,487.093
2,2026-03-14 11:00:00,113.08,0.344,20.72,0.536,59.98,487.096
2,2026-03-14 11:10:00,113.517,0.347,20.617,0.53,60.0,487.1
2,2026-03-14 11:20:00,111.962,0.34,20.3,0.535,59.962,487.103
2,2026-03-14 11:30:00,112.912,0.34,20.012,0.521,59.938,487.107
2,2026-03-14 11:40:00,111.929,0.347,20.186,0.521,59.986,487.11
2,2026-03-14 11:50:00,111.867,0.357,20.2,0.507,60.0,487.114
2,2026-03-14 12:00:00,110.511,0.351,20.078,0.518,59.967,487.117
2,2026-03-14 12:10:00,110.63,0.343,19.62,0.518,59.96,487.12
2,2026-03-14 12:20:00,112.011,0.341,19.789,0.517,59.944,487.123
2,2026-03-14 12:30:00,111.8,0.342,20.1,0.53,59.957,487.127
2,2026-03-14 12:40:00,112.971,0.346,20.157,0.524,59.971,487.13
2,2026-03-14 12:50:00,112.067,0.337,19.878,0.527,59.978,487.134
2,2026-03-14 13:00:00,111.588,0.339,20.2,0.534,59.975,487.136
2,2026-03-14 13:10:00,112.83,0.343,19.89,0.515,59.96,487.14
2,2026-03-14 13:20:00,112.744,0.341,19.9,0.519,59.967,487.143
2,2026-03-14 13:30:00,113.838,0.331,19.788,0.526,59.95,487.146
2,2026-03-14 13:40:00,112.83,0.332,19.88,0.53,59.97,487.15
2,2026-03-14 13:50:00,113.222,0.337,20.233,0.53,59.944,487.153
2,2026-03-14 14:00:00,112.914,0.346,21.157,0.541,59.971,487.157
2,2026-03-14 14:10:00,114.7,0.347,21.5,0.54,60.0,487.157
