FechaMedicion,Potencia,Fase,Voltaje,FactorPotencia,Frecuencia
2026-02-15 13:10:00,405.89,1,119.81,0.877,59.97
2026-02-15 13:20:00,369.512,1,120.038,0.874,59.962
2026-02-15 13:30:00,499.55,1,118.86,0.909,59.97
2026-02-15 13:40:00,1003.49,1,118.33,0.934,59.95
2026-02-15 13:50:00,696.68,1,119.23,0.937,59.96
2026-02-15 14:00:00,435.45,1,118.78,0.856,59.91
2026-02-15 14:10:00,279.79,1,120.16,0.872,59.95
2026-02-15 14:20:00,375.04,1,119.1,0.846,59.94
2026-02-15 14:30:00,303.42,1,120.07,0.88,59.96
2026-02-15 14:40:00,429.61,1,119.73,0.888,59.96
2026-02-15 14:50:00,401.47,1,119.96,0.92,59.95
2026-02-15 15:00:00,605.0,1,119.78,0.971,59.97
2026-02-15 15:10:00,230.52,1,120.75,0.898,59.97
2026-02-15 15:20:00,513.25,1,119.89,0.901,59.95
2026-02-15 15:30:00,395.53,1,119.84,0.876,59.96
2026-02-15 15:40:00,522.03,1,119.18,0.883,59.95
2026-02-15 15:50:00,394.37,1,119.87,0.878,59.98
2026-02-15 16:00:00,306.42,1,118.9,0.885,59.94
2026-02-15 16:10:00,419.29,1,119.35,0.889,59.97
2026-02-15 16:20:00,428.35,1,119.33,0.88,59.92
2026-02-15 16:30:00,405.84,1,119.7,0.887,59.96
2026-02-15 16:40:00,425.51,1,119.87,0.911,59.97
2026-02-15 16:50:00,350.56,1,119.73,0.875,59.95
2026-02-15 17:00:00,262.03,1,119.54,0.884,59.95
2026-02-15 17:10:00,403.03,1,119.45,0.882,59.96
2026-02-15 17:20:00,360.67,1,119.38,0.899,59.94
2026-02-15 17:30:00,359.85,1,118.1,0.882,59.98
2026-02-15 17:40:00,258.66,1,119.47,0.878,59.94
2026-02-15 17:50:00,383.15,1,118.16,0.899,59.96
2026-02-15 18:00:00,495.86,1,116.46,0.925,59.96
2026-02-15 18:10:00,346.79,1,119.74,0.916,59.93
2026-02-15 18:20:00,420.46,1,118.88,0.909,59.93
2026-02-15 18:30:00,313.13,1,118.08,0.917,59.95
2026-02-15 18:40:00,424.07,1,117.73,0.911,59.96
2026-02-15 18:50:00,330.57,1,116.78,0.913,59.97
2026-02-15 19:00:00,481.07,1,119.67,0.908,59.97
2026-02-15 19:10:00,324.66,1,118.95,0.918,59.96
2026-02-15 19:20:00,433.829,1,117.771,0.911,59.957
2026-02-15 19:30:00,392.76,1,117.83,0.925,59.96
2026-02-15 19:40:00,449.25,1,119.04,0.915,59.97
2026-02-15 19:50:00,560.93,1,116.92,0.931,59.95
2026-02-15 20:00:00,1293.27,1,115.98,0.963,59.96
2026-02-15 20:10:00,421.17,1,119.21,0.902,59.97
2026-02-15 20:20:00,538.84,1,119.57,0.912,59.96
2026-02-15 20:30:00,530.5,1,119.14,0.925,59.94
2026-02-15 20:40:00,346.81,1,120.43,0.905,59.93
2026-02-15 20:50:00,353.57,1,120.44,0.906,59.96
2026-02-15 21:00:00,671.08,1,119.88,0.972,59.99
2026-02-15 21:10:00,242.57,1,121.29,0.899,59.96
2026-02-15 21:20:00,613.53,1,119.39,0.906,59.94
2026-02-15 21:30:00,500.41,1,118.77,0.892,59.99
2026-02-15 21:40:00,340.21,1,119.5,0.85,59.93
2026-02-15 21:50:00,264.722,1,119.778,0.871,59.933
2026-02-15 22:00:00,323.82,1,120.15,0.85,59.93
2026-02-15 22:10:00,516.05,1,120.54,0.922,59.96
2026-02-15 22:20:00,298.91,1,120.85,0.839,59.96
2026-02-15 22:30:00,255.17,1,121.02,0.857,59.98
2026-02-15 22:40:00,287.83,1,120.28,0.838,59.98
2026-02-15 22:50:00,214.3,1,120.61,0.843,59.98
2026-02-15 23:00:00,277.12,1,120.39,0.838,59.97
2026-02-15 23:10:00,245.16,1,121.29,0.839,59.97
2026-02-15 23:20:00,294.45,1,120.68,0.844,59.95
2026-02-15 23:30:00,272.36,1,120.48,0.832,59.94
2026-02-15 23:40:00,212.82,1,120.79,0.838,59.98
2026-02-15 23:50:00,285.11,1,120.41,0.834,59.97
2026-02-16 00:00:00,246.69,1,121.88,0.839,59.97
2026-02-16 00:10:00,294.91,1,121.34,0.823,59.97
2026-02-16 00:20:00,177.02,1,121.83,0.825,59.96
2026-02-16 00:30:00,328.4,1,120.16,0.829,59.96
2026-02-16 00:40:00,210.812,1,120.55,0.829,59.95
2026-02-16 00:50:00,250.56,1,120.98,0.828,59.96
2026-02-16 01:00:00,238.82,1,121.83,0.83,59.94
2026-02-16 01:10:00,190.2,1,122.075,0.835,59.962
2026-02-16 01:20:00,318.0,1,121.53,0.836,59.98
2026-02-16 01:30:00,220.37,1,121.47,0.844,59.96
2026-02-16 01:40:00,277.0,1,120.41,0.829,59.98
2026-02-16 01:50:00,174.4,1,121.53,0.834,59.96
2026-02-16 02:00:00,278.75,1,120.85,0.829,59.97
2026-02-16 02:10:00,256.52,1,121.47,0.841,59.96
2026-02-16 02:20:00,258.32,1,121.47,0.827,59.95
2026-02-16 02:30:00,270.26,1,121.07,0.843,59.97
2026-02-16 02:40:00,230.09,1,120.89,0.832,59.95
2026-02-16 02:50:00,281.37,1,120.67,0.846,59.94
2026-02-16 03:00:00,504.39,1,120.88,0.941,59.93
2026-02-16 03:10:00,207.26,1,121.41,0.845,59.98
2026-02-16 03:20:00,340.25,1,121.03,0.857,59.95
2026-02-16 03:30:00,329.77,1,120.67,0.83,59.95
2026-02-16 03:40:00,261.52,1,120.52,0.827,59.95
2026-02-16 03:50:00,233.92,1,121.21,0.829,59.98
2026-02-16 04:00:00,263.17,1,121.15,0.827,59.97
2026-02-16 04:10:00,214.66,1,121.24,0.832,59.93
2026-02-16 04:20:00,247.41,1,121.06,0.824,59.95
2026-02-16 04:30:00,250.6,1,121.07,0.838,59.95
2026-02-16 04:40:00,229.57,1,120.27,0.821,59.98
2026-02-16 04:50:00,296.52,1,119.74,0.831,59.95
2026-02-16 05:00:00,218.09,1,120.66,0.825,59.97
2026-02-16 05:10:00,312.45,1,120.83,0.832,59.95
2026-02-16 05:20:00,186.83,1,121.36,0.831,59.98
2026-02-16 05:30:00,277.11,1,120.68,0.824,59.99
2026-02-16 05:40:00,271.81,1,119.24,0.855,59.98
2026-02-16 05:50:00,273.51,1,119.13,0.827,59.95
2026-02-16 06:00:00,193.18,1,118.26,0.833,59.95
2026-02-16 06:10:00,309.98,1,119.11,0.837,59.96
2026-02-16 06:20:00,244.26,1,121.23,0.837,59.98
2026-02-16 06:30:00,240.98,1,122.45,0.824,59.94
2026-02-16 06:40:00,275.94,1,121.79,0.844,59.98
2026-02-16 06:50:00,208.2,1,122.23,0.828,59.96
2026-02-16 07:00:00,255.36,1,121.73,0.822,59.98
2026-02-16 07:10:00,180.04,1,122.33,0.835,59.97
2026-02-16 07:20:00,328.88,1,120.84,0.842,59.92
2026-02-16 07:30:00,211.14,1,120.41,0.831,59.95
2026-02-16 07:40:00,266.65,1,119.73,0.838,59.96
2026-02-16 07:50:00,302.34,1,119.38,0.884,59.93
2026-02-16 08:00:00,450.05,1,119.04,0.901,59.95
2026-02-16 08:10:00,227.72,1,119.98,0.852,59.97
2026-02-16 08:20:00,269.27,1,120.25,0.856,59.94
2026-02-16 08:30:00,258.16,1,119.16,0.834,59.94
2026-02-16 08:40:00,191.65,1,119.24,0.836,59.97
2026-02-16 08:50:00,381.17,1,117.32,0.87,59.96
2026-02-16 09:00:00,913.38,1,115.83,0.985,59.99
2026-02-16 09:10:00,461.58,1,117.87,0.912,59.97
2026-02-16 09:20:00,1467.54,1,114.62,0.937,59.97
2026-02-16 09:30:00,426.48,1,119.12,0.846,59.91
2026-02-16 09:40:00,670.88,1,119.88,0.884,59.94
2026-02-16 09:50:00,662.47,1,119.69,0.942,59.96
2026-02-16 10:00:00,389.2,1,118.85,0.859,59.96
2026-02-16 10:10:00,309.94,1,119.76,0.852,59.96
2026-02-16 10:20:00,269.48,1,119.83,0.828,59.93
2026-02-16 10:30:00,203.67,1,121.61,0.834,59.99
2026-02-16 10:40:00,381.533,1,120.033,0.849,59.956
2026-02-16 10:50:00,381.2,1,120.73,0.883,59.96
2026-02-16 11:00:00,490.44,1,122.26,0.856,59.96
2026-02-16 11:10:00,632.13,1,122.5,0.911,59.96
2026-02-16 11:20:00,355.09,1,121.29,0.846,59.94
2026-02-16 11:30:00,548.92,1,120.64,0.922,59.95
2026-02-16 11:40:00,488.02,1,120.62,0.857,59.98
2026-02-16 11:50:00,430.62,1,120.71,0.893,59.96
2026-02-16 12:00:00,652.1,1,120.91,0.882,59.95
2026-02-16 12:10:00,263.14,1,122.33,0.864,59.97
2026-02-16 12:20:00,367.08,1,121.52,0.821,60.0
2026-02-16 12:30:00,271.93,1,121.28,0.862,59.94
2026-02-16 12:40:00,366.01,1,118.03,0.852,59.97
2026-02-16 12:50:00,323.02,1,117.5,0.864,59.98
2026-02-16 13:00:00,513.63,1,115.94,0.914,59.94
2026-02-16 13:10:00,838.98,1,119.68,0.925,59.96
2026-02-16 13:20:00,285.95,1,120.61,0.882,59.97
2026-02-16 13:30:00,317.87,1,121.12,0.872,59.97
2026-02-16 13:40:00,469.48,1,121.61,0.909,59.98
2026-02-16 13:50:00,491.41,1,121.59,0.894,59.98
2026-02-16 14:00:00,375.75,1,121.55,0.892,59.94
2026-02-16 14:10:00,357.03,1,121.59,0.845,59.98
2026-02-16 14:20:00,223.21,1,123.0,0.828,59.95
2026-02-16 14:30:00,259.14,1,122.66,0.824,59.97
2026-02-16 14:40:00,226.73,1,122.53,0.833,59.97
2026-02-16 14:50:00,292.18,1,122.89,0.845,59.98
2026-02-16 15:00:00,609.61,1,122.39,0.974,59.95
2026-02-16 15:10:00,234.36,1,123.05,0.864,59.98
2026-02-16 15:20:00,444.333,1,121.9,0.882,59.978
2026-02-16 15:30:00,335.267,1,122.667,0.838,59.944
2026-02-16 15:40:00,330.45,1,119.85,0.845,59.98
2026-02-16 15:50:00,333.75,1,118.81,0.874,59.97
2026-02-16 16:00:00,267.14,1,119.54,0.849,59.95
2026-02-16 16:10:00,347.18,1,119.09,0.854,59.96
2026-02-16 16:20:00,404.32,1,120.87,0.872,59.97
2026-02-16 16:30:00,350.11,1,121.02,0.848,59.97
2026-02-16 16:40:00,403.37,1,120.09,0.865,59.97
2026-02-16 16:50:00,315.22,1,121.38,0.85,59.96
2026-02-16 17:00:00,312.14,1,122.0,0.87,59.97
2026-02-16 17:10:00,362.55,1,121.97,0.819,59.96
2026-02-16 17:20:00,411.76,1,122.04,0.736,59.95
2026-02-16 17:30:00,388.18,1,120.76,0.747,59.95
2026-02-16 17:40:00,403.59,1,119.82,0.744,59.95
2026-02-16 17:50:00,479.04,1,119.63,0.796,59.94
2026-02-16 18:00:00,517.73,1,120.42,0.784,59.98
2026-02-16 18:10:00,429.53,1,121.16,0.792,59.93
2026-02-16 18:20:00,459.15,1,120.41,0.896,59.96
2026-02-16 18:30:00,466.85,1,120.79,0.908,59.97
2026-02-16 18:40:00,544.31,1,119.54,0.808,59.98
2026-02-16 18:50:00,461.87,1,118.98,0.846,59.96
2026-02-16 19:00:00,564.51,1,118.17,0.828,59.96
2026-02-16 19:10:00,882.13,1,118.22,0.915,59.96
2026-02-16 19:20:00,565.65,1,120.22,0.888,59.98
2026-02-16 19:30:00,328.26,1,120.93,0.917,59.96
2026-02-16 19:40:00,607.74,1,120.07,0.917,59.95
2026-02-16 19:50:00,1027.9,1,119.02,0.952,59.94
2026-02-16 20:00:00,468.38,1,120.06,0.905,59.98
2026-02-16 20:10:00,308.91,1,120.75,0.904,59.93
2026-02-16 20:20:00,623.2,1,120.371,0.894,60.0
2026-02-16 20:30:00,240.56,1,121.29,0.893,59.98
2026-02-16 20:40:00,363.07,1,118.31,0.881,59.94
2026-02-16 20:50:00,337.73,1,120.36,0.913,59.95
2026-02-16 21:00:00,582.63,1,121.92,0.962,59.96
2026-02-16 21:10:00,248.37,1,122.88,0.892,59.94
2026-02-16 21:20:00,630.05,1,121.71,0.906,59.94
2026-02-16 21:30:00,527.45,1,120.16,0.897,59.93
2026-02-16 21:40:00,350.775,1,122.75,0.837,59.95
2026-02-16 21:50:00,202.88,1,122.7,0.849,59.93
2026-02-16 22:00:00,395.922,1,121.244,0.846,59.944
2026-02-16 22:10:00,555.46,1,121.97,0.929,59.96
2026-02-16 22:20:00,315.91,1,123.5,0.822,59.94
2026-02-16 22:30:00,191.57,1,123.35,0.834,59.96
2026-02-16 22:40:00,312.47,1,121.74,0.823,59.96
2026-02-16 22:50:00,169.25,1,121.53,0.829,59.96
2026-02-16 23:00:00,400.98,1,120.86,0.829,59.96
2026-02-16 23:10:00,168.29,1,121.61,0.844,59.93
2026-02-16 23:20:00,291.88,1,119.59,0.836,59.98
2026-02-16 23:30:00,199.8,1,119.33,0.839,59.96
2026-02-16 23:40:00,280.25,1,117.32,0.844,59.96
2026-02-16 23:50:00,261.06,1,120.83,0.86,59.96
2026-02-17 00:00:00,268.32,1,121.28,0.841,59.97
2026-02-17 00:10:00,222.25,1,121.59,0.841,59.96
2026-02-17 00:20:00,250.73,1,121.47,0.834,59.97
2026-02-17 00:30:00,236.93,1,121.28,0.839,59.97
2026-02-17 00:40:00,238.28,1,122.34,0.832,59.97
2026-02-17 00:50:00,262.144,1,121.8,0.828,59.978
2026-02-17 01:00:00,187.867,1,122.244,0.836,59.967
2026-02-17 01:10:00,274.97,1,121.86,0.824,59.97
2026-02-17 01:20:00,182.72,1,122.22,0.844,59.97
2026-02-17 01:30:00,286.64,1,121.27,0.828,59.96
2026-02-17 01:40:00,171.85,1,121.77,0.837,59.97
2026-02-17 01:50:00,324.55,1,121.23,0.834,59.95
2026-02-17 02:00:00,200.7,1,121.89,0.834,59.95
2026-02-17 02:10:00,255.38,1,121.53,0.832,59.98
2026-02-17 02:20:00,211.73,1,121.29,0.842,59.95
2026-02-17 02:30:00,277.22,1,120.98,0.843,59.96
2026-02-17 02:40:00,232.98,1,121.53,0.829,59.97
2026-02-17 02:50:00,261.15,1,121.57,0.847,59.93
2026-02-17 03:00:00,554.24,1,120.72,0.941,59.96
2026-02-17 03:10:00,165.37,1,121.66,0.838,59.95
2026-02-17 03:20:00,262.29,1,121.53,0.834,59.94
2026-02-17 03:30:00,325.67,1,120.97,0.829,59.96
2026-02-17 03:40:00,324.83,1,121.22,0.84,59.94
2026-02-17 03:50:00,226.838,1,121.225,0.83,59.95
2026-02-17 04:00:00,261.49,1,121.58,0.829,59.95
2026-02-17 04:10:00,223.275,1,121.7,0.831,59.938
2026-02-17 04:20:00,289.84,1,120.88,0.841,59.98
2026-02-17 04:30:00,229.93,1,121.17,0.837,59.97
2026-02-17 04:40:00,278.24,1,121.11,0.839,59.98
2026-02-17 04:50:00,248.34,1,121.2,0.83,59.97
2026-02-17 05:00:00,214.1,1,121.43,0.828,59.94
2026-02-17 05:10:00,258.6,1,119.66,0.833,59.95
2026-02-17 05:20:00,198.0,1,121.16,0.834,59.95
2026-02-17 05:30:00,272.52,1,120.4,0.83,59.94
2026-02-17 05:40:00,187.1,1,121.52,0.834,59.94
2026-02-17 05:50:00,271.81,1,120.93,0.828,59.99
2026-02-17 06:00:00,168.5,1,121.28,0.837,59.96
2026-02-17 06:10:00,263.41,1,118.41,0.83,59.96
2026-02-17 06:20:00,191.05,1,122.19,0.838,59.99
2026-02-17 06:30:00,366.27,1,121.95,0.842,59.95
2026-02-17 06:40:00,180.67,1,122.2,0.842,59.96
2026-02-17 06:50:00,248.92,1,121.66,0.826,59.95
2026-02-17 07:00:00,210.92,1,121.86,0.836,59.95
2026-02-17 07:10:00,222.62,1,121.79,0.833,59.94
2026-02-17 07:20:00,220.44,1,121.32,0.835,59.96
2026-02-17 07:30:00,207.84,1,121.23,0.842,59.97
2026-02-17 07:40:00,1177.72,1,117.07,0.947,59.96
2026-02-17 07:50:00,260.81,1,120.26,0.854,59.95
2026-02-17 08:00:00,250.39,1,118.56,0.836,59.97
2026-02-17 08:10:00,226.29,1,118.97,0.856,59.93
2026-02-17 08:20:00,549.33,1,118.09,0.889,59.94
2026-02-17 08:30:00,956.25,1,117.71,0.968,59.97
2026-02-17 08:40:00,633.39,1,119.41,0.879,59.96
2026-02-17 08:50:00,1303.87,1,117.18,0.983,59.96
2026-02-17 09:00:00,1081.55,1,116.64,0.974,59.95
2026-02-17 09:10:00,608.15,1,116.61,0.957,59.92
2026-02-17 09:20:00,509.14,1,119.02,0.876,59.92
2026-02-17 09:30:00,715.74,1,118.81,0.894,59.95
2026-02-17 09:40:00,298.96,1,119.41,0.825,59.96
2026-02-17 09:50:00,328.52,1,119.78,0.874,59.98
2026-02-17 10:00:00,297.6,1,120.27,0.824,59.95
2026-02-17 10:10:00,291.21,1,119.11,0.852,59.95
2026-02-17 10:20:00,221.93,1,120.16,0.837,59.98
2026-02-17 10:30:00,236.62,1,120.2,0.829,59.97
2026-02-17 10:40:00,372.43,1,119.92,0.865,59.99
2026-02-17 10:50:00,306.98,1,120.07,0.847,59.98
2026-02-17 11:00:00,257.41,1,119.8,0.845,59.94
2026-02-17 11:10:00,405.74,1,118.87,0.856,59.95
2026-02-17 11:20:00,400.96,1,119.1,0.884,59.97
2026-02-17 11:30:00,278.88,1,119.99,0.823,59.94
2026-02-17 11:40:00,207.39,1,119.83,0.825,59.98
2026-02-17 11:50:00,305.96,1,119.32,0.834,59.99
2026-02-17 12:00:00,351.36,1,118.84,0.871,59.95
2026-02-17 12:10:00,411.97,1,118.94,0.864,59.95
2026-02-17 12:20:00,394.52,1,118.97,0.894,59.96
2026-02-17 12:30:00,566.28,1,119.48,0.884,59.94
2026-02-17 12:40:00,360.61,1,119.55,0.866,59.94
2026-02-17 12:50:00,296.43,1,119.25,0.86,59.95
2026-02-17 13:00:00,301.46,1,119.65,0.826,59.95
2026-02-17 13:10:00,172.41,1,120.6,0.84,59.97
2026-02-17 13:20:00,296.08,1,119.62,0.827,59.94
2026-02-17 13:30:00,165.286,1,119.171,0.837,59.986
2026-02-17 13:40:00,338.76,1,118.88,0.835,59.99
2026-02-17 13:50:00,161.69,1,120.42,0.844,59.94
2026-02-17 14:00:00,282.19,1,119.11,0.83,59.94
2026-02-17 14:10:00,259.33,1,118.01,0.85,59.93
2026-02-17 14:20:00,339.93,1,118.49,0.855,59.96
2026-02-17 14:30:00,274.98,1,119.14,0.846,59.94
2026-02-17 14:40:00,239.78,1,120.98,0.832,59.95
2026-02-17 14:50:00,258.77,1,120.76,0.852,59.97
2026-02-17 15:00:00,533.13,1,119.59,0.958,59.97
2026-02-17 15:10:00,290.75,1,121.59,0.877,59.91
2026-02-17 15:20:00,376.93,1,121.12,0.858,59.95
2026-02-17 15:30:00,398.54,1,121.06,0.84,59.98
2026-02-17 15:40:00,336.03,1,120.74,0.832,59.93
2026-02-17 15:50:00,174.89,1,121.6,0.829,59.98
2026-02-17 16:00:00,487.43,1,121.03,0.85,59.95
2026-02-17 16:10:00,704.73,1,120.62,0.951,59.98
2026-02-17 16:20:00,295.088,1,121.488,0.821,59.975
2026-02-17 16:30:00,193.744,1,121.467,0.819,59.933
2026-02-17 16:40:00,311.289,1,120.844,0.82,59.944
2026-02-17 16:50:00,258.68,1,121.68,0.863,59.96
2026-02-17 17:00:00,369.06,1,121.97,0.873,59.96
2026-02-17 17:10:00,287.72,1,121.83,0.886,59.94
2026-02-17 17:20:00,363.03,1,117.84,0.885,59.96
2026-02-17 17:30:00,439.4,1,124.76,0.859,59.97
2026-02-17 17:40:00,524.93,1,121.23,0.787,59.93
2026-02-17 17:50:00,326.59,1,122.52,0.914,59.94
2026-02-17 18:00:00,417.32,1,121.71,0.901,59.97
2026-02-17 18:10:00,402.84,1,119.54,0.852,59.96
2026-02-17 18:20:00,517.78,1,119.34,0.794,59.97
2026-02-17 18:30:00,415.72,1,119.52,0.831,59.97
2026-02-17 18:40:00,505.46,1,118.77,0.809,59.96
2026-02-17 18:50:00,286.47,1,117.99,0.889,59.95
2026-02-17 19:00:00,502.638,1,116.8,0.915,59.962
2026-02-17 19:10:00,1131.55,1,114.48,0.968,59.93
2026-02-17 19:20:00,1187.622,1,115.889,0.943,59.989
2026-02-17 19:30:00,351.283,1,119.267,0.903,59.917
2026-02-17 19:40:00,422.444,1,117.844,0.896,59.933
2026-02-17 19:50:00,261.04,1,118.93,0.899,59.93
2026-02-17 20:00:00,504.262,1,118.738,0.901,59.95
2026-02-17 20:10:00,395.62,1,119.11,0.925,59.97
2026-02-17 20:20:00,545.52,1,118.52,0.91,59.93
2026-02-17 20:30:00,233.06,1,120.29,0.898,59.97
2026-02-17 20:40:00,373.95,1,119.79,0.875,59.95
2026-02-17 20:50:00,433.27,1,120.44,0.937,59.94
2026-02-17 21:00:00,804.44,1,120.07,0.969,59.94
2026-02-17 21:10:00,289.56,1,122.06,0.903,59.92
2026-02-17 21:20:00,331.99,1,122.16,0.879,59.96
2026-02-17 21:30:00,591.97,1,121.62,0.889,59.96
2026-02-17 21:40:00,646.28,1,122.04,0.88,59.98
2026-02-17 21:50:00,178.88,1,124.51,0.854,59.96
2026-02-17 22:00:00,328.89,1,120.48,0.827,59.98
2026-02-17 22:10:00,231.96,1,118.33,0.844,59.94
2026-02-17 22:20:00,288.78,1,118.69,0.828,59.98
2026-02-17 22:30:00,184.34,1,120.56,0.839,59.94
2026-02-17 22:40:00,259.45,1,119.412,0.832,59.95
2026-02-17 22:50:00,178.99,1,117.02,0.844,59.95
2026-02-17 23:00:00,325.26,1,116.03,0.852,59.94
2026-02-17 23:10:00,190.325,1,120.55,0.837,59.912
2026-02-17 23:20:00,276.425,1,120.125,0.837,59.962
2026-02-17 23:30:00,209.24,1,120.94,0.835,59.96
2026-02-17 23:40:00,334.8,1,120.29,0.84,59.93
2026-02-17 23:50:00,208.88,1,121.37,0.842,59.99
2026-02-18 00:00:00,283.61,1,120.92,0.836,59.96
2026-02-18 00:10:00,259.05,1,121.125,0.851,59.975
2026-02-18 00:20:00,281.02,1,121.34,0.824,59.99
2026-02-18 00:30:00,237.88,1,121.07,0.838,59.98
2026-02-18 00:40:00,276.11,1,120.77,0.822,59.97
2026-02-18 00:50:00,187.28,1,121.85,0.832,59.91
2026-02-18 01:00:00,288.04,1,121.18,0.825,59.98
2026-02-18 01:10:00,174.6,1,121.66,0.832,59.97
2026-02-18 01:20:00,303.12,1,120.87,0.831,59.94
2026-02-18 01:30:00,170.81,1,121.19,0.831,59.94
2026-02-18 01:40:00,288.31,1,120.8,0.824,59.98
2026-02-18 01:50:00,168.45,1,121.38,0.835,59.93
2026-02-18 02:00:00,288.37,1,120.68,0.826,59.97
2026-02-18 02:10:00,183.4,1,121.16,0.837,59.98
2026-02-18 02:20:00,272.96,1,121.39,0.824,59.95
2026-02-18 02:30:00,184.21,1,121.51,0.838,59.98
2026-02-18 02:40:00,275.93,1,121.23,0.823,59.96
2026-02-18 02:50:00,214.07,1,121.26,0.85,59.98
2026-02-18 03:00:00,496.73,1,119.96,0.942,59.95
2026-02-18 03:10:00,219.39,1,120.84,0.849,59.94
2026-02-18 03:20:00,264.54,1,121.14,0.833,59.98
2026-02-18 03:30:00,321.25,1,120.77,0.83,59.95
2026-02-18 03:40:00,310.38,1,121.08,0.826,59.94
2026-02-18 03:50:00,186.15,1,121.89,0.83,59.95
2026-02-18 04:00:00,328.64,1,120.85,0.836,59.97
2026-02-18 04:10:00,168.87,1,121.32,0.836,59.96
2026-02-18 04:20:00,308.51,1,120.58,0.829,59.95
2026-02-18 04:30:00,168.92,1,121.52,0.832,59.95
2026-02-18 04:40:00,305.28,1,120.61,0.826,59.92
2026-02-18 04:50:00,166.11,1,119.58,0.826,59.95
2026-02-18 05:00:00,284.14,1,120.19,0.826,59.94
2026-02-18 05:10:00,168.5,1,118.72,0.836,59.94
2026-02-18 05:20:00,286.03,1,119.43,0.829,59.96
2026-02-18 05:30:00,221.88,1,119.47,0.838,59.94
2026-02-18 05:40:00,448.04,1,117.65,0.855,59.91
2026-02-18 05:50:00,175.95,1,118.81,0.832,60.0
2026-02-18 06:00:00,564.6,1,117.19,0.893,59.94
2026-02-18 06:10:00,343.26,1,116.82,0.899,59.94
2026-02-18 06:20:00,308.69,1,118.72,0.872,59.99
2026-02-18 06:30:00,237.15,1,118.788,0.898,59.962
2026-02-18 06:40:00,527.99,1,117.31,0.908,59.96
2026-02-18 06:50:00,340.52,1,118.95,0.919,59.97
2026-02-18 07:00:00,344.47,1,118.85,0.895,59.94
2026-02-18 07:10:00,240.5,1,117.38,0.907,59.98
2026-02-18 07:20:00,341.94,1,118.3,0.894,59.95
2026-02-18 07:30:00,243.44,1,120.33,0.906,59.94
2026-02-18 07:40:00,336.85,1,117.57,0.89,59.94
2026-02-18 07:50:00,222.71,1,118.26,0.895,59.94
2026-02-18 08:00:00,406.81,1,117.82,0.888,59.97
2026-02-18 08:10:00,222.51,1,118.12,0.904,59.95
2026-02-18 08:20:00,426.06,1,117.3,0.896,59.95
2026-02-18 08:30:00,322.64,1,117.14,0.908,59.94
2026-02-18 08:40:00,309.75,1,117.06,0.843,59.96
2026-02-18 08:50:00,258.74,1,119.14,0.87,59.97
2026-02-18 09:00:00,563.86,1,116.54,0.958,59.98
2026-02-18 09:10:00,160.86,1,118.06,0.837,59.97
2026-02-18 09:20:00,304.48,1,115.72,0.85,59.94
2026-02-18 09:30:00,1007.97,1,111.78,0.928,59.96
2026-02-18 09:40:00,665.08,1,116.48,0.876,59.98
2026-02-18 09:50:00,247.73,1,119.22,0.839,59.96
2026-02-18 10:00:00,300.24,1,119.36,0.831,59.95
2026-02-18 10:10:00,160.06,1,118.08,0.838,59.97
2026-02-18 10:20:00,448.94,1,116.74,0.864,59.98
2026-02-18 10:30:00,164.9,1,119.4,0.84,59.96
2026-02-18 10:40:00,302.86,1,118.79,0.837,59.98
2026-02-18 10:50:00,219.35,1,119.17,0.849,59.98
2026-02-18 11:00:00,402.05,1,117.8,0.855,59.95
2026-02-18 11:10:00,254.41,1,115.22,0.883,59.93
2026-02-18 11:20:00,564.4,1,115.98,0.897,59.98
2026-02-18 11:30:00,493.37,1,117.73,0.93,59.94
2026-02-18 11:40:00,481.72,1,117.81,0.908,59.98
2026-02-18 11:50:00,328.49,1,117.95,0.899,59.96
2026-02-18 12:00:00,302.07,1,117.69,0.888,59.97
2026-02-18 12:10:00,292.86,1,118.5,0.888,59.97
2026-02-18 12:20:00,354.74,1,118.56,0.889,59.92
2026-02-18 12:30:00,404.78,1,117.92,0.9,59.97
2026-02-18 12:40:00,341.46,1,119.08,0.894,59.99
2026-02-18 12:50:00,354.82,1,119.61,0.897,59.95
2026-02-18 13:00:00,345.46,1,119.23,0.899,59.94
2026-02-18 13:10:00,304.36,1,119.57,0.888,59.95
2026-02-18 13:20:00,406.61,1,119.17,0.899,59.93
2026-02-18 13:30:00,395.45,1,118.838,0.91,59.962
2026-02-18 13:40:00,355.93,1,119.3,0.892,59.97
2026-02-18 13:50:00,338.24,1,119.28,0.896,59.99
2026-02-18 14:00:00,381.42,1,118.28,0.88,59.97
2026-02-18 14:10:00,364.21,1,119.34,0.879,59.95
2026-02-18 14:20:00,627.77,1,119.39,0.9,59.96
2026-02-18 14:30:00,288.47,1,119.33,0.885,59.98
2026-02-18 14:40:00,373.11,1,118.75,0.853,59.93
2026-02-18 14:50:00,239.55,1,118.25,0.856,59.95
2026-02-18 15:00:00,528.01,1,118.33,0.959,59.95
2026-02-18 15:10:00,368.44,1,118.42,0.895,59.96
2026-02-18 15:20:00,1157.71,1,116.29,0.963,59.95
2026-02-18 15:30:00,837.48,1,117.07,0.927,59.97
2026-02-18 15:40:00,734.84,1,118.29,0.913,59.96
2026-02-18 15:50:00,750.75,1,119.2,0.94,59.97
2026-02-18 16:00:00,459.35,1,120.26,0.879,59.94
2026-02-18 16:10:00,560.65,1,118.97,0.914,59.95
2026-02-18 16:20:00,294.8,1,120.06,0.835,59.99
2026-02-18 16:30:00,409.89,1,119.54,0.886,59.94
2026-02-18 16:40:00,289.85,1,120.7,0.82,59.92
2026-02-18 16:50:00,180.89,1,120.65,0.822,59.96
2026-02-18 17:00:00,291.26,1,120.64,0.823,59.96
2026-02-18 17:10:00,180.42,1,121.17,0.823,59.94
2026-02-18 17:20:00,441.61,1,119.83,0.844,59.96
2026-02-18 17:30:00,282.17,1,120.64,0.847,59.99
2026-02-18 17:40:00,288.93,1,120.26,0.821,59.97
2026-02-18 17:50:00,166.34,1,121.93,0.824,59.98
2026-02-18 18:00:00,849.59,1,120.01,0.887,59.99
2026-02-18 18:10:00,330.17,1,120.48,0.878,59.97
2026-02-18 18:20:00,463.15,1,119.05,0.857,59.96
2026-02-18 18:30:00,225.48,1,118.87,0.83,59.97
2026-02-18 18:40:00,380.34,1,118.26,0.85,59.97
2026-02-18 18:50:00,178.75,1,118.39,0.826,59.95
2026-02-18 19:00:00,301.66,1,116.88,0.837,59.97
2026-02-18 19:10:00,184.79,1,118.74,0.836,59.94
2026-02-18 19:20:00,305.49,1,119.25,0.839,59.95
2026-02-18 19:30:00,182.66,1,118.78,0.838,59.97
2026-02-18 19:40:00,303.79,1,118.06,0.839,59.97
2026-02-18 19:50:00,180.02,1,117.9,0.828,59.98
2026-02-18 20:00:00,300.78,1,117.68,0.837,59.98
2026-02-18 20:10:00,236.12,1,118.56,0.846,59.97
2026-02-18 20:20:00,379.28,1,117.33,0.879,59.95
2026-02-18 20:30:00,245.42,1,116.73,0.89,59.95
2026-02-18 20:40:00,518.92,1,113.22,0.896,59.97
2026-02-18 20:50:00,340.78,1,116.13,0.913,59.95
2026-02-18 21:00:00,607.3,1,115.87,0.962,59.98
2026-02-18 21:10:00,315.812,1,118.1,0.9,59.988
2026-02-18 21:20:00,775.1,1,116.76,0.925,59.96
2026-02-18 21:30:00,684.8,1,118.722,0.906,59.967
2026-02-18 21:40:00,423.75,1,119.21,0.874,59.95
2026-02-18 21:50:00,195.0,1,121.75,0.851,59.95
2026-02-18 22:00:00,632.26,1,119.87,0.887,59.97
2026-02-18 22:10:00,190.49,1,117.84,0.849,59.96
2026-02-18 22:20:00,295.45,1,119.41,0.836,59.93
2026-02-18 22:30:00,301.69,1,119.86,0.857,59.95
2026-02-18 22:40:00,280.54,1,120.04,0.829,59.94
2026-02-18 22:50:00,201.44,1,120.52,0.834,59.96
2026-02-18 23:00:00,482.83,1,119.68,0.868,59.96
2026-02-18 23:10:00,202.73,1,121.4,0.834,59.99
2026-02-18 23:20:00,279.67,1,120.78,0.83,59.95
2026-02-18 23:30:00,312.13,1,120.42,0.866,59.98
2026-02-18 23:40:00,288.97,1,119.91,0.841,59.94
2026-02-18 23:50:00,211.6,1,120.37,0.848,59.93
2026-02-19 00:00:00,291.19,1,120.89,0.84,59.94
2026-02-19 00:10:00,199.27,1,120.35,0.843,59.95
2026-02-19 00:20:00,286.28,1,120.06,0.841,59.93
2026-02-19 00:30:00,247.64,1,120.77,0.858,59.96
2026-02-19 00:40:00,288.82,1,120.99,0.838,59.98
2026-02-19 00:50:00,194.82,1,120.85,0.844,59.95
2026-02-19 01:00:00,280.18,1,120.23,0.832,59.93
2026-02-19 01:10:00,192.11,1,121.32,0.832,59.98
2026-02-19 01:20:00,343.24,1,121.17,0.829,59.96
2026-02-19 01:30:00,227.85,1,121.6,0.842,59.98
2026-02-19 01:40:00,293.23,1,121.0,0.827,59.95
2026-02-19 01:50:00,171.72,1,120.7,0.835,59.96
2026-02-19 02:00:00,276.59,1,120.43,0.828,59.98
2026-02-19 02:10:00,167.8,1,121.05,0.836,59.96
2026-02-19 02:20:00,271.81,1,121.37,0.825,59.96
2026-02-19 02:30:00,172.28,1,121.49,0.833,59.97
2026-02-19 02:40:00,293.53,1,121.37,0.828,59.96
2026-02-19 02:50:00,218.86,1,121.14,0.853,59.95
2026-02-19 03:00:00,551.46,1,120.43,0.952,59.97
2026-02-19 03:10:00,167.738,1,121.362,0.831,59.962
2026-02-19 03:20:00,265.26,1,121.1,0.832,59.93
2026-02-19 03:30:00,326.27,1,121.67,0.829,59.97
2026-02-19 03:40:00,344.3,1,121.35,0.833,59.93
2026-02-19 03:50:00,203.54,1,121.75,0.833,59.95
2026-02-19 04:00:00,293.44,1,120.56,0.829,59.92
2026-02-19 04:10:00,172.82,1,121.28,0.832,59.96
2026-02-19 04:20:00,296.87,1,121.1,0.832,59.93
2026-02-19 04:30:00,170.76,1,121.68,0.839,59.96
2026-02-19 04:40:00,345.35,1,120.91,0.843,59.95
2026-02-19 04:50:00,170.13,1,121.37,0.834,59.96
2026-02-19 05:00:00,288.32,1,120.41,0.825,59.96
2026-02-19 05:10:00,223.33,1,119.61,0.843,59.97
2026-02-19 05:20:00,287.86,1,119.36,0.831,59.97
2026-02-19 05:30:00,169.24,1,119.28,0.829,59.93
2026-02-19 05:40:00,1099.53,1,116.6,0.933,59.96
2026-02-19 05:50:00,272.42,1,119.72,0.854,59.95
2026-02-19 06:00:00,418.93,1,118.52,0.882,59.95
2026-02-19 06:10:00,290.69,1,119.0,0.875,59.96
2026-02-19 06:20:00,289.0,1,118.84,0.836,59.95
2026-02-19 06:30:00,165.99,1,120.11,0.832,59.99
2026-02-19 06:40:00,284.73,1,118.94,0.828,59.96
2026-02-19 06:50:00,214.25,1,120.46,0.85,59.93
2026-02-19 07:00:00,390.03,1,119.17,0.851,59.98
2026-02-19 07:10:00,202.79,1,118.91,0.846,59.96
2026-02-19 07:20:00,288.21,1,118.14,0.85,59.97
2026-02-19 07:30:00,388.1,1,117.22,0.881,59.97
2026-02-19 07:40:00,286.81,1,117.55,0.85,59.96
2026-02-19 07:50:00,298.97,1,117.37,0.846,59.94
2026-02-19 08:00:00,224.41,1,117.7,0.842,59.94
2026-02-19 08:10:00,324.44,1,117.38,0.852,59.96
2026-02-19 08:20:00,223.71,1,116.92,0.836,59.93
2026-02-19 08:30:00,418.65,1,117.49,0.868,59.93
2026-02-19 08:40:00,282.15,1,118.28,0.849,59.95
2026-02-19 08:50:00,314.46,1,118.76,0.863,59.96
2026-02-19 09:00:00,633.31,1,117.1,0.951,59.93
2026-02-19 09:10:00,284.84,1,119.53,0.863,59.97
2026-02-19 09:20:00,313.85,1,119.29,0.843,60.0
2026-02-19 09:30:00,330.5,1,119.71,0.836,59.97
2026-02-19 09:40:00,276.48,1,119.55,0.828,59.97
2026-02-19 09:50:00,245.43,1,118.48,0.839,59.96
2026-02-19 10:00:00,339.03,1,119.64,0.837,59.95
2026-02-19 10:10:00,230.98,1,119.73,0.844,59.94
2026-02-19 10:20:00,688.42,1,119.4,0.9,59.97
2026-02-19 10:30:00,165.31,1,120.96,0.831,59.93
2026-02-19 10:40:00,286.29,1,119.44,0.826,59.94
2026-02-19 10:50:00,218.811,1,120.311,0.853,59.956
2026-02-19 11:00:00,740.97,1,117.38,0.916,59.95
2026-02-19 11:10:00,212.87,1,119.77,0.849,59.92
2026-02-19 11:20:00,283.03,1,119.85,0.825,59.92
2026-02-19 11:30:00,168.66,1,120.28,0.84,59.96
2026-02-19 11:40:00,283.12,1,119.19,0.836,59.95
2026-02-19 11:50:00,181.956,1,119.233,0.836,59.956
2026-02-19 12:00:00,272.22,1,118.71,0.838,59.95
2026-02-19 12:10:00,234.17,1,117.56,0.857,59.96
2026-02-19 12:20:00,316.17,1,116.58,0.836,59.95
2026-02-19 12:30:00,235.57,1,117.62,0.861,59.95
2026-02-19 12:40:00,290.14,1,118.98,0.836,59.98
2026-02-19 12:50:00,851.25,1,116.7,0.942,59.95
2026-02-19 13:00:00,1154.2,1,115.06,0.947,59.93
2026-02-19 13:10:00,338.84,1,118.12,0.911,59.96
2026-02-19 13:20:00,345.32,1,118.92,0.881,59.96
2026-02-19 13:30:00,832.938,1,116.838,0.929,59.975
2026-02-19 13:40:00,819.01,1,117.98,0.926,59.96
2026-02-19 13:50:00,225.47,1,121.0,0.897,59.98
2026-02-19 14:00:00,406.77,1,119.89,0.88,59.95
2026-02-19 14:10:00,477.11,1,119.12,0.917,59.98
2026-02-19 14:20:00,417.82,1,119.2,0.893,59.97
2026-02-19 14:30:00,509.63,1,119.75,0.918,59.96
2026-02-19 14:40:00,1035.37,1,118.29,0.955,59.97
2026-02-19 14:50:00,738.3,1,118.74,0.911,59.93
2026-02-19 15:00:00,596.99,1,120.39,0.969,59.97
2026-02-19 15:10:00,217.67,1,121.44,0.846,59.97
2026-02-19 15:20:00,263.23,1,122.25,0.83,59.95
2026-02-19 15:30:00,321.48,1,120.27,0.831,59.91
2026-02-19 15:40:00,321.0,1,118.42,0.837,59.96
2026-02-19 15:50:00,166.325,1,121.7,0.822,59.938
2026-02-19 16:00:00,322.74,1,120.48,0.829,59.96
2026-02-19 16:10:00,165.7,1,120.86,0.837,59.96
2026-02-19 16:20:00,303.77,1,121.1,0.827,59.98
2026-02-19 16:30:00,166.04,1,121.85,0.828,59.94
2026-02-19 16:40:00,306.2,1,121.2,0.824,59.933
2026-02-19 16:50:00,168.0,1,122.633,0.826,59.956
2026-02-19 17:00:00,303.962,1,122.163,0.82,59.988
2026-02-19 17:10:00,164.92,1,122.18,0.827,59.97
2026-02-19 17:20:00,282.98,1,120.1,0.823,59.97
2026-02-19 17:30:00,167.62,1,121.09,0.821,59.96
2026-02-19 17:40:00,292.688,1,121.725,0.826,59.962
2026-02-19 17:50:00,169.03,1,122.54,0.808,59.97
2026-02-19 18:00:00,374.25,1,121.038,0.828,59.95
2026-02-19 18:10:00,179.95,1,120.51,0.827,59.92
2026-02-19 18:20:00,254.288,1,118.45,0.811,59.938
2026-02-19 18:30:00,195.09,1,118.81,0.807,59.95
2026-02-19 18:40:00,445.14,1,117.21,0.829,59.98
2026-02-19 18:50:00,531.31,1,116.83,0.87,59.98
2026-02-19 19:00:00,821.56,1,117.07,0.903,59.97
2026-02-19 19:10:00,425.47,1,118.38,0.875,59.94
2026-02-19 19:20:00,320.28,1,117.88,0.863,59.97
2026-02-19 19:30:00,571.99,1,117.71,0.913,59.98
2026-02-19 19:40:00,665.74,1,118.24,0.909,59.96
2026-02-19 19:50:00,340.3,1,118.09,0.901,59.93
2026-02-19 20:00:00,867.938,1,116.425,0.955,59.988
2026-02-19 20:10:00,579.39,1,118.08,0.932,59.99
2026-02-19 20:20:00,907.27,1,117.62,0.953,59.93
2026-02-19 20:30:00,357.26,1,119.28,0.902,59.95
2026-02-19 20:40:00,846.82,1,118.47,0.944,59.97
2026-02-19 20:50:00,309.84,1,120.84,0.895,59.93
2026-02-19 21:00:00,709.3,1,118.975,0.984,59.962
2026-02-19 21:10:00,614.82,1,119.6,0.948,59.95
2026-02-19 21:20:00,553.74,1,119.78,0.922,59.95
2026-02-19 21:30:00,463.71,1,118.88,0.896,59.96
2026-02-19 21:40:00,692.11,1,119.24,0.905,59.98
2026-02-19 21:50:00,348.99,1,121.16,0.875,59.96
2026-02-19 22:00:00,315.262,1,121.75,0.832,59.95
2026-02-19 22:10:00,259.16,1,121.4,0.855,59.94
2026-02-19 22:20:00,285.58,1,120.73,0.841,59.95
2026-02-19 22:30:00,187.362,1,121.188,0.842,59.95
2026-02-19 22:40:00,298.962,1,120.875,0.835,59.962
2026-02-19 22:50:00,227.89,1,120.82,0.844,59.94
2026-02-19 23:00:00,275.7,1,121.43,0.837,59.99
2026-02-19 23:10:00,234.44,1,121.96,0.842,59.95
2026-02-19 23:20:00,275.3,1,121.67,0.841,59.97
2026-02-19 23:30:00,220.538,1,121.4,0.846,59.925
2026-02-19 23:40:00,273.09,1,120.4,0.845,59.94
2026-02-19 23:50:00,210.88,1,120.08,0.842,59.95
2026-02-20 00:00:00,326.3,1,120.07,0.851,59.96
2026-02-20 00:10:00,207.1,1,119.81,0.834,59.97
2026-02-20 00:20:00,263.53,1,116.57,0.836,59.97
2026-02-20 00:30:00,205.57,1,120.31,0.84,59.97
2026-02-20 00:40:00,263.02,1,119.04,0.833,59.96
2026-02-20 00:50:00,205.69,1,121.43,0.827,59.93
2026-02-20 01:00:00,282.13,1,121.62,0.826,59.97
2026-02-20 01:10:00,189.49,1,122.19,0.837,59.96
2026-02-20 01:20:00,280.43,1,122.19,0.834,59.97
2026-02-20 01:30:00,188.72,1,121.84,0.836,59.97
2026-02-20 01:40:00,326.98,1,120.23,0.844,59.95
2026-02-20 01:50:00,220.27,1,119.49,0.848,59.97
2026-02-20 02:00:00,289.69,1,119.76,0.834,59.96
2026-02-20 02:10:00,173.71,1,121.01,0.826,59.92
2026-02-20 02:20:00,291.21,1,121.73,0.825,59.96
2026-02-20 02:30:00,173.07,1,121.54,0.839,59.94
2026-02-20 02:40:00,279.75,1,120.98,0.834,59.96
2026-02-20 02:50:00,318.9,1,119.4,0.875,59.94
2026-02-20 03:00:00,540.68,1,118.84,0.95,59.96
2026-02-20 03:10:00,176.01,1,121.05,0.829,59.97
2026-02-20 03:20:00,263.58,1,121.33,0.838,59.95
2026-02-20 03:30:00,328.73,1,121.28,0.83,59.95
2026-02-20 03:40:00,297.01,1,121.3,0.833,59.96
2026-02-20 03:50:00,204.22,1,121.25,0.838,59.93
2026-02-20 04:00:00,306.79,1,120.24,0.833,59.96
2026-02-20 04:10:00,172.89,1,120.05,0.839,59.93
2026-02-20 04:20:00,306.25,1,120.64,0.833,59.96
2026-02-20 04:30:00,223.78,1,121.08,0.849,59.94
2026-02-20 04:40:00,308.36,1,120.11,0.833,59.94
2026-02-20 04:50:00,174.77,1,121.06,0.835,59.94
2026-02-20 05:00:00,323.53,1,119.57,0.825,59.93
2026-02-20 05:10:00,170.988,1,119.262,0.83,59.938
2026-02-20 05:20:00,285.02,1,118.75,0.835,59.97
2026-02-20 05:30:00,221.43,1,119.3,0.848,59.97
2026-02-20 05:40:00,342.21,1,118.69,0.841,59.95
2026-02-20 05:50:00,172.49,1,120.11,0.837,59.93
2026-02-20 06:00:00,451.76,1,119.28,0.878,59.96
2026-02-20 06:10:00,237.49,1,119.63,0.869,59.96
2026-02-20 06:20:00,283.47,1,119.52,0.829,59.95
2026-02-20 06:30:00,163.52,1,117.5,0.837,59.98
2026-02-20 06:40:00,297.64,1,118.6,0.841,59.95
2026-02-20 06:50:00,213.86,1,119.24,0.846,59.97
2026-02-20 07:00:00,334.45,1,119.14,0.829,59.93
2026-02-20 07:10:00,162.55,1,118.49,0.834,59.95
2026-02-20 07:20:00,266.01,1,117.49,0.836,59.96
2026-02-20 07:30:00,164.78,1,114.46,0.842,59.96
2026-02-20 07:40:00,317.23,1,115.66,0.84,59.94
2026-02-20 07:50:00,629.43,1,113.06,0.951,59.99
2026-02-20 08:00:00,761.07,1,114.44,0.936,59.96
2026-02-20 08:10:00,261.96,1,116.37,0.858,59.96
2026-02-20 08:20:00,353.89,1,116.31,0.847,59.93
2026-02-20 08:30:00,181.22,1,118.24,0.84,59.95
2026-02-20 08:40:00,269.69,1,118.5,0.835,59.97
2026-02-20 08:50:00,259.58,1,118.36,0.852,59.96
2026-02-20 09:00:00,579.67,1,117.99,0.955,59.97
2026-02-20 09:10:00,235.26,1,119.63,0.843,59.96
2026-02-20 09:20:00,260.67,1,119.35,0.829,59.95
2026-02-20 09:30:00,460.45,1,118.46,0.863,59.95
2026-02-20 09:40:00,405.9,1,119.72,0.844,59.95
2026-02-20 09:50:00,199.13,1,121.34,0.826,59.98
2026-02-20 10:00:00,307.66,1,120.51,0.827,59.95
2026-02-20 10:10:00,212.59,1,119.32,0.8,59.98
2026-02-20 10:20:00,441.88,1,118.34,0.724,59.96
2026-02-20 10:30:00,313.41,1,119.92,0.777,60.0
2026-02-20 10:40:00,510.17,1,119.4,0.773,59.94
2026-02-20 10:50:00,693.011,1,119.089,0.929,59.967
2026-02-20 11:00:00,427.08,1,118.61,0.87,59.92
2026-02-20 11:10:00,234.74,1,120.06,0.849,59.96
2026-02-20 11:20:00,287.95,1,119.96,0.835,59.97
2026-02-20 11:30:00,186.34,1,119.93,0.846,59.96
2026-02-20 11:40:00,277.48,1,119.17,0.838,59.96
2026-02-20 11:50:00,208.55,1,121.062,0.84,59.975
2026-02-20 12:00:00,376.54,1,119.53,0.846,59.98
2026-02-20 12:10:00,512.35,1,119.58,0.909,59.96
2026-02-20 12:20:00,379.3,1,119.75,0.847,59.96
2026-02-20 12:30:00,383.34,1,117.96,0.891,59.96
2026-02-20 12:40:00,400.91,1,119.04,0.856,59.95
2026-02-20 12:50:00,336.11,1,120.55,0.873,59.96
2026-02-20 13:00:00,394.21,1,120.22,0.884,59.97
2026-02-20 13:10:00,1294.71,1,116.55,0.95,59.98
2026-02-20 13:20:00,381.79,1,119.4,0.908,59.93
2026-02-20 13:30:00,808.23,1,118.32,0.916,59.97
2026-02-20 13:40:00,383.812,1,118.925,0.88,59.95
2026-02-20 13:50:00,331.28,1,118.97,0.912,59.94
2026-02-20 14:00:00,412.66,1,118.06,0.886,59.95
2026-02-20 14:10:00,309.82,1,118.92,0.899,59.97
2026-02-20 14:20:00,455.92,1,118.36,0.897,59.95
2026-02-20 14:30:00,340.79,1,118.48,0.893,59.92
2026-02-20 14:40:00,297.4,1,118.75,0.865,59.94
2026-02-20 14:50:00,454.48,1,118.45,0.878,59.97
2026-02-20 15:00:00,566.175,1,118.25,0.97,59.95
2026-02-20 15:10:00,269.79,1,118.74,0.871,59.94
2026-02-20 15:20:00,425.4,1,119.1,0.876,59.95
2026-02-20 15:30:00,517.162,1,119.938,0.864,59.988
2026-02-20 15:40:00,342.93,1,120.77,0.825,59.94
2026-02-20 15:50:00,493.47,1,119.82,0.85,59.96
2026-02-20 16:00:00,185.97,1,120.64,0.844,59.95
2026-02-20 16:10:00,421.09,1,119.54,0.849,59.95
2026-02-20 16:20:00,195.29,1,119.91,0.845,59.92
2026-02-20 16:30:00,342.09,1,119.17,0.824,59.95
2026-02-20 16:40:00,345.89,1,119.48,0.85,59.93
2026-02-20 16:50:00,651.05,1,120.11,0.919,59.97
2026-02-20 17:00:00,409.81,1,120.88,0.857,59.97
2026-02-20 17:10:00,664.47,1,119.86,0.938,59.93
2026-02-20 17:20:00,649.84,1,118.51,0.896,59.97
2026-02-20 17:30:00,583.99,1,119.96,0.932,59.95
2026-02-20 17:40:00,520.61,1,120.64,0.858,59.93
2026-02-20 17:50:00,570.03,1,119.03,0.938,59.98
2026-02-20 18:00:00,318.47,1,120.19,0.823,59.96
2026-02-20 18:10:00,284.71,1,120.87,0.849,59.95
2026-02-20 18:20:00,284.58,1,120.07,0.825,59.95
2026-02-20 18:30:00,200.81,1,121.21,0.826,59.98
2026-02-20 18:40:00,276.37,1,120.13,0.822,59.95
2026-02-20 18:50:00,275.59,1,119.2,0.831,59.96
2026-02-20 19:00:00,359.46,1,118.09,0.846,59.97
2026-02-20 19:10:00,238.575,1,119.275,0.827,59.95
2026-02-20 19:20:00,284.0,1,118.86,0.848,59.97
2026-02-20 19:30:00,389.14,1,118.38,0.884,59.97
2026-02-20 19:40:00,331.74,1,118.9,0.854,59.94
2026-02-20 19:50:00,279.7,1,119.28,0.823,59.98
2026-02-20 20:00:00,196.06,1,119.33,0.807,60.0
2026-02-20 20:10:00,304.875,1,118.725,0.822,59.938
2026-02-20 20:20:00,222.6,1,119.64,0.844,59.94
2026-02-20 20:30:00,358.28,1,119.89,0.83,59.97
2026-02-20 20:40:00,228.77,1,121.26,0.847,59.95
2026-02-20 20:50:00,412.25,1,120.47,0.848,59.95
2026-02-20 21:00:00,554.98,1,121.33,0.96,59.95
2026-02-20 21:10:00,179.41,1,122.16,0.839,59.97
2026-02-20 21:20:00,296.288,1,120.125,0.836,59.95
2026-02-20 21:30:00,339.03,1,120.91,0.832,59.97
2026-02-20 21:40:00,386.12,1,120.6,0.836,59.94
2026-02-20 21:50:00,269.48,1,121.91,0.854,59.94
2026-02-20 22:00:00,302.73,1,121.78,0.836,59.96
2026-02-20 22:10:00,319.98,1,120.91,0.849,59.95
2026-02-20 22:20:00,307.42,1,120.43,0.858,59.96
2026-02-20 22:30:00,283.13,1,120.17,0.841,59.98
2026-02-20 22:40:00,220.52,1,120.46,0.843,59.95
2026-02-20 22:50:00,305.36,1,120.82,0.835,59.97
2026-02-20 23:00:00,207.18,1,121.89,0.841,59.97
2026-02-20 23:10:00,326.59,1,121.68,0.837,59.99
2026-02-20 23:20:00,189.17,1,122.0,0.851,59.94
2026-02-20 23:30:00,318.77,1,121.19,0.833,59.97
2026-02-20 23:40:00,235.38,1,121.48,0.859,59.94
2026-02-20 23:50:00,312.49,1,117.28,0.846,59.95
2026-02-21 00:00:00,187.01,1,117.93,0.846,59.97
2026-02-21 00:10:00,300.58,1,118.62,0.838,59.96
2026-02-21 00:20:00,241.08,1,118.01,0.857,59.93
2026-02-21 00:30:00,326.46,1,121.04,0.845,59.94
2026-02-21 00:40:00,213.25,1,120.9,0.834,59.962
2026-02-21 00:50:00,265.73,1,121.98,0.831,59.97
2026-02-21 01:00:00,225.85,1,122.19,0.835,59.97
2026-02-21 01:10:00,303.36,1,122.52,0.846,59.97
2026-02-21 01:20:00,231.72,1,122.06,0.83,59.95
2026-02-21 01:30:00,236.21,1,121.91,0.818,59.95
2026-02-21 01:40:00,232.62,1,121.4,0.831,59.94
2026-02-21 01:50:00,234.17,1,121.69,0.835,59.96
2026-02-21 02:00:00,250.27,1,121.53,0.829,59.95
2026-02-21 02:10:00,220.39,1,121.43,0.831,59.98
2026-02-21 02:20:00,297.23,1,121.76,0.844,59.98
2026-02-21 02:30:00,218.15,1,122.0,0.834,59.96
2026-02-21 02:40:00,248.63,1,122.03,0.828,59.97
2026-02-21 02:50:00,253.4,1,121.19,0.851,59.95
2026-02-21 03:00:00,596.57,1,119.75,0.958,59.99
2026-02-21 03:10:00,175.08,1,122.06,0.841,59.94
2026-02-21 03:20:00,269.07,1,121.97,0.832,59.93
2026-02-21 03:30:00,327.49,1,122.3,0.826,59.94
2026-02-21 03:40:00,325.68,1,121.96,0.825,59.94
2026-02-21 03:50:00,174.68,1,122.76,0.842,59.96
2026-02-21 04:00:00,314.66,1,121.23,0.831,59.96
2026-02-21 04:10:00,205.14,1,121.48,0.838,59.96
2026-02-21 04:20:00,316.79,1,121.23,0.839,59.95
2026-02-21 04:30:00,215.5,1,121.58,0.83,59.95
2026-02-21 04:40:00,251.1,1,121.98,0.825,59.98
2026-02-21 04:50:00,227.48,1,122.01,0.832,59.96
2026-02-21 05:00:00,234.94,1,121.57,0.834,59.97
2026-02-21 05:10:00,228.812,1,121.2,0.83,59.962
2026-02-21 05:20:00,216.48,1,121.23,0.829,59.92
2026-02-21 05:30:00,246.63,1,121.7,0.827,59.97
2026-02-21 05:40:00,201.97,1,121.98,0.834,59.95
2026-02-21 05:50:00,263.43,1,121.57,0.828,59.97
2026-02-21 06:00:00,265.07,1,121.57,0.867,59.98
2026-02-21 06:10:00,386.18,1,121.41,0.873,59.96
2026-02-21 06:20:00,369.14,1,120.65,0.911,59.96
2026-02-21 06:30:00,394.05,1,120.38,0.88,59.98
2026-02-21 06:40:00,234.94,1,123.21,0.855,59.98
2026-02-21 06:50:00,283.21,1,122.6,0.817,59.93
2026-02-21 07:00:00,165.388,1,122.475,0.841,59.962
2026-02-21 07:10:00,305.2,1,121.79,0.819,59.95
2026-02-21 07:20:00,209.95,1,121.28,0.828,59.97
2026-02-21 07:30:00,336.55,1,119.59,0.839,59.94
2026-02-21 07:40:00,183.01,1,119.11,0.839,59.93
2026-02-21 07:50:00,282.02,1,120.33,0.823,59.95
2026-02-21 08:00:00,169.09,1,120.45,0.828,59.94
2026-02-21 08:10:00,297.22,1,119.3,0.823,59.98
2026-02-21 08:20:00,168.56,1,119.41,0.811,59.96
2026-02-21 08:30:00,297.8,1,119.0,0.822,59.97
2026-02-21 08:40:00,167.48,1,120.07,0.82,59.96
2026-02-21 08:50:00,315.18,1,119.73,0.839,59.96
2026-02-21 09:00:00,534.71,1,118.39,0.948,59.95
2026-02-21 09:10:00,166.91,1,118.61,0.818,59.94
2026-02-21 09:20:00,263.77,1,119.22,0.826,59.94
2026-02-21 09:30:00,324.61,1,119.61,0.826,59.96
2026-02-21 09:40:00,352.3,1,118.4,0.835,59.97
2026-02-21 09:50:00,164.34,1,118.42,0.82,59.94
2026-02-21 10:00:00,303.79,1,117.78,0.83,59.94
2026-02-21 10:10:00,180.88,1,118.86,0.816,59.99
2026-02-21 10:20:00,274.42,1,118.6,0.824,59.94
2026-02-21 10:30:00,212.28,1,119.93,0.819,59.95
2026-02-21 10:40:00,262.087,1,118.688,0.825,59.975
2026-02-21 10:50:00,225.9,1,119.41,0.82,59.92
2026-02-21 11:00:00,213.86,1,119.14,0.822,59.98
2026-02-21 11:10:00,276.35,1,119.43,0.832,59.94
2026-02-21 11:20:00,198.95,1,120.04,0.823,59.96
2026-02-21 11:30:00,270.97,1,119.5,0.818,59.97
2026-02-21 11:40:00,185.82,1,120.33,0.821,59.97
2026-02-21 11:50:00,283.67,1,119.99,0.821,59.94
2026-02-21 12:00:00,170.23,1,119.87,0.821,59.98
2026-02-21 12:10:00,302.21,1,117.81,0.828,59.96
2026-02-21 12:20:00,163.58,1,119.01,0.822,59.93
2026-02-21 12:30:00,299.288,1,118.575,0.826,59.962
2026-02-21 12:40:00,168.36,1,119.08,0.83,59.98
2026-02-21 12:50:00,286.54,1,119.21,0.825,59.94
2026-02-21 13:00:00,183.01,1,120.35,0.824,59.93
2026-02-21 13:10:00,325.53,1,119.39,0.837,59.95
2026-02-21 13:20:00,182.74,1,119.83,0.823,59.98
2026-02-21 13:30:00,255.74,1,119.43,0.822,59.96
2026-02-21 13:40:00,202.57,1,121.06,0.819,59.94
2026-02-21 13:50:00,297.91,1,120.28,0.831,59.94
2026-02-21 14:00:00,216.79,1,120.94,0.826,59.98
2026-02-21 14:10:00,241.86,1,120.54,0.826,59.97
2026-02-21 14:20:00,215.91,1,120.94,0.824,59.95
2026-02-21 14:30:00,228.41,1,121.22,0.818,59.97
2026-02-21 14:40:00,231.42,1,121.53,0.827,59.95
2026-02-21 14:50:00,266.14,1,120.7,0.847,59.97
2026-02-21 15:00:00,537.878,1,120.389,0.953,59.989
2026-02-21 15:10:00,170.37,1,121.58,0.838,59.96
2026-02-21 15:20:00,266.58,1,120.04,0.84,59.94
2026-02-21 15:30:00,326.34,1,120.08,0.83,59.94
2026-02-21 15:40:00,325.27,1,120.67,0.825,59.95
2026-02-21 15:50:00,168.82,1,121.49,0.841,59.98
2026-02-21 16:00:00,310.64,1,122.25,0.825,59.95
2026-02-21 16:10:00,200.9,1,122.47,0.84,59.96
2026-02-21 16:20:00,265.212,1,120.838,0.832,59.962
2026-02-21 16:30:00,225.712,1,120.15,0.837,59.95
2026-02-21 16:40:00,239.44,1,116.75,0.84,59.96
2026-02-21 16:50:00,226.74,1,120.13,0.837,59.94
2026-02-21 17:00:00,281.99,1,121.43,0.846,59.95
2026-02-21 17:10:00,221.475,1,120.612,0.837,59.962
2026-02-21 17:20:00,215.3,1,121.08,0.836,59.96
2026-02-21 17:30:00,311.2,1,119.95,0.831,59.94
2026-02-21 17:40:00,206.68,1,116.84,0.825,59.97
2026-02-21 17:50:00,485.65,1,116.61,0.901,59.95
2026-02-21 18:00:00,284.167,1,119.878,0.883,59.967
2026-02-21 18:10:00,404.45,1,120.63,0.884,59.97
2026-02-21 18:20:00,278.99,1,119.85,0.88,59.94
2026-02-21 18:30:00,678.76,1,118.33,0.9,59.96
2026-02-21 18:40:00,753.82,1,118.61,0.9,59.96
2026-02-21 18:50:00,489.62,1,118.97,0.863,59.98
2026-02-21 19:00:00,300.48,1,119.21,0.895,59.95
2026-02-21 19:10:00,563.5,1,119.49,0.906,59.96
2026-02-21 19:20:00,620.73,1,120.38,0.911,59.95
2026-02-21 19:30:00,536.812,1,119.325,0.93,59.962
2026-02-21 19:40:00,626.41,1,118.75,0.926,59.98
2026-02-21 19:50:00,396.69,1,120.05,0.922,59.93
2026-02-21 20:00:00,512.87,1,119.49,0.927,59.95
2026-02-21 20:10:00,577.35,1,120.42,0.93,59.96
2026-02-21 20:20:00,395.25,1,120.88,0.913,59.96
2026-02-21 20:30:00,353.03,1,120.73,0.912,59.96
2026-02-21 20:40:00,383.04,1,120.56,0.909,59.95
2026-02-21 20:50:00,374.19,1,121.02,0.92,59.95
2026-02-21 21:00:00,620.911,1,121.4,0.969,59.933
2026-02-21 21:10:00,259.27,1,120.62,0.892,59.99
2026-02-21 21:20:00,328.31,1,120.76,0.878,59.96
2026-02-21 21:30:00,490.27,1,121.61,0.854,59.97
2026-02-21 21:40:00,340.033,1,122.156,0.832,59.978
2026-02-21 21:50:00,249.038,1,122.062,0.854,59.962
2026-02-21 22:00:00,583.38,1,120.77,0.879,59.97
2026-02-21 22:10:00,208.44,1,121.86,0.839,59.98
2026-02-21 22:20:00,333.81,1,121.19,0.836,59.97
2026-02-21 22:30:00,223.68,1,121.4,0.835,59.96
2026-02-21 22:40:00,277.09,1,121.83,0.837,59.96
2026-02-21 22:50:00,232.41,1,121.99,0.837,59.95
2026-02-21 23:00:00,274.98,1,120.82,0.833,59.96
2026-02-21 23:10:00,239.67,1,121.02,0.837,59.93
2026-02-21 23:20:00,260.86,1,121.7,0.833,59.96
2026-02-21 23:30:00,240.82,1,122.11,0.83,59.94
2026-02-21 23:40:00,239.85,1,122.24,0.827,59.97
2026-02-21 23:50:00,236.81,1,121.75,0.832,59.96
2026-02-22 00:00:00,240.13,1,121.24,0.834,59.94
2026-02-22 00:10:00,235.06,1,122.72,0.829,59.94
2026-02-22 00:20:00,237.61,1,122.45,0.827,59.95
2026-02-22 00:30:00,250.59,1,120.62,0.832,59.95
2026-02-22 00:40:00,217.13,1,120.18,0.838,59.94
2026-02-22 00:50:00,244.26,1,120.32,0.835,59.97
2026-02-22 01:00:00,218.55,1,120.66,0.836,59.97
2026-02-22 01:10:00,245.22,1,120.9,0.831,59.94
2026-02-22 01:20:00,269.61,1,120.32,0.848,59.93
2026-02-22 01:30:00,258.01,1,115.85,0.835,59.97
2026-02-22 01:40:00,258.07,1,120.52,0.844,59.96
2026-02-22 01:50:00,261.09,1,120.25,0.831,59.95
2026-02-22 02:00:00,204.95,1,120.8,0.841,59.96
2026-02-22 02:10:00,258.81,1,119.94,0.825,59.97
2026-02-22 02:20:00,192.34,1,120.91,0.84,59.97
2026-02-22 02:30:00,260.8,1,120.88,0.827,59.95
2026-02-22 02:40:00,190.45,1,121.22,0.832,59.96
2026-02-22 02:50:00,319.75,1,119.34,0.841,59.96
2026-02-22 03:00:00,599.04,1,119.42,0.965,59.97
2026-02-22 03:10:00,176.75,1,121.22,0.825,59.95
2026-02-22 03:20:00,269.78,1,119.47,0.833,59.95
2026-02-22 03:30:00,325.12,1,120.13,0.828,59.97
2026-02-22 03:40:00,263.34,1,120.44,0.826,59.95
2026-02-22 03:50:00,203.68,1,121.14,0.833,59.95
2026-02-22 04:00:00,291.87,1,120.18,0.828,59.95
2026-02-22 04:10:00,173.71,1,120.35,0.828,59.95
2026-02-22 04:20:00,358.02,1,120.15,0.836,59.94
2026-02-22 04:30:00,173.92,1,121.03,0.826,59.93
2026-02-22 04:40:00,297.26,1,120.55,0.824,59.98
2026-02-22 04:50:00,170.28,1,120.93,0.83,59.94
2026-02-22 05:00:00,342.33,1,120.22,0.832,59.93
2026-02-22 05:10:00,174.35,1,121.1,0.826,59.96
2026-02-22 05:20:00,344.1,1,120.51,0.833,59.96
2026-02-22 05:30:00,171.45,1,120.52,0.832,59.97
2026-02-22 05:40:00,405.49,1,119.35,0.852,59.98
2026-02-22 05:50:00,191.98,1,120.49,0.827,59.99
2026-02-22 06:00:00,331.09,1,120.34,0.837,59.95
2026-02-22 06:10:00,234.65,1,121.22,0.841,59.96
2026-02-22 06:20:00,255.22,1,119.74,0.826,59.93
2026-02-22 06:30:00,194.43,1,121.12,0.834,59.95
2026-02-22 06:40:00,359.86,1,120.98,0.849,59.94
2026-02-22 06:50:00,440.63,1,120.48,0.88,59.95
2026-02-22 07:00:00,351.52,1,121.19,0.861,59.97
2026-02-22 07:10:00,246.01,1,120.8,0.845,59.98
2026-02-22 07:20:00,494.51,1,119.04,0.884,59.97
2026-02-22 07:30:00,311.25,1,119.28,0.864,59.98
2026-02-22 07:40:00,344.91,1,119.03,0.854,59.94
2026-02-22 07:50:00,260.67,1,119.29,0.84,59.92
2026-02-22 08:00:00,335.34,1,118.58,0.849,59.94
2026-02-22 08:10:00,210.42,1,120.32,0.832,59.96
2026-02-22 08:20:00,225.71,1,119.99,0.829,59.98
2026-02-22 08:30:00,274.19,1,118.87,0.833,59.95
2026-02-22 08:40:00,224.49,1,117.6,0.825,59.98
2026-02-22 08:50:00,299.28,1,114.68,0.871,59.96
2026-02-22 09:00:00,501.475,1,116.538,0.934,59.975
2026-02-22 09:10:00,169.37,1,119.88,0.815,59.95
2026-02-22 09:20:00,264.61,1,119.66,0.827,59.91
2026-02-22 09:30:00,324.16,1,119.12,0.829,59.92
2026-02-22 09:40:00,260.01,1,120.41,0.815,59.99
2026-02-22 09:50:00,184.05,1,120.425,0.827,59.962
2026-02-22 10:00:00,337.3,1,118.87,0.837,59.99
2026-02-22 10:10:00,1087.122,1,116.556,0.956,59.967
2026-02-22 10:20:00,295.4,1,118.744,0.83,59.944
2026-02-22 10:30:00,226.55,1,119.39,0.834,59.96
2026-02-22 10:40:00,283.138,1,119.587,0.82,59.912
2026-02-22 10:50:00,165.2,1,120.3,0.831,59.96
2026-02-22 11:00:00,349.96,1,118.34,0.829,59.97
2026-02-22 11:10:00,242.3,1,118.43,0.843,59.98
2026-02-22 11:20:00,820.69,1,117.08,0.904,60.0
2026-02-22 11:30:00,926.2,1,117.22,0.954,59.95
2026-02-22 11:40:00,668.93,1,115.64,0.93,59.96
2026-02-22 11:50:00,486.088,1,118.175,0.901,59.962
2026-02-22 12:00:00,586.4,1,118.52,0.902,59.97
2026-02-22 12:10:00,298.29,1,119.67,0.884,59.96
2026-02-22 12:20:00,737.14,1,117.89,0.916,59.98
2026-02-22 12:30:00,709.08,1,118.39,0.952,59.96
2026-02-22 12:40:00,320.53,1,119.34,0.877,59.92
2026-02-22 12:50:00,454.067,1,119.678,0.909,59.956
2026-02-22 13:00:00,824.062,1,118.375,0.939,59.962
2026-02-22 13:10:00,351.475,1,118.85,0.881,59.95
2026-02-22 13:20:00,293.129,1,118.7,0.88,59.971
2026-02-22 13:30:00,311.889,1,119.356,0.876,59.933
2026-02-22 13:40:00,278.8,1,120.14,0.873,59.96
2026-02-22 13:50:00,475.36,1,119.68,0.89,59.93
2026-02-22 14:00:00,298.87,1,120.28,0.893,59.96
2026-02-22 14:10:00,351.62,1,118.96,0.87,59.97
2026-02-22 14:20:00,293.74,1,120.25,0.896,59.94
2026-02-22 14:30:00,362.25,1,119.79,0.87,59.94
2026-02-22 14:40:00,230.04,1,121.26,0.884,59.94
2026-02-22 14:50:00,457.8,1,117.64,0.892,59.98
2026-02-22 15:00:00,678.24,1,116.86,0.976,59.94
2026-02-22 15:10:00,331.17,1,122.34,0.905,59.94
2026-02-22 15:20:00,437.32,1,121.2,0.9,59.99
2026-02-22 15:30:00,392.97,1,121.77,0.87,59.96
2026-02-22 15:40:00,490.84,1,120.82,0.876,59.93
2026-02-22 15:50:00,228.83,1,119.67,0.887,59.98
2026-02-22 16:00:00,369.76,1,119.63,0.869,59.95
2026-02-22 16:10:00,257.63,1,119.42,0.883,59.94
2026-02-22 16:20:00,319.83,1,121.36,0.872,59.97
2026-02-22 16:30:00,300.238,1,121.088,0.874,59.95
2026-02-22 16:40:00,351.65,1,118.3,0.87,59.95
2026-02-22 16:50:00,350.1,1,117.14,0.882,59.96
2026-02-22 17:00:00,323.28,1,117.4,0.888,59.97
2026-02-22 17:10:00,318.85,1,119.46,0.876,59.96
2026-02-22 17:20:00,258.32,1,119.09,0.885,59.95
2026-02-22 17:30:00,329.82,1,118.98,0.874,59.96
2026-02-22 17:40:00,360.12,1,114.94,0.909,59.96
2026-02-22 17:50:00,363.83,1,117.15,0.893,59.95
2026-02-22 18:00:00,356.43,1,120.47,0.915,59.95
2026-02-22 18:10:00,494.38,1,119.89,0.883,59.94
2026-02-22 18:20:00,232.35,1,120.33,0.895,59.94
2026-02-22 18:30:00,355.56,1,119.14,0.881,59.96
2026-02-22 18:40:00,238.38,1,118.96,0.89,59.94
2026-02-22 18:50:00,374.111,1,119.467,0.883,59.967
2026-02-22 19:00:00,793.222,1,118.056,0.967,59.944
2026-02-22 19:10:00,754.2,1,119.05,0.94,59.95
2026-02-22 19:20:00,348.44,1,120.53,0.923,60.0
2026-02-22 19:30:00,546.167,1,117.311,0.923,59.944
2026-02-22 19:40:00,1197.289,1,116.822,0.971,59.944
2026-02-22 19:50:00,507.438,1,120.125,0.928,59.95
2026-02-22 20:00:00,397.47,1,119.67,0.911,59.95
2026-02-22 20:10:00,559.56,1,119.01,0.936,59.97
2026-02-22 20:20:00,506.88,1,119.14,0.911,59.94
2026-02-22 20:30:00,333.84,1,118.99,0.887,59.97
2026-02-22 20:40:00,367.35,1,119.27,0.91,59.99
2026-02-22 20:50:00,370.78,1,119.52,0.892,59.98
2026-02-22 21:00:00,617.23,1,119.39,0.968,59.94
2026-02-22 21:10:00,251.27,1,121.26,0.893,59.97
2026-02-22 21:20:00,398.61,1,120.41,0.896,59.95
2026-02-22 21:30:00,396.6,1,117.9,0.885,59.94
2026-02-22 21:40:00,458.188,1,118.075,0.9,59.95
2026-02-22 21:50:00,389.633,1,119.217,0.877,59.95
2026-02-22 22:00:00,702.21,1,117.44,0.971,59.94
2026-02-22 22:10:00,550.2,1,117.52,0.895,59.94
2026-02-22 22:20:00,330.38,1,119.96,0.869,59.97
2026-02-22 22:30:00,236.47,1,121.54,0.828,59.95
2026-02-22 22:40:00,269.03,1,121.13,0.825,59.97
2026-02-22 22:50:00,190.69,1,121.75,0.836,59.98
2026-02-22 23:00:00,337.92,1,120.75,0.834,59.96
2026-02-22 23:10:00,208.4,1,122.15,0.825,59.95
2026-02-22 23:20:00,251.23,1,121.36,0.824,59.95
2026-02-22 23:30:00,265.15,1,121.767,0.828,59.967
2026-02-22 23:40:00,195.28,1,122.23,0.831,59.98
2026-02-22 23:50:00,281.69,1,121.72,0.824,59.97
2026-02-23 00:00:00,209.38,1,122.37,0.828,59.98
2026-02-23 00:10:00,236.01,1,119.6,0.83,59.95
2026-02-23 00:20:00,249.01,1,120.67,0.825,59.95
2026-02-23 00:30:00,187.61,1,121.4,0.831,59.95
2026-02-23 00:40:00,279.63,1,119.98,0.83,59.93
2026-02-23 00:50:00,204.83,1,120.31,0.835,59.93
2026-02-23 01:00:00,235.99,1,121.21,0.828,59.94
2026-02-23 01:10:00,252.32,1,120.3,0.833,59.96
2026-02-23 01:20:00,259.8,1,120.34,0.84,59.98
2026-02-23 01:30:00,261.34,1,119.38,0.827,59.96
2026-02-23 01:40:00,207.72,1,120.64,0.827,59.98
2026-02-23 01:50:00,233.57,1,121.16,0.832,59.98
2026-02-23 02:00:00,351.37,1,120.65,0.853,59.96
2026-02-23 02:10:00,189.06,1,120.41,0.825,59.97
2026-02-23 02:20:00,266.82,1,120.48,0.831,59.96
2026-02-23 02:30:00,192.3,1,120.8,0.839,59.925
2026-02-23 02:40:00,246.54,1,120.2,0.829,59.99
2026-02-23 02:50:00,338.02,1,120.63,0.856,59.96
2026-02-23 03:00:00,551.1,1,120.19,0.951,59.97
2026-02-23 03:10:00,173.99,1,120.68,0.834,59.95
2026-02-23 03:20:00,270.07,1,120.63,0.836,59.96
2026-02-23 03:30:00,327.38,1,120.56,0.831,59.96
2026-02-23 03:40:00,204.64,1,120.44,0.826,59.99
2026-02-23 03:50:00,301.79,1,120.23,0.835,59.94
2026-02-23 04:00:00,235.68,1,121.11,0.846,59.95
2026-02-23 04:10:00,267.62,1,120.88,0.832,59.95
2026-02-23 04:20:00,218.76,1,120.35,0.833,59.97
2026-02-23 04:30:00,216.66,1,120.59,0.827,59.96
2026-02-23 04:40:00,254.567,1,119.922,0.836,59.944
2026-02-23 04:50:00,238.54,1,118.93,0.842,59.97
2026-02-23 05:00:00,260.26,1,118.71,0.834,59.95
2026-02-23 05:10:00,203.3,1,117.66,0.839,59.96
2026-02-23 05:20:00,230.2,1,118.01,0.836,59.96
2026-02-23 05:30:00,247.7,1,118.96,0.834,59.97
2026-02-23 05:40:00,188.5,1,118.89,0.828,59.94
2026-02-23 05:50:00,256.88,1,117.0,0.838,59.96
2026-02-23 06:00:00,324.45,1,117.13,0.854,59.95
2026-02-23 06:10:00,433.562,1,117.988,0.889,59.975
2026-02-23 06:20:00,229.41,1,119.61,0.838,59.96
2026-02-23 06:30:00,195.37,1,119.87,0.831,59.97
2026-02-23 06:40:00,358.97,1,119.86,0.846,59.93
2026-02-23 06:50:00,244.81,1,120.62,0.868,59.95
2026-02-23 07:00:00,277.6,1,119.71,0.842,59.95
2026-02-23 07:10:00,374.88,1,118.99,0.861,59.95
2026-02-23 07:20:00,415.08,1,117.14,0.89,59.96
2026-02-23 07:30:00,418.61,1,114.24,0.868,59.96
2026-02-23 07:40:00,287.6,1,115.78,0.841,59.93
2026-02-23 07:50:00,1048.32,1,115.84,0.944,59.98
2026-02-23 08:00:00,748.06,1,117.42,0.886,59.96
2026-02-23 08:10:00,494.99,1,118.15,0.884,59.97
2026-02-23 08:20:00,375.48,1,118.32,0.866,59.93
2026-02-23 08:30:00,260.24,1,119.79,0.839,59.97
2026-02-23 08:40:00,312.71,1,119.19,0.855,59.96
2026-02-23 08:50:00,422.43,1,118.48,0.877,59.98
2026-02-23 09:00:00,568.97,1,117.38,0.962,59.95
2026-02-23 09:10:00,217.9,1,117.211,0.846,59.944
2026-02-23 09:20:00,416.37,1,117.6,0.87,59.99
2026-02-23 09:30:00,324.18,1,119.03,0.845,59.96
2026-02-23 09:40:00,323.0,1,118.51,0.844,59.94
2026-02-23 09:50:00,183.17,1,119.53,0.84,59.96
2026-02-23 10:00:00,307.66,1,119.7,0.849,59.95
2026-02-23 10:10:00,219.18,1,121.14,0.859,59.95
2026-02-23 10:20:00,440.88,1,119.37,0.876,59.96
2026-02-23 10:30:00,241.46,1,119.47,0.866,59.93
2026-02-23 10:40:00,292.51,1,117.59,0.867,59.96
2026-02-23 10:50:00,269.33,1,117.67,0.861,59.95
2026-02-23 11:00:00,245.29,1,118.18,0.859,59.97
2026-02-23 11:10:00,539.39,1,116.61,0.906,59.94
2026-02-23 11:20:00,448.47,1,117.01,0.904,59.92
2026-02-23 11:30:00,338.286,1,118.029,0.869,59.986
2026-02-23 11:40:00,405.088,1,116.588,0.88,59.975
2026-02-23 11:50:00,279.44,1,117.93,0.871,59.97
2026-02-23 12:00:00,307.14,1,118.4,0.864,59.93
2026-02-23 12:10:00,197.98,1,120.19,0.862,59.93
2026-02-23 12:20:00,280.25,1,118.91,0.854,59.97
2026-02-23 12:30:00,360.35,1,119.42,0.864,59.91
2026-02-23 12:40:00,1166.16,1,117.24,0.939,59.96
2026-02-23 12:50:00,553.69,1,118.79,0.904,59.92
2026-02-23 13:00:00,273.112,1,119.1,0.893,59.962
2026-02-23 13:10:00,379.77,1,118.87,0.88,59.93
2026-02-23 13:20:00,784.686,1,117.014,0.946,59.914
2026-02-23 13:30:00,620.91,1,118.16,0.899,59.94
2026-02-23 13:40:00,255.81,1,120.51,0.893,59.96
2026-02-23 13:50:00,505.15,1,119.87,0.892,59.95
2026-02-23 14:00:00,271.28,1,120.38,0.893,59.96
2026-02-23 14:10:00,307.7,1,119.45,0.89,59.975
2026-02-23 14:20:00,368.2,1,119.244,0.898,59.956
2026-02-23 14:30:00,406.6,1,119.01,0.9,59.93
2026-02-23 14:40:00,271.9,1,119.1,0.855,59.97
2026-02-23 14:50:00,243.69,1,119.24,0.857,59.96
2026-02-23 15:00:00,724.66,1,117.8,0.975,59.97
2026-02-23 15:10:00,309.714,1,119.671,0.881,59.914
2026-02-23 15:20:00,464.32,1,117.09,0.887,59.97
2026-02-23 15:30:00,532.37,1,118.14,0.877,59.95
2026-02-23 15:40:00,372.01,1,118.06,0.851,59.95
2026-02-23 15:50:00,338.37,1,119.13,0.848,60.0
2026-02-23 16:00:00,400.56,1,119.06,0.893,59.95
2026-02-23 16:10:00,388.57,1,119.19,0.842,59.93
2026-02-23 16:20:00,210.87,1,120.43,0.845,59.95
2026-02-23 16:30:00,273.45,1,120.04,0.835,59.95
2026-02-23 16:40:00,244.13,1,121.29,0.835,59.97
2026-02-23 16:50:00,289.19,1,120.16,0.857,59.95
2026-02-23 17:00:00,331.16,1,115.98,0.892,60.0
2026-02-23 17:10:00,306.98,1,114.95,0.9,59.95
2026-02-23 17:20:00,344.86,1,117.61,0.887,59.95
2026-02-23 17:30:00,626.34,1,119.2,0.918,59.98
2026-02-23 17:40:00,1021.11,1,118.4,0.927,59.94
2026-02-23 17:50:00,345.433,1,121.4,0.92,60.0
2026-02-23 18:00:00,445.15,1,120.47,0.898,59.97
2026-02-23 18:10:00,318.167,1,119.933,0.907,59.933
2026-02-23 18:20:00,462.56,1,117.47,0.91,59.97
2026-02-23 18:30:00,442.29,1,117.33,0.907,59.95
2026-02-23 18:40:00,378.13,1,118.4,0.878,59.96
2026-02-23 18:50:00,1006.689,1,117.278,0.922,59.933
2026-02-23 19:00:00,315.0,1,118.65,0.867,59.93
2026-02-23 19:10:00,718.64,1,117.55,0.916,59.95
2026-02-23 19:20:00,353.38,1,118.37,0.905,59.96
2026-02-23 19:30:00,411.26,1,118.42,0.903,59.99
2026-02-23 19:40:00,397.16,1,118.9,0.901,59.96
2026-02-23 19:50:00,419.39,1,118.2,0.908,59.98
2026-02-23 20:00:00,487.475,1,114.625,0.894,60.0
2026-02-23 20:10:00,273.33,1,115.09,0.887,59.94
2026-02-23 20:20:00,502.4,1,114.51,0.899,59.94
2026-02-23 20:30:00,320.144,1,116.178,0.898,59.944
2026-02-23 20:40:00,543.07,1,114.76,0.918,59.96
2026-02-23 20:50:00,385.64,1,112.24,0.927,59.98
2026-02-23 21:00:00,839.53,1,110.71,0.985,59.96
2026-02-23 21:10:00,287.24,1,116.95,0.903,59.98
2026-02-23 21:20:00,335.12,1,116.26,0.893,59.98
2026-02-23 21:30:00,393.54,1,116.68,0.882,59.97
2026-02-23 21:40:00,386.667,1,116.189,0.884,59.922
2026-02-23 21:50:00,382.167,1,116.244,0.884,59.956
2026-02-23 22:00:00,470.97,1,115.19,0.921,59.94
2026-02-23 22:10:00,842.95,1,112.75,0.93,59.962
2026-02-23 22:20:00,226.48,1,117.65,0.848,59.98
2026-02-23 22:30:00,258.2,1,115.7,0.846,59.956
2026-02-23 22:40:00,261.43,1,114.11,0.849,59.95
2026-02-23 22:50:00,222.97,1,118.7,0.84,59.94
2026-02-23 23:00:00,302.33,1,118.6,0.838,59.98
2026-02-23 23:10:00,194.9,1,118.68,0.837,59.95
2026-02-23 23:20:00,323.756,1,118.389,0.836,59.922
2026-02-23 23:30:00,173.688,1,118.588,0.84,59.975
2026-02-23 23:40:00,309.19,1,117.56,0.84,59.95
2026-02-23 23:50:00,201.08,1,118.18,0.838,59.96
2026-02-24 00:00:00,371.112,1,117.762,0.844,59.962
2026-02-24 00:10:00,235.4,1,118.35,0.838,59.96
2026-02-24 00:20:00,249.83,1,117.69,0.839,59.98
2026-02-24 00:30:00,250.89,1,117.97,0.832,59.95
2026-02-24 00:40:00,249.4,1,118.317,0.838,59.917
2026-02-24 00:50:00,262.64,1,118.61,0.842,59.95
2026-02-24 01:00:00,203.73,1,118.53,0.843,59.99
2026-02-24 01:10:00,340.38,1,118.47,0.841,59.98
2026-02-24 01:20:00,185.43,1,118.83,0.838,59.97
2026-02-24 01:30:00,300.59,1,118.06,0.838,59.94
2026-02-24 01:40:00,174.46,1,119.09,0.841,59.97
2026-02-24 01:50:00,320.32,1,118.38,0.835,59.97
2026-02-24 02:00:00,170.68,1,118.8,0.842,59.92
2026-02-24 02:10:00,307.5,1,117.91,0.841,59.95
2026-02-24 02:20:00,254.112,1,118.438,0.859,59.938
2026-02-24 02:30:00,288.611,1,118.289,0.842,59.967
2026-02-24 02:40:00,188.033,1,118.956,0.84,60.0
2026-02-24 02:50:00,308.34,1,118.22,0.855,59.94
2026-02-24 03:00:00,579.75,1,118.19,0.974,59.97
2026-02-24 03:10:00,168.7,1,119.61,0.844,59.93
2026-02-24 03:20:00,330.92,1,118.9,0.855,59.97
2026-02-24 03:30:00,328.82,1,118.82,0.852,59.97
2026-02-24 03:40:00,323.32,1,118.63,0.84,59.95
2026-02-24 03:50:00,216.49,1,119.16,0.841,59.96
2026-02-24 04:00:00,279.1,1,118.81,0.841,59.94
2026-02-24 04:10:00,251.54,1,118.52,0.837,59.94
2026-02-24 04:20:00,233.86,1,118.61,0.842,59.96
2026-02-24 04:30:00,254.878,1,119.033,0.84,59.922
2026-02-24 04:40:00,201.56,1,118.75,0.843,59.93
2026-02-24 04:50:00,288.63,1,117.34,0.84,59.96
2026-02-24 05:00:00,186.29,1,117.42,0.836,59.94
2026-02-24 05:10:00,356.03,1,115.97,0.852,59.95
2026-02-24 05:20:00,172.99,1,118.52,0.842,59.94
2026-02-24 05:30:00,304.41,1,119.15,0.838,59.96
2026-02-24 05:40:00,275.0,1,118.5,0.859,59.96
2026-02-24 05:50:00,339.92,1,118.86,0.848,59.94
2026-02-24 06:00:00,237.69,1,115.34,0.854,59.95
2026-02-24 06:10:00,410.36,1,117.44,0.907,59.94
2026-02-24 06:20:00,271.26,1,118.01,0.901,59.97
2026-02-24 06:30:00,423.23,1,118.37,0.896,59.97
2026-02-24 06:40:00,216.79,1,119.17,0.84,59.97
2026-02-24 06:50:00,362.74,1,119.15,0.848,59.92
2026-02-24 07:00:00,335.08,1,118.56,0.874,59.93
2026-02-24 07:10:00,389.29,1,120.06,0.861,59.96
2026-02-24 07:20:00,203.61,1,118.65,0.849,59.96
2026-02-24 07:30:00,254.43,1,117.88,0.839,59.95
2026-02-24 07:40:00,209.52,1,118.67,0.835,59.98
2026-02-24 07:50:00,1009.87,1,116.79,0.929,59.97
2026-02-24 08:00:00,259.11,1,116.29,0.852,59.99
2026-02-24 08:10:00,227.989,1,117.3,0.839,59.978
2026-02-24 08:20:00,397.978,1,118.044,0.88,59.956
2026-02-24 08:30:00,241.475,1,118.638,0.838,59.975
2026-02-24 08:40:00,240.29,1,119.35,0.833,59.95
2026-02-24 08:50:00,205.87,1,118.02,0.839,59.97
2026-02-24 09:00:00,619.762,1,116.312,0.966,59.938
2026-02-24 09:10:00,426.15,1,117.03,0.872,59.96
2026-02-24 09:20:00,1009.83,1,116.2,0.932,59.94
2026-02-24 09:30:00,334.21,1,118.06,0.837,59.98
2026-02-24 09:40:00,319.65,1,118.15,0.842,59.95
2026-02-24 09:50:00,176.19,1,118.62,0.85,59.92
2026-02-24 10:00:00,282.0,1,115.17,0.843,59.96
2026-02-24 10:10:00,214.48,1,118.71,0.842,59.93
2026-02-24 10:20:00,302.65,1,117.5,0.861,59.95
2026-02-24 10:30:00,271.16,1,118.68,0.856,59.94
2026-02-24 10:40:00,377.48,1,118.53,0.862,59.96
2026-02-24 10:50:00,236.64,1,118.34,0.835,59.95
2026-02-24 11:00:00,208.96,1,118.08,0.84,59.96
2026-02-24 11:10:00,268.26,1,118.26,0.85,59.99
2026-02-24 11:20:00,209.5,1,118.85,0.854,59.98
2026-02-24 11:30:00,290.35,1,118.31,0.857,59.95
2026-02-24 11:40:00,223.8,1,119.86,0.861,59.97
2026-02-24 11:50:00,323.4,1,119.688,0.861,59.938
2026-02-24 12:00:00,203.32,1,120.3,0.86,59.97
2026-02-24 12:10:00,359.14,1,118.49,0.863,59.97
2026-02-24 12:20:00,242.15,1,119.42,0.858,59.93
2026-02-24 12:30:00,315.97,1,118.84,0.852,59.95
2026-02-24 12:40:00,323.47,1,119.99,0.866,59.97
2026-02-24 12:50:00,307.45,1,119.84,0.844,59.95
2026-02-24 13:00:00,314.044,1,119.878,0.887,59.967
2026-02-24 13:10:00,1007.011,1,116.356,0.93,59.933
2026-02-24 13:20:00,888.48,1,117.58,0.949,59.96
2026-02-24 13:30:00,468.467,1,119.2,0.891,59.911
2026-02-24 13:40:00,637.8,1,118.38,0.927,59.95
2026-02-24 13:50:00,742.98,1,118.0,0.913,59.96
2026-02-24 14:00:00,324.878,1,120.456,0.891,59.967
2026-02-24 14:10:00,321.488,1,118.188,0.883,59.962
2026-02-24 14:20:00,283.55,1,118.57,0.884,59.95
2026-02-24 14:30:00,302.79,1,119.64,0.877,59.97
2026-02-24 14:40:00,279.21,1,119.7,0.854,59.97
2026-02-24 14:50:00,205.488,1,119.612,0.835,59.975
2026-02-24 15:00:00,582.81,1,118.63,0.966,59.95
2026-02-24 15:10:00,168.012,1,121.012,0.827,59.925
2026-02-24 15:20:00,269.89,1,118.76,0.839,59.95
2026-02-24 15:30:00,327.85,1,118.88,0.836,59.97
2026-02-24 15:40:00,860.833,1,117.3,0.903,59.944
2026-02-24 15:50:00,547.43,1,117.46,0.867,59.98
2026-02-24 16:00:00,201.95,1,119.22,0.83,59.98
2026-02-24 16:10:00,678.3,1,118.4,0.887,59.92
2026-02-24 16:20:00,407.0,1,119.31,0.894,59.96
2026-02-24 16:30:00,449.444,1,119.522,0.854,59.956
2026-02-24 16:40:00,240.389,1,121.322,0.843,59.944
2026-02-24 16:50:00,421.16,1,119.62,0.868,59.96
2026-02-24 17:00:00,364.9,1,119.78,0.858,59.96
2026-02-24 17:10:00,373.333,1,120.022,0.858,59.933
2026-02-24 17:20:00,228.85,1,119.3,0.829,59.95
2026-02-24 17:30:00,346.378,1,117.189,0.85,59.978
2026-02-24 17:40:00,250.14,1,116.71,0.819,59.95
2026-02-24 17:50:00,208.79,1,117.25,0.826,59.97
2026-02-24 18:00:00,335.944,1,116.689,0.812,59.967
2026-02-24 18:10:00,271.99,1,116.51,0.814,59.96
2026-02-24 18:20:00,462.75,1,116.275,0.866,59.975
2026-02-24 18:30:00,309.19,1,115.76,0.871,59.98
2026-02-24 18:40:00,436.91,1,116.92,0.87,59.96
2026-02-24 18:50:00,1015.16,1,115.95,0.95,59.96
2026-02-24 19:00:00,784.66,1,115.57,0.927,59.94
2026-02-24 19:10:00,312.378,1,114.9,0.906,59.933
2026-02-24 19:20:00,425.93,1,114.66,0.907,59.95
2026-02-24 19:30:00,308.375,1,115.288,0.898,59.95
2026-02-24 19:40:00,584.12,1,115.05,0.925,59.97
2026-02-24 19:50:00,801.31,1,115.1,0.965,59.97
2026-02-24 20:00:00,634.25,1,116.79,0.932,59.96
2026-02-24 20:10:00,386.88,1,117.04,0.92,59.96
2026-02-24 20:20:00,472.76,1,116.76,0.917,59.94
2026-02-24 20:30:00,679.488,1,117.525,0.932,59.925
2026-02-24 20:40:00,612.58,1,117.64,0.906,59.95
2026-02-24 20:50:00,263.62,1,118.63,0.887,59.95
2026-02-24 21:00:00,1186.52,1,117.24,0.981,59.96
2026-02-24 21:10:00,417.24,1,119.77,0.926,59.96
2026-02-24 21:20:00,457.79,1,119.02,0.909,59.97
2026-02-24 21:30:00,401.97,1,116.79,0.886,59.95
2026-02-24 21:40:00,382.82,1,117.32,0.886,59.95
2026-02-24 21:50:00,220.3,1,120.73,0.877,59.96
2026-02-24 22:00:00,805.25,1,118.36,0.908,59.95
2026-02-24 22:10:00,235.39,1,120.14,0.86,59.96
2026-02-24 22:20:00,367.72,1,119.84,0.845,59.98
2026-02-24 22:30:00,325.6,1,119.6,0.875,59.96
2026-02-24 22:40:00,297.7,1,120.3,0.833,59.94
2026-02-24 22:50:00,184.9,1,120.622,0.838,59.944
2026-02-24 23:00:00,281.84,1,120.06,0.831,59.9
2026-02-24 23:10:00,184.14,1,119.71,0.837,59.95
2026-02-24 23:20:00,274.06,1,119.01,0.831,59.95
2026-02-24 23:30:00,183.44,1,120.74,0.837,59.96
2026-02-24 23:40:00,279.43,1,121.14,0.828,59.93
2026-02-24 23:50:00,183.89,1,121.08,0.837,59.94
2026-02-25 00:00:00,323.05,1,121.11,0.83,59.98
2026-02-25 00:10:00,186.03,1,121.53,0.833,59.98
2026-02-25 00:20:00,329.37,1,121.33,0.836,59.92
2026-02-25 00:30:00,183.82,1,122.13,0.84,59.91
2026-02-25 00:40:00,277.27,1,121.69,0.828,59.96
2026-02-25 00:50:00,236.68,1,121.97,0.852,59.95
2026-02-25 01:00:00,327.01,1,121.54,0.838,59.95
2026-02-25 01:10:00,187.03,1,122.31,0.837,59.96
2026-02-25 01:20:00,282.738,1,121.588,0.825,59.975
2026-02-25 01:30:00,172.32,1,121.83,0.835,59.96
2026-02-25 01:40:00,298.0,1,122.5,0.824,59.98
2026-02-25 01:50:00,173.28,1,122.05,0.834,59.94
2026-02-25 02:00:00,288.48,1,121.11,0.825,59.97
2026-02-25 02:10:00,173.85,1,121.75,0.831,59.92
2026-02-25 02:20:00,374.01,1,120.61,0.845,59.95
2026-02-25 02:30:00,170.54,1,121.72,0.837,59.94
2026-02-25 02:40:00,327.32,1,122.3,0.835,59.95
2026-02-25 02:50:00,171.77,1,121.66,0.846,59.91
2026-02-25 03:00:00,555.04,1,121.12,0.96,59.95
2026-02-25 03:10:00,173.27,1,122.15,0.837,59.94
2026-02-25 03:20:00,266.29,1,121.76,0.815,59.96
2026-02-25 03:30:00,354.13,1,121.13,0.828,59.95
2026-02-25 03:40:00,291.5,1,121.08,0.835,59.97
2026-02-25 03:50:00,185.5,1,122.63,0.844,59.9
2026-02-25 04:00:00,308.41,1,121.7,0.825,59.97
2026-02-25 04:10:00,174.83,1,122.39,0.835,59.93
2026-02-25 04:20:00,311.89,1,121.28,0.83,59.98
2026-02-25 04:30:00,174.011,1,121.133,0.837,59.944
2026-02-25 04:40:00,291.85,1,121.66,0.827,59.92
2026-02-25 04:50:00,168.07,1,120.74,0.835,59.95
2026-02-25 05:00:00,295.44,1,119.9,0.832,59.95
2026-02-25 05:10:00,290.51,1,120.88,0.868,59.95
2026-02-25 05:20:00,300.55,1,120.55,0.849,59.97
2026-02-25 05:30:00,236.11,1,120.84,0.86,59.94
2026-02-25 05:40:00,675.33,1,118.32,0.899,59.94
2026-02-25 05:50:00,441.14,1,118.46,0.894,59.94
2026-02-25 06:00:00,559.36,1,118.77,0.886,59.94
2026-02-25 06:10:00,230.78,1,117.62,0.858,59.94
2026-02-25 06:20:00,287.5,1,119.31,0.829,59.98
2026-02-25 06:30:00,165.82,1,119.72,0.834,59.98
2026-02-25 06:40:00,284.68,1,119.54,0.826,59.95
2026-02-25 06:50:00,162.79,1,119.6,0.84,59.95
2026-02-25 07:00:00,340.06,1,119.06,0.854,59.92
2026-02-25 07:10:00,299.97,1,118.46,0.861,59.96
2026-02-25 07:20:00,1510.844,1,114.144,0.968,59.978
2026-02-25 07:30:00,559.9,1,117.66,0.903,59.98
2026-02-25 07:40:00,323.238,1,119.225,0.846,59.975
2026-02-25 07:50:00,227.167,1,118.844,0.857,59.967
2026-02-25 08:00:00,592.9,1,116.58,0.893,59.94
2026-02-25 08:10:00,476.09,1,116.61,0.933,59.96
2026-02-25 08:20:00,342.25,1,118.47,0.881,59.98
2026-02-25 08:30:00,227.22,1,121.21,0.897,59.93
2026-02-25 08:40:00,352.97,1,120.86,0.877,59.95
2026-02-25 08:50:00,276.47,1,120.22,0.905,59.95
2026-02-25 09:00:00,1041.15,1,117.77,0.988,59.92
2026-02-25 09:10:00,724.57,1,117.84,0.97,59.95
2026-02-25 09:20:00,405.62,1,119.44,0.901,59.96
2026-02-25 09:30:00,385.63,1,119.43,0.88,59.96
2026-02-25 09:40:00,347.77,1,119.64,0.877,59.96
2026-02-25 09:50:00,346.25,1,118.6,0.907,59.92
2026-02-25 10:00:00,416.23,1,116.6,0.854,59.95
2026-02-25 10:10:00,193.04,1,118.54,0.828,59.96
2026-02-25 10:20:00,319.58,1,118.23,0.845,59.95
2026-02-25 10:30:00,258.05,1,117.95,0.838,59.97
2026-02-25 10:40:00,243.87,1,117.75,0.835,59.97
2026-02-25 10:50:00,368.36,1,117.56,0.853,59.97
2026-02-25 11:00:00,282.56,1,117.39,0.862,59.97
2026-02-25 11:10:00,412.13,1,115.15,0.854,59.94
2026-02-25 11:20:00,314.31,1,117.13,0.876,59.95
2026-02-25 11:30:00,281.13,1,115.76,0.84,59.94
2026-02-25 11:40:00,193.16,1,116.84,0.827,59.95
2026-02-25 11:50:00,352.5,1,116.93,0.859,59.97
2026-02-25 12:00:00,370.122,1,116.511,0.866,59.967
2026-02-25 12:10:00,323.54,1,117.51,0.874,59.97
2026-02-25 12:20:00,283.36,1,118.19,0.853,59.99
2026-02-25 12:30:00,1216.05,1,114.67,0.956,59.98
2026-02-25 12:40:00,1225.34,1,115.31,0.952,59.97
2026-02-25 12:50:00,314.3,1,118.97,0.877,59.97
2026-02-25 13:00:00,464.97,1,117.43,0.9,59.92
2026-02-25 13:10:00,343.45,1,117.53,0.912,59.97
2026-02-25 13:20:00,871.36,1,115.23,0.935,59.95
2026-02-25 13:30:00,436.74,1,117.93,0.929,59.96
2026-02-25 13:40:00,378.88,1,118.27,0.891,59.99
2026-02-25 13:50:00,256.01,1,118.74,0.895,59.96
2026-02-25 14:00:00,546.83,1,117.76,0.91,59.95
2026-02-25 14:10:00,423.12,1,119.43,0.917,59.94
2026-02-25 14:20:00,331.22,1,118.63,0.892,59.98
2026-02-25 14:30:00,537.19,1,118.69,0.923,59.92
2026-02-25 14:40:00,403.83,1,120.13,0.892,59.94
2026-02-25 14:50:00,235.9,1,119.7,0.844,59.93
2026-02-25 15:00:00,653.6,1,119.88,0.974,59.97
2026-02-25 15:10:00,181.33,1,120.82,0.856,59.97
2026-02-25 15:20:00,301.75,1,120.36,0.854,59.92
2026-02-25 15:30:00,372.12,1,119.65,0.841,59.94
2026-02-25 15:40:00,373.43,1,119.66,0.839,59.96
2026-02-25 15:50:00,181.46,1,120.51,0.837,59.99
2026-02-25 16:00:00,340.09,1,120.11,0.84,59.98
2026-02-25 16:10:00,265.19,1,120.03,0.838,59.96
2026-02-25 16:20:00,294.51,1,120.36,0.84,59.93
2026-02-25 16:30:00,245.48,1,121.42,0.819,59.94
2026-02-25 16:40:00,231.5,1,121.65,0.815,59.96
2026-02-25 16:50:00,256.51,1,121.15,0.811,59.94
2026-02-25 17:00:00,196.98,1,121.73,0.82,59.98
2026-02-25 17:10:00,274.63,1,121.53,0.822,59.97
2026-02-25 17:20:00,180.1,1,119.02,0.82,59.96
2026-02-25 17:30:00,331.22,1,118.14,0.834,59.94
2026-02-25 17:40:00,165.64,1,121.05,0.815,59.96
2026-02-25 17:50:00,300.84,1,120.13,0.821,59.97
2026-02-25 18:00:00,164.88,1,122.0,0.818,59.95
2026-02-25 18:10:00,861.8,1,117.88,0.897,59.92
2026-02-25 18:20:00,1380.92,1,116.13,0.995,59.97
2026-02-25 18:30:00,1176.9,1,115.89,0.99,59.94
2026-02-25 18:40:00,1039.37,1,115.42,0.99,59.94
2026-02-25 18:50:00,1932.83,1,113.23,0.995,59.96
2026-02-25 19:00:00,1616.61,1,114.4,0.994,59.97
2026-02-25 19:10:00,1227.6,1,115.72,0.99,59.93
2026-02-25 19:20:00,1283.1,1,115.06,0.99,59.96
2026-02-25 19:30:00,1269.15,1,111.91,0.99,59.96
2026-02-25 19:40:00,1420.9,1,113.62,0.99,59.96
2026-02-25 19:50:00,1393.86,1,114.1,0.99,59.93
2026-02-25 20:00:00,1342.98,1,113.87,0.989,59.96
2026-02-25 20:10:00,1256.88,1,115.68,0.99,59.95
2026-02-25 20:20:00,1456.76,1,115.97,0.988,59.98
2026-02-25 20:30:00,1258.66,1,116.32,0.99,59.93
2026-02-25 20:40:00,1352.86,1,117.05,0.99,59.96
2026-02-25 20:50:00,1165.65,1,117.09,0.99,59.95
2026-02-25 21:00:00,1556.68,1,117.13,0.999,59.94
2026-02-25 21:10:00,1196.96,1,118.96,0.993,59.95
2026-02-25 21:20:00,1221.47,1,116.15,0.99,59.95
2026-02-25 21:30:00,1494.65,1,115.86,0.986,59.97
2026-02-25 21:40:00,1275.86,1,113.88,0.965,59.96
2026-02-25 21:50:00,267.77,1,118.81,0.906,59.92
2026-02-25 22:00:00,373.57,1,120.06,0.894,59.98
2026-02-25 22:10:00,284.36,1,120.8,0.89,59.97
2026-02-25 22:20:00,323.14,1,120.39,0.88,59.95
2026-02-25 22:30:00,341.23,1,120.75,0.894,59.98
2026-02-25 22:40:00,317.84,1,120.29,0.881,59.95
2026-02-25 22:50:00,304.344,1,120.433,0.88,59.978
2026-02-25 23:00:00,298.56,1,119.39,0.881,59.95
2026-02-25 23:10:00,311.88,1,119.22,0.881,59.98
2026-02-25 23:20:00,375.078,1,116.422,0.899,59.989
2026-02-25 23:30:00,571.16,1,119.66,0.911,59.94
2026-02-25 23:40:00,287.34,1,120.25,0.856,59.97
2026-02-25 23:50:00,264.36,1,120.88,0.831,59.95
2026-02-26 00:00:00,208.26,1,121.26,0.833,59.98
2026-02-26 00:10:00,313.68,1,120.16,0.836,59.96
2026-02-26 00:20:00,191.16,1,121.14,0.829,59.95
2026-02-26 00:30:00,277.66,1,120.34,0.827,59.94
2026-02-26 00:40:00,190.27,1,121.36,0.835,59.96
2026-02-26 00:50:00,295.6,1,121.09,0.828,59.97
2026-02-26 01:00:00,175.66,1,122.42,0.833,59.95
2026-02-26 01:10:00,348.67,1,121.68,0.833,59.94
2026-02-26 01:20:00,171.94,1,121.5,0.837,59.96
2026-02-26 01:30:00,293.77,1,121.01,0.828,59.95
2026-02-26 01:40:00,174.7,1,121.04,0.831,59.96
2026-02-26 01:50:00,297.25,1,121.44,0.823,59.95
2026-02-26 02:00:00,172.25,1,121.76,0.838,59.97
2026-02-26 02:10:00,294.53,1,121.48,0.828,59.95
2026-02-26 02:20:00,198.06,1,122.4,0.846,59.96
2026-02-26 02:30:00,294.12,1,121.86,0.824,59.96
2026-02-26 02:40:00,223.83,1,121.97,0.852,59.94
2026-02-26 02:50:00,277.91,1,121.27,0.827,59.94
2026-02-26 03:00:00,598.71,1,120.61,0.97,59.97
2026-02-26 03:10:00,220.1,1,121.88,0.852,59.94
2026-02-26 03:20:00,248.89,1,122.35,0.837,59.93
2026-02-26 03:30:00,327.233,1,122.156,0.827,59.967
2026-02-26 03:40:00,265.07,1,122.36,0.831,59.95
2026-02-26 03:50:00,201.72,1,122.21,0.839,59.98
2026-02-26 04:00:00,296.67,1,121.73,0.826,59.97
2026-02-26 04:10:00,226.25,1,121.73,0.848,59.97
2026-02-26 04:20:00,309.77,1,121.6,0.829,59.93
2026-02-26 04:30:00,222.57,1,122.61,0.85,59.95
2026-02-26 04:40:00,293.41,1,122.73,0.824,59.97
2026-02-26 04:50:00,169.07,1,122.61,0.834,59.96
2026-02-26 05:00:00,277.7,1,121.0,0.827,59.94
2026-02-26 05:10:00,188.02,1,120.4,0.834,59.94
2026-02-26 05:20:00,260.73,1,120.39,0.831,59.92
2026-02-26 05:30:00,250.23,1,120.36,0.844,59.94
2026-02-26 05:40:00,1378.76,1,116.88,0.964,59.96
2026-02-26 05:50:00,215.18,1,120.13,0.831,59.95
2026-02-26 06:00:00,284.43,1,120.17,0.839,59.96
2026-02-26 06:10:00,349.53,1,120.19,0.868,59.93
2026-02-26 06:20:00,272.53,1,120.52,0.85,59.95
2026-02-26 06:30:00,225.75,1,120.68,0.83,59.96
2026-02-26 06:40:00,212.29,1,120.61,0.829,59.95
2026-02-26 06:50:00,356.61,1,120.41,0.842,59.96
2026-02-26 07:00:00,194.47,1,121.06,0.828,59.95
2026-02-26 07:10:00,446.28,1,119.68,0.873,59.95
2026-02-26 07:20:00,1106.05,1,117.25,0.942,59.98
2026-02-26 07:30:00,974.01,1,111.48,0.931,59.98
2026-02-26 07:40:00,208.52,1,118.54,0.834,59.94
2026-02-26 07:50:00,285.1,1,118.01,0.838,59.97
2026-02-26 08:00:00,242.0,1,117.46,0.848,59.96
2026-02-26 08:10:00,606.32,1,114.21,0.885,59.95
2026-02-26 08:20:00,227.98,1,115.13,0.855,59.94
2026-02-26 08:30:00,442.48,1,113.95,0.866,59.98
2026-02-26 08:40:00,165.2,1,118.98,0.841,59.95
2026-02-26 08:50:00,282.77,1,117.8,0.838,59.97
2026-02-26 09:00:00,633.278,1,118.8,0.969,59.944
2026-02-26 09:10:00,165.39,1,120.67,0.839,59.95
2026-02-26 09:20:00,245.42,1,120.44,0.837,59.99
2026-02-26 09:30:00,435.656,1,119.4,0.852,59.956
2026-02-26 09:40:00,318.122,1,119.278,0.836,59.944
2026-02-26 09:50:00,317.96,1,120.09,0.88,59.95
2026-02-26 10:00:00,517.967,1,120.444,0.864,59.933
2026-02-26 10:10:00,207.475,1,118.612,0.841,59.962
2026-02-26 10:20:00,374.95,1,118.18,0.857,59.97
2026-02-26 10:30:00,246.944,1,120.478,0.839,59.967
2026-02-26 10:40:00,229.69,1,120.26,0.841,59.99
2026-02-26 10:50:00,270.3,1,120.35,0.832,59.97
2026-02-26 11:00:00,194.29,1,120.91,0.835,59.93
2026-02-26 11:10:00,287.88,1,120.61,0.832,59.94
2026-02-26 11:20:00,338.82,1,120.1,0.879,59.97
2026-02-26 11:30:00,353.6,1,121.47,0.835,59.97
2026-02-26 11:40:00,271.5,1,120.47,0.863,59.97
2026-02-26 11:50:00,425.09,1,120.76,0.846,59.95
2026-02-26 12:00:00,256.633,1,121.511,0.854,59.978
2026-02-26 12:10:00,363.22,1,122.07,0.85,59.94
2026-02-26 12:20:00,794.69,1,121.91,0.945,59.95
2026-02-26 12:30:00,1714.99,1,118.57,0.978,59.96
2026-02-26 12:40:00,962.14,1,120.96,0.92,59.94
2026-02-26 12:50:00,331.45,1,122.66,0.875,59.96
2026-02-26 13:00:00,373.46,1,121.25,0.887,59.98
2026-02-26 13:10:00,328.19,1,119.3,0.894,59.94
2026-02-26 13:20:00,329.567,1,120.122,0.881,59.978
2026-02-26 13:30:00,464.98,1,121.73,0.916,59.97
2026-02-26 13:40:00,338.93,1,121.61,0.875,59.95
2026-02-26 13:50:00,261.69,1,121.81,0.89,59.97
2026-02-26 14:00:00,350.9,1,121.63,0.875,59.97
2026-02-26 14:10:00,452.97,1,121.25,0.927,59.94
2026-02-26 14:20:00,950.55,1,119.74,0.935,59.95
2026-02-26 14:30:00,527.56,1,120.94,0.917,59.98
2026-02-26 14:40:00,691.03,1,120.92,0.896,59.99
2026-02-26 14:50:00,664.35,1,120.69,0.904,59.96
2026-02-26 15:00:00,938.578,1,120.033,0.979,59.967
2026-02-26 15:10:00,229.12,1,123.25,0.868,59.93
2026-02-26 15:20:00,283.462,1,121.138,0.845,59.95
2026-02-26 15:30:00,339.81,1,120.72,0.843,59.98
2026-02-26 15:40:00,342.89,1,121.0,0.839,59.95
2026-02-26 15:50:00,273.24,1,120.98,0.834,59.95
2026-02-26 16:00:00,340.85,1,119.89,0.856,59.97
2026-02-26 16:10:00,348.567,1,119.3,0.848,59.933
2026-02-26 16:20:00,198.36,1,119.52,0.841,59.92
2026-02-26 16:30:00,300.68,1,117.84,0.838,59.96
2026-02-26 16:40:00,372.46,1,116.85,0.882,59.95
2026-02-26 16:50:00,315.511,1,118.522,0.832,59.967
2026-02-26 17:00:00,163.544,1,119.778,0.837,59.967
2026-02-26 17:10:00,304.011,1,118.433,0.836,59.978
2026-02-26 17:20:00,165.93,1,119.11,0.831,59.98
2026-02-26 17:30:00,285.467,1,119.922,0.827,59.967
2026-02-26 17:40:00,236.57,1,118.76,0.831,59.97
2026-02-26 17:50:00,271.27,1,119.16,0.818,59.98
2026-02-26 18:00:00,192.75,1,119.12,0.812,59.96
2026-02-26 18:10:00,277.38,1,119.29,0.818,59.96
2026-02-26 18:20:00,204.212,1,119.525,0.805,59.975
2026-02-26 18:30:00,237.35,1,115.783,0.82,59.95
2026-02-26 18:40:00,208.59,1,115.15,0.812,59.94
2026-02-26 18:50:00,252.82,1,115.53,0.816,59.94
2026-02-26 19:00:00,284.59,1,113.01,0.87,59.94
2026-02-26 19:10:00,883.62,1,111.08,0.938,59.96
2026-02-26 19:20:00,497.644,1,114.967,0.884,59.967
2026-02-26 19:30:00,324.54,1,114.39,0.879,59.96
2026-02-26 19:40:00,305.29,1,115.97,0.868,60.0
2026-02-26 19:50:00,259.15,1,115.13,0.866,59.95
2026-02-26 20:00:00,425.84,1,115.43,0.888,59.99
2026-02-26 20:10:00,323.24,1,115.91,0.905,59.93
2026-02-26 20:20:00,433.11,1,117.94,0.898,59.96
2026-02-26 20:30:00,549.17,1,118.42,0.904,59.97
2026-02-26 20:40:00,312.13,1,118.55,0.896,59.97
2026-02-26 20:50:00,362.044,1,117.367,0.883,59.944
2026-02-26 21:00:00,692.22,1,116.82,0.98,59.95
2026-02-26 21:10:00,353.45,1,115.94,0.906,59.96
2026-02-26 21:20:00,333.31,1,120.2,0.887,59.94
2026-02-26 21:30:00,462.73,1,117.96,0.9,59.96
2026-02-26 21:40:00,469.23,1,117.87,0.886,59.94
2026-02-26 21:50:00,350.225,1,119.775,0.874,59.975
2026-02-26 22:00:00,373.729,1,120.129,0.861,59.943
2026-02-26 22:10:00,259.16,1,120.56,0.841,59.97
2026-02-26 22:20:00,733.578,1,119.222,0.934,59.956
2026-02-26 22:30:00,243.178,1,120.689,0.847,59.967
2026-02-26 22:40:00,265.862,1,121.05,0.837,59.925
2026-02-26 22:50:00,260.44,1,119.89,0.831,59.95
2026-02-26 23:00:00,249.68,1,120.22,0.823,59.98
2026-02-26 23:10:00,257.167,1,119.822,0.827,59.967
2026-02-26 23:20:00,234.022,1,119.244,0.83,59.944
2026-02-26 23:30:00,272.36,1,120.66,0.835,59.95
2026-02-26 23:40:00,217.111,1,121.644,0.836,59.978
2026-02-26 23:50:00,269.95,1,121.38,0.831,59.96
2026-02-27 00:00:00,210.55,1,121.61,0.837,59.94
2026-02-27 00:10:00,267.389,1,121.422,0.828,59.967
2026-02-27 00:20:00,210.61,1,120.98,0.83,59.97
2026-02-27 00:30:00,277.68,1,119.31,0.836,59.98
2026-02-27 00:40:00,210.42,1,119.57,0.834,59.96
2026-02-27 00:50:00,278.91,1,121.38,0.831,59.95
2026-02-27 01:00:00,188.4,1,122.1,0.838,59.95
2026-02-27 01:10:00,330.57,1,120.82,0.838,59.98
2026-02-27 01:20:00,186.96,1,122.15,0.839,59.96
2026-02-27 01:30:00,267.522,1,121.422,0.829,59.933
2026-02-27 01:40:00,206.39,1,120.77,0.833,59.93
2026-02-27 01:50:00,310.06,1,120.47,0.839,59.98
2026-02-27 02:00:00,201.12,1,121.81,0.838,59.96
2026-02-27 02:10:00,262.38,1,120.81,0.834,59.94
2026-02-27 02:20:00,203.52,1,121.74,0.838,59.92
2026-02-27 02:30:00,257.94,1,121.77,0.828,59.96
2026-02-27 02:40:00,263.733,1,121.4,0.848,59.989
2026-02-27 02:50:00,256.53,1,120.73,0.834,59.95
2026-02-27 03:00:00,592.92,1,119.41,0.971,59.97
2026-02-27 03:10:00,174.61,1,121.9,0.835,59.96
2026-02-27 03:20:00,254.39,1,121.84,0.833,59.99
2026-02-27 03:30:00,395.112,1,121.65,0.839,60.0
2026-02-27 03:40:00,310.24,1,122.18,0.832,59.95
2026-02-27 03:50:00,188.89,1,121.86,0.846,59.96
2026-02-27 04:00:00,322.55,1,120.78,0.83,59.95
2026-02-27 04:10:00,174.35,1,121.55,0.831,59.96
2026-02-27 04:20:00,310.69,1,120.99,0.832,59.95
2026-02-27 04:30:00,238.36,1,121.48,0.859,59.95
2026-02-27 04:40:00,394.02,1,120.53,0.846,59.97
2026-02-27 04:50:00,183.38,1,119.81,0.832,59.95
2026-02-27 05:00:00,273.18,1,120.53,0.823,59.93
2026-02-27 05:10:00,187.43,1,118.99,0.832,59.96
2026-02-27 05:20:00,275.12,1,119.28,0.834,59.94
2026-02-27 05:30:00,189.633,1,119.933,0.836,59.956
2026-02-27 05:40:00,1110.14,1,117.46,0.923,59.97
2026-02-27 05:50:00,223.65,1,119.79,0.844,59.96
2026-02-27 06:00:00,557.589,1,118.933,0.893,59.944
2026-02-27 06:10:00,238.41,1,119.73,0.87,59.97
2026-02-27 06:20:00,320.788,1,119.75,0.836,59.975
2026-02-27 06:30:00,749.85,1,119.4,0.9,59.94
2026-02-27 06:40:00,926.35,1,117.94,0.918,59.98
2026-02-27 06:50:00,186.41,1,119.26,0.841,59.94
2026-02-27 07:00:00,291.99,1,118.82,0.843,59.96
2026-02-27 07:10:00,338.89,1,117.17,0.876,59.97
2026-02-27 07:20:00,360.78,1,117.69,0.846,59.97
2026-02-27 07:30:00,249.838,1,117.175,0.852,59.975
2026-02-27 07:40:00,445.38,1,116.54,0.863,59.97
2026-02-27 07:50:00,313.81,1,116.82,0.884,59.97
2026-02-27 08:00:00,272.038,1,117.862,0.83,59.938
2026-02-27 08:10:00,166.21,1,117.82,0.838,59.97
2026-02-27 08:20:00,281.14,1,118.17,0.835,59.95
2026-02-27 08:30:00,163.03,1,117.34,0.835,59.93
2026-02-27 08:40:00,282.85,1,117.25,0.834,59.97
2026-02-27 08:50:00,161.925,1,117.238,0.836,59.95
2026-02-27 09:00:00,568.52,1,117.04,0.966,59.97
2026-02-27 09:10:00,169.43,1,118.6,0.824,59.96
2026-02-27 09:20:00,339.43,1,113.71,0.852,59.96
2026-02-27 09:30:00,373.97,1,117.44,0.848,59.94
2026-02-27 09:40:00,319.98,1,117.39,0.841,59.97
2026-02-27 09:50:00,164.85,1,117.52,0.831,59.94
2026-02-27 10:00:00,302.34,1,117.99,0.84,59.95
2026-02-27 10:10:00,177.667,1,117.067,0.833,59.922
2026-02-27 10:20:00,284.322,1,117.944,0.839,59.989
2026-02-27 10:30:00,196.25,1,118.69,0.84,59.97
2026-02-27 10:40:00,277.925,1,118.362,0.84,59.938
2026-02-27 10:50:00,285.55,1,118.56,0.847,59.95
2026-02-27 11:00:00,259.425,1,118.375,0.834,59.938
2026-02-27 11:10:00,211.32,1,117.44,0.836,59.96
2026-02-27 11:20:00,239.76,1,118.42,0.841,59.95
2026-02-27 11:30:00,227.2,1,119.26,0.838,59.92
2026-02-27 11:40:00,228.48,1,118.49,0.84,59.96
2026-02-27 11:50:00,201.65,1,119.9,0.844,59.925
2026-02-27 12:00:00,231.87,1,118.86,0.843,59.96
2026-02-27 12:10:00,235.4,1,118.411,0.834,59.944
2026-02-27 12:20:00,211.37,1,119.02,0.837,59.97
2026-02-27 12:30:00,240.93,1,120.27,0.842,59.96
2026-02-27 12:40:00,214.66,1,119.98,0.845,60.0
2026-02-27 12:50:00,295.19,1,119.04,0.858,59.97
2026-02-27 13:00:00,321.933,1,119.344,0.9,59.933
2026-02-27 13:10:00,427.24,1,118.88,0.902,59.95
2026-02-27 13:20:00,360.29,1,120.01,0.908,59.96
2026-02-27 13:30:00,319.99,1,118.44,0.886,59.93
2026-02-27 13:40:00,480.99,1,117.23,0.921,59.94
2026-02-27 13:50:00,406.61,1,119.23,0.902,59.95
2026-02-27 14:00:00,340.94,1,118.82,0.894,59.98
2026-02-27 14:10:00,273.343,1,119.029,0.891,59.957
2026-02-27 14:20:00,290.89,1,118.35,0.888,59.95
2026-02-27 14:30:00,305.04,1,118.18,0.885,59.98
2026-02-27 14:40:00,307.812,1,118.6,0.886,59.975
2026-02-27 14:50:00,302.16,1,119.72,0.883,59.95
2026-02-27 15:00:00,643.01,1,118.68,0.981,59.96
2026-02-27 15:10:00,229.15,1,117.64,0.889,59.93
2026-02-27 15:20:00,329.825,1,117.975,0.884,59.975
2026-02-27 15:30:00,382.444,1,117.811,0.88,59.989
2026-02-27 15:40:00,380.378,1,116.633,0.878,59.956
2026-02-27 15:50:00,289.24,1,118.8,0.886,59.96
2026-02-27 16:00:00,359.889,1,118.978,0.873,59.944
2026-02-27 16:10:00,279.67,1,119.1,0.852,59.96
2026-02-27 16:20:00,260.91,1,119.05,0.829,59.97
2026-02-27 16:30:00,219.575,1,119.3,0.831,59.95
2026-02-27 16:40:00,347.56,1,118.31,0.855,59.97
2026-02-27 16:50:00,225.27,1,118.81,0.829,59.98
2026-02-27 17:00:00,202.45,1,119.625,0.827,59.912
2026-02-27 17:10:00,256.25,1,118.45,0.851,59.94
2026-02-27 17:20:00,386.07,1,118.25,0.882,59.99
2026-02-27 17:30:00,818.975,1,116.688,0.95,59.938
2026-02-27 17:40:00,516.289,1,117.8,0.917,59.956
2026-02-27 17:50:00,476.362,1,117.538,0.895,59.938
2026-02-27 18:00:00,206.65,1,119.138,0.838,59.938
2026-02-27 18:10:00,293.38,1,120.05,0.826,59.94
2026-02-27 18:20:00,1178.39,1,115.22,0.945,59.95
2026-02-27 18:30:00,585.867,1,119.289,0.882,59.956
2026-02-27 18:40:00,287.99,1,119.17,0.86,59.95
2026-02-27 18:50:00,794.2,1,116.975,0.95,59.962
2026-02-27 19:00:00,298.067,1,118.711,0.86,59.933
2026-02-27 19:10:00,608.97,1,116.85,0.922,59.96
2026-02-27 19:20:00,442.73,1,117.74,0.905,59.95
2026-02-27 19:30:00,758.79,1,116.91,0.941,59.96
2026-02-27 19:40:00,387.86,1,116.61,0.892,59.95
2026-02-27 19:50:00,703.14,1,116.17,0.929,59.92
2026-02-27 20:00:00,296.4,1,118.922,0.88,59.956
2026-02-27 20:10:00,303.5,1,115.762,0.875,59.95
2026-02-27 20:20:00,288.96,1,117.33,0.877,59.94
2026-02-27 20:30:00,346.93,1,119.22,0.884,59.97
2026-02-27 20:40:00,317.967,1,118.244,0.873,59.978
2026-02-27 20:50:00,397.556,1,117.111,0.882,59.967
2026-02-27 21:00:00,593.89,1,118.37,0.97,59.98
2026-02-27 21:10:00,172.23,1,119.24,0.833,59.96
2026-02-27 21:20:00,215.986,1,119.971,0.837,59.929
2026-02-27 21:30:00,392.1,1,118.388,0.845,59.975
2026-02-27 21:40:00,328.825,1,119.45,0.832,59.925
2026-02-27 21:50:00,223.111,1,120.089,0.831,59.944
2026-02-27 22:00:00,324.75,1,120.65,0.831,59.97
2026-02-27 22:10:00,341.82,1,120.89,0.842,59.96
2026-02-27 22:20:00,248.37,1,121.45,0.833,59.97
2026-02-27 22:30:00,231.43,1,118.03,0.83,59.96
2026-02-27 22:40:00,271.75,1,118.24,0.848,59.95
2026-02-27 22:50:00,282.62,1,116.98,0.844,59.94
2026-02-27 23:00:00,245.812,1,118.788,0.831,59.975
2026-02-27 23:10:00,261.1,1,120.89,0.83,59.98
2026-02-27 23:20:00,245.38,1,120.75,0.833,59.96
2026-02-27 23:30:00,251.76,1,121.34,0.831,59.94
2026-02-27 23:40:00,246.9,1,121.52,0.829,59.94
2026-02-27 23:50:00,252.725,1,121.438,0.829,59.975
2026-02-28 00:00:00,244.03,1,121.48,0.83,59.98
2026-02-28 00:10:00,241.22,1,121.09,0.827,59.95
2026-02-28 00:20:00,246.122,1,120.544,0.829,59.978
2026-02-28 00:30:00,287.16,1,121.02,0.839,59.92
2026-02-28 00:40:00,335.49,1,118.95,0.852,59.93
2026-02-28 00:50:00,238.478,1,118.822,0.83,59.967
2026-02-28 01:00:00,224.867,1,121.956,0.826,59.956
2026-02-28 01:10:00,233.24,1,121.71,0.83,59.95
2026-02-28 01:20:00,241.178,1,121.756,0.832,59.956
2026-02-28 01:30:00,219.13,1,122.44,0.832,59.97
2026-02-28 01:40:00,251.41,1,122.01,0.826,59.95
2026-02-28 01:50:00,218.08,1,121.92,0.824,59.93
2026-02-28 02:00:00,246.83,1,121.72,0.829,59.96
2026-02-28 02:10:00,203.06,1,121.66,0.833,59.96
2026-02-28 02:20:00,264.35,1,121.18,0.828,59.98
2026-02-28 02:30:00,201.47,1,122.25,0.834,59.98
2026-02-28 02:40:00,311.61,1,121.89,0.842,59.95
2026-02-28 02:50:00,189.98,1,122.32,0.833,59.96
2026-02-28 03:00:00,607.32,1,120.89,0.969,59.92
2026-02-28 03:10:00,177.14,1,121.28,0.827,59.94
2026-02-28 03:20:00,249.97,1,121.62,0.831,59.97
2026-02-28 03:30:00,329.7,1,121.1,0.831,59.99
2026-02-28 03:40:00,310.34,1,121.31,0.828,59.95
2026-02-28 03:50:00,191.98,1,122.21,0.832,59.96
2026-02-28 04:00:00,315.12,1,122.1,0.825,59.94
2026-02-28 04:10:00,179.171,1,122.529,0.827,59.929
2026-02-28 04:20:00,309.156,1,122.233,0.821,59.967
2026-02-28 04:30:00,173.03,1,122.34,0.83,59.95
2026-02-28 04:40:00,361.811,1,121.6,0.831,59.956
2026-02-28 04:50:00,171.73,1,121.36,0.836,59.97
2026-02-28 05:00:00,360.35,1,121.89,0.829,59.94
2026-02-28 05:10:00,250.77,1,122.33,0.845,59.94
2026-02-28 05:20:00,290.03,1,121.44,0.825,59.97
2026-02-28 05:30:00,176.88,1,122.48,0.832,59.94
2026-02-28 05:40:00,397.72,1,120.86,0.842,59.95
2026-02-28 05:50:00,171.53,1,121.71,0.832,59.96
2026-02-28 06:00:00,282.8,1,119.233,0.828,59.944
2026-02-28 06:10:00,170.66,1,121.54,0.82,59.97
2026-02-28 06:20:00,391.7,1,120.93,0.844,59.96
2026-02-28 06:30:00,670.73,1,118.3,0.968,59.96
2026-02-28 06:40:00,685.99,1,118.76,0.902,59.94
2026-02-28 06:50:00,164.44,1,119.83,0.835,59.96
2026-02-28 07:00:00,285.41,1,120.08,0.826,59.96
2026-02-28 07:10:00,666.51,1,118.52,0.905,59.94
2026-02-28 07:20:00,983.47,1,116.91,0.912,59.96
2026-02-28 07:30:00,213.5,1,115.61,0.842,59.98
2026-02-28 07:40:00,267.27,1,114.21,0.837,59.97
2026-02-28 07:50:00,166.77,1,119.64,0.829,59.97
2026-02-28 08:00:00,268.75,1,118.72,0.831,59.99
2026-02-28 08:10:00,475.18,1,119.91,0.908,59.96
2026-02-28 08:20:00,371.61,1,119.74,0.853,59.97
2026-02-28 08:30:00,423.5,1,120.84,0.896,59.96
2026-02-28 08:40:00,1286.55,1,117.37,0.951,59.98
2026-02-28 08:50:00,567.7,1,119.59,0.943,59.94
2026-02-28 09:00:00,781.35,1,118.31,0.984,59.98
2026-02-28 09:10:00,471.04,1,116.76,0.907,59.95
2026-02-28 09:20:00,341.11,1,115.6,0.847,59.98
2026-02-28 09:30:00,525.83,1,118.41,0.862,59.97
2026-02-28 09:40:00,324.01,1,120.25,0.823,59.97
2026-02-28 09:50:00,328.92,1,120.04,0.858,59.96
2026-02-28 10:00:00,432.59,1,119.16,0.841,59.94
2026-02-28 10:10:00,309.99,1,117.97,0.849,59.97
2026-02-28 10:20:00,390.5,1,118.36,0.843,59.93
2026-02-28 10:30:00,287.562,1,119.712,0.844,59.975
2026-02-28 10:40:00,247.48,1,120.31,0.823,59.97
2026-02-28 10:50:00,229.62,1,120.38,0.818,59.92
2026-02-28 11:00:00,401.35,1,119.688,0.861,59.95
2026-02-28 11:10:00,402.99,1,120.52,0.866,59.96
2026-02-28 11:20:00,468.86,1,118.34,0.892,59.96
2026-02-28 11:30:00,259.371,1,120.743,0.819,59.971
2026-02-28 11:40:00,200.03,1,120.87,0.83,59.96
2026-02-28 11:50:00,1039.06,1,117.08,0.918,59.95
2026-02-28 12:00:00,686.54,1,118.5,0.913,59.95
2026-02-28 12:10:00,358.96,1,120.28,0.833,59.91
2026-02-28 12:20:00,168.986,1,120.357,0.821,59.957
2026-02-28 12:30:00,402.288,1,120.562,0.842,59.988
2026-02-28 12:40:00,353.267,1,120.0,0.863,59.944
2026-02-28 12:50:00,300.8,1,119.78,0.829,59.98
2026-02-28 13:00:00,195.84,1,120.8,0.828,59.95
2026-02-28 13:10:00,304.51,1,120.88,0.831,59.93
2026-02-28 13:20:00,309.211,1,120.611,0.856,59.978
2026-02-28 13:30:00,504.91,1,120.23,0.866,59.97
2026-02-28 13:40:00,221.84,1,122.67,0.815,59.95
2026-02-28 13:50:00,328.08,1,121.54,0.856,59.95
2026-02-28 14:00:00,262.93,1,122.3,0.882,59.95
2026-02-28 14:10:00,388.41,1,121.01,0.885,59.96
2026-02-28 14:20:00,274.057,1,120.671,0.884,59.943
2026-02-28 14:30:00,323.6,1,122.011,0.871,59.944
2026-02-28 14:40:00,340.588,1,121.688,0.857,59.95
2026-02-28 14:50:00,311.72,1,120.16,0.849,59.95
2026-02-28 15:00:00,743.2,1,119.76,0.989,59.95
2026-02-28 15:10:00,228.622,1,120.911,0.849,59.922
2026-02-28 15:20:00,252.59,1,122.45,0.839,59.95
2026-02-28 15:30:00,331.88,1,123.02,0.83,59.95
2026-02-28 15:40:00,328.175,1,122.875,0.825,59.962
2026-02-28 15:50:00,341.367,1,123.2,0.885,59.95
2026-02-28 16:00:00,363.46,1,122.35,0.834,59.95
2026-02-28 16:10:00,265.733,1,122.622,0.847,59.956
2026-02-28 16:20:00,433.76,1,122.79,0.856,59.95
2026-02-28 16:30:00,714.01,1,120.52,0.926,59.93
2026-02-28 16:40:00,479.75,1,120.45,0.899,59.938
2026-02-28 16:50:00,384.55,1,120.47,0.877,59.99
2026-02-28 17:00:00,249.738,1,121.85,0.889,59.988
2026-02-28 17:10:00,363.188,1,120.3,0.872,59.95
2026-02-28 17:20:00,234.162,1,121.95,0.878,59.938
2026-02-28 17:30:00,424.722,1,120.022,0.874,59.989
2026-02-28 17:40:00,234.575,1,119.75,0.875,59.962
2026-02-28 17:50:00,350.611,1,122.011,0.862,59.956
2026-02-28 18:00:00,225.45,1,118.95,0.866,59.97
2026-02-28 18:10:00,454.25,1,120.562,0.878,59.95
2026-02-28 18:20:00,406.99,1,119.96,0.914,59.93
2026-02-28 18:30:00,1264.31,1,116.43,0.954,59.95
2026-02-28 18:40:00,320.64,1,118.91,0.895,59.98
2026-02-28 18:50:00,437.16,1,118.29,0.876,59.96
2026-02-28 19:00:00,388.4,1,118.97,0.869,59.97
2026-02-28 19:10:00,371.33,1,119.29,0.864,59.94
2026-02-28 19:20:00,328.52,1,119.73,0.869,59.97
2026-02-28 19:30:00,390.76,1,118.48,0.878,59.95
2026-02-28 19:40:00,262.988,1,120.675,0.878,59.975
2026-02-28 19:50:00,493.14,1,119.5,0.88,59.99
2026-02-28 20:00:00,506.72,1,119.22,0.921,59.96
2026-02-28 20:10:00,498.75,1,118.51,0.904,59.97
2026-02-28 20:20:00,423.6,1,119.511,0.922,59.956
2026-02-28 20:30:00,442.6,1,119.79,0.906,59.98
2026-02-28 20:40:00,268.99,1,121.62,0.896,59.95
2026-02-28 20:50:00,430.367,1,121.633,0.886,59.978
2026-02-28 21:00:00,687.9,1,121.04,0.972,59.96
2026-02-28 21:10:00,259.81,1,121.81,0.883,59.97
2026-02-28 21:20:00,355.812,1,122.138,0.88,59.962
2026-02-28 21:30:00,411.21,1,121.67,0.878,59.95
2026-02-28 21:40:00,400.044,1,121.467,0.871,60.0
2026-02-28 21:50:00,257.92,1,121.33,0.887,59.96
2026-02-28 22:00:00,434.39,1,120.64,0.879,59.95
2026-02-28 22:10:00,487.44,1,120.62,0.918,59.95
2026-02-28 22:20:00,464.24,1,120.64,0.874,59.97
2026-02-28 22:30:00,229.58,1,121.93,0.827,59.92
2026-02-28 22:40:00,277.74,1,122.18,0.828,59.95
2026-02-28 22:50:00,228.02,1,121.74,0.825,59.96
2026-02-28 23:00:00,271.644,1,122.211,0.826,59.967
2026-02-28 23:10:00,236.433,1,122.467,0.833,59.967
2026-02-28 23:20:00,256.03,1,121.27,0.83,59.96
2026-02-28 23:30:00,230.289,1,120.567,0.83,59.978
2026-02-28 23:40:00,326.963,1,117.25,0.845,59.938
2026-02-28 23:50:00,237.8,1,120.28,0.829,59.92
2026-03-01 00:00:00,260.33,1,121.07,0.827,59.96
2026-03-01 00:10:00,240.45,1,121.22,0.821,59.97
2026-03-01 00:20:00,259.02,1,121.88,0.823,59.94
2026-03-01 00:30:00,237.56,1,122.02,0.829,59.93
2026-03-01 00:40:00,266.678,1,121.511,0.827,59.956
2026-03-01 00:50:00,236.89,1,121.68,0.824,59.93
2026-03-01 01:00:00,300.18,1,121.45,0.829,59.93
2026-03-01 01:10:00,220.55,1,121.93,0.834,59.97
2026-03-01 01:20:00,257.556,1,122.5,0.83,59.967
2026-03-01 01:30:00,225.644,1,121.411,0.821,59.956
2026-03-01 01:40:00,266.925,1,121.05,0.822,59.938
2026-03-01 01:50:00,224.611,1,121.744,0.828,59.989
2026-03-01 02:00:00,248.83,1,122.27,0.829,59.92
2026-03-01 02:10:00,272.13,1,121.46,0.845,59.95
2026-03-01 02:20:00,317.7,1,121.58,0.835,59.98
2026-03-01 02:30:00,207.54,1,121.53,0.824,59.96
2026-03-01 02:40:00,263.0,1,121.58,0.825,59.94
2026-03-01 02:50:00,201.2,1,121.98,0.828,59.95
2026-03-01 03:00:00,603.0,1,120.08,0.967,59.98
2026-03-01 03:10:00,175.36,1,121.14,0.829,59.95
2026-03-01 03:20:00,356.45,1,120.93,0.846,59.97
2026-03-01 03:30:00,384.57,1,120.53,0.838,59.96
2026-03-01 03:40:00,328.86,1,121.0,0.824,59.97
2026-03-01 03:50:00,176.43,1,122.17,0.826,59.96
2026-03-01 04:00:00,310.94,1,120.84,0.826,59.92
2026-03-01 04:10:00,191.17,1,121.47,0.827,59.94
2026-03-01 04:20:00,287.65,1,121.238,0.83,59.938
2026-03-01 04:30:00,203.41,1,121.53,0.834,59.95
2026-03-01 04:40:00,284.14,1,121.31,0.827,59.94
2026-03-01 04:50:00,206.556,1,121.4,0.824,59.967
2026-03-01 05:00:00,262.24,1,120.56,0.823,59.96
2026-03-01 05:10:00,206.18,1,121.05,0.825,59.97
2026-03-01 05:20:00,268.1,1,121.16,0.826,59.93
2026-03-01 05:30:00,267.46,1,121.01,0.836,59.95
2026-03-01 05:40:00,315.82,1,120.81,0.832,59.95
2026-03-01 05:50:00,218.55,1,121.82,0.827,59.97
2026-03-01 06:00:00,271.04,1,120.97,0.843,59.96
2026-03-01 06:10:00,289.09,1,118.69,0.865,59.97
2026-03-01 06:20:00,306.22,1,121.6,0.849,59.95
2026-03-01 06:30:00,263.85,1,120.34,0.845,59.96
2026-03-01 06:40:00,342.92,1,119.73,0.845,59.96
2026-03-01 06:50:00,414.03,1,119.81,0.877,59.96
2026-03-01 07:00:00,255.94,1,121.5,0.835,59.96
2026-03-01 07:10:00,214.86,1,120.98,0.827,59.97
2026-03-01 07:20:00,253.878,1,121.389,0.822,59.956
2026-03-01 07:30:00,270.6,1,120.822,0.839,59.967
2026-03-01 07:40:00,235.8,1,119.943,0.83,59.957
2026-03-01 07:50:00,209.45,1,118.31,0.832,59.96
2026-03-01 08:00:00,229.689,1,116.733,0.832,59.911
2026-03-01 08:10:00,314.76,1,119.5,0.847,59.99
2026-03-01 08:20:00,342.63,1,119.41,0.845,59.97
2026-03-01 08:30:00,211.69,1,119.67,0.827,59.95
2026-03-01 08:40:00,645.93,1,117.62,0.91,59.95
2026-03-01 08:50:00,546.767,1,116.6,0.922,59.967
2026-03-01 09:00:00,905.14,1,115.76,0.985,59.94
2026-03-01 09:10:00,165.36,1,117.98,0.816,59.97
2026-03-01 09:20:00,247.84,1,118.28,0.829,59.99
2026-03-01 09:30:00,368.56,1,117.22,0.845,59.96
2026-03-01 09:40:00,355.844,1,116.6,0.849,59.978
2026-03-01 09:50:00,265.1,1,118.55,0.847,59.96
2026-03-01 10:00:00,450.69,1,120.26,0.847,59.99
2026-03-01 10:10:00,1049.84,1,117.01,0.937,59.94
2026-03-01 10:20:00,694.88,1,117.96,0.9,59.93
2026-03-01 10:30:00,394.78,1,119.24,0.877,59.96
2026-03-01 10:40:00,263.59,1,120.78,0.826,59.97
2026-03-01 10:50:00,719.54,1,120.12,0.946,59.99
2026-03-01 11:00:00,495.9,1,119.17,0.899,59.95
2026-03-01 11:10:00,392.32,1,119.59,0.863,59.94
2026-03-01 11:20:00,525.422,1,119.3,0.91,59.978
2026-03-01 11:30:00,293.28,1,120.18,0.875,59.96
2026-03-01 11:40:00,288.35,1,119.5,0.873,59.933
2026-03-01 11:50:00,291.35,1,119.78,0.872,59.97
2026-03-01 12:00:00,265.7,1,121.075,0.831,59.962
2026-03-01 12:10:00,433.41,1,118.38,0.876,59.95
2026-03-01 12:20:00,268.95,1,119.238,0.862,59.975
2026-03-01 12:30:00,524.07,1,118.98,0.854,59.99
2026-03-01 12:40:00,418.86,1,117.6,0.852,59.93
2026-03-01 12:50:00,413.17,1,117.03,0.869,59.97
2026-03-01 13:00:00,448.0,1,118.43,0.881,59.96
2026-03-01 13:10:00,470.06,1,118.32,0.856,59.98
2026-03-01 13:20:00,547.59,1,116.68,0.875,59.95
2026-03-01 13:30:00,327.7,1,117.311,0.847,59.956
2026-03-01 13:40:00,378.91,1,113.71,0.864,59.99
2026-03-01 13:50:00,328.08,1,113.74,0.856,59.98
2026-03-01 14:00:00,333.3,1,117.58,0.847,59.95
2026-03-01 14:10:00,548.58,1,117.79,0.881,59.96
2026-03-01 14:20:00,1113.74,1,114.88,0.938,59.95
2026-03-01 14:30:00,1034.15,1,117.22,0.929,59.96
2026-03-01 14:40:00,280.53,1,118.95,0.88,59.95
2026-03-01 14:50:00,384.27,1,117.36,0.877,59.97
2026-03-01 15:00:00,789.21,1,117.25,0.986,59.95
2026-03-01 15:10:00,376.08,1,119.11,0.914,59.96
2026-03-01 15:20:00,463.98,1,117.14,0.905,59.96
2026-03-01 15:30:00,648.475,1,117.888,0.904,59.925
2026-03-01 15:40:00,390.01,1,118.81,0.877,59.95
2026-03-01 15:50:00,384.667,1,115.267,0.887,59.967
2026-03-01 16:00:00,388.311,1,120.122,0.874,59.956
2026-03-01 16:10:00,382.9,1,120.11,0.871,59.93
2026-03-01 16:20:00,384.42,1,118.75,0.875,59.94
2026-03-01 16:30:00,362.42,1,118.88,0.894,59.95
2026-03-01 16:40:00,635.18,1,116.91,0.904,59.98
2026-03-01 16:50:00,380.2,1,118.58,0.876,59.95
2026-03-01 17:00:00,290.06,1,119.02,0.894,59.96
2026-03-01 17:10:00,434.744,1,118.744,0.877,59.967
2026-03-01 17:20:00,417.51,1,117.77,0.885,59.96
2026-03-01 17:30:00,368.69,1,118.14,0.873,59.98
2026-03-01 17:40:00,385.91,1,118.05,0.875,59.94
2026-03-01 17:50:00,304.76,1,117.97,0.875,59.97
2026-03-01 18:00:00,428.67,1,117.85,0.878,59.96
2026-03-01 18:10:00,320.544,1,118.189,0.883,59.956
2026-03-01 18:20:00,379.45,1,118.97,0.868,59.95
2026-03-01 18:30:00,292.8,1,118.76,0.869,59.95
2026-03-01 18:40:00,420.97,1,118.19,0.888,59.96
2026-03-01 18:50:00,1042.38,1,115.96,0.937,59.95
2026-03-01 19:00:00,826.711,1,117.278,0.916,59.978
2026-03-01 19:10:00,494.756,1,117.411,0.908,59.956
2026-03-01 19:20:00,496.31,1,115.32,0.895,59.96
2026-03-01 19:30:00,957.8,1,117.56,0.936,59.96
2026-03-01 19:40:00,845.78,1,112.81,0.942,59.95
2026-03-01 19:50:00,521.756,1,118.011,0.918,59.956
2026-03-01 20:00:00,447.83,1,119.49,0.9,59.99
2026-03-01 20:10:00,414.54,1,119.3,0.906,59.95
2026-03-01 20:20:00,366.41,1,117.99,0.903,59.95
2026-03-01 20:30:00,479.256,1,117.944,0.892,60.0
2026-03-01 20:40:00,299.889,1,118.011,0.887,59.922
2026-03-01 20:50:00,369.85,1,117.783,0.885,59.95
2026-03-01 21:00:00,851.63,1,117.05,0.987,59.95
2026-03-01 21:10:00,319.244,1,119.0,0.903,59.956
2026-03-01 21:20:00,321.612,1,119.375,0.899,60.0
2026-03-01 21:30:00,398.79,1,119.35,0.881,59.97
2026-03-01 21:40:00,458.8,1,119.55,0.865,59.92
2026-03-01 21:50:00,542.65,1,117.36,0.878,59.98
2026-03-01 22:00:00,376.61,1,116.6,0.853,59.98
2026-03-01 22:10:00,281.75,1,118.59,0.83,59.96
2026-03-01 22:20:00,241.922,1,118.922,0.832,59.967
2026-03-01 22:30:00,357.36,1,118.55,0.845,59.96
2026-03-01 22:40:00,409.68,1,121.58,0.881,59.96
2026-03-01 22:50:00,329.033,1,121.411,0.827,59.978
2026-03-01 23:00:00,273.12,1,121.63,0.836,59.94
2026-03-01 23:10:00,320.18,1,120.97,0.83,59.92
2026-03-01 23:20:00,237.467,1,122.5,0.823,59.967
2026-03-01 23:30:00,316.01,1,121.19,0.831,59.94
2026-03-01 23:40:00,245.69,1,122.08,0.815,59.94
2026-03-01 23:50:00,290.3,1,122.22,0.828,59.96
2026-03-02 00:00:00,306.01,1,122.08,0.834,59.92
2026-03-02 00:10:00,272.33,1,122.65,0.826,59.98
2026-03-02 00:20:00,257.41,1,123.06,0.815,59.96
2026-03-02 00:30:00,273.4,1,122.36,0.822,59.94
2026-03-02 00:40:00,259.34,1,121.46,0.822,59.96
2026-03-02 00:50:00,249.82,1,119.7,0.828,59.94
2026-03-02 01:00:00,298.81,1,120.34,0.831,59.96
2026-03-02 01:10:00,349.03,1,120.25,0.857,59.94
2026-03-02 01:20:00,250.05,1,121.25,0.824,59.98
2026-03-02 01:30:00,230.788,1,120.962,0.827,59.95
2026-03-02 01:40:00,247.32,1,120.71,0.824,59.93
2026-03-02 01:50:00,245.86,1,121.21,0.825,59.97
2026-03-02 02:00:00,246.61,1,121.36,0.828,59.96
2026-03-02 02:10:00,264.21,1,121.02,0.829,59.93
2026-03-02 02:20:00,233.12,1,120.36,0.822,59.96
2026-03-02 02:30:00,318.35,1,120.22,0.837,59.92
2026-03-02 02:40:00,234.26,1,121.47,0.827,59.96
2026-03-02 02:50:00,296.69,1,121.03,0.834,59.95
2026-03-02 03:00:00,643.2,1,119.77,0.983,59.96
2026-03-02 03:10:00,174.533,1,122.078,0.84,59.989
2026-03-02 03:20:00,256.32,1,121.27,0.836,59.94
2026-03-02 03:30:00,329.56,1,120.44,0.831,59.96
2026-03-02 03:40:00,327.19,1,119.83,0.83,59.97
2026-03-02 03:50:00,263.52,1,120.33,0.83,59.94
2026-03-02 04:00:00,257.314,1,120.2,0.83,59.971
2026-03-02 04:10:00,273.038,1,121.55,0.824,59.962
2026-03-02 04:20:00,221.06,1,121.46,0.829,59.96
2026-03-02 04:30:00,343.73,1,120.53,0.837,59.93
2026-03-02 04:40:00,253.81,1,120.21,0.845,59.95
2026-03-02 04:50:00,338.02,1,119.3,0.835,59.94
2026-03-02 05:00:00,206.2,1,119.367,0.823,59.978
2026-03-02 05:10:00,344.75,1,119.07,0.834,59.95
2026-03-02 05:20:00,204.3,1,118.98,0.833,59.93
2026-03-02 05:30:00,327.65,1,118.82,0.837,59.94
2026-03-02 05:40:00,266.53,1,117.36,0.841,59.97
2026-03-02 05:50:00,360.3,1,117.99,0.841,59.97
2026-03-02 06:00:00,441.94,1,116.33,0.886,59.95
2026-03-02 06:10:00,407.83,1,117.76,0.865,59.96
2026-03-02 06:20:00,367.522,1,119.856,0.872,59.978
2026-03-02 06:30:00,401.89,1,118.66,0.865,59.93
2026-03-02 06:40:00,269.11,1,118.94,0.858,59.99
2026-03-02 06:50:00,436.55,1,118.58,0.865,59.97
2026-03-02 07:00:00,391.133,1,117.778,0.857,59.978
2026-03-02 07:10:00,310.76,1,118.76,0.851,59.97
2026-03-02 07:20:00,224.778,1,119.389,0.848,59.956
2026-03-02 07:30:00,385.26,1,118.04,0.861,59.97
2026-03-02 07:40:00,216.92,1,115.98,0.85,59.95
2026-03-02 07:50:00,351.13,1,117.74,0.858,59.92
2026-03-02 08:00:00,289.17,1,119.38,0.851,59.96
2026-03-02 08:10:00,272.62,1,118.75,0.859,59.97
2026-03-02 08:20:00,269.93,1,118.39,0.849,59.96
2026-03-02 08:30:00,344.72,1,117.49,0.871,59.97
2026-03-02 08:40:00,406.17,1,117.68,0.867,59.95
2026-03-02 08:50:00,208.78,1,118.29,0.853,59.94
2026-03-02 09:00:00,617.588,1,115.225,0.982,59.975
2026-03-02 09:10:00,193.57,1,116.01,0.861,59.95
2026-03-02 09:20:00,275.456,1,117.756,0.859,59.956
2026-03-02 09:30:00,348.12,1,118.52,0.86,59.94
2026-03-02 09:40:00,341.1,1,117.488,0.862,59.962
2026-03-02 09:50:00,335.04,1,116.9,0.861,59.94
2026-03-02 10:00:00,279.6,1,117.589,0.858,59.989
2026-03-02 10:10:00,254.7,1,118.467,0.857,59.978
2026-03-02 10:20:00,318.588,1,117.525,0.857,59.975
2026-03-02 10:30:00,197.75,1,118.26,0.855,59.95
2026-03-02 10:40:00,336.18,1,117.32,0.854,59.98
2026-03-02 10:50:00,215.911,1,117.578,0.856,59.967
2026-03-02 11:00:00,301.45,1,115.95,0.861,59.92
2026-03-02 11:10:00,253.088,1,113.888,0.861,59.925
2026-03-02 11:20:00,277.14,1,116.22,0.857,59.95
2026-03-02 11:30:00,263.678,1,115.844,0.858,59.944
2026-03-02 11:40:00,232.19,1,118.4,0.857,59.97
2026-03-02 11:50:00,304.144,1,117.367,0.856,59.967
2026-03-02 12:00:00,201.3,1,118.275,0.851,59.962
2026-03-02 12:10:00,392.333,1,118.911,0.861,59.967
2026-03-02 12:20:00,184.5,1,120.111,0.848,59.956
2026-03-02 12:30:00,339.64,1,119.22,0.855,60.0
2026-03-02 12:40:00,220.922,1,118.567,0.858,59.978
2026-03-02 12:50:00,308.4,1,118.14,0.857,59.94
2026-03-02 13:00:00,1140.18,1,116.0,0.942,59.99
2026-03-02 13:10:00,561.244,1,116.933,0.928,59.967
2026-03-02 13:20:00,601.011,1,118.6,0.904,59.967
2026-03-02 13:30:00,272.61,1,118.72,0.898,59.95
2026-03-02 13:40:00,370.333,1,118.544,0.897,59.944
2026-03-02 13:50:00,295.838,1,118.45,0.896,59.962
2026-03-02 14:00:00,464.92,1,118.78,0.89,60.0
2026-03-02 14:10:00,342.26,1,118.91,0.861,59.98
2026-03-02 14:20:00,230.79,1,118.28,0.865,59.95
2026-03-02 14:30:00,321.15,1,118.71,0.859,59.93
2026-03-02 14:40:00,201.86,1,119.63,0.865,59.97
2026-03-02 14:50:00,391.58,1,119.14,0.86,59.96
2026-03-02 15:00:00,690.82,1,117.81,0.989,59.96
2026-03-02 15:10:00,180.75,1,119.29,0.864,59.95
2026-03-02 15:20:00,274.68,1,119.21,0.863,59.95
2026-03-02 15:30:00,386.812,1,117.762,0.87,59.975
2026-03-02 15:40:00,341.91,1,117.82,0.862,59.96
2026-03-02 15:50:00,1404.788,1,114.988,0.962,59.988
2026-03-02 16:00:00,232.2,1,118.15,0.862,59.967
2026-03-02 16:10:00,358.93,1,118.58,0.865,59.93
2026-03-02 16:20:00,473.34,1,117.54,0.894,59.94
2026-03-02 16:30:00,349.05,1,119.59,0.882,59.96
2026-03-02 16:40:00,308.91,1,119.13,0.851,59.98
2026-03-02 16:50:00,195.65,1,120.12,0.851,59.95
2026-03-02 17:00:00,437.53,1,118.47,0.863,59.96
2026-03-02 17:10:00,192.27,1,120.13,0.855,59.93
2026-03-02 17:20:00,357.867,1,119.544,0.857,59.978
2026-03-02 17:30:00,211.91,1,119.71,0.846,59.94
2026-03-02 17:40:00,491.42,1,116.89,0.881,59.96
2026-03-02 17:50:00,264.729,1,117.014,0.849,59.929
2026-03-02 18:00:00,306.33,1,118.46,0.849,59.96
2026-03-02 18:10:00,418.04,1,118.51,0.869,59.96
2026-03-02 18:20:00,274.39,1,119.39,0.851,59.97
2026-03-02 18:30:00,405.61,1,117.04,0.89,59.96
2026-03-02 18:40:00,257.7,1,117.77,0.885,59.97
2026-03-02 18:50:00,458.27,1,116.71,0.908,59.98
2026-03-02 19:00:00,519.14,1,115.34,0.915,59.94
2026-03-02 19:10:00,365.12,1,117.25,0.91,59.96
2026-03-02 19:20:00,464.762,1,116.912,0.918,59.95
2026-03-02 19:30:00,450.35,1,117.56,0.917,59.95
2026-03-02 19:40:00,444.62,1,114.62,0.916,59.98
2026-03-02 19:50:00,498.88,1,116.63,0.92,59.97
2026-03-02 20:00:00,397.644,1,115.556,0.921,59.956
2026-03-02 20:10:00,1129.38,1,115.01,0.944,59.96
2026-03-02 20:20:00,649.1,1,117.17,0.904,59.96
2026-03-02 20:30:00,380.85,1,119.8,0.885,59.96
2026-03-02 20:40:00,331.63,1,119.7,0.882,59.97
2026-03-02 20:50:00,398.39,1,118.14,0.884,59.96
2026-03-02 21:00:00,964.16,1,116.61,0.988,59.98
2026-03-02 21:10:00,444.63,1,117.88,0.939,59.96
2026-03-02 21:20:00,400.162,1,119.7,0.916,59.988
2026-03-02 21:30:00,551.675,1,115.75,0.906,59.975
2026-03-02 21:40:00,642.69,1,116.99,0.899,59.96
2026-03-02 21:50:00,333.22,1,119.09,0.841,59.95
2026-03-02 22:00:00,333.87,1,119.26,0.841,59.97
2026-03-02 22:10:00,209.64,1,119.55,0.851,59.95
2026-03-02 22:20:00,369.65,1,118.888,0.862,59.962
2026-03-02 22:30:00,488.312,1,119.962,0.869,59.95
2026-03-02 22:40:00,190.9,1,120.35,0.837,59.96
2026-03-02 22:50:00,325.17,1,119.86,0.829,59.96
2026-03-02 23:00:00,216.53,1,120.78,0.827,59.96
2026-03-02 23:10:00,263.46,1,121.4,0.828,59.93
2026-03-02 23:20:00,336.67,1,121.49,0.833,59.97
2026-03-02 23:30:00,212.15,1,121.04,0.829,59.93
2026-03-02 23:40:00,385.64,1,121.53,0.829,59.96
2026-03-02 23:50:00,193.98,1,122.35,0.834,59.91
2026-03-03 00:00:00,299.23,1,121.16,0.832,59.95
2026-03-03 00:10:00,241.21,1,121.71,0.834,59.97
2026-03-03 00:20:00,259.34,1,121.6,0.831,59.94
2026-03-03 00:30:00,287.12,1,121.93,0.831,59.95
2026-03-03 00:40:00,261.05,1,121.51,0.847,59.98
2026-03-03 00:50:00,326.29,1,121.33,0.829,59.95
2026-03-03 01:00:00,172.8,1,121.41,0.835,59.95
2026-03-03 01:10:00,315.27,1,121.33,0.832,59.93
2026-03-03 01:20:00,226.156,1,122.344,0.833,59.944
2026-03-03 01:30:00,316.75,1,120.99,0.844,59.95
2026-03-03 01:40:00,251.49,1,122.62,0.829,59.99
2026-03-03 01:50:00,283.66,1,122.38,0.846,59.96
2026-03-03 02:00:00,277.13,1,121.2,0.832,59.93
2026-03-03 02:10:00,300.01,1,121.01,0.855,59.96
2026-03-03 02:20:00,326.32,1,121.38,0.826,59.95
2026-03-03 02:30:00,172.456,1,122.122,0.847,59.978
2026-03-03 02:40:00,309.57,1,120.63,0.834,59.97
2026-03-03 02:50:00,200.05,1,121.8,0.838,59.95
2026-03-03 03:00:00,606.89,1,120.8,0.973,59.96
2026-03-03 03:10:00,175.65,1,121.92,0.844,59.97
2026-03-03 03:20:00,258.9,1,122.39,0.839,59.97
2026-03-03 03:30:00,332.4,1,121.889,0.831,59.978
2026-03-03 03:40:00,368.39,1,121.89,0.838,59.93
2026-03-03 03:50:00,400.143,1,121.671,0.839,59.971
2026-03-03 04:00:00,202.77,1,122.91,0.843,59.97
2026-03-03 04:10:00,300.56,1,121.6,0.833,59.97
2026-03-03 04:20:00,311.49,1,121.99,0.844,59.93
2026-03-03 04:30:00,215.58,1,122.27,0.838,59.95
2026-03-03 04:40:00,309.11,1,120.61,0.83,59.93
2026-03-03 04:50:00,173.4,1,121.21,0.83,59.92
2026-03-03 05:00:00,323.13,1,119.93,0.831,59.96
2026-03-03 05:10:00,203.18,1,120.73,0.834,59.95
2026-03-03 05:20:00,280.29,1,119.82,0.835,59.98
2026-03-03 05:30:00,279.67,1,119.98,0.847,59.97
2026-03-03 05:40:00,855.31,1,118.4,0.922,59.95
2026-03-03 05:50:00,497.36,1,119.0,0.863,59.98
2026-03-03 06:00:00,926.74,1,116.72,0.95,59.99
2026-03-03 06:10:00,310.611,1,118.811,0.848,59.967
2026-03-03 06:20:00,224.94,1,119.7,0.85,59.94
2026-03-03 06:30:00,469.88,1,119.88,0.847,59.94
2026-03-03 06:40:00,232.94,1,120.83,0.848,59.95
2026-03-03 06:50:00,277.54,1,119.08,0.837,59.96
2026-03-03 07:00:00,232.86,1,120.42,0.844,59.93
2026-03-03 07:10:00,245.47,1,120.99,0.844,59.96
2026-03-03 07:20:00,254.96,1,119.93,0.835,59.95
2026-03-03 07:30:00,477.72,1,118.93,0.894,59.94
2026-03-03 07:40:00,464.14,1,115.89,0.872,59.94
2026-03-03 07:50:00,419.17,1,117.32,0.896,59.99
2026-03-03 08:00:00,615.14,1,117.93,0.91,59.94
2026-03-03 08:10:00,325.24,1,120.34,0.856,59.97
2026-03-03 08:20:00,325.14,1,118.11,0.853,59.96
2026-03-03 08:30:00,759.92,1,119.57,0.935,59.97
2026-03-03 08:40:00,365.69,1,119.33,0.874,59.98
2026-03-03 08:50:00,268.67,1,118.58,0.833,59.99
2026-03-03 09:00:00,682.15,1,118.72,0.988,59.97
2026-03-03 09:10:00,162.69,1,120.12,0.839,59.98
2026-03-03 09:20:00,304.02,1,120.74,0.85,59.96
2026-03-03 09:30:00,377.72,1,120.14,0.838,59.96
2026-03-03 09:40:00,427.13,1,119.59,0.849,59.97
2026-03-03 09:50:00,672.19,1,118.77,0.886,59.97
2026-03-03 10:00:00,373.867,1,121.189,0.886,59.956
2026-03-03 10:10:00,623.65,1,119.17,0.882,59.97
2026-03-03 10:20:00,423.7,1,119.12,0.862,59.96
2026-03-03 10:30:00,215.29,1,120.69,0.839,59.96
2026-03-03 10:40:00,320.67,1,119.89,0.833,59.97
2026-03-03 10:50:00,232.08,1,119.93,0.85,59.97
2026-03-03 11:00:00,392.08,1,119.07,0.857,59.95
2026-03-03 11:10:00,278.2,1,119.06,0.849,59.99
2026-03-03 11:20:00,247.46,1,119.72,0.842,59.95
2026-03-03 11:30:00,408.87,1,118.16,0.857,59.93
2026-03-03 11:40:00,168.1,1,120.133,0.852,59.978
2026-03-03 11:50:00,375.6,1,116.45,0.857,59.95
2026-03-03 12:00:00,243.13,1,119.29,0.844,59.99
2026-03-03 12:10:00,254.111,1,118.589,0.849,59.956
2026-03-03 12:20:00,376.8,1,118.1,0.852,59.99
2026-03-03 12:30:00,408.14,1,118.72,0.889,59.95
2026-03-03 12:40:00,351.629,1,118.329,0.857,59.957
2026-03-03 12:50:00,392.79,1,116.64,0.883,59.98
2026-03-03 13:00:00,398.75,1,117.74,0.888,59.97
2026-03-03 13:10:00,342.812,1,118.038,0.885,59.962
2026-03-03 13:20:00,419.0,1,118.7,0.905,59.98
2026-03-03 13:30:00,386.01,1,118.24,0.883,59.96
2026-03-03 13:40:00,307.13,1,118.98,0.889,59.94
2026-03-03 13:50:00,307.1,1,118.98,0.891,59.97
2026-03-03 14:00:00,435.92,1,118.2,0.896,59.94
2026-03-03 14:10:00,257.51,1,119.13,0.896,59.98
2026-03-03 14:20:00,417.3,1,118.07,0.886,59.95
2026-03-03 14:30:00,225.58,1,117.84,0.9,59.97
2026-03-03 14:40:00,376.767,1,118.689,0.848,59.944
2026-03-03 14:50:00,207.575,1,119.362,0.849,59.975
2026-03-03 15:00:00,821.24,1,117.53,0.99,59.93
2026-03-03 15:10:00,166.71,1,119.75,0.842,59.95
2026-03-03 15:20:00,353.36,1,119.09,0.855,59.95
2026-03-03 15:30:00,477.59,1,117.76,0.866,59.98
2026-03-03 15:40:00,381.4,1,118.756,0.849,59.978
2026-03-03 15:50:00,369.88,1,118.35,0.848,59.96
2026-03-03 16:00:00,207.83,1,119.34,0.849,59.99
2026-03-03 16:10:00,249.689,1,119.233,0.843,59.956
2026-03-03 16:20:00,262.462,1,118.85,0.844,59.95
2026-03-03 16:30:00,200.17,1,119.9,0.847,59.96
2026-03-03 16:40:00,372.8,1,119.85,0.842,59.98
2026-03-03 16:50:00,217.97,1,120.52,0.859,60.0
2026-03-03 17:00:00,353.37,1,119.63,0.84,59.96
2026-03-03 17:10:00,195.79,1,121.01,0.834,59.95
2026-03-03 17:20:00,272.978,1,119.656,0.84,59.944
2026-03-03 17:30:00,225.44,1,119.36,0.843,59.94
2026-03-03 17:40:00,295.05,1,119.14,0.848,59.96
2026-03-03 17:50:00,269.1,1,120.056,0.828,59.978
2026-03-03 18:00:00,213.2,1,121.25,0.824,59.95
2026-03-03 18:10:00,396.656,1,119.667,0.839,59.956
2026-03-03 18:20:00,182.05,1,119.41,0.815,59.95
2026-03-03 18:30:00,302.57,1,118.16,0.823,59.94
2026-03-03 18:40:00,170.94,1,118.15,0.799,59.98
2026-03-03 18:50:00,304.28,1,118.33,0.816,59.95
2026-03-03 19:00:00,197.925,1,118.4,0.822,59.988
2026-03-03 19:10:00,451.525,1,116.838,0.874,59.912
2026-03-03 19:20:00,468.88,1,115.89,0.904,59.97
2026-03-03 19:30:00,909.289,1,116.733,0.932,59.967
2026-03-03 19:40:00,473.9,1,115.49,0.891,59.96
2026-03-03 19:50:00,402.28,1,118.04,0.871,59.95
2026-03-03 20:00:00,387.47,1,117.49,0.911,59.98
2026-03-03 20:10:00,446.01,1,116.2,0.906,59.96
2026-03-03 20:20:00,386.88,1,118.37,0.915,59.96
2026-03-03 20:30:00,468.438,1,118.3,0.916,59.962
2026-03-03 20:40:00,466.57,1,118.07,0.912,59.96
2026-03-03 20:50:00,472.01,1,117.66,0.925,59.92
2026-03-03 21:00:00,773.638,1,117.925,0.986,59.988
2026-03-03 21:10:00,305.557,1,121.243,0.919,59.914
2026-03-03 21:20:00,330.344,1,120.411,0.894,59.933
2026-03-03 21:30:00,404.578,1,119.567,0.889,59.989
2026-03-03 21:40:00,456.51,1,120.73,0.885,59.95
2026-03-03 21:50:00,351.95,1,121.34,0.849,59.97
2026-03-03 22:00:00,435.362,1,120.5,0.879,59.95
2026-03-03 22:10:00,346.31,1,120.93,0.871,59.96
2026-03-03 22:20:00,601.1,1,120.13,0.885,59.97
2026-03-03 22:30:00,179.62,1,121.56,0.849,59.96
2026-03-03 22:40:00,382.811,1,119.844,0.839,59.989
2026-03-03 22:50:00,219.7,1,118.6,0.831,59.97
2026-03-03 23:00:00,337.35,1,120.57,0.84,59.96
2026-03-03 23:10:00,257.96,1,122.0,0.83,59.98
2026-03-03 23:20:00,242.85,1,118.98,0.835,59.96
2026-03-03 23:30:00,284.5,1,121.01,0.832,59.98
2026-03-03 23:40:00,214.28,1,121.22,0.835,59.97
2026-03-03 23:50:00,371.678,1,120.444,0.843,59.978
2026-03-04 00:00:00,200.75,1,120.32,0.842,59.97
2026-03-04 00:10:00,332.34,1,121.6,0.835,59.93
2026-03-04 00:20:00,178.89,1,122.54,0.83,59.95
2026-03-04 00:30:00,316.85,1,122.29,0.827,59.99
2026-03-04 00:40:00,257.911,1,122.944,0.854,59.978
2026-03-04 00:50:00,293.9,1,122.089,0.83,59.978
2026-03-04 01:00:00,210.78,1,122.96,0.83,59.97
2026-03-04 01:10:00,333.54,1,122.34,0.839,59.96
2026-03-04 01:20:00,221.94,1,123.0,0.838,59.93
2026-03-04 01:30:00,284.09,1,121.61,0.831,59.97
2026-03-04 01:40:00,223.97,1,122.5,0.833,59.94
2026-03-04 01:50:00,264.36,1,122.77,0.829,59.96
2026-03-04 02:00:00,283.14,1,121.87,0.851,59.98
2026-03-04 02:10:00,247.25,1,121.69,0.838,59.96
2026-03-04 02:20:00,256.39,1,122.04,0.836,59.96
2026-03-04 02:30:00,247.89,1,121.87,0.836,59.97
2026-03-04 02:40:00,241.289,1,121.9,0.837,59.922
2026-03-04 02:50:00,251.26,1,122.93,0.84,59.97
2026-03-04 03:00:00,613.07,1,122.01,0.975,59.97
2026-03-04 03:10:00,171.78,1,122.9,0.836,59.95
2026-03-04 03:20:00,263.67,1,122.2,0.836,59.94
2026-03-04 03:30:00,332.06,1,122.57,0.829,59.96
2026-03-04 03:40:00,330.73,1,122.23,0.83,59.97
2026-03-04 03:50:00,300.744,1,122.578,0.827,59.978
2026-03-04 04:00:00,336.31,1,122.2,0.85,59.95
2026-03-04 04:10:00,295.96,1,121.72,0.829,59.96
2026-03-04 04:20:00,207.85,1,122.78,0.841,59.98
2026-03-04 04:30:00,309.289,1,122.667,0.827,59.967
2026-03-04 04:40:00,175.756,1,123.122,0.842,59.956
2026-03-04 04:50:00,376.17,1,121.56,0.833,59.96
2026-03-04 05:00:00,168.01,1,122.98,0.84,59.95
2026-03-04 05:10:00,308.38,1,120.86,0.833,59.95
2026-03-04 05:20:00,171.51,1,121.48,0.839,59.97
2026-03-04 05:30:00,290.73,1,120.57,0.831,59.97
2026-03-04 05:40:00,1116.311,1,118.422,0.94,59.967
2026-03-04 05:50:00,421.74,1,119.49,0.847,59.94
2026-03-04 06:00:00,457.84,1,119.84,0.895,59.95
2026-03-04 06:10:00,411.933,1,120.111,0.872,59.978
2026-03-04 06:20:00,250.02,1,119.85,0.86,59.98
2026-03-04 06:30:00,357.36,1,119.98,0.841,59.98
2026-03-04 06:40:00,367.64,1,119.84,0.887,59.95
2026-03-04 06:50:00,303.94,1,120.37,0.831,59.98
2026-03-04 07:00:00,280.9,1,118.94,0.869,59.98
2026-03-04 07:10:00,317.344,1,118.656,0.834,59.956
2026-03-04 07:20:00,293.21,1,117.52,0.855,59.98
2026-03-04 07:30:00,327.256,1,117.144,0.864,59.956
2026-03-04 07:40:00,291.8,1,116.13,0.852,59.97
2026-03-04 07:50:00,274.72,1,119.73,0.845,59.94
2026-03-04 08:00:00,313.87,1,118.34,0.834,59.97
2026-03-04 08:10:00,365.85,1,119.65,0.884,59.97
2026-03-04 08:20:00,502.2,1,118.77,0.864,59.97
2026-03-04 08:30:00,414.82,1,117.25,0.878,59.97
2026-03-04 08:40:00,303.8,1,118.44,0.827,59.96
2026-03-04 08:50:00,259.2,1,119.35,0.841,59.95
2026-03-04 09:00:00,705.9,1,115.56,0.985,59.98
2026-03-04 09:10:00,221.48,1,118.13,0.843,59.96
2026-03-04 09:20:00,264.29,1,118.2,0.842,59.95
2026-03-04 09:30:00,331.66,1,117.49,0.846,59.94
2026-03-04 09:40:00,330.83,1,117.34,0.846,59.97
2026-03-04 09:50:00,249.18,1,118.34,0.843,59.97
2026-03-04 10:00:00,358.811,1,118.4,0.858,59.922
2026-03-04 10:10:00,300.578,1,118.011,0.838,59.967
2026-03-04 10:20:00,180.71,1,117.74,0.832,59.98
2026-03-04 10:30:00,305.51,1,118.88,0.833,59.97
2026-03-04 10:40:00,197.5,1,116.83,0.837,59.98
2026-03-04 10:50:00,280.378,1,116.733,0.839,59.956
2026-03-04 11:00:00,180.06,1,117.47,0.833,59.95
2026-03-04 11:10:00,299.87,1,117.52,0.838,59.99
2026-03-04 11:20:00,186.12,1,119.15,0.833,59.96
2026-03-04 11:30:00,374.311,1,117.778,0.847,59.967
2026-03-04 11:40:00,227.5,1,118.95,0.836,59.95
2026-03-04 11:50:00,468.67,1,117.03,0.865,59.98
2026-03-04 12:00:00,231.75,1,119.23,0.842,59.99
2026-03-04 12:10:00,303.75,1,119.23,0.837,59.99
2026-03-04 12:20:00,181.67,1,121.9,0.843,59.95
2026-03-04 12:30:00,291.4,1,122.05,0.829,59.96
2026-03-04 12:40:00,278.9,1,119.9,0.857,59.967
2026-03-04 12:50:00,465.586,1,118.571,0.86,59.957
2026-03-04 13:00:00,519.46,1,116.97,0.873,59.95
2026-03-04 13:10:00,437.65,1,117.85,0.914,59.97
2026-03-04 13:20:00,347.256,1,118.044,0.884,59.956
2026-03-04 13:30:00,258.989,1,118.267,0.894,59.956
2026-03-04 13:40:00,386.68,1,118.26,0.893,59.96
2026-03-04 13:50:00,275.31,1,119.17,0.891,59.97
2026-03-04 14:00:00,320.3,1,119.17,0.884,59.95
2026-03-04 14:10:00,365.212,1,119.112,0.889,59.938
2026-03-04 14:20:00,388.74,1,118.99,0.889,59.96
2026-03-04 14:30:00,436.98,1,118.37,0.893,59.98
2026-03-04 14:40:00,511.44,1,117.53,0.925,59.97
2026-03-04 14:50:00,707.0,1,118.13,0.914,59.94
2026-03-04 15:00:00,702.871,1,118.557,0.987,59.971
2026-03-04 15:10:00,265.17,1,119.73,0.872,59.94
2026-03-04 15:20:00,501.6,1,119.889,0.893,59.956
2026-03-04 15:30:00,677.25,1,118.29,0.899,59.98
2026-03-04 15:40:00,569.89,1,116.85,0.883,59.96
2026-03-04 15:50:00,542.2,1,118.033,0.887,59.956
2026-03-04 16:00:00,224.344,1,119.967,0.846,59.989
2026-03-04 16:10:00,582.267,1,118.522,0.883,59.978
2026-03-04 16:20:00,228.78,1,119.15,0.849,59.94
2026-03-04 16:30:00,372.37,1,119.02,0.851,59.97
2026-03-04 16:40:00,188.011,1,120.711,0.847,59.956
2026-03-04 16:50:00,289.18,1,120.39,0.835,59.99
2026-03-04 17:00:00,220.511,1,121.322,0.842,60.0
2026-03-04 17:10:00,276.06,1,119.87,0.836,59.9
2026-03-04 17:20:00,225.26,1,118.82,0.836,59.95
2026-03-04 17:30:00,242.46,1,118.87,0.832,59.98
2026-03-04 17:40:00,252.344,1,118.967,0.837,59.967
2026-03-04 17:50:00,226.03,1,119.69,0.832,59.93
2026-03-04 18:00:00,254.16,1,120.09,0.825,59.96
2026-03-04 18:10:00,212.97,1,120.18,0.825,59.95
2026-03-04 18:20:00,701.63,1,115.96,0.889,59.97
2026-03-04 18:30:00,385.067,1,118.511,0.884,59.967
2026-03-04 18:40:00,334.54,1,117.54,0.867,59.95
2026-03-04 18:50:00,242.79,1,117.71,0.871,59.98
2026-03-04 19:00:00,364.35,1,116.212,0.869,59.962
2026-03-04 19:10:00,232.38,1,117.06,0.869,59.95
2026-03-04 19:20:00,371.7,1,115.5,0.864,59.95
2026-03-04 19:30:00,240.95,1,115.08,0.862,59.93
2026-03-04 19:40:00,381.36,1,117.58,0.861,59.95
2026-03-04 19:50:00,230.94,1,118.25,0.868,59.96
2026-03-04 20:00:00,362.756,1,116.956,0.864,59.989
2026-03-04 20:10:00,230.889,1,117.656,0.876,59.978
2026-03-04 20:20:00,369.45,1,117.78,0.866,59.94
2026-03-04 20:30:00,230.53,1,119.14,0.876,59.95
2026-03-04 20:40:00,353.7,1,119.111,0.863,59.967
2026-03-04 20:50:00,248.93,1,119.31,0.847,59.97
2026-03-04 21:00:00,743.09,1,117.99,0.966,59.95
2026-03-04 21:10:00,191.93,1,119.75,0.836,59.95
2026-03-04 21:20:00,310.78,1,118.78,0.85,59.97
2026-03-04 21:30:00,406.99,1,119.15,0.862,59.98
2026-03-04 21:40:00,377.58,1,120.22,0.869,59.94
2026-03-04 21:50:00,244.8,1,121.73,0.853,59.98
2026-03-04 22:00:00,323.98,1,119.95,0.844,59.97
2026-03-04 22:10:00,217.4,1,120.97,0.834,59.94
2026-03-04 22:20:00,335.75,1,120.612,0.834,59.962
2026-03-04 22:30:00,289.81,1,120.56,0.841,59.94
2026-03-04 22:40:00,270.088,1,120.012,0.83,59.95
2026-03-04 22:50:00,241.37,1,118.05,0.834,59.99
2026-03-04 23:00:00,441.58,1,119.24,0.87,59.95
2026-03-04 23:10:00,264.21,1,121.74,0.83,59.96
2026-03-04 23:20:00,211.675,1,122.312,0.836,59.962
2026-03-04 23:30:00,267.36,1,121.5,0.826,59.98
2026-03-04 23:40:00,215.16,1,121.94,0.829,59.97
2026-03-04 23:50:00,272.7,1,121.612,0.829,59.95
2026-03-05 00:00:00,211.71,1,119.64,0.841,59.93
2026-03-05 00:10:00,282.43,1,119.25,0.836,59.96
2026-03-05 00:20:00,248.92,1,122.18,0.848,59.96
2026-03-05 00:30:00,304.18,1,122.53,0.824,59.97
2026-03-05 00:40:00,180.789,1,122.311,0.831,59.967
2026-03-05 00:50:00,299.5,1,122.133,0.826,59.956
2026-03-05 01:00:00,177.66,1,122.92,0.831,59.96
2026-03-05 01:10:00,392.95,1,121.675,0.83,59.975
2026-03-05 01:20:00,180.875,1,121.675,0.834,59.962
2026-03-05 01:30:00,308.957,1,120.914,0.83,59.986
2026-03-05 01:40:00,179.97,1,121.85,0.833,59.93
2026-03-05 01:50:00,312.89,1,122.12,0.824,59.95
2026-03-05 02:00:00,176.97,1,122.16,0.842,59.95
2026-03-05 02:10:00,311.19,1,122.02,0.826,59.96
2026-03-05 02:20:00,179.078,1,121.956,0.842,59.967
2026-03-05 02:30:00,312.16,1,121.67,0.826,59.95
2026-03-05 02:40:00,175.46,1,121.98,0.839,59.93
2026-03-05 02:50:00,310.578,1,120.989,0.831,59.933
2026-03-05 03:00:00,653.19,1,120.33,0.972,59.96
2026-03-05 03:10:00,177.812,1,122.3,0.844,59.938
2026-03-05 03:20:00,242.22,1,122.19,0.838,59.95
2026-03-05 03:30:00,332.38,1,121.49,0.831,59.97
2026-03-05 03:40:00,310.722,1,120.744,0.832,59.922
2026-03-05 03:50:00,176.83,1,122.29,0.834,59.96
2026-03-05 04:00:00,328.756,1,121.489,0.83,59.978
2026-03-05 04:10:00,190.65,1,121.37,0.84,59.96
2026-03-05 04:20:00,302.86,1,120.9,0.835,59.96
2026-03-05 04:30:00,206.41,1,121.26,0.836,59.94
2026-03-05 04:40:00,282.15,1,121.26,0.834,59.97
2026-03-05 04:50:00,206.633,1,121.611,0.83,59.944
2026-03-05 05:00:00,265.59,1,121.09,0.832,59.96
2026-03-05 05:10:00,257.25,1,120.112,0.844,59.962
2026-03-05 05:20:00,298.54,1,119.18,0.834,59.95
2026-03-05 05:30:00,319.69,1,119.93,0.855,59.93
2026-03-05 05:40:00,1016.83,1,116.82,0.926,59.95
2026-03-05 05:50:00,215.7,1,119.77,0.833,59.95
2026-03-05 06:00:00,266.62,1,118.98,0.838,59.95
2026-03-05 06:10:00,409.133,1,118.856,0.883,59.978
2026-03-05 06:20:00,239.889,1,118.789,0.838,59.978
2026-03-05 06:30:00,209.31,1,120.08,0.83,59.97
2026-03-05 06:40:00,243.45,1,122.02,0.826,59.95
2026-03-05 06:50:00,208.06,1,120.06,0.831,59.96
2026-03-05 07:00:00,292.9,1,118.64,0.84,59.96
2026-03-05 07:10:00,212.178,1,119.2,0.833,59.956
2026-03-05 07:20:00,236.73,1,116.75,0.839,59.96
2026-03-05 07:30:00,264.411,1,118.156,0.85,59.967
2026-03-05 07:40:00,220.262,1,118.388,0.84,59.95
2026-03-05 07:50:00,244.42,1,117.37,0.847,59.94
2026-03-05 08:00:00,265.6,1,117.81,0.846,59.96
2026-03-05 08:10:00,315.79,1,118.5,0.843,59.95
2026-03-05 08:20:00,199.678,1,118.811,0.83,59.933
2026-03-05 08:30:00,542.56,1,115.81,0.889,59.97
2026-03-05 08:40:00,237.43,1,119.23,0.841,59.95
2026-03-05 08:50:00,253.17,1,118.2,0.83,59.96
2026-03-05 09:00:00,669.92,1,117.14,0.985,59.98
2026-03-05 09:10:00,160.68,1,118.56,0.834,59.92
2026-03-05 09:20:00,202.45,1,117.438,0.832,59.962
2026-03-05 09:30:00,321.878,1,117.867,0.841,59.944
2026-03-05 09:40:00,297.0,1,117.98,0.835,59.96
2026-03-05 09:50:00,277.078,1,118.322,0.863,59.944
2026-03-05 10:00:00,366.45,1,118.32,0.843,59.97
2026-03-05 10:10:00,175.82,1,118.52,0.838,59.98
2026-03-05 10:20:00,336.38,1,117.37,0.841,59.96
2026-03-05 10:30:00,178.7,1,118.56,0.839,60.0
2026-03-05 10:40:00,265.989,1,118.689,0.837,59.978
2026-03-05 10:50:00,195.79,1,117.65,0.832,59.98
2026-03-05 11:00:00,256.47,1,116.99,0.838,59.95
2026-03-05 11:10:00,203.99,1,116.25,0.838,59.95
2026-03-05 11:20:00,245.81,1,118.18,0.829,59.95
2026-03-05 11:30:00,263.64,1,118.89,0.855,59.95
2026-03-05 11:40:00,284.05,1,116.68,0.846,59.96
2026-03-05 11:50:00,492.88,1,117.61,0.887,59.95
2026-03-05 12:00:00,291.06,1,117.42,0.854,59.98
2026-03-05 12:10:00,309.77,1,119.15,0.847,59.95
2026-03-05 12:20:00,200.37,1,118.88,0.847,59.97
2026-03-05 12:30:00,296.09,1,118.02,0.85,59.94
2026-03-05 12:40:00,391.32,1,118.19,0.875,59.95
2026-03-05 12:50:00,466.44,1,118.54,0.858,59.96
2026-03-05 13:00:00,387.756,1,119.544,0.888,59.944
2026-03-05 13:10:00,488.17,1,118.44,0.899,59.94
2026-03-05 13:20:00,357.1,1,119.356,0.902,59.967
2026-03-05 13:30:00,331.63,1,118.44,0.886,59.97
2026-03-05 13:40:00,309.73,1,118.33,0.896,59.96
2026-03-05 13:50:00,331.17,1,119.75,0.884,59.96
2026-03-05 14:00:00,258.68,1,119.77,0.894,59.94
2026-03-05 14:10:00,335.57,1,120.14,0.88,59.96
2026-03-05 14:20:00,395.06,1,120.14,0.917,59.97
2026-03-05 14:30:00,434.65,1,119.77,0.889,59.98
2026-03-05 14:40:00,511.01,1,118.89,0.912,59.92
2026-03-05 14:50:00,494.333,1,117.967,0.88,59.967
2026-03-05 15:00:00,706.462,1,117.562,0.968,59.988
2026-03-05 15:10:00,462.58,1,118.49,0.921,59.92
2026-03-05 15:20:00,384.87,1,120.42,0.873,59.97
2026-03-05 15:30:00,524.86,1,119.5,0.867,59.97
2026-03-05 15:40:00,440.644,1,120.244,0.853,59.967
2026-03-05 15:50:00,462.3,1,120.49,0.899,59.97
2026-03-05 16:00:00,294.767,1,120.9,0.839,59.944
2026-03-05 16:10:00,241.38,1,120.73,0.838,59.98
2026-03-05 16:20:00,264.66,1,120.0,0.851,59.99
2026-03-05 16:30:00,254.24,1,120.14,0.841,59.96
2026-03-05 16:40:00,227.96,1,121.03,0.838,59.95
2026-03-05 16:50:00,259.91,1,121.61,0.824,59.95
2026-03-05 17:00:00,214.07,1,121.21,0.824,59.94
2026-03-05 17:10:00,254.02,1,121.36,0.818,59.96
2026-03-05 17:20:00,212.24,1,120.64,0.821,59.95
2026-03-05 17:30:00,244.933,1,119.311,0.824,59.956
2026-03-05 17:40:00,211.84,1,119.57,0.831,59.94
2026-03-05 17:50:00,256.57,1,119.86,0.813,59.96
2026-03-05 18:00:00,747.889,1,118.767,0.899,59.956
2026-03-05 18:10:00,262.24,1,120.42,0.817,59.95
2026-03-05 18:20:00,291.2,1,118.7,0.871,59.956
2026-03-05 18:30:00,319.333,1,118.367,0.884,59.978
2026-03-05 18:40:00,366.8,1,120.338,0.892,59.962
2026-03-05 18:50:00,713.711,1,117.9,0.919,59.978
2026-03-05 19:00:00,319.43,1,117.77,0.915,59.97
2026-03-05 19:10:00,447.1,1,116.53,0.903,59.93
2026-03-05 19:20:00,299.21,1,118.39,0.903,59.95
2026-03-05 19:30:00,434.689,1,118.956,0.897,59.967
2026-03-05 19:40:00,303.811,1,121.6,0.911,59.967
2026-03-05 19:50:00,451.689,1,118.167,0.902,59.956
2026-03-05 20:00:00,315.24,1,119.43,0.917,59.96
2026-03-05 20:10:00,434.17,1,118.72,0.883,59.94
2026-03-05 20:20:00,245.7,1,120.12,0.892,59.99
2026-03-05 20:30:00,483.24,1,120.24,0.885,59.96
2026-03-05 20:40:00,409.31,1,120.82,0.911,59.95
2026-03-05 20:50:00,360.7,1,120.11,0.849,59.93
2026-03-05 21:00:00,713.26,1,119.11,0.98,59.96
2026-03-05 21:10:00,235.07,1,119.92,0.889,59.98
2026-03-05 21:20:00,300.33,1,120.86,0.886,59.94
2026-03-05 21:30:00,389.412,1,117.875,0.88,59.975
2026-03-05 21:40:00,388.96,1,119.73,0.871,59.99
2026-03-05 21:50:00,266.41,1,116.59,0.894,59.95
2026-03-05 22:00:00,381.33,1,120.0,0.876,59.96
2026-03-05 22:10:00,272.43,1,118.47,0.893,59.96
2026-03-05 22:20:00,397.99,1,119.33,0.887,59.97
2026-03-05 22:30:00,257.522,1,119.356,0.897,59.956
2026-03-05 22:40:00,305.91,1,117.23,0.863,59.96
2026-03-05 22:50:00,211.0,1,117.49,0.851,59.95
2026-03-05 23:00:00,294.01,1,118.2,0.846,59.95
2026-03-05 23:10:00,391.656,1,121.1,0.886,59.922
2026-03-05 23:20:00,396.94,1,119.44,0.868,59.98
2026-03-05 23:30:00,313.67,1,121.05,0.867,59.98
2026-03-05 23:40:00,334.562,1,120.175,0.849,59.938
2026-03-05 23:50:00,207.978,1,121.689,0.839,59.956
2026-03-06 00:00:00,281.51,1,121.39,0.828,59.98
2026-03-06 00:10:00,191.667,1,121.978,0.843,59.978
2026-03-06 00:20:00,297.12,1,121.96,0.826,59.98
2026-03-06 00:30:00,187.4,1,121.58,0.84,59.96
2026-03-06 00:40:00,305.733,1,122.067,0.828,59.978
2026-03-06 00:50:00,173.233,1,121.833,0.848,59.978
2026-03-06 01:00:00,293.85,1,121.64,0.826,59.97
2026-03-06 01:10:00,170.47,1,122.48,0.846,59.96
2026-03-06 01:20:00,316.056,1,122.033,0.818,59.989
2026-03-06 01:30:00,191.3,1,121.833,0.842,59.978
2026-03-06 01:40:00,330.03,1,121.27,0.836,59.97
2026-03-06 01:50:00,205.17,1,122.05,0.834,59.98
2026-03-06 02:00:00,258.31,1,121.63,0.829,59.94
2026-03-06 02:10:00,222.667,1,121.511,0.84,59.989
2026-03-06 02:20:00,247.03,1,121.27,0.832,59.97
2026-03-06 02:30:00,248.525,1,121.575,0.831,59.95
2026-03-06 02:40:00,233.74,1,122.54,0.831,59.93
2026-03-06 02:50:00,217.271,1,122.7,0.834,59.971
2026-03-06 03:00:00,630.2,1,121.97,0.969,59.97
2026-03-06 03:10:00,171.21,1,122.16,0.842,59.99
2026-03-06 03:20:00,244.68,1,121.88,0.844,59.94
2026-03-06 03:30:00,330.556,1,121.133,0.833,59.978
2026-03-06 03:40:00,358.9,1,121.25,0.836,59.94
2026-03-06 03:50:00,187.66,1,122.83,0.843,59.98
2026-03-06 04:00:00,358.34,1,121.76,0.835,59.96
2026-03-06 04:10:00,171.85,1,122.238,0.845,59.95
2026-03-06 04:20:00,311.06,1,121.47,0.829,59.92
2026-03-06 04:30:00,171.711,1,121.578,0.846,59.933
2026-03-06 04:40:00,308.04,1,121.4,0.829,59.96
2026-03-06 04:50:00,171.644,1,121.211,0.838,59.944
2026-03-06 05:00:00,339.63,1,121.29,0.837,59.92
2026-03-06 05:10:00,229.46,1,121.11,0.844,59.92
2026-03-06 05:20:00,284.989,1,120.178,0.831,59.967
2026-03-06 05:30:00,244.311,1,120.656,0.847,59.933
2026-03-06 05:40:00,304.39,1,118.94,0.835,59.94
2026-03-06 05:50:00,616.31,1,118.39,0.9,59.95
2026-03-06 06:00:00,659.71,1,116.21,0.896,59.96
2026-03-06 06:10:00,242.212,1,117.988,0.869,59.962
2026-03-06 06:20:00,335.83,1,118.97,0.842,59.97
2026-03-06 06:30:00,176.19,1,120.01,0.831,59.99
2026-03-06 06:40:00,266.62,1,120.06,0.828,59.96
2026-03-06 06:50:00,185.838,1,120.275,0.839,59.925
2026-03-06 07:00:00,429.6,1,118.222,0.866,59.933
2026-03-06 07:10:00,191.79,1,118.48,0.838,59.96
2026-03-06 07:20:00,434.86,1,118.57,0.848,59.95
2026-03-06 07:30:00,163.21,1,117.97,0.842,59.94
2026-03-06 07:40:00,328.04,1,118.92,0.833,59.98
2026-03-06 07:50:00,293.23,1,118.87,0.833,59.96
2026-03-06 08:00:00,389.371,1,117.871,0.897,59.971
2026-03-06 08:10:00,635.633,1,118.567,0.889,59.956
2026-03-06 08:20:00,187.71,1,120.09,0.84,59.95
2026-03-06 08:30:00,469.17,1,118.95,0.851,59.95
2026-03-06 08:40:00,363.86,1,118.64,0.852,59.96
2026-03-06 08:50:00,441.17,1,118.89,0.853,59.99
2026-03-06 09:00:00,655.77,1,119.44,0.968,59.96
2026-03-06 09:10:00,262.97,1,121.02,0.859,59.91
2026-03-06 09:20:00,340.8,1,118.6,0.867,59.93
2026-03-06 09:30:00,321.03,1,119.19,0.831,59.95
2026-03-06 09:40:00,346.29,1,119.99,0.83,59.95
2026-03-06 09:50:00,365.2,1,120.95,0.828,59.95
2026-03-06 10:00:00,310.37,1,121.26,0.84,59.92
2026-03-06 10:10:00,238.24,1,120.16,0.832,59.97
2026-03-06 10:20:00,257.23,1,119.65,0.828,59.95
2026-03-06 10:30:00,226.08,1,120.29,0.831,59.97
2026-03-06 10:40:00,273.66,1,119.19,0.831,59.98
2026-03-06 10:50:00,212.4,1,120.19,0.825,59.95
2026-03-06 11:00:00,271.49,1,120.51,0.824,59.97
2026-03-06 11:10:00,212.55,1,119.98,0.832,59.95
2026-03-06 11:20:00,287.411,1,120.622,0.836,59.944
2026-03-06 11:30:00,213.68,1,120.18,0.843,59.98
2026-03-06 11:40:00,282.633,1,119.378,0.832,59.967
2026-03-06 11:50:00,183.05,1,119.5,0.836,59.975
2026-03-06 12:00:00,258.7,1,119.438,0.826,59.975
2026-03-06 12:10:00,202.556,1,120.056,0.833,59.967
2026-03-06 12:20:00,255.78,1,119.53,0.836,59.96
2026-03-06 12:30:00,224.37,1,119.66,0.839,59.95
2026-03-06 12:40:00,397.42,1,119.77,0.878,59.96
2026-03-06 12:50:00,475.74,1,119.19,0.918,59.92
2026-03-06 13:00:00,353.89,1,120.3,0.889,59.96
2026-03-06 13:10:00,399.61,1,119.73,0.902,59.93
2026-03-06 13:20:00,469.817,1,118.55,0.897,59.967
2026-03-06 13:30:00,1399.13,1,114.67,0.965,59.95
2026-03-06 13:40:00,848.39,1,116.94,0.926,59.96
2026-03-06 13:50:00,286.28,1,119.43,0.889,59.96
2026-03-06 14:00:00,321.68,1,119.58,0.881,59.98
2026-03-06 14:10:00,278.311,1,119.367,0.887,59.944
2026-03-06 14:20:00,367.68,1,119.84,0.883,59.95
2026-03-06 14:30:00,490.68,1,119.58,0.903,59.96
2026-03-06 14:40:00,481.722,1,120.444,0.899,59.978
2026-03-06 14:50:00,512.989,1,119.811,0.916,59.944
2026-03-06 15:00:00,617.91,1,118.85,0.974,59.99
2026-03-06 15:10:00,161.76,1,119.29,0.841,59.97
2026-03-06 15:20:00,218.544,1,118.789,0.848,59.967
2026-03-06 15:30:00,464.738,1,117.738,0.866,59.95
2026-03-06 15:40:00,318.9,1,119.26,0.834,59.97
2026-03-06 15:50:00,249.189,1,120.733,0.828,59.944
2026-03-06 16:00:00,324.212,1,120.212,0.844,59.962
2026-03-06 16:10:00,250.278,1,120.867,0.823,59.933
2026-03-06 16:20:00,287.0,1,121.06,0.826,59.95
2026-03-06 16:30:00,199.889,1,121.378,0.84,59.967
2026-03-06 16:40:00,386.25,1,120.425,0.856,59.975
2026-03-06 16:50:00,239.078,1,119.8,0.826,59.956
2026-03-06 17:00:00,302.32,1,119.74,0.833,59.98
2026-03-06 17:10:00,341.83,1,120.27,0.856,59.92
2026-03-06 17:20:00,295.344,1,120.422,0.838,59.967
2026-03-06 17:30:00,239.044,1,122.289,0.83,59.967
2026-03-06 17:40:00,277.88,1,121.85,0.829,59.99
2026-03-06 17:50:00,238.589,1,120.411,0.826,59.956
2026-03-06 18:00:00,344.31,1,120.27,0.844,59.95
2026-03-06 18:10:00,269.267,1,120.311,0.85,59.944
2026-03-06 18:20:00,284.08,1,120.65,0.832,59.94
2026-03-06 18:30:00,204.76,1,120.0,0.826,59.95
2026-03-06 18:40:00,304.17,1,120.06,0.83,59.92
2026-03-06 18:50:00,251.22,1,118.12,0.845,59.97
2026-03-06 19:00:00,315.056,1,119.067,0.84,59.956
2026-03-06 19:10:00,291.678,1,120.033,0.867,59.978
2026-03-06 19:20:00,966.13,1,116.1,0.924,59.95
2026-03-06 19:30:00,239.54,1,120.74,0.885,59.95
2026-03-06 19:40:00,418.56,1,119.94,0.877,59.98
2026-03-06 19:50:00,241.744,1,121.2,0.888,59.956
2026-03-06 20:00:00,378.744,1,119.856,0.876,59.944
2026-03-06 20:10:00,289.39,1,120.25,0.902,59.96
2026-03-06 20:20:00,345.022,1,119.589,0.871,59.967
2026-03-06 20:30:00,252.422,1,116.778,0.858,59.978
2026-03-06 20:40:00,275.48,1,119.34,0.837,59.91
2026-03-06 20:50:00,302.88,1,119.05,0.846,59.95
2026-03-06 21:00:00,601.314,1,120.386,0.969,59.929
2026-03-06 21:10:00,166.683,1,121.033,0.845,60.0
2026-03-06 21:20:00,247.744,1,119.133,0.839,59.933
2026-03-06 21:30:00,383.3,1,120.97,0.837,59.95
2026-03-06 21:40:00,325.15,1,120.19,0.829,59.95
2026-03-06 21:50:00,193.63,1,122.96,0.846,59.96
2026-03-06 22:00:00,331.17,1,121.73,0.824,59.98
2026-03-06 22:10:00,362.456,1,122.367,0.881,59.933
2026-03-06 22:20:00,536.244,1,121.156,0.866,59.944
2026-03-06 22:30:00,186.57,1,121.85,0.838,59.95
2026-03-06 22:40:00,293.3,1,121.53,0.824,59.96
2026-03-06 22:50:00,192.46,1,121.92,0.833,59.92
2026-03-06 23:00:00,417.544,1,121.556,0.836,59.967
2026-03-06 23:10:00,222.35,1,121.99,0.851,59.98
2026-03-06 23:20:00,315.433,1,121.967,0.827,59.989
2026-03-06 23:30:00,182.37,1,121.8,0.837,59.95
2026-03-06 23:40:00,301.98,1,120.96,0.829,59.97
2026-03-06 23:50:00,232.79,1,122.3,0.85,59.97
2026-03-07 00:00:00,336.433,1,121.911,0.828,59.989
2026-03-07 00:10:00,179.912,1,122.775,0.837,59.95
2026-03-07 00:20:00,303.74,1,121.86,0.832,59.98
2026-03-07 00:30:00,297.52,1,122.42,0.884,59.97
2026-03-07 00:40:00,573.79,1,121.32,0.915,59.98
2026-03-07 00:50:00,547.55,1,120.54,0.93,59.94
2026-03-07 01:00:00,400.5,1,121.44,0.896,59.96
2026-03-07 01:10:00,272.944,1,122.389,0.87,59.944
2026-03-07 01:20:00,261.76,1,122.91,0.829,59.96
2026-03-07 01:30:00,282.11,1,122.77,0.831,59.95
2026-03-07 01:40:00,283.722,1,121.311,0.833,59.978
2026-03-07 01:50:00,232.2,1,120.83,0.833,59.95
2026-03-07 02:00:00,205.856,1,120.6,0.834,59.956
2026-03-07 02:10:00,254.767,1,120.367,0.831,59.978
2026-03-07 02:20:00,203.389,1,121.378,0.839,59.956
2026-03-07 02:30:00,255.74,1,120.23,0.832,59.99
2026-03-07 02:40:00,184.8,1,121.57,0.837,59.97
2026-03-07 02:50:00,274.67,1,120.46,0.831,59.98
2026-03-07 03:00:00,696.089,1,119.967,0.986,59.967
2026-03-07 03:10:00,170.9,1,120.66,0.836,59.98
2026-03-07 03:20:00,227.467,1,120.422,0.838,59.978
2026-03-07 03:30:00,324.85,1,120.712,0.831,59.938
2026-03-07 03:40:00,285.788,1,120.988,0.829,59.962
2026-03-07 03:50:00,192.656,1,121.767,0.843,59.978
2026-03-07 04:00:00,292.73,1,120.61,0.831,59.94
2026-03-07 04:10:00,190.944,1,120.778,0.838,59.944
2026-03-07 04:20:00,292.48,1,120.7,0.831,59.97
2026-03-07 04:30:00,194.388,1,120.7,0.839,59.962
2026-03-07 04:40:00,292.46,1,119.96,0.833,59.95
2026-03-07 04:50:00,186.07,1,120.61,0.83,59.97
2026-03-07 05:00:00,276.04,1,119.91,0.829,59.94
2026-03-07 05:10:00,232.92,1,120.86,0.847,59.93
2026-03-07 05:20:00,288.789,1,120.456,0.829,59.956
2026-03-07 05:30:00,204.55,1,121.11,0.836,59.98
2026-03-07 05:40:00,278.829,1,120.486,0.827,59.957
2026-03-07 05:50:00,218.48,1,120.13,0.83,59.95
2026-03-07 06:00:00,249.05,1,119.75,0.839,59.93
2026-03-07 06:10:00,205.31,1,118.97,0.831,59.94
2026-03-07 06:20:00,244.862,1,121.225,0.826,59.962
2026-03-07 06:30:00,469.425,1,120.738,0.874,59.988
2026-03-07 06:40:00,229.611,1,121.778,0.851,59.978
2026-03-07 06:50:00,242.89,1,120.1,0.836,59.99
2026-03-07 07:00:00,299.24,1,120.69,0.84,59.96
2026-03-07 07:10:00,318.38,1,119.56,0.835,59.94
2026-03-07 07:20:00,280.68,1,120.11,0.855,59.94
2026-03-07 07:30:00,282.13,1,118.74,0.826,59.94
2026-03-07 07:40:00,164.056,1,119.822,0.826,59.944
2026-03-07 07:50:00,368.43,1,119.45,0.847,59.96
2026-03-07 08:00:00,165.58,1,119.29,0.84,59.93
2026-03-07 08:10:00,265.078,1,118.367,0.823,59.944
2026-03-07 08:20:00,211.86,1,116.35,0.832,59.97
2026-03-07 08:30:00,322.51,1,119.49,0.838,59.97
2026-03-07 08:40:00,244.5,1,119.622,0.853,59.967
2026-03-07 08:50:00,321.77,1,119.15,0.837,59.92
2026-03-07 09:00:00,597.54,1,119.14,0.969,59.94
2026-03-07 09:10:00,175.0,1,118.956,0.813,59.956
2026-03-07 09:20:00,388.2,1,118.33,0.862,59.96
2026-03-07 09:30:00,476.42,1,119.77,0.851,59.97
2026-03-07 09:40:00,321.41,1,120.74,0.82,59.96
2026-03-07 09:50:00,195.01,1,121.44,0.821,59.93
2026-03-07 10:00:00,393.0,1,119.99,0.842,59.94
2026-03-07 10:10:00,270.162,1,119.938,0.816,59.95
2026-03-07 10:20:00,276.92,1,119.48,0.823,59.94
2026-03-07 10:30:00,193.72,1,120.62,0.825,59.98
2026-03-07 10:40:00,364.91,1,120.86,0.851,59.96
2026-03-07 10:50:00,199.444,1,120.656,0.827,59.956
2026-03-07 11:00:00,378.18,1,121.54,0.839,59.94
2026-03-07 11:10:00,574.389,1,119.7,0.933,59.978
2026-03-07 11:20:00,524.8,1,119.26,0.881,59.96
2026-03-07 11:30:00,571.0,1,120.011,0.928,59.978
2026-03-07 11:40:00,488.9,1,119.73,0.868,59.93
2026-03-07 11:50:00,572.311,1,119.556,0.934,59.967
2026-03-07 12:00:00,339.61,1,120.61,0.837,59.94
2026-03-07 12:10:00,665.589,1,118.611,0.969,59.956
2026-03-07 12:20:00,288.43,1,119.37,0.828,59.94
2026-03-07 12:30:00,164.86,1,122.44,0.829,59.93
2026-03-07 12:40:00,288.9,1,121.967,0.817,59.956
2026-03-07 12:50:00,224.856,1,122.6,0.851,59.944
2026-03-07 13:00:00,416.722,1,121.433,0.846,59.956
2026-03-07 13:10:00,257.29,1,121.94,0.894,59.95
2026-03-07 13:20:00,354.756,1,121.4,0.878,59.978
2026-03-07 13:30:00,270.58,1,122.54,0.889,59.97
2026-03-07 13:40:00,375.3,1,121.475,0.891,59.962
2026-03-07 13:50:00,370.333,1,122.667,0.869,59.967
2026-03-07 14:00:00,277.52,1,122.28,0.837,59.96
2026-03-07 14:10:00,214.278,1,122.678,0.837,59.933
2026-03-07 14:20:00,242.22,1,122.09,0.828,59.94
2026-03-07 14:30:00,226.0,1,122.275,0.84,59.975
2026-03-07 14:40:00,280.44,1,121.52,0.843,59.94
2026-03-07 14:50:00,265.79,1,121.57,0.843,59.96
2026-03-07 15:00:00,680.55,1,121.575,0.975,60.0
2026-03-07 15:10:00,233.03,1,123.13,0.895,59.95
2026-03-07 15:20:00,299.8,1,123.344,0.887,59.922
2026-03-07 15:30:00,397.3,1,121.289,0.877,59.956
2026-03-07 15:40:00,380.1,1,121.65,0.876,59.93
2026-03-07 15:50:00,207.63,1,122.53,0.834,59.98
2026-03-07 16:00:00,342.71,1,121.91,0.832,59.96
2026-03-07 16:10:00,208.756,1,121.511,0.847,59.944
2026-03-07 16:20:00,343.15,1,121.325,0.864,59.988
2026-03-07 16:30:00,285.4,1,121.457,0.87,59.943
2026-03-07 16:40:00,347.07,1,121.83,0.864,59.98
2026-03-07 16:50:00,204.87,1,122.51,0.856,59.92
2026-03-07 17:00:00,317.367,1,120.889,0.856,59.944
2026-03-07 17:10:00,196.417,1,122.15,0.843,59.983
2026-03-07 17:20:00,535.262,1,120.3,0.871,59.95
2026-03-07 17:30:00,237.589,1,121.456,0.842,59.989
2026-03-07 17:40:00,346.522,1,120.133,0.851,59.956
2026-03-07 17:50:00,230.38,1,121.12,0.832,59.96
2026-03-07 18:00:00,386.12,1,121.41,0.866,59.95
2026-03-07 18:10:00,403.74,1,120.93,0.862,59.99
2026-03-07 18:20:00,452.38,1,119.03,0.87,59.97
2026-03-07 18:30:00,372.02,1,118.84,0.874,59.94
2026-03-07 18:40:00,424.733,1,119.167,0.881,59.956
2026-03-07 18:50:00,376.256,1,120.033,0.896,59.967
2026-03-07 19:00:00,333.14,1,118.88,0.887,59.95
2026-03-07 19:10:00,406.43,1,117.15,0.864,59.96
2026-03-07 19:20:00,296.35,1,120.92,0.859,59.99
2026-03-07 19:30:00,533.767,1,116.367,0.891,59.956
2026-03-07 19:40:00,416.96,1,120.58,0.889,59.98
2026-03-07 19:50:00,614.37,1,120.26,0.89,59.96
2026-03-07 20:00:00,809.7,1,119.16,0.926,59.97
2026-03-07 20:10:00,453.55,1,120.6,0.881,59.97
2026-03-07 20:20:00,221.47,1,121.58,0.865,59.98
2026-03-07 20:30:00,822.556,1,118.833,0.92,59.956
2026-03-07 20:40:00,386.73,1,120.49,0.879,59.95
2026-03-07 20:50:00,332.47,1,121.15,0.867,59.96
2026-03-07 21:00:00,687.36,1,120.11,0.969,59.96
2026-03-07 21:10:00,221.022,1,121.289,0.859,59.967
2026-03-07 21:20:00,292.044,1,123.578,0.867,59.922
2026-03-07 21:30:00,440.1,1,120.25,0.885,59.96
2026-03-07 21:40:00,572.32,1,116.9,0.911,59.94
2026-03-07 21:50:00,477.95,1,118.28,0.917,59.95
2026-03-07 22:00:00,321.66,1,122.42,0.897,59.96
2026-03-07 22:10:00,424.97,1,115.98,0.894,59.96
2026-03-07 22:20:00,660.01,1,120.06,0.944,59.97
2026-03-07 22:30:00,336.689,1,122.378,0.851,59.989
2026-03-07 22:40:00,236.438,1,122.588,0.847,59.975
2026-03-07 22:50:00,384.478,1,122.522,0.844,59.944
2026-03-07 23:00:00,223.46,1,122.09,0.847,59.97
2026-03-07 23:10:00,300.04,1,122.69,0.843,59.96
2026-03-07 23:20:00,239.73,1,122.94,0.843,59.97
2026-03-07 23:30:00,281.96,1,122.1,0.843,59.96
2026-03-07 23:40:00,314.112,1,122.8,0.86,59.962
2026-03-07 23:50:00,267.88,1,122.09,0.844,59.94
2026-03-08 00:00:00,250.488,1,121.35,0.845,60.0
2026-03-08 00:10:00,250.38,1,120.88,0.841,59.95
2026-03-08 00:20:00,283.11,1,120.88,0.843,59.95
2026-03-08 00:30:00,225.975,1,121.212,0.842,59.912
2026-03-08 00:40:00,296.2,1,121.47,0.843,59.94
2026-03-08 00:50:00,204.22,1,121.38,0.841,59.96
2026-03-08 01:00:00,326.69,1,121.25,0.842,59.96
2026-03-08 01:10:00,187.69,1,121.17,0.849,59.95
2026-03-08 01:20:00,365.333,1,120.567,0.854,59.967
2026-03-08 01:30:00,206.478,1,121.411,0.842,59.944
2026-03-08 01:40:00,297.33,1,120.94,0.843,59.96
2026-03-08 01:50:00,288.01,1,121.82,0.857,59.94
2026-03-08 02:00:00,246.862,1,121.8,0.845,59.988
2026-03-08 02:10:00,248.12,1,121.42,0.841,59.98
2026-03-08 02:20:00,297.167,1,122.1,0.851,59.967
2026-03-08 02:30:00,290.19,1,120.84,0.837,59.94
2026-03-08 02:40:00,225.789,1,120.956,0.847,59.978
2026-03-08 02:50:00,292.38,1,120.89,0.84,59.98
2026-03-08 03:00:00,676.2,1,119.91,0.969,59.99
2026-03-08 03:10:00,188.02,1,122.09,0.843,59.95
2026-03-08 03:20:00,253.84,1,121.69,0.848,59.96
2026-03-08 03:30:00,394.21,1,120.66,0.855,59.97
2026-03-08 03:40:00,326.96,1,120.36,0.846,59.96
2026-03-08 03:50:00,263.17,1,120.15,0.848,59.97
2026-03-08 04:00:00,322.92,1,119.94,0.849,59.95
2026-03-08 04:10:00,205.933,1,120.0,0.843,59.944
2026-03-08 04:20:00,307.37,1,119.36,0.846,59.94
2026-03-08 04:30:00,255.16,1,119.77,0.853,59.96
2026-03-08 04:40:00,307.78,1,120.41,0.844,59.95
2026-03-08 04:50:00,203.84,1,120.89,0.843,59.97
2026-03-08 05:00:00,293.5,1,120.8,0.84,59.98
2026-03-08 05:10:00,265.93,1,120.41,0.85,59.99
2026-03-08 05:20:00,284.256,1,119.544,0.844,59.922
2026-03-08 05:30:00,234.89,1,120.22,0.845,59.96
2026-03-08 05:40:00,261.1,1,119.73,0.839,59.98
2026-03-08 05:50:00,251.32,1,120.4,0.846,59.98
2026-03-08 06:00:00,242.67,1,120.17,0.843,59.99
2026-03-08 06:10:00,256.45,1,118.09,0.842,59.95
2026-03-08 06:20:00,223.66,1,120.9,0.839,59.99
2026-03-08 06:30:00,323.68,1,121.15,0.845,59.99
2026-03-08 06:40:00,365.94,1,120.77,0.871,59.96
2026-03-08 06:50:00,442.43,1,120.07,0.858,59.96
2026-03-08 07:00:00,300.09,1,120.66,0.865,59.94
2026-03-08 07:10:00,334.06,1,120.16,0.85,59.95
2026-03-08 07:20:00,229.73,1,119.95,0.854,59.96
2026-03-08 07:30:00,292.556,1,118.978,0.84,59.989
2026-03-08 07:40:00,180.09,1,118.24,0.836,59.99
2026-03-08 07:50:00,282.02,1,118.7,0.839,59.97
2026-03-08 08:00:00,213.53,1,119.53,0.839,59.94
2026-03-08 08:10:00,316.91,1,119.16,0.849,59.94
2026-03-08 08:20:00,268.556,1,117.467,0.853,59.956
2026-03-08 08:30:00,302.67,1,116.7,0.853,59.97
2026-03-08 08:40:00,239.34,1,117.06,0.827,59.93
2026-03-08 08:50:00,240.95,1,117.54,0.84,59.94
2026-03-08 09:00:00,647.69,1,116.75,0.969,59.95
2026-03-08 09:10:00,194.46,1,118.96,0.851,59.98
2026-03-08 09:20:00,253.4,1,118.28,0.852,59.97
2026-03-08 09:30:00,478.844,1,117.889,0.879,59.933
2026-03-08 09:40:00,568.72,1,116.88,0.893,59.96
2026-03-08 09:50:00,702.45,1,118.06,0.924,59.97
2026-03-08 10:00:00,444.89,1,120.11,0.898,59.97
2026-03-08 10:10:00,356.7,1,120.49,0.86,59.98
2026-03-08 10:20:00,682.58,1,119.44,0.953,59.96
2026-03-08 10:30:00,290.26,1,120.27,0.842,59.96
2026-03-08 10:40:00,696.978,1,118.022,0.964,59.989
2026-03-08 10:50:00,731.01,1,118.46,0.905,59.94
2026-03-08 11:00:00,338.675,1,120.462,0.84,59.962
2026-03-08 11:10:00,647.322,1,116.044,0.933,59.967
2026-03-08 11:20:00,730.86,1,119.01,0.942,59.98
2026-03-08 11:30:00,452.925,1,117.038,0.89,59.962
2026-03-08 11:40:00,426.58,1,120.92,0.891,59.96
2026-03-08 11:50:00,244.79,1,122.07,0.893,59.98
2026-03-08 12:00:00,454.09,1,120.98,0.888,59.96
2026-03-08 12:10:00,259.04,1,121.2,0.893,59.95
2026-03-08 12:20:00,449.83,1,121.22,0.895,59.98
2026-03-08 12:30:00,305.87,1,121.91,0.895,59.96
2026-03-08 12:40:00,756.18,1,119.61,0.923,59.94
2026-03-08 12:50:00,523.66,1,117.87,0.931,59.97
2026-03-08 13:00:00,329.311,1,121.122,0.886,59.967
2026-03-08 13:10:00,634.378,1,121.078,0.933,59.967
2026-03-08 13:20:00,402.9,1,121.675,0.894,59.925
2026-03-08 13:30:00,813.64,1,120.4,0.953,59.94
2026-03-08 13:40:00,511.35,1,121.7,0.904,59.962
2026-03-08 13:50:00,291.044,1,121.9,0.848,59.956
2026-03-08 14:00:00,264.55,1,120.86,0.853,59.97
2026-03-08 14:10:00,319.556,1,121.933,0.851,59.978
2026-03-08 14:20:00,438.66,1,119.14,0.863,59.95
2026-03-08 14:30:00,694.09,1,118.43,0.907,59.98
2026-03-08 14:40:00,820.8,1,120.76,0.912,59.95
2026-03-08 14:50:00,408.4,1,121.65,0.88,59.97
2026-03-08 15:00:00,1199.54,1,118.96,0.99,59.96
2026-03-08 15:10:00,367.762,1,120.025,0.909,59.962
2026-03-08 15:20:00,410.06,1,120.59,0.9,59.98
2026-03-08 15:30:00,615.43,1,121.41,0.902,59.96
2026-03-08 15:40:00,409.075,1,122.2,0.879,59.962
2026-03-08 15:50:00,451.58,1,121.54,0.885,59.96
2026-03-08 16:00:00,455.089,1,119.044,0.891,59.967
2026-03-08 16:10:00,322.31,1,118.74,0.898,59.97
2026-03-08 16:20:00,396.275,1,121.025,0.878,59.962
2026-03-08 16:30:00,243.538,1,121.762,0.891,59.95
2026-03-08 16:40:00,556.27,1,120.62,0.894,59.98
2026-03-08 16:50:00,588.656,1,120.967,0.943,59.933
2026-03-08 17:00:00,384.7,1,121.071,0.89,59.971
2026-03-08 17:10:00,319.13,1,121.35,0.902,59.96
2026-03-08 17:20:00,381.49,1,120.98,0.889,59.96
2026-03-08 17:30:00,288.62,1,120.15,0.889,59.98
2026-03-08 17:40:00,374.211,1,119.822,0.888,59.967
2026-03-08 17:50:00,308.42,1,117.59,0.896,59.96
2026-03-08 18:00:00,398.3,1,120.45,0.894,59.95
2026-03-08 18:10:00,361.14,1,120.76,0.918,59.93
2026-03-08 18:20:00,391.3,1,119.52,0.914,59.95
2026-03-08 18:30:00,393.77,1,117.78,0.919,59.97
2026-03-08 18:40:00,388.27,1,120.37,0.913,59.96
2026-03-08 18:50:00,522.6,1,120.71,0.915,59.94
2026-03-08 19:00:00,355.41,1,117.78,0.909,59.98
2026-03-08 19:10:00,465.189,1,115.356,0.927,59.967
2026-03-08 19:20:00,387.77,1,114.95,0.919,59.95
2026-03-08 19:30:00,540.2,1,118.73,0.919,59.96
2026-03-08 19:40:00,397.09,1,118.97,0.921,59.96
2026-03-08 19:50:00,566.74,1,117.69,0.924,59.94
2026-03-08 20:00:00,1134.91,1,115.77,0.962,59.96
2026-03-08 20:10:00,361.711,1,119.533,0.892,59.956
2026-03-08 20:20:00,360.75,1,120.41,0.898,59.98
2026-03-08 20:30:00,489.45,1,120.162,0.914,59.95
2026-03-08 20:40:00,529.24,1,117.65,0.924,59.97
2026-03-08 20:50:00,568.062,1,117.938,0.929,59.962
2026-03-08 21:00:00,838.94,1,119.16,0.98,59.96
2026-03-08 21:10:00,381.211,1,120.544,0.922,59.956
2026-03-08 21:20:00,386.62,1,120.51,0.916,59.96
2026-03-08 21:30:00,483.32,1,120.46,0.911,59.97
2026-03-08 21:40:00,482.74,1,121.15,0.91,59.96
2026-03-08 21:50:00,409.77,1,121.67,0.913,59.95
2026-03-08 22:00:00,432.66,1,121.39,0.919,59.99
2026-03-08 22:10:00,456.522,1,121.489,0.912,59.989
2026-03-08 22:20:00,294.48,1,121.95,0.897,59.96
2026-03-08 22:30:00,536.76,1,121.37,0.895,59.97
2026-03-08 22:40:00,293.06,1,121.31,0.888,59.96
2026-03-08 22:50:00,740.2,1,119.35,0.924,59.96
2026-03-08 23:00:00,237.722,1,120.989,0.857,59.978
2026-03-08 23:10:00,309.74,1,121.15,0.84,59.97
2026-03-08 23:20:00,214.5,1,120.744,0.842,59.989
2026-03-08 23:30:00,331.95,1,120.07,0.847,59.95
2026-03-08 23:40:00,212.21,1,121.14,0.838,59.96
2026-03-08 23:50:00,315.62,1,120.39,0.844,59.96
2026-03-09 00:00:00,214.289,1,121.189,0.841,59.956
2026-03-09 00:10:00,312.54,1,120.69,0.843,59.94
2026-03-09 00:20:00,222.63,1,121.0,0.847,59.96
2026-03-09 00:30:00,310.978,1,120.967,0.846,59.956
2026-03-09 00:40:00,223.48,1,121.26,0.843,59.97
2026-03-09 00:50:00,301.18,1,120.76,0.848,59.93
2026-03-09 01:00:00,212.312,1,121.338,0.849,59.962
2026-03-09 01:10:00,293.82,1,120.01,0.847,59.96
2026-03-09 01:20:00,224.16,1,121.62,0.848,59.94
2026-03-09 01:30:00,282.68,1,121.31,0.841,59.97
2026-03-09 01:40:00,272.544,1,120.644,0.838,59.978
2026-03-09 01:50:00,323.51,1,121.23,0.847,59.94
2026-03-09 02:00:00,235.98,1,120.55,0.848,59.95
2026-03-09 02:10:00,329.26,1,119.5,0.85,59.94
2026-03-09 02:20:00,235.34,1,120.21,0.846,59.96
2026-03-09 02:30:00,273.74,1,120.28,0.849,59.98
2026-03-09 02:40:00,272.03,1,121.89,0.857,59.95
2026-03-09 02:50:00,265.47,1,121.76,0.839,59.96
2026-03-09 03:00:00,615.76,1,119.85,0.966,59.95
2026-03-09 03:10:00,188.69,1,121.87,0.848,59.95
2026-03-09 03:20:00,253.31,1,121.14,0.851,59.98
2026-03-09 03:30:00,398.07,1,120.54,0.858,59.98
2026-03-09 03:40:00,341.76,1,120.56,0.85,59.94
2026-03-09 03:50:00,202.06,1,121.02,0.848,59.96
2026-03-09 04:00:00,327.43,1,120.99,0.85,59.96
2026-03-09 04:10:00,221.811,1,121.622,0.84,59.922
2026-03-09 04:20:00,297.2,1,120.95,0.844,59.98
2026-03-09 04:30:00,234.1,1,121.19,0.844,59.96
2026-03-09 04:40:00,329.4,1,120.01,0.856,59.97
2026-03-09 04:50:00,332.66,1,119.65,0.861,59.94
2026-03-09 05:00:00,260.51,1,119.1,0.844,59.94
2026-03-09 05:10:00,228.28,1,119.66,0.846,59.93
2026-03-09 05:20:00,260.7,1,119.5,0.851,59.94
2026-03-09 05:30:00,246.68,1,118.13,0.842,59.94
2026-03-09 05:40:00,295.93,1,118.35,0.855,59.94
2026-03-09 05:50:00,245.52,1,118.41,0.845,59.97
2026-03-09 06:00:00,351.078,1,117.378,0.879,59.989
2026-03-09 06:10:00,349.45,1,118.03,0.882,59.97
2026-03-09 06:20:00,298.54,1,120.98,0.861,59.96
2026-03-09 06:30:00,290.95,1,120.97,0.845,59.94
2026-03-09 06:40:00,245.0,1,121.19,0.84,59.95
2026-03-09 06:50:00,247.911,1,121.122,0.837,59.956
2026-03-09 07:00:00,307.922,1,120.256,0.856,59.956
2026-03-09 07:10:00,306.56,1,119.02,0.854,59.95
2026-03-09 07:20:00,289.73,1,118.27,0.857,59.97
2026-03-09 07:30:00,335.06,1,114.54,0.863,59.95
2026-03-09 07:40:00,293.86,1,118.48,0.845,59.96
2026-03-09 07:50:00,239.56,1,119.61,0.836,59.97
2026-03-09 08:00:00,329.64,1,120.19,0.85,59.96
2026-03-09 08:10:00,418.04,1,119.35,0.86,59.97
2026-03-09 08:20:00,245.12,1,117.86,0.851,59.98
2026-03-09 08:30:00,334.87,1,118.1,0.854,59.95
2026-03-09 08:40:00,594.744,1,118.722,0.936,59.967
2026-03-09 08:50:00,766.43,1,117.16,0.94,59.97
2026-03-09 09:00:00,575.47,1,116.53,0.97,59.97
2026-03-09 09:10:00,276.64,1,119.29,0.869,59.96
2026-03-09 09:20:00,245.95,1,118.63,0.845,59.98
2026-03-09 09:30:00,339.96,1,119.3,0.853,59.95
2026-03-09 09:40:00,391.21,1,119.5,0.858,59.94
2026-03-09 09:50:00,272.87,1,120.12,0.847,59.97
2026-03-09 10:00:00,326.73,1,118.76,0.866,59.98
2026-03-09 10:10:00,305.84,1,119.13,0.865,59.95
2026-03-09 10:20:00,261.1,1,118.71,0.86,59.96
2026-03-09 10:30:00,542.92,1,117.59,0.887,59.95
2026-03-09 10:40:00,182.267,1,118.889,0.848,59.989
2026-03-09 10:50:00,434.87,1,117.66,0.872,59.98
2026-03-09 11:00:00,250.17,1,118.94,0.855,59.96
2026-03-09 11:10:00,365.46,1,118.8,0.867,59.97
2026-03-09 11:20:00,471.612,1,120.838,0.905,59.938
2026-03-09 11:30:00,396.533,1,121.344,0.868,59.944
2026-03-09 11:40:00,295.72,1,120.76,0.857,59.95
2026-03-09 11:50:00,258.63,1,121.07,0.854,59.97
2026-03-09 12:00:00,458.75,1,120.86,0.889,59.97
2026-03-09 12:10:00,666.27,1,120.02,0.907,59.97
2026-03-09 12:20:00,393.833,1,121.878,0.84,59.944
2026-03-09 12:30:00,560.89,1,121.0,0.883,59.98
2026-03-09 12:40:00,1308.95,1,118.74,0.954,59.96
2026-03-09 12:50:00,275.42,1,122.36,0.861,59.94
2026-03-09 13:00:00,498.43,1,121.33,0.899,59.94
2026-03-09 13:10:00,258.422,1,122.633,0.898,59.967
2026-03-09 13:20:00,537.54,1,121.67,0.896,59.94
2026-03-09 13:30:00,247.9,1,122.04,0.893,59.93
2026-03-09 13:40:00,364.2,1,121.322,0.883,59.967
2026-03-09 13:50:00,359.36,1,121.85,0.898,59.97
2026-03-09 14:00:00,293.238,1,121.088,0.857,59.975
2026-03-09 14:10:00,258.4,1,120.36,0.842,59.95
2026-03-09 14:20:00,335.78,1,120.54,0.859,59.96
2026-03-09 14:30:00,273.0,1,121.76,0.838,59.99
2026-03-09 14:40:00,213.67,1,122.25,0.845,59.95
2026-03-09 14:50:00,305.311,1,122.356,0.838,59.978
2026-03-09 15:00:00,663.512,1,121.1,0.982,59.975
2026-03-09 15:10:00,246.488,1,122.012,0.852,59.95
2026-03-09 15:20:00,370.162,1,120.175,0.879,59.962
2026-03-09 15:30:00,293.13,1,122.24,0.834,59.92
2026-03-09 15:40:00,444.43,1,120.93,0.861,59.95
2026-03-09 15:50:00,306.233,1,121.322,0.853,59.933
2026-03-09 16:00:00,305.611,1,122.067,0.863,59.967
2026-03-09 16:10:00,333.71,1,121.37,0.857,59.94
2026-03-09 16:20:00,209.95,1,118.73,0.853,59.96
2026-03-09 16:30:00,385.844,1,119.8,0.867,59.967
2026-03-09 16:40:00,256.933,1,121.356,0.861,59.967
2026-03-09 16:50:00,379.13,1,119.43,0.866,59.94
2026-03-09 17:00:00,210.1,1,121.156,0.851,59.967
2026-03-09 17:10:00,331.88,1,120.46,0.847,59.96
2026-03-09 17:20:00,208.09,1,118.52,0.827,59.99
2026-03-09 17:30:00,314.4,1,119.95,0.851,59.95
2026-03-09 17:40:00,259.54,1,119.88,0.854,59.97
2026-03-09 17:50:00,314.96,1,120.5,0.851,59.97
2026-03-09 18:00:00,226.24,1,121.05,0.842,59.95
2026-03-09 18:10:00,351.433,1,119.9,0.851,59.944
2026-03-09 18:20:00,321.6,1,119.5,0.884,59.978
2026-03-09 18:30:00,430.089,1,117.7,0.904,59.956
2026-03-09 18:40:00,337.26,1,118.23,0.907,60.0
2026-03-09 18:50:00,987.93,1,113.76,0.948,59.96
2026-03-09 19:00:00,600.99,1,117.6,0.912,59.93
2026-03-09 19:10:00,371.875,1,116.525,0.884,59.962
2026-03-09 19:20:00,288.95,1,117.31,0.874,59.96
2026-03-09 19:30:00,433.644,1,117.8,0.886,59.967
2026-03-09 19:40:00,306.543,1,118.0,0.877,59.971
2026-03-09 19:50:00,399.26,1,116.08,0.892,59.98
2026-03-09 20:00:00,438.075,1,116.525,0.902,59.988
2026-03-09 20:10:00,336.67,1,117.73,0.897,59.98
2026-03-09 20:20:00,314.36,1,116.58,0.894,59.95
2026-03-09 20:30:00,343.84,1,116.07,0.897,59.97
2026-03-09 20:40:00,422.58,1,118.28,0.903,59.96
2026-03-09 20:50:00,313.05,1,118.51,0.891,59.96
2026-03-09 21:00:00,596.457,1,119.443,0.954,59.943
2026-03-09 21:10:00,444.71,1,120.29,0.934,59.98
2026-03-09 21:20:00,269.95,1,121.19,0.903,59.96
2026-03-09 21:30:00,419.04,1,119.45,0.89,59.96
2026-03-09 21:40:00,412.233,1,117.944,0.891,60.0
2026-03-09 21:50:00,410.4,1,118.778,0.901,59.944
2026-03-09 22:00:00,319.15,1,118.65,0.904,59.96
2026-03-09 22:10:00,436.85,1,118.888,0.905,59.95
2026-03-09 22:20:00,292.55,1,119.54,0.905,59.94
2026-03-09 22:30:00,389.05,1,119.12,0.902,59.95
2026-03-09 22:40:00,262.7,1,119.989,0.89,59.944
2026-03-09 22:50:00,526.59,1,119.29,0.893,59.96
2026-03-09 23:00:00,267.33,1,120.29,0.862,59.97
2026-03-09 23:10:00,297.62,1,120.51,0.848,59.96
2026-03-09 23:20:00,225.556,1,120.956,0.85,59.956
2026-03-09 23:30:00,296.33,1,120.01,0.85,59.93
2026-03-09 23:40:00,221.94,1,121.13,0.849,59.97
2026-03-09 23:50:00,345.94,1,119.71,0.855,59.94
2026-03-10 00:00:00,217.13,1,116.24,0.855,59.93
2026-03-10 00:10:00,330.69,1,118.5,0.868,59.97
2026-03-10 00:20:00,237.52,1,119.68,0.854,59.96
2026-03-10 00:30:00,279.64,1,119.52,0.853,59.97
2026-03-10 00:40:00,304.35,1,119.97,0.862,59.97
2026-03-10 00:50:00,257.378,1,120.111,0.849,59.933
2026-03-10 01:00:00,227.9,1,120.388,0.847,59.95
2026-03-10 01:10:00,263.49,1,119.94,0.848,59.94
2026-03-10 01:20:00,256.457,1,120.157,0.853,59.943
2026-03-10 01:30:00,250.93,1,119.6,0.852,59.94
2026-03-10 01:40:00,244.783,1,120.267,0.847,59.95
2026-03-10 01:50:00,250.53,1,120.01,0.855,59.98
2026-03-10 02:00:00,264.0,1,120.26,0.855,59.95
2026-03-10 02:10:00,230.26,1,120.57,0.845,59.98
2026-03-10 02:20:00,326.45,1,120.06,0.853,59.98
2026-03-10 02:30:00,281.289,1,121.078,0.861,59.978
2026-03-10 02:40:00,281.43,1,121.41,0.854,59.96
2026-03-10 02:50:00,219.38,1,121.23,0.849,59.96
2026-03-10 03:00:00,492.57,1,120.46,0.934,59.95
2026-03-10 03:10:00,332.99,1,120.49,0.893,59.97
2026-03-10 03:20:00,200.5,1,120.04,0.849,59.96
2026-03-10 03:30:00,352.875,1,120.588,0.86,59.975
2026-03-10 03:40:00,398.45,1,120.09,0.866,59.99
2026-03-10 03:50:00,250.91,1,121.03,0.858,59.94
2026-03-10 04:00:00,284.11,1,121.3,0.855,59.95
2026-03-10 04:10:00,267.14,1,120.61,0.852,59.94
2026-03-10 04:20:00,250.96,1,120.58,0.855,59.96
2026-03-10 04:30:00,268.57,1,120.02,0.853,59.97
2026-03-10 04:40:00,285.43,1,119.45,0.865,59.94
2026-03-10 04:50:00,315.5,1,120.01,0.851,59.95
2026-03-10 05:00:00,237.367,1,119.311,0.847,59.944
2026-03-10 05:10:00,267.12,1,119.77,0.849,59.95
2026-03-10 05:20:00,289.09,1,119.5,0.85,59.95
2026-03-10 05:30:00,266.95,1,118.78,0.854,59.97
2026-03-10 05:40:00,457.85,1,117.98,0.897,59.93
2026-03-10 05:50:00,281.378,1,118.822,0.889,60.0
2026-03-10 06:00:00,318.99,1,117.16,0.885,59.96
2026-03-10 06:10:00,405.59,1,116.24,0.911,59.95
2026-03-10 06:20:00,365.77,1,118.82,0.884,59.97
2026-03-10 06:30:00,275.28,1,120.48,0.898,59.96
2026-03-10 06:40:00,349.478,1,120.667,0.89,59.944
2026-03-10 06:50:00,320.867,1,121.044,0.907,59.956
2026-03-10 07:00:00,344.067,1,119.356,0.894,59.967
2026-03-10 07:10:00,272.2,1,118.76,0.895,59.98
2026-03-10 07:20:00,351.68,1,118.79,0.896,59.98
2026-03-10 07:30:00,201.04,1,118.51,0.852,59.95
2026-03-10 07:40:00,384.944,1,118.322,0.894,59.978
2026-03-10 07:50:00,343.033,1,118.289,0.896,59.956
2026-03-10 08:00:00,293.3,1,119.167,0.86,59.956
2026-03-10 08:10:00,224.15,1,118.81,0.855,59.94
2026-03-10 08:20:00,400.022,1,118.278,0.876,59.967
2026-03-10 08:30:00,221.04,1,118.47,0.856,59.95
2026-03-10 08:40:00,338.378,1,117.967,0.871,59.967
2026-03-10 08:50:00,226.06,1,119.32,0.864,59.96
2026-03-10 09:00:00,540.29,1,117.97,0.94,59.94
2026-03-10 09:10:00,387.16,1,119.51,0.895,59.98
2026-03-10 09:20:00,206.188,1,119.712,0.854,59.938
2026-03-10 09:30:00,345.48,1,118.95,0.857,59.95
2026-03-10 09:40:00,336.64,1,118.91,0.851,59.99
2026-03-10 09:50:00,198.225,1,116.4,0.851,59.938
2026-03-10 10:00:00,285.97,1,118.16,0.856,59.97
2026-03-10 10:10:00,230.333,1,117.822,0.842,59.967
2026-03-10 10:20:00,274.82,1,118.74,0.856,59.96
2026-03-10 10:30:00,226.16,1,118.41,0.852,59.93
2026-03-10 10:40:00,261.74,1,118.88,0.854,59.96
2026-03-10 10:50:00,239.78,1,118.63,0.853,59.97
2026-03-10 11:00:00,258.31,1,119.1,0.853,59.97
2026-03-10 11:10:00,243.5,1,119.0,0.856,59.96
2026-03-10 11:20:00,259.6,1,118.98,0.859,59.94
2026-03-10 11:30:00,226.98,1,118.71,0.856,59.96
2026-03-10 11:40:00,256.59,1,119.03,0.855,59.98
2026-03-10 11:50:00,226.66,1,119.51,0.851,60.0
2026-03-10 12:00:00,335.144,1,119.056,0.867,59.967
2026-03-10 12:10:00,233.75,1,119.31,0.848,59.97
2026-03-10 12:20:00,267.689,1,118.878,0.848,59.956
2026-03-10 12:30:00,285.29,1,120.77,0.854,59.98
2026-03-10 12:40:00,286.122,1,120.056,0.851,59.944
2026-03-10 12:50:00,209.57,1,120.16,0.851,59.95
2026-03-10 13:00:00,364.86,1,118.14,0.872,59.97
2026-03-10 13:10:00,966.322,1,116.422,0.959,59.933
2026-03-10 13:20:00,1116.91,1,116.88,0.951,59.96
2026-03-10 13:30:00,421.089,1,118.4,0.897,59.944
2026-03-10 13:40:00,477.622,1,119.1,0.899,59.989
2026-03-10 13:50:00,268.34,1,120.3,0.893,59.95
2026-03-10 14:00:00,454.811,1,120.311,0.894,59.922
2026-03-10 14:10:00,353.51,1,119.53,0.893,59.98
2026-03-10 14:20:00,329.611,1,120.2,0.889,59.956
2026-03-10 14:30:00,290.644,1,119.744,0.886,59.956
2026-03-10 14:40:00,328.178,1,119.922,0.889,59.933
2026-03-10 14:50:00,258.41,1,119.84,0.896,59.95
2026-03-10 15:00:00,363.25,1,119.27,0.891,59.97
2026-03-10 15:10:00,767.662,1,118.262,0.986,59.975
2026-03-10 15:20:00,439.82,1,119.26,0.908,59.97
2026-03-10 15:30:00,368.611,1,119.133,0.874,59.978
2026-03-10 15:40:00,342.46,1,119.52,0.85,59.95
2026-03-10 15:50:00,260.4,1,119.475,0.839,59.962
2026-03-10 16:00:00,320.35,1,119.94,0.872,59.99
2026-03-10 16:10:00,321.73,1,120.21,0.877,59.94
2026-03-10 16:20:00,349.967,1,120.522,0.887,59.944
2026-03-10 16:30:00,354.88,1,120.05,0.883,59.92
2026-03-10 16:40:00,502.689,1,118.989,0.881,59.967
2026-03-10 16:50:00,407.3,1,119.09,0.892,59.93
2026-03-10 17:00:00,311.8,1,118.12,0.878,59.96
2026-03-10 17:10:00,403.56,1,118.52,0.895,59.96
2026-03-10 17:20:00,346.25,1,117.44,0.882,59.95
2026-03-10 17:30:00,257.8,1,119.06,0.877,59.96
2026-03-10 17:40:00,348.22,1,118.26,0.88,59.95
2026-03-10 17:50:00,314.44,1,118.23,0.887,59.97
2026-03-10 18:00:00,422.967,1,118.478,0.889,59.944
2026-03-10 18:10:00,379.29,1,117.96,0.881,59.92
2026-03-10 18:20:00,433.31,1,116.11,0.913,59.97
2026-03-10 18:30:00,344.4,1,116.62,0.905,59.95
2026-03-10 18:40:00,443.28,1,114.48,0.913,59.94
2026-03-10 18:50:00,386.39,1,115.1,0.883,59.96
2026-03-10 19:00:00,310.856,1,114.767,0.883,59.967
2026-03-10 19:10:00,544.233,1,114.778,0.92,59.967
2026-03-10 19:20:00,435.18,1,114.71,0.922,59.96
2026-03-10 19:30:00,385.4,1,114.93,0.894,59.95
2026-03-10 19:40:00,515.778,1,114.422,0.919,59.956
2026-03-10 19:50:00,364.311,1,115.678,0.889,59.922
2026-03-10 20:00:00,273.52,1,115.91,0.885,59.97
2026-03-10 20:10:00,413.73,1,115.37,0.891,59.96
2026-03-10 20:20:00,285.56,1,114.46,0.887,59.98
2026-03-10 20:30:00,352.16,1,116.42,0.887,59.98
2026-03-10 20:40:00,306.03,1,116.25,0.883,59.97
2026-03-10 20:50:00,317.13,1,117.06,0.886,59.95
2026-03-10 21:00:00,331.85,1,115.13,0.893,59.95
2026-03-10 21:10:00,705.17,1,116.26,0.982,59.94
2026-03-10 21:20:00,254.92,1,119.38,0.897,59.95
2026-03-10 21:30:00,353.52,1,119.32,0.899,59.96
2026-03-10 21:40:00,430.933,1,118.733,0.901,59.944
2026-03-10 21:50:00,373.44,1,118.34,0.904,59.96
2026-03-10 22:00:00,318.97,1,118.15,0.91,59.96
2026-03-10 22:10:00,446.356,1,117.911,0.918,59.944
2026-03-10 22:20:00,591.29,1,116.06,0.939,59.94
2026-03-10 22:30:00,486.44,1,120.28,0.918,59.95
2026-03-10 22:40:00,337.54,1,120.8,0.907,59.97
2026-03-10 22:50:00,278.98,1,121.58,0.86,59.95
2026-03-10 23:00:00,267.64,1,119.94,0.855,59.95
2026-03-10 23:10:00,233.29,1,119.69,0.848,59.98
2026-03-10 23:20:00,273.278,1,120.089,0.85,59.956
2026-03-10 23:30:00,220.49,1,118.86,0.85,59.96
2026-03-10 23:40:00,312.7,1,118.59,0.853,59.97
2026-03-10 23:50:00,190.59,1,119.69,0.847,59.95
2026-03-11 00:00:00,295.58,1,119.42,0.852,59.97
2026-03-11 00:10:00,209.433,1,119.933,0.852,59.989
2026-03-11 00:20:00,296.57,1,119.58,0.853,59.98
2026-03-11 00:30:00,211.35,1,118.7,0.846,59.95
2026-03-11 00:40:00,259.6,1,119.4,0.852,59.933
2026-03-11 00:50:00,319.13,1,120.3,0.877,59.96
2026-03-11 01:00:00,252.744,1,119.978,0.86,59.944
2026-03-11 01:10:00,345.444,1,120.944,0.852,59.978
2026-03-11 01:20:00,225.822,1,120.644,0.848,59.989
2026-03-11 01:30:00,300.8,1,119.54,0.854,59.96
2026-03-11 01:40:00,192.54,1,120.29,0.849,59.98
2026-03-11 01:50:00,304.6,1,120.075,0.852,59.938
2026-03-11 02:00:00,258.6,1,120.34,0.859,59.96
2026-03-11 02:10:00,294.77,1,119.81,0.854,59.98
2026-03-11 02:20:00,273.44,1,119.88,0.862,59.96
2026-03-11 02:30:00,270.37,1,120.34,0.849,59.93
2026-03-11 02:40:00,254.29,1,120.43,0.85,59.94
2026-03-11 02:50:00,235.02,1,120.43,0.848,59.96
2026-03-11 03:00:00,283.25,1,119.75,0.856,59.94
2026-03-11 03:10:00,654.29,1,118.68,0.981,59.94
2026-03-11 03:20:00,193.08,1,119.67,0.845,59.94
2026-03-11 03:30:00,281.17,1,119.83,0.854,59.97
2026-03-11 03:40:00,351.288,1,119.85,0.86,59.962
2026-03-11 03:50:00,305.162,1,119.325,0.856,59.938
2026-03-11 04:00:00,257.82,1,120.64,0.853,59.95
2026-03-11 04:10:00,296.089,1,120.156,0.858,59.956
2026-03-11 04:20:00,255.22,1,118.71,0.854,59.97
2026-03-11 04:30:00,273.32,1,119.31,0.855,59.93
2026-03-11 04:40:00,270.12,1,118.79,0.853,59.97
2026-03-11 04:50:00,235.36,1,119.41,0.849,59.93
2026-03-11 05:00:00,272.35,1,119.462,0.852,59.95
2026-03-11 05:10:00,223.38,1,118.39,0.845,59.95
2026-03-11 05:20:00,296.92,1,117.78,0.858,59.95
2026-03-11 05:30:00,195.88,1,118.25,0.849,59.96
2026-03-11 05:40:00,440.97,1,118.65,0.886,59.95
2026-03-11 05:50:00,252.788,1,119.812,0.885,59.988
2026-03-11 06:00:00,442.16,1,119.11,0.894,59.95
2026-03-11 06:10:00,279.85,1,118.76,0.876,59.95
2026-03-11 06:20:00,300.47,1,118.06,0.866,59.97
2026-03-11 06:30:00,227.189,1,120.367,0.852,59.956
2026-03-11 06:40:00,270.25,1,120.22,0.858,59.96
2026-03-11 06:50:00,264.678,1,120.7,0.864,59.967
2026-03-11 07:00:00,340.17,1,119.68,0.883,59.96
2026-03-11 07:10:00,270.65,1,118.34,0.862,59.99
2026-03-11 07:20:00,323.36,1,118.01,0.879,59.96
2026-03-11 07:30:00,298.11,1,117.73,0.862,59.96
2026-03-11 07:40:00,312.044,1,116.5,0.886,59.944
2026-03-11 07:50:00,301.69,1,117.75,0.87,59.94
2026-03-11 08:00:00,180.33,1,116.81,0.842,59.94
2026-03-11 08:10:00,289.01,1,116.31,0.856,59.98
2026-03-11 08:20:00,196.65,1,117.48,0.846,59.97
2026-03-11 08:30:00,279.456,1,118.089,0.849,59.956
2026-03-11 08:40:00,234.467,1,117.8,0.848,59.956
2026-03-11 08:50:00,238.71,1,118.69,0.849,59.97
2026-03-11 09:00:00,239.26,1,116.08,0.848,59.96
2026-03-11 09:10:00,618.79,1,114.82,0.98,59.96
2026-03-11 09:20:00,183.82,1,115.43,0.851,59.98
2026-03-11 09:30:00,259.533,1,117.478,0.851,59.933
2026-03-11 09:40:00,337.48,1,116.07,0.863,59.97
2026-03-11 09:50:00,271.47,1,116.41,0.856,59.97
2026-03-11 10:00:00,243.01,1,116.81,0.853,59.97
2026-03-11 10:10:00,258.13,1,116.6,0.851,59.94
2026-03-11 10:20:00,245.15,1,117.57,0.85,59.94
2026-03-11 10:30:00,296.97,1,118.48,0.842,59.98
2026-03-11 10:40:00,261.66,1,118.29,0.851,59.93
2026-03-11 10:50:00,227.38,1,120.1,0.851,59.96
2026-03-11 11:00:00,279.34,1,120.11,0.851,59.97
2026-03-11 11:10:00,212.22,1,119.42,0.85,59.95
2026-03-11 11:20:00,282.6,1,118.733,0.85,59.956
2026-03-11 11:30:00,203.237,1,119.125,0.846,59.95
2026-03-11 11:40:00,290.19,1,120.03,0.849,59.94
2026-03-11 11:50:00,183.838,1,120.812,0.854,59.95
2026-03-11 12:00:00,308.122,1,120.878,0.851,59.989
2026-03-11 12:10:00,213.52,1,121.79,0.849,59.99
2026-03-11 12:20:00,535.088,1,120.012,0.892,59.95
2026-03-11 12:30:00,400.99,1,118.89,0.893,59.95
2026-03-11 12:40:00,388.167,1,119.278,0.91,59.956
2026-03-11 12:50:00,451.367,1,119.678,0.894,59.967
2026-03-11 13:00:00,434.09,1,119.43,0.929,59.93
2026-03-11 13:10:00,335.35,1,119.24,0.895,59.94
2026-03-11 13:20:00,338.77,1,119.83,0.896,59.98
2026-03-11 13:30:00,377.19,1,122.11,0.892,59.94
2026-03-11 13:40:00,329.29,1,120.71,0.89,59.95
2026-03-11 13:50:00,291.32,1,121.25,0.892,59.94
2026-03-11 14:00:00,354.39,1,121.46,0.889,59.96
2026-03-11 14:10:00,319.822,1,121.556,0.904,59.944
2026-03-11 14:20:00,350.34,1,120.3,0.891,59.98
2026-03-11 14:30:00,342.17,1,120.15,0.908,59.98
2026-03-11 14:40:00,599.25,1,119.57,0.899,59.93
2026-03-11 14:50:00,247.27,1,120.19,0.85,59.95
2026-03-11 15:00:00,353.067,1,120.344,0.858,59.989
2026-03-11 15:10:00,663.92,1,119.44,0.981,59.97
2026-03-11 15:20:00,193.59,1,121.3,0.844,59.97
2026-03-11 15:30:00,306.4,1,121.425,0.852,59.962
2026-03-11 15:40:00,359.84,1,121.06,0.852,59.93
2026-03-11 15:50:00,315.033,1,123.033,0.85,59.944
2026-03-11 16:00:00,243.0,1,123.9,0.851,59.97
2026-03-11 16:10:00,337.03,1,122.47,0.854,59.93
2026-03-11 16:20:00,289.42,1,121.15,0.865,59.95
2026-03-11 16:30:00,280.644,1,121.889,0.85,59.944
2026-03-11 16:40:00,258.42,1,122.52,0.836,59.96
2026-03-11 16:50:00,256.29,1,121.05,0.84,59.96
2026-03-11 17:00:00,282.81,1,119.44,0.854,59.93
2026-03-11 17:10:00,225.222,1,119.911,0.85,59.956
2026-03-11 17:20:00,324.438,1,118.938,0.854,59.95
2026-03-11 17:30:00,195.96,1,119.73,0.832,59.95
2026-03-11 17:40:00,318.54,1,119.77,0.846,59.96
2026-03-11 17:50:00,211.5,1,120.2,0.84,59.989
2026-03-11 18:00:00,312.93,1,120.26,0.848,59.97
2026-03-11 18:10:00,210.0,1,119.83,0.836,59.94
2026-03-11 18:20:00,284.22,1,116.31,0.847,59.99
2026-03-11 18:30:00,293.39,1,116.58,0.843,59.95
2026-03-11 18:40:00,824.32,1,115.17,0.914,59.92
2026-03-11 18:50:00,903.022,1,113.978,0.939,59.944
2026-03-11 19:00:00,1041.9,1,115.07,0.949,59.95
2026-03-11 19:10:00,495.84,1,117.45,0.89,59.96
2026-03-11 19:20:00,336.778,1,117.533,0.881,59.967
2026-03-11 19:30:00,369.86,1,117.36,0.876,59.97
2026-03-11 19:40:00,295.47,1,117.96,0.871,59.96
2026-03-11 19:50:00,410.71,1,116.15,0.887,59.98
2026-03-11 20:00:00,310.32,1,116.35,0.885,59.95
2026-03-11 20:10:00,328.91,1,117.42,0.886,59.95
2026-03-11 20:20:00,574.933,1,116.922,0.921,60.0
2026-03-11 20:30:00,668.45,1,115.97,0.911,60.0
2026-03-11 20:40:00,617.0,1,116.767,0.92,59.956
2026-03-11 20:50:00,234.91,1,112.97,0.847,59.96
2026-03-11 21:00:00,304.622,1,115.022,0.849,59.967
2026-03-11 21:10:00,673.62,1,118.71,0.979,59.95
2026-03-11 21:20:00,204.489,1,119.856,0.838,59.956
2026-03-11 21:30:00,324.88,1,119.52,0.851,59.96
2026-03-11 21:40:00,361.19,1,120.14,0.846,59.98
2026-03-11 21:50:00,301.322,1,119.378,0.847,59.956
2026-03-11 22:00:00,231.657,1,116.4,0.849,59.957
2026-03-11 22:10:00,291.022,1,117.344,0.854,59.944
2026-03-11 22:20:00,235.05,1,117.79,0.851,59.97
2026-03-11 22:30:00,265.8,1,118.55,0.851,59.95
2026-03-11 22:40:00,427.938,1,120.65,0.888,59.962
2026-03-11 22:50:00,353.05,1,120.45,0.863,59.97
2026-03-11 23:00:00,276.5,1,119.91,0.847,59.96
2026-03-11 23:10:00,238.99,1,119.74,0.848,59.98
2026-03-11 23:20:00,286.03,1,120.92,0.843,59.92
2026-03-11 23:30:00,224.55,1,120.8,0.836,59.96
2026-03-11 23:40:00,278.186,1,120.2,0.844,59.929
2026-03-11 23:50:00,192.278,1,120.911,0.843,59.944
2026-03-12 00:00:00,319.37,1,121.13,0.845,59.95
2026-03-12 00:10:00,193.14,1,121.78,0.845,59.96
2026-03-12 00:20:00,298.9,1,121.05,0.844,59.97
2026-03-12 00:30:00,226.3,1,121.46,0.842,59.96
2026-03-12 00:40:00,273.18,1,121.53,0.846,59.96
2026-03-12 00:50:00,242.19,1,121.52,0.84,59.94
2026-03-12 01:00:00,262.944,1,121.333,0.846,59.989
2026-03-12 01:10:00,291.05,1,121.362,0.842,59.95
2026-03-12 01:20:00,223.46,1,121.55,0.842,59.98
2026-03-12 01:30:00,335.67,1,121.7,0.848,59.92
2026-03-12 01:40:00,209.2,1,122.63,0.839,59.98
2026-03-12 01:50:00,315.1,1,122.022,0.846,59.967
2026-03-12 02:00:00,193.422,1,122.011,0.841,59.933
2026-03-12 02:10:00,288.362,1,121.362,0.845,59.975
2026-03-12 02:20:00,205.03,1,121.53,0.843,59.94
2026-03-12 02:30:00,285.05,1,121.95,0.843,59.94
2026-03-12 02:40:00,239.37,1,122.57,0.841,59.95
2026-03-12 02:50:00,255.97,1,121.68,0.838,59.97
2026-03-12 03:00:00,258.044,1,122.444,0.838,59.956
2026-03-12 03:10:00,594.18,1,121.35,0.953,59.96
2026-03-12 03:20:00,242.93,1,121.3,0.852,59.96
2026-03-12 03:30:00,282.64,1,122.2,0.847,59.97
2026-03-12 03:40:00,348.84,1,120.45,0.851,59.95
2026-03-12 03:50:00,266.5,1,119.75,0.845,59.96
2026-03-12 04:00:00,304.84,1,120.52,0.858,59.95
2026-03-12 04:10:00,270.69,1,120.05,0.847,59.97
2026-03-12 04:20:00,251.72,1,119.79,0.852,59.95
2026-03-12 04:30:00,251.87,1,119.18,0.842,59.96
2026-03-12 04:40:00,269.82,1,118.47,0.846,59.96
2026-03-12 04:50:00,334.82,1,118.17,0.867,59.95
2026-03-12 05:00:00,272.48,1,118.64,0.858,59.94
2026-03-12 05:10:00,231.29,1,118.25,0.85,59.95
2026-03-12 05:20:00,302.8,1,117.4,0.86,59.989
2026-03-12 05:30:00,253.61,1,117.14,0.845,59.95
2026-03-12 05:40:00,311.72,1,117.68,0.855,59.93
2026-03-12 05:50:00,188.57,1,119.63,0.842,59.94
2026-03-12 06:00:00,606.211,1,118.422,0.904,59.944
2026-03-12 06:10:00,206.1,1,118.83,0.857,59.94
2026-03-12 06:20:00,296.65,1,119.65,0.855,59.94
2026-03-12 06:30:00,198.43,1,120.5,0.84,59.95
2026-03-12 06:40:00,277.77,1,120.92,0.829,59.96
2026-03-12 06:50:00,216.08,1,120.16,0.841,59.98
2026-03-12 07:00:00,235.57,1,118.01,0.843,59.93
2026-03-12 07:10:00,240.51,1,118.15,0.843,59.96
2026-03-12 07:20:00,223.73,1,118.29,0.841,59.96
2026-03-12 07:30:00,415.156,1,116.044,0.891,59.956
2026-03-12 07:40:00,266.26,1,118.59,0.848,59.98
2026-03-12 07:50:00,435.34,1,116.97,0.876,59.94
2026-03-12 08:00:00,194.96,1,119.47,0.847,59.93
2026-03-12 08:10:00,421.29,1,120.17,0.87,59.97
2026-03-12 08:20:00,754.14,1,118.91,0.923,59.96
2026-03-12 08:30:00,1666.6,1,116.2,0.992,59.944
2026-03-12 08:40:00,215.03,1,120.11,0.847,59.97
2026-03-12 08:50:00,373.13,1,118.55,0.871,59.96
2026-03-12 09:00:00,351.075,1,119.9,0.871,59.962
2026-03-12 09:10:00,675.84,1,118.91,0.971,59.98
2026-03-12 09:20:00,216.26,1,119.69,0.846,59.94
2026-03-12 09:30:00,318.078,1,121.522,0.854,59.956
2026-03-12 09:40:00,354.362,1,121.312,0.856,59.938
2026-03-12 09:50:00,284.2,1,119.98,0.857,59.99
2026-03-12 10:00:00,505.84,1,119.76,0.906,59.98
2026-03-12 10:10:00,661.55,1,118.46,0.901,59.95
2026-03-12 10:20:00,622.11,1,117.84,0.899,59.95
2026-03-12 10:30:00,426.289,1,117.622,0.89,60.0
2026-03-12 10:40:00,406.57,1,118.08,0.874,59.96
2026-03-12 10:50:00,256.32,1,118.75,0.838,59.95
2026-03-12 11:00:00,506.75,1,117.98,0.895,59.96
2026-03-12 11:10:00,466.31,1,117.65,0.877,59.96
2026-03-12 11:20:00,501.05,1,117.39,0.887,59.98
2026-03-12 11:30:00,964.38,1,115.91,0.924,59.98
2026-03-12 11:40:00,467.875,1,117.6,0.865,59.962
2026-03-12 11:50:00,440.92,1,119.64,0.865,59.96
2026-03-12 12:00:00,185.56,1,121.44,0.839,59.95
2026-03-12 12:10:00,424.24,1,120.08,0.863,59.97
2026-03-12 12:20:00,316.3,1,119.96,0.862,59.97
2026-03-12 12:30:00,295.19,1,119.45,0.856,59.96
2026-03-12 12:40:00,499.36,1,115.61,0.904,59.95
2026-03-12 12:50:00,286.1,1,120.26,0.878,59.94
2026-03-12 13:00:00,334.91,1,117.86,0.896,59.98
2026-03-12 13:10:00,527.92,1,118.81,0.916,59.96
2026-03-12 13:20:00,490.222,1,120.1,0.909,59.967
2026-03-12 13:30:00,306.32,1,120.24,0.894,59.94
2026-03-12 13:40:00,351.1,1,120.29,0.887,59.95
2026-03-12 13:50:00,276.04,1,119.36,0.89,59.99
2026-03-12 14:00:00,619.52,1,116.41,0.919,59.96
2026-03-12 14:10:00,411.28,1,118.58,0.913,59.95
2026-03-12 14:20:00,382.71,1,120.59,0.887,59.94
2026-03-12 14:30:00,244.56,1,120.88,0.892,59.95
2026-03-12 14:40:00,393.4,1,117.2,0.896,59.95
2026-03-12 14:50:00,254.23,1,119.28,0.868,59.99
2026-03-12 15:00:00,404.99,1,119.2,0.863,59.95
2026-03-12 15:10:00,665.47,1,117.94,0.971,59.98
2026-03-12 15:20:00,278.92,1,121.65,0.868,59.97
2026-03-12 15:30:00,301.82,1,120.55,0.852,59.95
2026-03-12 15:40:00,499.88,1,120.55,0.871,59.97
2026-03-12 15:50:00,344.529,1,122.0,0.847,59.971
2026-03-12 16:00:00,333.03,1,122.37,0.858,59.93
2026-03-12 16:10:00,278.8,1,122.47,0.838,59.94
2026-03-12 16:20:00,278.71,1,121.99,0.844,59.96
2026-03-12 16:30:00,239.422,1,121.567,0.843,59.933
2026-03-12 16:40:00,311.79,1,121.51,0.845,59.96
2026-03-12 16:50:00,251.6,1,121.8,0.837,59.95
2026-03-12 17:00:00,317.32,1,120.27,0.841,59.96
2026-03-12 17:10:00,184.82,1,121.33,0.838,59.95
2026-03-12 17:20:00,338.489,1,120.044,0.843,59.933
2026-03-12 17:30:00,193.57,1,120.78,0.847,59.98
2026-03-12 17:40:00,316.322,1,120.756,0.852,59.989
2026-03-12 17:50:00,201.91,1,121.17,0.841,59.97
2026-03-12 18:00:00,780.01,1,118.91,0.924,59.96
2026-03-12 18:10:00,403.6,1,119.25,0.902,59.95
2026-03-12 18:20:00,815.175,1,117.575,0.931,59.925
2026-03-12 18:30:00,421.56,1,119.68,0.899,59.96
2026-03-12 18:40:00,823.01,1,118.51,0.946,59.97
2026-03-12 18:50:00,1219.79,1,117.47,0.964,59.95
2026-03-12 19:00:00,1580.44,1,115.27,0.972,59.95
2026-03-12 19:10:00,457.02,1,118.58,0.921,59.95
2026-03-12 19:20:00,563.544,1,118.722,0.93,59.989
2026-03-12 19:30:00,422.988,1,119.412,0.896,59.962
2026-03-12 19:40:00,274.28,1,120.29,0.879,59.98
2026-03-12 19:50:00,1482.96,1,115.09,0.969,59.97
2026-03-12 20:00:00,1468.83,1,116.37,0.987,59.97
2026-03-12 20:10:00,849.878,1,115.911,0.937,59.989
2026-03-12 20:20:00,551.089,1,116.378,0.919,59.967
2026-03-12 20:30:00,367.24,1,117.57,0.889,59.98
2026-03-12 20:40:00,346.66,1,118.05,0.89,59.97
2026-03-12 20:50:00,480.16,1,119.23,0.9,59.92
2026-03-12 21:00:00,499.4,1,118.57,0.918,59.99
2026-03-12 21:10:00,858.912,1,118.012,0.974,59.912
2026-03-12 21:20:00,280.5,1,119.94,0.896,59.95
2026-03-12 21:30:00,386.5,1,119.27,0.902,59.98
2026-03-12 21:40:00,430.725,1,120.338,0.898,59.925
2026-03-12 21:50:00,479.02,1,119.92,0.902,59.96
2026-03-12 22:00:00,377.57,1,120.31,0.899,59.92
2026-03-12 22:10:00,317.95,1,120.55,0.898,59.95
2026-03-12 22:20:00,526.42,1,119.82,0.906,59.96
2026-03-12 22:30:00,438.51,1,120.53,0.899,59.96
2026-03-12 22:40:00,418.57,1,116.97,0.889,59.96
2026-03-12 22:50:00,477.5,1,117.51,0.916,59.96
2026-03-12 23:00:00,365.84,1,118.28,0.898,59.94
2026-03-12 23:10:00,665.07,1,121.37,0.938,59.97
2026-03-12 23:20:00,428.83,1,120.96,0.871,59.94
2026-03-12 23:30:00,218.325,1,120.762,0.856,59.975
2026-03-12 23:40:00,317.67,1,120.42,0.85,59.96
2026-03-12 23:50:00,216.422,1,121.278,0.848,59.956
2026-03-13 00:00:00,311.022,1,120.867,0.85,59.989
2026-03-13 00:10:00,194.1,1,122.171,0.849,59.986
2026-03-13 00:20:00,422.744,1,119.556,0.864,59.967
2026-03-13 00:30:00,199.61,1,119.7,0.841,59.98
2026-03-13 00:40:00,339.022,1,119.544,0.861,59.956
2026-03-13 00:50:00,196.244,1,120.067,0.847,59.956
2026-03-13 01:00:00,327.75,1,119.33,0.851,59.96
2026-03-13 01:10:00,193.11,1,120.42,0.848,59.96
2026-03-13 01:20:00,342.625,1,120.512,0.85,59.95
2026-03-13 01:30:00,200.5,1,120.262,0.84,59.962
2026-03-13 01:40:00,331.43,1,119.71,0.851,59.97
2026-03-13 01:50:00,198.4,1,120.58,0.847,59.93
2026-03-13 02:00:00,312.656,1,119.5,0.85,59.978
2026-03-13 02:10:00,243.72,1,120.15,0.854,59.95
2026-03-13 02:20:00,307.933,1,120.033,0.853,59.967
2026-03-13 02:30:00,197.41,1,119.61,0.848,59.95
2026-03-13 02:40:00,314.67,1,120.15,0.85,59.94
2026-03-13 02:50:00,193.078,1,121.422,0.85,60.0
2026-03-13 03:00:00,328.85,1,119.862,0.85,59.95
2026-03-13 03:10:00,729.46,1,118.78,0.983,59.95
2026-03-13 03:20:00,191.825,1,119.838,0.846,59.938
2026-03-13 03:30:00,258.54,1,119.4,0.851,59.97
2026-03-13 03:40:00,462.344,1,119.456,0.872,59.922
2026-03-13 03:50:00,312.07,1,120.31,0.851,59.98
2026-03-13 04:00:00,208.467,1,119.989,0.859,59.933
2026-03-13 04:10:00,351.46,1,119.72,0.86,59.98
2026-03-13 04:20:00,198.41,1,120.48,0.842,59.97
2026-03-13 04:30:00,333.778,1,118.867,0.859,59.944
2026-03-13 04:40:00,208.64,1,119.53,0.846,59.96
2026-03-13 04:50:00,298.77,1,119.36,0.85,59.97
2026-03-13 05:00:00,205.59,1,119.37,0.841,59.92
2026-03-13 05:10:00,341.45,1,118.64,0.851,59.97
2026-03-13 05:20:00,280.489,1,118.722,0.862,59.978
2026-03-13 05:30:00,411.93,1,117.76,0.865,59.94
2026-03-13 05:40:00,889.57,1,117.15,0.915,59.95
2026-03-13 05:50:00,357.34,1,118.12,0.868,59.96
2026-03-13 06:00:00,435.044,1,115.567,0.893,59.978
2026-03-13 06:10:00,311.6,1,115.244,0.873,59.967
2026-03-13 06:20:00,452.744,1,117.044,0.911,59.967
2026-03-13 06:30:00,278.767,1,119.767,0.896,59.967
2026-03-13 06:40:00,450.46,1,118.83,0.909,59.96
2026-03-13 06:50:00,490.6,1,117.7,0.921,59.95
2026-03-13 07:00:00,1400.82,1,114.5,0.976,59.95
2026-03-13 07:10:00,701.11,1,116.07,0.939,59.97
2026-03-13 07:20:00,380.07,1,118.35,0.883,59.97
2026-03-13 07:30:00,227.9,1,115.77,0.846,59.94
2026-03-13 07:40:00,259.31,1,118.59,0.846,59.95
2026-03-13 07:50:00,228.38,1,119.92,0.848,59.96
2026-03-13 08:00:00,240.538,1,115.288,0.851,59.95
2026-03-13 08:10:00,228.489,1,116.256,0.842,59.956
2026-03-13 08:20:00,222.788,1,117.712,0.84,59.925
2026-03-13 08:30:00,248.433,1,117.178,0.849,59.978
2026-03-13 08:40:00,243.85,1,117.19,0.851,59.97
2026-03-13 08:50:00,241.87,1,116.69,0.843,59.99
2026-03-13 09:00:00,245.157,1,116.857,0.837,59.957
2026-03-13 09:10:00,692.7,1,116.575,0.981,59.95
2026-03-13 09:20:00,200.51,1,118.4,0.846,59.94
2026-03-13 09:30:00,258.622,1,118.222,0.847,59.967
2026-03-13 09:40:00,341.55,1,116.975,0.86,59.95
2026-03-13 09:50:00,322.456,1,119.233,0.843,59.956
2026-03-13 10:00:00,187.15,1,120.63,0.841,59.96
2026-03-13 10:10:00,344.389,1,120.333,0.851,59.956
2026-03-13 10:20:00,204.378,1,119.744,0.837,59.933
2026-03-13 10:30:00,323.789,1,118.7,0.853,60.0
2026-03-13 10:40:00,203.91,1,119.34,0.84,59.96
2026-03-13 10:50:00,290.63,1,118.49,0.848,59.95
2026-03-13 11:00:00,219.956,1,118.389,0.842,59.967
2026-03-13 11:10:00,277.87,1,118.78,0.85,59.95
2026-03-13 11:20:00,234.61,1,119.08,0.844,60.0
2026-03-13 11:30:00,256.978,1,119.578,0.841,59.933
2026-03-13 11:40:00,243.333,1,120.333,0.839,59.933
2026-03-13 11:50:00,254.222,1,119.933,0.844,60.0
2026-03-13 12:00:00,227.29,1,118.64,0.832,59.94
2026-03-13 12:10:00,263.22,1,118.61,0.821,59.93
2026-03-13 12:20:00,348.92,1,119.91,0.861,59.98
2026-03-13 12:30:00,308.34,1,120.13,0.846,59.98
2026-03-13 12:40:00,248.39,1,121.72,0.845,59.96
2026-03-13 12:50:00,246.38,1,120.26,0.852,59.96
2026-03-13 13:00:00,254.122,1,120.678,0.851,59.967
2026-03-13 13:10:00,968.978,1,116.967,0.936,59.922
2026-03-13 13:20:00,1305.55,1,117.575,0.976,59.988
2026-03-13 13:30:00,588.65,1,120.59,0.921,59.95
2026-03-13 13:40:00,362.0,1,120.8,0.901,59.95
2026-03-13 13:50:00,440.48,1,119.76,0.897,59.98
2026-03-13 14:00:00,349.667,1,117.422,0.902,59.944
2026-03-13 14:10:00,356.49,1,117.88,0.901,59.96
2026-03-13 14:20:00,307.97,1,120.93,0.896,59.94
2026-03-13 14:30:00,329.463,1,120.962,0.891,59.95
2026-03-13 14:40:00,320.8,1,120.6,0.888,59.956
2026-03-13 14:50:00,412.2,1,119.156,0.904,59.989
2026-03-13 15:00:00,609.511,1,119.278,0.94,59.967
2026-03-13 15:10:00,731.9,1,118.356,0.978,59.967
2026-03-13 15:20:00,205.83,1,119.99,0.861,59.91
2026-03-13 15:30:00,250.07,1,119.24,0.856,59.97
2026-03-13 15:40:00,350.767,1,117.322,0.871,59.978
2026-03-13 15:50:00,342.062,1,119.762,0.86,59.95
2026-03-13 16:00:00,223.68,1,119.8,0.843,59.98
2026-03-13 16:10:00,285.425,1,118.675,0.861,59.975
2026-03-13 16:20:00,247.66,1,118.66,0.846,59.97
2026-03-13 16:30:00,312.73,1,118.42,0.868,59.96
2026-03-13 16:40:00,318.9,1,118.98,0.863,59.98
2026-03-13 16:50:00,353.378,1,120.022,0.872,59.944
2026-03-13 17:00:00,279.09,1,120.01,0.847,59.96
2026-03-13 17:10:00,445.83,1,117.96,0.888,59.96
2026-03-13 17:20:00,659.33,1,117.66,0.909,59.97
2026-03-13 17:30:00,845.067,1,116.911,0.958,59.944
2026-03-13 17:40:00,727.05,1,117.3,0.891,59.97
2026-03-13 17:50:00,342.078,1,118.156,0.862,59.933
2026-03-13 18:00:00,233.533,1,119.017,0.835,59.917
2026-03-13 18:10:00,346.1,1,119.043,0.86,59.929
2026-03-13 18:20:00,326.633,1,117.844,0.889,59.956
2026-03-13 18:30:00,299.412,1,118.525,0.898,59.988
2026-03-13 18:40:00,452.511,1,118.411,0.894,59.944
2026-03-13 18:50:00,349.725,1,118.588,0.892,59.95
2026-03-13 19:00:00,378.222,1,118.556,0.874,59.944
2026-03-13 19:10:00,201.79,1,116.96,0.834,59.97
2026-03-13 19:20:00,344.06,1,119.83,0.853,59.96
2026-03-13 19:30:00,204.84,1,120.34,0.826,59.94
2026-03-13 19:40:00,332.25,1,119.062,0.855,59.938
2026-03-13 19:50:00,265.175,1,120.188,0.856,59.95
2026-03-13 20:00:00,311.19,1,119.97,0.844,59.94
2026-03-13 20:10:00,207.23,1,119.61,0.846,59.96
2026-03-13 20:20:00,308.38,1,115.37,0.856,59.95
2026-03-13 20:30:00,210.3,1,119.69,0.847,59.99
2026-03-13 20:40:00,302.13,1,120.32,0.843,59.93
2026-03-13 20:50:00,244.14,1,121.33,0.86,59.96
2026-03-13 21:00:00,413.77,1,120.54,0.887,59.96
2026-03-13 21:10:00,680.312,1,118.7,0.969,59.975
2026-03-13 21:20:00,253.09,1,120.9,0.888,59.97
2026-03-13 21:30:00,303.756,1,119.5,0.89,59.933
2026-03-13 21:40:00,950.814,1,116.9,0.941,59.957
2026-03-13 21:50:00,1019.87,1,116.91,0.949,59.95
2026-03-13 22:00:00,530.24,1,118.86,0.927,59.96
2026-03-13 22:10:00,578.15,1,120.3,0.894,59.96
2026-03-13 22:20:00,274.5,1,120.57,0.853,59.97
2026-03-13 22:30:00,330.25,1,117.79,0.862,59.97
2026-03-13 22:40:00,471.967,1,119.389,0.9,59.944
2026-03-13 22:50:00,287.95,1,119.663,0.846,59.988
2026-03-13 23:00:00,256.63,1,119.88,0.84,59.95
2026-03-13 23:10:00,222.767,1,121.383,0.843,59.967
2026-03-13 23:20:00,271.85,1,121.125,0.844,59.962
2026-03-13 23:30:00,236.95,1,121.712,0.849,59.975
2026-03-13 23:40:00,277.644,1,120.9,0.84,59.956
2026-03-13 23:50:00,214.843,1,121.086,0.846,59.943
2026-03-14 00:00:00,278.456,1,121.389,0.846,59.944
2026-03-14 00:10:00,271.044,1,121.144,0.858,59.956
2026-03-14 00:20:00,283.32,1,121.12,0.844,59.95
2026-03-14 00:30:00,227.82,1,121.41,0.843,59.96
2026-03-14 00:40:00,285.67,1,121.27,0.841,59.97
2026-03-14 00:50:00,225.98,1,122.35,0.844,59.94
2026-03-14 01:00:00,333.82,1,121.68,0.849,59.97
2026-03-14 01:10:00,221.84,1,121.94,0.844,59.96
2026-03-14 01:20:00,443.93,1,120.46,0.885,59.94
2026-03-14 01:30:00,403.92,1,120.02,0.89,59.97
2026-03-14 01:40:00,395.033,1,119.489,0.866,59.978
2026-03-14 01:50:00,223.244,1,120.533,0.847,59.967
2026-03-14 02:00:00,288.456,1,120.256,0.852,59.944
2026-03-14 02:10:00,219.98,1,120.04,0.852,59.95
2026-03-14 02:20:00,287.733,1,120.033,0.849,59.944
2026-03-14 02:30:00,231.212,1,119.762,0.846,59.95
2026-03-14 02:40:00,274.111,1,119.622,0.85,59.933
2026-03-14 02:50:00,206.6,1,120.07,0.847,59.95
2026-03-14 03:00:00,263.288,1,120.038,0.846,59.95
2026-03-14 03:10:00,721.562,1,118.912,0.968,59.95
2026-03-14 03:20:00,238.59,1,120.36,0.858,59.99
2026-03-14 03:30:00,264.829,1,120.329,0.853,59.943
2026-03-14 03:40:00,353.05,1,119.81,0.855,59.99
2026-03-14 03:50:00,301.612,1,119.712,0.849,59.988
2026-03-14 04:00:00,207.03,1,119.72,0.848,59.97
2026-03-14 04:10:00,325.32,1,119.16,0.849,59.96
2026-03-14 04:20:00,190.55,1,119.5,0.842,59.96
2026-03-14 04:30:00,325.811,1,119.922,0.853,59.956
2026-03-14 04:40:00,194.611,1,120.733,0.847,59.967
2026-03-14 04:50:00,313.63,1,120.46,0.849,59.95
2026-03-14 05:00:00,209.756,1,118.856,0.839,59.933
2026-03-14 05:10:00,280.0,1,116.938,0.854,59.95
2026-03-14 05:20:00,270.288,1,119.512,0.862,59.95
2026-03-14 05:30:00,267.925,1,119.088,0.851,59.962
2026-03-14 05:40:00,193.85,1,118.875,0.842,59.95
2026-03-14 05:50:00,319.46,1,119.42,0.857,59.97
2026-03-14 06:00:00,264.18,1,119.71,0.873,59.96
2026-03-14 06:10:00,242.99,1,119.37,0.844,59.93
2026-03-14 06:20:00,233.822,1,121.111,0.836,59.967
2026-03-14 06:30:00,255.878,1,120.578,0.839,59.967
2026-03-14 06:40:00,243.97,1,120.77,0.839,59.95
2026-03-14 06:50:00,385.856,1,119.456,0.88,59.967
2026-03-14 07:00:00,326.53,1,119.69,0.876,59.98
2026-03-14 07:10:00,289.622,1,120.278,0.857,59.933
2026-03-14 07:20:00,223.162,1,119.788,0.832,59.975
2026-03-14 07:30:00,383.83,1,119.88,0.87,59.96
2026-03-14 07:40:00,264.87,1,119.31,0.848,59.96
2026-03-14 07:50:00,314.6,1,119.0,0.869,59.93
2026-03-14 08:00:00,255.76,1,119.8,0.843,59.97
2026-03-14 08:10:00,217.833,1,119.111,0.844,59.944
2026-03-14 08:20:00,258.81,1,119.99,0.843,59.97
2026-03-14 08:30:00,332.2,1,119.289,0.87,59.956
2026-03-14 08:40:00,384.111,1,119.9,0.867,59.978
2026-03-14 08:50:00,249.48,1,118.2,0.855,59.96
2026-03-14 09:00:00,711.4,1,117.922,0.903,59.978
2026-03-14 09:10:00,1207.5,1,117.111,0.99,59.944
2026-03-14 09:20:00,333.61,1,120.3,0.872,59.97
2026-03-14 09:30:00,353.656,1,116.222,0.843,59.967
2026-03-14 09:40:00,343.856,1,118.533,0.851,59.956
2026-03-14 09:50:00,309.84,1,119.34,0.844,59.97
2026-03-14 10:00:00,201.22,1,118.9,0.836,59.95
2026-03-14 10:10:00,317.15,1,117.33,0.849,59.97
2026-03-14 10:20:00,234.28,1,117.57,0.849,59.94
2026-03-14 10:30:00,324.84,1,118.87,0.849,59.96
2026-03-14 10:40:00,290.53,1,118.6,0.857,59.95
2026-03-14 10:50:00,293.33,1,119.15,0.839,59.94
2026-03-14 11:00:00,216.98,1,119.38,0.836,59.98
2026-03-14 11:10:00,376.033,1,118.85,0.858,59.967
2026-03-14 11:20:00,348.725,1,119.65,0.872,59.925
2026-03-14 11:30:00,724.2,1,116.475,0.925,59.962
2026-03-14 11:40:00,517.057,1,118.557,0.916,59.971
2026-03-14 11:50:00,419.111,1,116.922,0.872,59.944
2026-03-14 12:00:00,292.4,1,118.211,0.85,59.967
2026-03-14 12:10:00,822.4,1,118.59,0.921,59.95
2026-03-14 12:20:00,1109.544,1,116.844,0.953,59.956
2026-03-14 12:30:00,472.157,1,119.557,0.883,59.957
2026-03-14 12:40:00,276.9,1,119.129,0.847,59.971
2026-03-14 12:50:00,321.767,1,118.844,0.876,59.989
2026-03-14 13:00:00,847.762,1,117.25,0.948,59.975
2026-03-14 13:10:00,781.81,1,118.62,0.965,59.97
2026-02-15 13:10:00,61.62,2,115.07,0.616,59.93
2026-02-15 13:20:00,65.475,2,115.762,0.62,59.962
2026-02-15 13:30:00,65.88,2,116.18,0.623,59.96
2026-02-15 13:40:00,66.3,2,116.32,0.634,59.96
2026-02-15 13:50:00,73.29,2,114.44,0.673,59.96
2026-02-15 14:00:00,78.25,2,114.07,0.673,59.95
2026-02-15 14:10:00,76.11,2,114.31,0.665,59.94
2026-02-15 14:20:00,80.08,2,115.5,0.684,59.94
2026-02-15 14:30:00,90.34,2,114.46,0.71,59.96
2026-02-15 14:40:00,108.13,2,116.08,0.769,59.94
2026-02-15 14:50:00,107.66,2,115.54,0.75,59.95
2026-02-15 15:00:00,107.89,2,115.76,0.749,59.95
2026-02-15 15:10:00,107.85,2,115.73,0.758,59.98
2026-02-15 15:20:00,105.01,2,114.52,0.759,59.94
2026-02-15 15:30:00,72.19,2,115.74,0.658,59.96
2026-02-15 15:40:00,71.27,2,116.23,0.638,59.94
2026-02-15 15:50:00,75.94,2,116.53,0.652,59.96
2026-02-15 16:00:00,104.06,2,117.59,0.714,59.93
2026-02-15 16:10:00,112.43,2,117.72,0.73,59.99
2026-02-15 16:20:00,115.39,2,117.21,0.721,59.94
2026-02-15 16:30:00,112.96,2,116.67,0.715,59.96
2026-02-15 16:40:00,113.53,2,116.76,0.703,59.97
2026-02-15 16:50:00,101.53,2,118.37,0.694,59.97
2026-02-15 17:00:00,96.08,2,118.56,0.698,59.95
2026-02-15 17:10:00,503.36,2,117.15,0.846,59.97
2026-02-15 17:20:00,944.28,2,114.18,0.99,59.94
2026-02-15 17:30:00,961.68,2,115.16,0.99,59.99
2026-02-15 17:40:00,974.46,2,116.55,0.99,59.93
2026-02-15 17:50:00,990.72,2,117.53,0.99,59.93
2026-02-15 18:00:00,986.06,2,117.3,0.99,59.98
2026-02-15 18:10:00,921.43,2,115.28,0.99,59.96
2026-02-15 18:20:00,900.45,2,113.5,0.99,59.93
2026-02-15 18:30:00,919.08,2,114.79,0.99,59.94
2026-02-15 18:40:00,531.32,2,116.51,0.893,59.96
2026-02-15 18:50:00,938.73,2,114.93,0.988,59.97
2026-02-15 19:00:00,888.1,2,113.69,0.99,59.97
2026-02-15 19:10:00,918.95,2,114.28,0.99,59.95
2026-02-15 19:20:00,887.586,2,115.957,0.987,59.943
2026-02-15 19:30:00,560.74,2,115.86,0.978,59.97
2026-02-15 19:40:00,541.5,2,115.18,0.975,59.98
2026-02-15 19:50:00,192.79,2,116.55,0.781,59.98
2026-02-15 20:00:00,172.58,2,117.64,0.799,59.95
2026-02-15 20:10:00,172.57,2,115.86,0.808,59.97
2026-02-15 20:20:00,169.94,2,116.03,0.808,59.98
2026-02-15 20:30:00,155.79,2,116.65,0.785,59.96
2026-02-15 20:40:00,138.32,2,115.37,0.752,59.96
2026-02-15 20:50:00,135.75,2,116.32,0.756,59.95
2026-02-15 21:00:00,132.64,2,116.88,0.755,59.99
2026-02-15 21:10:00,135.0,2,116.11,0.764,59.93
2026-02-15 21:20:00,133.59,2,117.42,0.761,59.96
2026-02-15 21:30:00,51.49,2,116.18,0.715,59.97
2026-02-15 21:40:00,37.82,2,116.61,0.66,59.93
2026-02-15 21:50:00,34.956,2,115.7,0.647,59.956
2026-02-15 22:00:00,35.36,2,115.21,0.649,59.95
2026-02-15 22:10:00,704.74,2,113.48,0.965,59.97
2026-02-15 22:20:00,788.23,2,114.11,1.0,59.94
2026-02-15 22:30:00,476.08,2,114.48,0.845,59.97
2026-02-15 22:40:00,32.07,2,117.15,0.625,59.98
2026-02-15 22:50:00,29.64,2,117.12,0.604,59.95
2026-02-15 23:00:00,30.89,2,116.85,0.611,59.96
2026-02-15 23:10:00,29.38,2,115.68,0.61,59.95
2026-02-15 23:20:00,29.35,2,116.05,0.61,59.96
2026-02-15 23:30:00,29.57,2,117.33,0.609,59.93
2026-02-15 23:40:00,33.3,2,117.75,0.615,59.96
2026-02-15 23:50:00,34.03,2,117.5,0.622,59.96
2026-02-16 00:00:00,30.9,2,116.77,0.613,59.96
2026-02-16 00:10:00,29.51,2,117.23,0.609,59.98
2026-02-16 00:20:00,29.44,2,116.91,0.61,59.94
2026-02-16 00:30:00,29.69,2,118.85,0.604,59.94
2026-02-16 00:40:00,29.65,2,118.688,0.595,59.95
2026-02-16 00:50:00,29.57,2,117.93,0.594,59.97
2026-02-16 01:00:00,29.44,2,116.45,0.606,59.95
2026-02-16 01:10:00,29.45,2,116.475,0.61,59.975
2026-02-16 01:20:00,29.47,2,117.4,0.605,59.97
2026-02-16 01:30:00,29.53,2,118.48,0.591,59.93
2026-02-16 01:40:00,29.73,2,120.0,0.589,59.96
2026-02-16 01:50:00,29.6,2,118.98,0.602,59.96
2026-02-16 02:00:00,29.54,2,118.23,0.606,59.95
2026-02-16 02:10:00,29.43,2,117.35,0.601,60.0
2026-02-16 02:20:00,29.42,2,117.15,0.593,59.95
2026-02-16 02:30:00,31.64,2,118.52,0.599,59.97
2026-02-16 02:40:00,29.56,2,118.7,0.602,59.96
2026-02-16 02:50:00,29.55,2,118.65,0.602,59.94
2026-02-16 03:00:00,29.53,2,117.89,0.6,59.97
2026-02-16 03:10:00,29.44,2,117.82,0.596,59.98
2026-02-16 03:20:00,29.5,2,118.31,0.593,59.93
2026-02-16 03:30:00,33.4,2,118.26,0.627,59.95
2026-02-16 03:40:00,35.06,2,119.03,0.64,59.93
2026-02-16 03:50:00,35.02,2,118.83,0.64,59.98
2026-02-16 04:00:00,34.82,2,117.78,0.636,59.97
2026-02-16 04:10:00,34.87,2,116.78,0.64,59.95
2026-02-16 04:20:00,34.86,2,116.87,0.644,59.94
2026-02-16 04:30:00,34.85,2,116.48,0.649,59.97
2026-02-16 04:40:00,34.99,2,118.81,0.64,59.96
2026-02-16 04:50:00,34.95,2,118.82,0.633,59.98
2026-02-16 05:00:00,34.89,2,117.12,0.628,59.95
2026-02-16 05:10:00,34.82,2,116.42,0.641,59.94
2026-02-16 05:20:00,34.74,2,115.8,0.649,59.95
2026-02-16 05:30:00,36.78,2,115.9,0.647,59.99
2026-02-16 05:40:00,37.83,2,117.76,0.64,59.98
2026-02-16 05:50:00,33.72,2,118.77,0.617,59.95
2026-02-16 06:00:00,31.63,2,118.45,0.614,59.92
2026-02-16 06:10:00,30.01,2,116.96,0.606,59.98
2026-02-16 06:20:00,31.25,2,116.22,0.613,59.94
2026-02-16 06:30:00,29.54,2,117.34,0.602,59.97
2026-02-16 06:40:00,29.58,2,118.55,0.602,59.97
2026-02-16 06:50:00,29.64,2,117.57,0.61,59.96
2026-02-16 07:00:00,29.5,2,117.41,0.61,59.96
2026-02-16 07:10:00,29.32,2,115.83,0.609,59.98
2026-02-16 07:20:00,34.28,2,116.25,0.617,59.94
2026-02-16 07:30:00,94.03,2,116.63,0.68,59.96
2026-02-16 07:40:00,128.11,2,116.42,0.74,59.97
2026-02-16 07:50:00,104.67,2,115.82,0.697,59.97
2026-02-16 08:00:00,150.98,2,115.75,0.796,59.96
2026-02-16 08:10:00,156.67,2,114.64,0.801,59.96
2026-02-16 08:20:00,225.76,2,116.27,0.815,59.96
2026-02-16 08:30:00,220.13,2,117.2,0.819,59.93
2026-02-16 08:40:00,210.54,2,116.09,0.827,59.96
2026-02-16 08:50:00,198.03,2,112.94,0.827,59.98
2026-02-16 09:00:00,216.45,2,113.86,0.852,59.97
2026-02-16 09:10:00,271.48,2,115.88,0.84,59.96
2026-02-16 09:20:00,167.11,2,120.49,0.807,59.95
2026-02-16 09:30:00,143.66,2,117.71,0.79,59.93
2026-02-16 09:40:00,129.2,2,115.83,0.756,59.94
2026-02-16 09:50:00,131.98,2,116.75,0.76,59.98
2026-02-16 10:00:00,118.43,2,117.0,0.721,59.97
2026-02-16 10:10:00,124.89,2,116.41,0.681,59.96
2026-02-16 10:20:00,80.0,2,115.93,0.636,59.94
2026-02-16 10:30:00,136.22,2,116.13,0.784,59.96
2026-02-16 10:40:00,145.8,2,117.744,0.802,59.967
2026-02-16 10:50:00,130.33,2,115.64,0.79,59.98
2026-02-16 11:00:00,104.3,2,113.18,0.744,59.97
2026-02-16 11:10:00,122.65,2,114.18,0.674,59.97
2026-02-16 11:20:00,129.61,2,116.83,0.688,59.94
2026-02-16 11:30:00,115.39,2,118.13,0.669,59.93
2026-02-16 11:40:00,143.63,2,117.03,0.769,59.99
2026-02-16 11:50:00,191.07,2,117.5,0.835,59.94
2026-02-16 12:00:00,176.77,2,116.08,0.826,59.96
2026-02-16 12:10:00,194.07,2,115.98,0.839,59.96
2026-02-16 12:20:00,187.62,2,116.33,0.815,59.95
2026-02-16 12:30:00,134.33,2,116.38,0.782,59.95
2026-02-16 12:40:00,117.23,2,118.39,0.748,59.98
2026-02-16 12:50:00,92.27,2,119.44,0.687,59.98
2026-02-16 13:00:00,83.37,2,119.82,0.689,59.94
2026-02-16 13:10:00,78.76,2,118.0,0.682,59.95
2026-02-16 13:20:00,72.21,2,118.19,0.665,59.94
2026-02-16 13:30:00,68.05,2,118.24,0.659,59.98
2026-02-16 13:40:00,65.59,2,118.83,0.63,59.96
2026-02-16 13:50:00,65.27,2,118.32,0.625,59.96
2026-02-16 14:00:00,94.43,2,117.81,0.682,59.96
2026-02-16 14:10:00,112.06,2,118.39,0.736,59.97
2026-02-16 14:20:00,146.21,2,118.09,0.823,59.95
2026-02-16 14:30:00,148.83,2,117.09,0.813,59.97
2026-02-16 14:40:00,151.12,2,117.58,0.828,59.97
2026-02-16 14:50:00,159.05,2,117.42,0.824,59.96
2026-02-16 15:00:00,148.58,2,117.01,0.808,59.96
2026-02-16 15:10:00,119.18,2,117.14,0.73,59.98
2026-02-16 15:20:00,100.767,2,118.0,0.674,59.944
2026-02-16 15:30:00,116.556,2,116.278,0.703,59.967
2026-02-16 15:40:00,108.53,2,117.61,0.685,59.97
2026-02-16 15:50:00,113.03,2,117.99,0.697,59.97
2026-02-16 16:00:00,101.65,2,118.16,0.667,59.94
2026-02-16 16:10:00,105.58,2,119.38,0.681,59.97
2026-02-16 16:20:00,92.48,2,118.5,0.677,59.99
2026-02-16 16:30:00,87.53,2,119.73,0.663,59.96
2026-02-16 16:40:00,92.12,2,118.01,0.664,59.95
2026-02-16 16:50:00,89.82,2,118.27,0.659,59.97
2026-02-16 17:00:00,88.88,2,118.1,0.657,59.98
2026-02-16 17:10:00,119.0,2,117.9,0.734,59.97
2026-02-16 17:20:00,151.79,2,117.32,0.809,59.94
2026-02-16 17:30:00,151.2,2,118.58,0.803,59.96
2026-02-16 17:40:00,150.58,2,120.49,0.801,59.97
2026-02-16 17:50:00,157.0,2,120.73,0.807,59.95
2026-02-16 18:00:00,179.65,2,119.59,0.835,59.98
2026-02-16 18:10:00,209.48,2,117.41,0.846,59.93
2026-02-16 18:20:00,206.63,2,117.39,0.849,59.98
2026-02-16 18:30:00,218.08,2,115.46,0.849,59.97
2026-02-16 18:40:00,223.62,2,116.67,0.853,59.97
2026-02-16 18:50:00,195.86,2,118.72,0.84,59.98
2026-02-16 19:00:00,143.52,2,120.01,0.749,59.98
2026-02-16 19:10:00,121.94,2,119.13,0.728,59.95
2026-02-16 19:20:00,214.98,2,117.06,0.836,59.95
2026-02-16 19:30:00,194.01,2,116.36,0.823,59.97
2026-02-16 19:40:00,160.76,2,117.07,0.795,59.96
2026-02-16 19:50:00,192.58,2,118.25,0.781,59.96
2026-02-16 20:00:00,212.98,2,119.33,0.772,59.97
2026-02-16 20:10:00,210.31,2,118.24,0.772,59.93
2026-02-16 20:20:00,210.514,2,118.371,0.774,59.986
2026-02-16 20:30:00,186.77,2,117.56,0.741,59.99
2026-02-16 20:40:00,179.5,2,118.32,0.727,59.93
2026-02-16 20:50:00,180.12,2,118.27,0.723,59.93
2026-02-16 21:00:00,177.58,2,117.91,0.734,59.94
2026-02-16 21:10:00,179.06,2,117.12,0.74,59.94
2026-02-16 21:20:00,634.54,2,117.37,0.904,59.97
2026-02-16 21:30:00,945.53,2,117.05,0.952,59.94
2026-02-16 21:40:00,866.6,2,115.338,1.0,59.938
2026-02-16 21:50:00,847.25,2,115.66,1.0,59.96
2026-02-16 22:00:00,875.589,2,117.711,1.0,59.922
2026-02-16 22:10:00,852.31,2,116.05,1.0,59.95
2026-02-16 22:20:00,868.94,2,117.25,1.0,59.98
2026-02-16 22:30:00,709.79,2,118.15,0.945,59.96
2026-02-16 22:40:00,51.33,2,119.58,0.656,59.97
2026-02-16 22:50:00,21.58,2,116.21,0.51,59.95
2026-02-16 23:00:00,21.13,2,116.65,0.498,59.95
2026-02-16 23:10:00,25.16,2,116.41,0.533,59.97
2026-02-16 23:20:00,19.94,2,119.33,0.485,59.98
2026-02-16 23:30:00,24.45,2,119.6,0.522,59.94
2026-02-16 23:40:00,23.47,2,119.78,0.514,59.95
2026-02-16 23:50:00,19.78,2,117.05,0.486,59.97
2026-02-17 00:00:00,19.76,2,116.56,0.484,59.94
2026-02-17 00:10:00,19.73,2,117.45,0.49,59.95
2026-02-17 00:20:00,19.78,2,118.61,0.488,59.94
2026-02-17 00:30:00,21.36,2,118.7,0.497,59.95
2026-02-17 00:40:00,19.84,2,117.36,0.49,59.97
2026-02-17 00:50:00,19.8,2,118.1,0.493,59.944
2026-02-17 01:00:00,19.756,2,117.822,0.49,59.944
2026-02-17 01:10:00,19.87,2,118.36,0.492,59.95
2026-02-17 01:20:00,19.77,2,118.82,0.481,59.95
2026-02-17 01:30:00,19.94,2,119.45,0.48,59.94
2026-02-17 01:40:00,19.8,2,119.14,0.488,59.95
2026-02-17 01:50:00,19.84,2,119.43,0.492,59.97
2026-02-17 02:00:00,19.68,2,117.28,0.494,59.93
2026-02-17 02:10:00,21.1,2,117.48,0.493,59.97
2026-02-17 02:20:00,19.75,2,118.36,0.491,59.96
2026-02-17 02:30:00,19.87,2,119.17,0.497,59.96
2026-02-17 02:40:00,19.88,2,119.25,0.5,59.95
2026-02-17 02:50:00,19.81,2,119.03,0.495,59.94
2026-02-17 03:00:00,19.7,2,119.04,0.489,59.97
2026-02-17 03:10:00,19.74,2,117.96,0.497,59.97
2026-02-17 03:20:00,19.76,2,118.38,0.499,59.97
2026-02-17 03:30:00,23.54,2,119.02,0.534,59.95
2026-02-17 03:40:00,27.3,2,118.66,0.567,59.97
2026-02-17 03:50:00,27.812,2,118.6,0.575,59.988
2026-02-17 04:00:00,25.25,2,118.49,0.565,59.95
2026-02-17 04:10:00,25.65,2,117.825,0.571,59.925
2026-02-17 04:20:00,25.27,2,118.49,0.561,59.95
2026-02-17 04:30:00,25.26,2,118.57,0.56,59.97
2026-02-17 04:40:00,25.21,2,118.17,0.567,59.98
2026-02-17 04:50:00,25.13,2,118.32,0.565,59.98
2026-02-17 05:00:00,27.19,2,118.21,0.57,59.94
2026-02-17 05:10:00,25.07,2,116.9,0.549,59.95
2026-02-17 05:20:00,25.14,2,118.3,0.557,59.96
2026-02-17 05:30:00,25.2,2,118.24,0.559,59.95
2026-02-17 05:40:00,23.96,2,117.31,0.545,59.93
2026-02-17 05:50:00,19.62,2,117.93,0.483,59.98
2026-02-17 06:00:00,19.65,2,118.11,0.486,59.93
2026-02-17 06:10:00,19.82,2,119.47,0.489,59.98
2026-02-17 06:20:00,19.75,2,118.43,0.497,59.99
2026-02-17 06:30:00,19.77,2,118.85,0.493,59.96
2026-02-17 06:40:00,19.91,2,118.61,0.495,59.97
2026-02-17 06:50:00,19.71,2,118.76,0.497,59.95
2026-02-17 07:00:00,19.78,2,118.79,0.501,59.96
2026-02-17 07:10:00,19.65,2,118.45,0.499,59.94
2026-02-17 07:20:00,22.8,2,117.68,0.528,59.92
2026-02-17 07:30:00,48.6,2,117.08,0.642,59.97
2026-02-17 07:40:00,55.1,2,118.52,0.697,59.97
2026-02-17 07:50:00,54.83,2,117.85,0.795,59.96
2026-02-17 08:00:00,49.61,2,117.09,0.794,59.93
2026-02-17 08:10:00,49.57,2,116.8,0.796,59.94
2026-02-17 08:20:00,58.66,2,116.42,0.797,59.94
2026-02-17 08:30:00,101.65,2,115.99,0.751,59.94
2026-02-17 08:40:00,80.26,2,116.66,0.854,59.96
2026-02-17 08:50:00,69.4,2,117.9,0.814,59.94
2026-02-17 09:00:00,104.23,2,116.98,0.822,59.98
2026-02-17 09:10:00,83.4,2,118.37,0.795,59.92
2026-02-17 09:20:00,82.88,2,116.5,0.827,59.94
2026-02-17 09:30:00,47.82,2,116.71,0.675,59.94
2026-02-17 09:40:00,80.32,2,115.82,0.749,59.96
2026-02-17 09:50:00,60.17,2,114.83,0.599,59.95
2026-02-17 10:00:00,24.21,2,115.54,0.531,59.95
2026-02-17 10:10:00,23.66,2,115.8,0.533,59.95
2026-02-17 10:20:00,22.77,2,115.39,0.536,59.98
2026-02-17 10:30:00,205.71,2,114.56,0.667,59.96
2026-02-17 10:40:00,20.96,2,114.24,0.518,59.98
2026-02-17 10:50:00,20.92,2,114.85,0.513,59.99
2026-02-17 11:00:00,20.6,2,115.9,0.516,59.94
2026-02-17 11:10:00,143.09,2,116.19,0.602,59.95
2026-02-17 11:20:00,20.08,2,116.74,0.506,59.98
2026-02-17 11:30:00,19.86,2,114.27,0.51,59.94
2026-02-17 11:40:00,19.85,2,114.25,0.51,59.98
2026-02-17 11:50:00,19.96,2,115.07,0.511,60.0
2026-02-17 12:00:00,19.96,2,114.48,0.506,59.96
2026-02-17 12:10:00,19.84,2,115.42,0.5,59.95
2026-02-17 12:20:00,19.55,2,114.3,0.503,59.97
2026-02-17 12:30:00,19.58,2,115.14,0.503,59.95
2026-02-17 12:40:00,19.62,2,115.05,0.514,59.93
2026-02-17 12:50:00,47.75,2,116.09,0.567,59.95
2026-02-17 13:00:00,19.9,2,116.51,0.514,59.96
2026-02-17 13:10:00,19.7,2,116.31,0.51,59.96
2026-02-17 13:20:00,19.74,2,116.86,0.508,59.94
2026-02-17 13:30:00,20.057,2,115.8,0.494,59.986
2026-02-17 13:40:00,19.83,2,115.42,0.489,59.98
2026-02-17 13:50:00,19.61,2,116.34,0.506,59.97
2026-02-17 14:00:00,19.78,2,117.23,0.51,59.95
2026-02-17 14:10:00,20.26,2,116.31,0.515,59.95
2026-02-17 14:20:00,19.87,2,116.74,0.506,59.96
2026-02-17 14:30:00,19.9,2,116.41,0.509,59.93
2026-02-17 14:40:00,94.95,2,115.63,0.687,59.93
2026-02-17 14:50:00,85.47,2,116.04,0.674,59.97
2026-02-17 15:00:00,86.2,2,114.1,0.671,59.99
2026-02-17 15:10:00,81.34,2,114.97,0.659,59.94
2026-02-17 15:20:00,79.41,2,115.39,0.646,59.94
2026-02-17 15:30:00,78.73,2,115.53,0.652,59.97
2026-02-17 15:40:00,80.79,2,116.34,0.661,59.91
2026-02-17 15:50:00,86.35,2,115.71,0.675,59.96
2026-02-17 16:00:00,123.94,2,115.66,0.764,59.95
2026-02-17 16:10:00,146.22,2,115.4,0.826,59.97
2026-02-17 16:20:00,427.362,2,115.2,0.886,59.975
2026-02-17 16:30:00,905.244,2,114.9,0.99,59.933
2026-02-17 16:40:00,912.556,2,115.8,0.991,59.944
2026-02-17 16:50:00,907.28,2,114.51,0.99,59.96
2026-02-17 17:00:00,889.45,2,111.78,0.99,59.99
2026-02-17 17:10:00,906.0,2,110.75,0.991,59.97
2026-02-17 17:20:00,873.06,2,108.84,0.989,59.96
2026-02-17 17:30:00,924.07,2,113.68,0.99,59.93
2026-02-17 17:40:00,943.61,2,115.15,0.99,59.94
2026-02-17 17:50:00,952.75,2,115.17,0.99,59.96
2026-02-17 18:00:00,759.01,2,112.37,0.953,59.98
2026-02-17 18:10:00,198.33,2,117.44,0.831,59.97
2026-02-17 18:20:00,199.08,2,116.81,0.833,59.93
2026-02-17 18:30:00,203.21,2,114.55,0.825,59.96
2026-02-17 18:40:00,207.28,2,115.0,0.817,59.93
2026-02-17 18:50:00,175.13,2,116.46,0.761,59.95
2026-02-17 19:00:00,161.425,2,116.638,0.739,59.975
2026-02-17 19:10:00,181.24,2,116.87,0.785,59.95
2026-02-17 19:20:00,167.522,2,115.056,0.799,59.989
2026-02-17 19:30:00,147.683,2,115.333,0.795,59.9
2026-02-17 19:40:00,144.5,2,116.4,0.794,59.944
2026-02-17 19:50:00,142.32,2,116.61,0.793,59.97
2026-02-17 20:00:00,131.562,2,116.238,0.775,59.988
2026-02-17 20:10:00,142.5,2,115.87,0.77,59.96
2026-02-17 20:20:00,145.67,2,117.55,0.753,59.95
2026-02-17 20:30:00,158.09,2,116.7,0.745,59.95
2026-02-17 20:40:00,141.74,2,117.73,0.728,59.97
2026-02-17 20:50:00,142.34,2,118.15,0.757,59.93
2026-02-17 21:00:00,134.01,2,118.27,0.758,59.95
2026-02-17 21:10:00,143.0,2,117.54,0.775,59.96
2026-02-17 21:20:00,126.68,2,118.18,0.75,59.96
2026-02-17 21:30:00,76.71,2,118.78,0.72,59.98
2026-02-17 21:40:00,755.15,2,117.62,0.966,59.98
2026-02-17 21:50:00,736.96,2,116.33,0.967,59.98
2026-02-17 22:00:00,36.61,2,117.75,0.651,59.99
2026-02-17 22:10:00,30.43,2,118.93,0.601,59.94
2026-02-17 22:20:00,26.69,2,118.77,0.575,59.96
2026-02-17 22:30:00,24.34,2,117.67,0.538,59.96
2026-02-17 22:40:00,20.362,2,118.138,0.492,59.95
2026-02-17 22:50:00,21.92,2,118.86,0.5,59.95
2026-02-17 23:00:00,21.48,2,119.67,0.5,59.96
2026-02-17 23:10:00,19.812,2,117.412,0.5,59.938
2026-02-17 23:20:00,19.875,2,117.888,0.5,59.938
2026-02-17 23:30:00,20.15,2,117.78,0.499,59.96
2026-02-17 23:40:00,19.8,2,118.2,0.493,59.94
2026-02-17 23:50:00,19.79,2,117.4,0.484,59.98
2026-02-18 00:00:00,19.84,2,118.13,0.49,59.98
2026-02-18 00:10:00,19.762,2,117.925,0.499,59.938
2026-02-18 00:20:00,19.76,2,118.07,0.499,59.96
2026-02-18 00:30:00,21.86,2,118.27,0.507,59.98
2026-02-18 00:40:00,19.86,2,118.74,0.483,59.99
2026-02-18 00:50:00,19.94,2,117.8,0.483,59.96
2026-02-18 01:00:00,20.45,2,118.94,0.496,59.96
2026-02-18 01:10:00,19.83,2,118.53,0.494,59.96
2026-02-18 01:20:00,19.73,2,117.89,0.499,59.93
2026-02-18 01:30:00,19.8,2,118.31,0.498,59.95
2026-02-18 01:40:00,19.85,2,118.51,0.494,59.98
2026-02-18 01:50:00,19.77,2,117.93,0.504,59.96
2026-02-18 02:00:00,19.81,2,118.62,0.5,59.98
2026-02-18 02:10:00,19.86,2,118.44,0.5,59.96
2026-02-18 02:20:00,19.9,2,118.15,0.495,59.93
2026-02-18 02:30:00,22.3,2,118.27,0.518,59.99
2026-02-18 02:40:00,23.83,2,118.2,0.535,59.96
2026-02-18 02:50:00,19.71,2,117.75,0.501,59.97
2026-02-18 03:00:00,19.87,2,118.86,0.491,59.92
2026-02-18 03:10:00,19.9,2,118.61,0.49,59.97
2026-02-18 03:20:00,19.79,2,118.41,0.499,59.98
2026-02-18 03:30:00,23.61,2,119.29,0.541,59.96
2026-02-18 03:40:00,25.29,2,118.53,0.56,59.92
2026-02-18 03:50:00,25.67,2,117.68,0.561,59.94
2026-02-18 04:00:00,25.72,2,118.43,0.561,59.97
2026-02-18 04:10:00,25.27,2,118.28,0.562,59.95
2026-02-18 04:20:00,25.37,2,117.97,0.561,59.94
2026-02-18 04:30:00,25.24,2,118.21,0.56,59.97
2026-02-18 04:40:00,25.15,2,117.93,0.559,59.93
2026-02-18 04:50:00,25.1,2,116.6,0.566,59.93
2026-02-18 05:00:00,25.17,2,117.45,0.566,59.95
2026-02-18 05:10:00,25.12,2,117.0,0.55,59.96
2026-02-18 05:20:00,25.35,2,115.85,0.554,59.97
2026-02-18 05:30:00,25.5,2,115.49,0.562,59.93
2026-02-18 05:40:00,49.96,2,115.32,0.727,59.93
2026-02-18 05:50:00,50.39,2,115.02,0.744,59.95
2026-02-18 06:00:00,19.64,2,115.47,0.498,59.94
2026-02-18 06:10:00,19.72,2,116.06,0.487,59.93
2026-02-18 06:20:00,57.98,2,114.43,0.58,59.98
2026-02-18 06:30:00,147.875,2,114.962,0.738,59.975
2026-02-18 06:40:00,163.92,2,115.29,0.756,59.96
2026-02-18 06:50:00,132.96,2,114.89,0.708,59.94
2026-02-18 07:00:00,109.09,2,113.85,0.662,59.95
2026-02-18 07:10:00,100.58,2,113.07,0.664,59.96
2026-02-18 07:20:00,94.87,2,115.16,0.66,59.95
2026-02-18 07:30:00,166.5,2,115.32,0.692,59.91
2026-02-18 07:40:00,871.74,2,116.71,0.99,59.95
2026-02-18 07:50:00,84.13,2,117.04,0.642,59.94
2026-02-18 08:00:00,109.2,2,114.21,0.743,59.96
2026-02-18 08:10:00,108.96,2,115.55,0.748,59.93
2026-02-18 08:20:00,112.48,2,115.88,0.736,59.98
2026-02-18 08:30:00,125.37,2,114.84,0.752,59.96
2026-02-18 08:40:00,164.88,2,114.06,0.808,59.95
2026-02-18 08:50:00,120.94,2,113.97,0.744,59.96
2026-02-18 09:00:00,110.43,2,115.35,0.741,59.97
2026-02-18 09:10:00,116.02,2,115.06,0.763,59.96
2026-02-18 09:20:00,111.51,2,115.71,0.768,59.94
2026-02-18 09:30:00,107.88,2,115.07,0.757,59.95
2026-02-18 09:40:00,107.83,2,114.27,0.758,59.97
2026-02-18 09:50:00,101.63,2,112.13,0.743,59.97
2026-02-18 10:00:00,107.3,2,112.38,0.752,59.94
2026-02-18 10:10:00,112.32,2,114.52,0.749,59.95
2026-02-18 10:20:00,108.48,2,115.61,0.749,59.97
2026-02-18 10:30:00,115.18,2,112.98,0.751,59.99
2026-02-18 10:40:00,109.16,2,112.15,0.742,59.98
2026-02-18 10:50:00,109.26,2,111.53,0.735,59.95
2026-02-18 11:00:00,122.81,2,112.6,0.77,59.95
2026-02-18 11:10:00,120.03,2,113.73,0.766,59.92
2026-02-18 11:20:00,120.12,2,113.35,0.768,59.99
2026-02-18 11:30:00,112.18,2,111.68,0.747,59.95
2026-02-18 11:40:00,113.26,2,112.1,0.75,59.98
2026-02-18 11:50:00,119.12,2,110.91,0.762,59.97
2026-02-18 12:00:00,113.31,2,111.7,0.746,59.96
2026-02-18 12:10:00,111.83,2,111.55,0.749,59.97
2026-02-18 12:20:00,111.63,2,111.78,0.76,59.95
2026-02-18 12:30:00,109.36,2,114.06,0.752,59.94
2026-02-18 12:40:00,110.21,2,113.68,0.754,59.98
2026-02-18 12:50:00,108.88,2,113.66,0.741,59.94
2026-02-18 13:00:00,107.89,2,113.3,0.741,59.98
2026-02-18 13:10:00,111.94,2,113.71,0.749,59.97
2026-02-18 13:20:00,104.21,2,113.11,0.726,59.97
2026-02-18 13:30:00,102.925,2,114.075,0.721,59.975
2026-02-18 13:40:00,101.64,2,113.79,0.728,59.97
2026-02-18 13:50:00,100.01,2,114.66,0.721,59.99
2026-02-18 14:00:00,106.79,2,115.38,0.739,59.94
2026-02-18 14:10:00,104.4,2,113.62,0.735,59.94
2026-02-18 14:20:00,110.02,2,113.76,0.745,59.97
2026-02-18 14:30:00,103.67,2,113.27,0.73,59.97
2026-02-18 14:40:00,107.2,2,113.2,0.748,59.91
2026-02-18 14:50:00,106.88,2,114.0,0.731,59.98
2026-02-18 15:00:00,142.66,2,115.68,0.773,59.99
2026-02-18 15:10:00,135.83,2,114.36,0.765,59.98
2026-02-18 15:20:00,137.94,2,115.88,0.766,59.95
2026-02-18 15:30:00,136.06,2,115.75,0.761,59.96
2026-02-18 15:40:00,138.76,2,114.9,0.755,59.95
2026-02-18 15:50:00,133.15,2,113.94,0.743,59.93
2026-02-18 16:00:00,117.56,2,113.8,0.736,59.96
2026-02-18 16:10:00,108.77,2,116.06,0.718,59.92
2026-02-18 16:20:00,111.63,2,117.02,0.724,59.98
2026-02-18 16:30:00,109.17,2,117.79,0.722,59.97
2026-02-18 16:40:00,151.61,2,115.96,0.797,59.95
2026-02-18 16:50:00,178.49,2,114.96,0.848,59.95
2026-02-18 17:00:00,213.13,2,115.09,0.868,59.99
2026-02-18 17:10:00,234.82,2,116.04,0.882,59.96
2026-02-18 17:20:00,233.79,2,117.33,0.879,59.94
2026-02-18 17:30:00,226.1,2,116.97,0.878,59.97
2026-02-18 17:40:00,174.92,2,117.6,0.826,59.96
2026-02-18 17:50:00,174.14,2,115.76,0.823,59.97
2026-02-18 18:00:00,191.59,2,116.74,0.831,59.99
2026-02-18 18:10:00,167.42,2,118.13,0.81,59.92
2026-02-18 18:20:00,141.08,2,116.62,0.789,59.97
2026-02-18 18:30:00,129.91,2,115.07,0.761,59.93
2026-02-18 18:40:00,40.57,2,114.67,0.646,59.98
2026-02-18 18:50:00,38.23,2,116.17,0.628,59.94
2026-02-18 19:00:00,35.36,2,116.17,0.63,59.96
2026-02-18 19:10:00,37.74,2,114.68,0.637,59.94
2026-02-18 19:20:00,37.7,2,114.01,0.635,59.94
2026-02-18 19:30:00,34.9,2,114.66,0.629,59.93
2026-02-18 19:40:00,35.02,2,115.65,0.63,59.97
2026-02-18 19:50:00,35.12,2,117.12,0.628,59.94
2026-02-18 20:00:00,36.53,2,117.13,0.635,59.96
2026-02-18 20:10:00,50.69,2,115.76,0.695,59.96
2026-02-18 20:20:00,76.12,2,116.87,0.81,59.96
2026-02-18 20:30:00,76.69,2,118.17,0.803,59.95
2026-02-18 20:40:00,62.62,2,119.45,0.745,59.95
2026-02-18 20:50:00,117.45,2,117.14,0.659,59.96
2026-02-18 21:00:00,151.59,2,117.97,0.684,59.97
2026-02-18 21:10:00,115.05,2,118.325,0.684,59.975
2026-02-18 21:20:00,147.52,2,119.56,0.749,59.95
2026-02-18 21:30:00,163.922,2,119.122,0.791,59.967
2026-02-18 21:40:00,202.15,2,117.75,0.784,59.97
2026-02-18 21:50:00,842.79,2,115.07,1.0,59.94
2026-02-18 22:00:00,870.03,2,117.1,1.0,59.97
2026-02-18 22:10:00,859.36,2,116.17,1.0,59.96
2026-02-18 22:20:00,234.57,2,118.33,0.797,59.94
2026-02-18 22:30:00,76.19,2,118.38,0.735,59.94
2026-02-18 22:40:00,68.22,2,118.77,0.721,59.95
2026-02-18 22:50:00,65.11,2,119.26,0.71,59.97
2026-02-18 23:00:00,71.55,2,118.61,0.72,59.98
2026-02-18 23:10:00,64.34,2,117.85,0.72,59.99
2026-02-18 23:20:00,41.23,2,117.17,0.642,59.95
2026-02-18 23:30:00,25.93,2,117.62,0.54,59.97
2026-02-18 23:40:00,25.87,2,118.68,0.525,59.95
2026-02-18 23:50:00,22.01,2,119.45,0.5,59.94
2026-02-19 00:00:00,21.28,2,118.88,0.501,59.93
2026-02-19 00:10:00,19.81,2,118.99,0.486,59.94
2026-02-19 00:20:00,19.74,2,118.79,0.48,59.96
2026-02-19 00:30:00,19.64,2,117.76,0.48,59.97
2026-02-19 00:40:00,19.65,2,117.73,0.491,59.97
2026-02-19 00:50:00,19.81,2,118.5,0.491,59.97
2026-02-19 01:00:00,21.81,2,119.46,0.502,59.95
2026-02-19 01:10:00,19.76,2,119.44,0.475,59.96
2026-02-19 01:20:00,19.68,2,118.42,0.484,59.97
2026-02-19 01:30:00,19.71,2,118.26,0.494,59.97
2026-02-19 01:40:00,23.73,2,117.78,0.525,59.94
2026-02-19 01:50:00,19.82,2,119.22,0.485,59.95
2026-02-19 02:00:00,20.17,2,120.23,0.487,59.95
2026-02-19 02:10:00,19.86,2,119.09,0.495,59.95
2026-02-19 02:20:00,22.95,2,117.84,0.522,59.94
2026-02-19 02:30:00,19.65,2,117.77,0.49,59.96
2026-02-19 02:40:00,19.68,2,117.65,0.488,59.97
2026-02-19 02:50:00,19.56,2,118.63,0.492,59.93
2026-02-19 03:00:00,19.68,2,120.15,0.493,59.98
2026-02-19 03:10:00,19.788,2,119.712,0.5,59.988
2026-02-19 03:20:00,19.81,2,119.59,0.493,59.94
2026-02-19 03:30:00,23.55,2,118.1,0.53,59.96
2026-02-19 03:40:00,25.22,2,118.78,0.56,59.94
2026-02-19 03:50:00,25.24,2,118.57,0.56,59.95
2026-02-19 04:00:00,25.21,2,118.92,0.557,59.94
2026-02-19 04:10:00,25.38,2,119.04,0.552,59.97
2026-02-19 04:20:00,25.15,2,118.6,0.557,59.94
2026-02-19 04:30:00,27.16,2,117.64,0.572,59.94
2026-02-19 04:40:00,25.98,2,117.06,0.563,59.95
2026-02-19 04:50:00,28.45,2,116.9,0.574,59.96
2026-02-19 05:00:00,25.23,2,118.23,0.55,59.93
2026-02-19 05:10:00,25.08,2,116.51,0.56,59.96
2026-02-19 05:20:00,25.14,2,117.75,0.55,59.95
2026-02-19 05:30:00,32.21,2,116.53,0.608,59.97
2026-02-19 05:40:00,54.21,2,115.38,0.803,59.97
2026-02-19 05:50:00,48.78,2,115.32,0.779,59.94
2026-02-19 06:00:00,21.7,2,116.09,0.509,59.94
2026-02-19 06:10:00,20.25,2,116.36,0.489,59.96
2026-02-19 06:20:00,23.14,2,116.71,0.508,59.94
2026-02-19 06:30:00,20.1,2,117.16,0.493,59.97
2026-02-19 06:40:00,19.75,2,117.35,0.494,59.97
2026-02-19 06:50:00,19.53,2,116.32,0.494,59.94
2026-02-19 07:00:00,19.58,2,116.5,0.505,59.95
2026-02-19 07:10:00,19.65,2,115.77,0.51,59.98
2026-02-19 07:20:00,31.2,2,115.24,0.621,59.94
2026-02-19 07:30:00,56.11,2,114.38,0.808,59.94
2026-02-19 07:40:00,57.04,2,115.07,0.809,59.97
2026-02-19 07:50:00,57.31,2,116.16,0.802,59.94
2026-02-19 08:00:00,462.24,2,114.73,0.897,59.95
2026-02-19 08:10:00,858.78,2,111.78,0.99,59.96
2026-02-19 08:20:00,818.66,2,110.96,0.99,59.95
2026-02-19 08:30:00,834.01,2,112.61,0.99,59.96
2026-02-19 08:40:00,826.97,2,111.69,0.99,59.97
2026-02-19 08:50:00,857.88,2,112.55,0.99,59.96
2026-02-19 09:00:00,833.8,2,110.61,0.99,59.96
2026-02-19 09:10:00,828.17,2,110.62,0.99,59.98
2026-02-19 09:20:00,858.02,2,112.17,0.99,59.98
2026-02-19 09:30:00,855.31,2,113.02,0.99,59.98
2026-02-19 09:40:00,849.18,2,112.52,0.99,59.95
2026-02-19 09:50:00,851.25,2,112.99,0.99,59.95
2026-02-19 10:00:00,853.73,2,112.53,0.99,59.95
2026-02-19 10:10:00,848.52,2,113.09,0.99,59.94
2026-02-19 10:20:00,861.55,2,112.25,0.988,59.95
2026-02-19 10:30:00,917.87,2,111.28,0.976,59.94
2026-02-19 10:40:00,926.74,2,111.62,0.975,59.92
2026-02-19 10:50:00,883.222,2,111.167,0.983,59.944
2026-02-19 11:00:00,869.99,2,111.85,0.989,59.95
2026-02-19 11:10:00,883.9,2,109.97,0.979,59.93
2026-02-19 11:20:00,900.56,2,109.26,0.983,59.96
2026-02-19 11:30:00,996.36,2,108.93,0.967,59.94
2026-02-19 11:40:00,897.78,2,110.57,0.982,59.97
2026-02-19 11:50:00,828.356,2,111.078,0.99,59.967
2026-02-19 12:00:00,760.94,2,111.86,0.969,59.95
2026-02-19 12:10:00,107.53,2,113.07,0.763,59.95
2026-02-19 12:20:00,104.18,2,112.08,0.75,59.96
2026-02-19 12:30:00,106.71,2,110.76,0.757,59.96
2026-02-19 12:40:00,109.9,2,110.69,0.753,59.97
2026-02-19 12:50:00,108.975,2,112.888,0.741,59.925
2026-02-19 13:00:00,116.73,2,115.07,0.762,59.94
2026-02-19 13:10:00,100.54,2,114.83,0.744,59.97
2026-02-19 13:20:00,99.32,2,113.69,0.74,59.95
2026-02-19 13:30:00,93.962,2,115.562,0.725,59.962
2026-02-19 13:40:00,95.4,2,114.49,0.728,59.96
2026-02-19 13:50:00,91.52,2,112.5,0.723,59.97
2026-02-19 14:00:00,98.85,2,113.98,0.735,59.94
2026-02-19 14:10:00,107.54,2,114.2,0.746,59.97
2026-02-19 14:20:00,107.33,2,114.28,0.75,59.94
2026-02-19 14:30:00,760.3,2,112.68,0.965,59.95
2026-02-19 14:40:00,849.46,2,113.75,0.99,59.94
2026-02-19 14:50:00,842.09,2,113.33,0.99,59.94
2026-02-19 15:00:00,827.53,2,110.94,0.99,59.99
2026-02-19 15:10:00,841.38,2,111.39,0.99,59.99
2026-02-19 15:20:00,834.37,2,110.58,0.99,59.94
2026-02-19 15:30:00,852.2,2,112.04,0.99,59.93
2026-02-19 15:40:00,877.5,2,114.05,0.99,59.97
2026-02-19 15:50:00,850.725,2,111.95,0.99,59.95
2026-02-19 16:00:00,846.12,2,112.4,0.99,59.92
2026-02-19 16:10:00,827.14,2,112.25,0.99,59.95
2026-02-19 16:20:00,847.93,2,113.7,0.99,59.96
2026-02-19 16:30:00,844.08,2,113.46,0.991,59.95
2026-02-19 16:40:00,864.144,2,114.978,0.99,59.944
2026-02-19 16:50:00,832.511,2,112.822,0.99,59.922
2026-02-19 17:00:00,850.812,2,113.788,0.99,60.0
2026-02-19 17:10:00,859.71,2,114.35,0.99,59.97
2026-02-19 17:20:00,874.12,2,115.39,0.99,59.96
2026-02-19 17:30:00,869.65,2,115.32,0.99,59.92
2026-02-19 17:40:00,841.95,2,113.588,0.99,59.925
2026-02-19 17:50:00,878.84,2,112.86,0.989,59.97
2026-02-19 18:00:00,537.212,2,114.988,0.864,59.962
2026-02-19 18:10:00,152.17,2,116.56,0.741,59.92
2026-02-19 18:20:00,157.425,2,116.375,0.744,59.95
2026-02-19 18:30:00,157.02,2,114.66,0.756,59.97
2026-02-19 18:40:00,145.38,2,114.1,0.752,59.95
2026-02-19 18:50:00,181.32,2,112.96,0.79,59.98
2026-02-19 19:00:00,184.78,2,113.77,0.804,59.97
2026-02-19 19:10:00,181.5,2,115.12,0.807,59.99
2026-02-19 19:20:00,178.78,2,115.07,0.808,59.98
2026-02-19 19:30:00,207.13,2,113.58,0.805,59.95
2026-02-19 19:40:00,244.34,2,113.72,0.776,59.94
2026-02-19 19:50:00,251.49,2,115.48,0.827,59.93
2026-02-19 20:00:00,196.8,2,116.438,0.788,59.975
2026-02-19 20:10:00,214.36,2,116.54,0.787,59.96
2026-02-19 20:20:00,182.29,2,116.26,0.748,59.93
2026-02-19 20:30:00,200.57,2,115.36,0.758,59.95
2026-02-19 20:40:00,202.49,2,116.5,0.744,59.96
2026-02-19 20:50:00,208.78,2,115.76,0.765,59.97
2026-02-19 21:00:00,211.9,2,118.025,0.746,59.962
2026-02-19 21:10:00,136.76,2,118.06,0.724,59.97
2026-02-19 21:20:00,158.55,2,117.87,0.76,59.95
2026-02-19 21:30:00,170.88,2,118.76,0.798,59.94
2026-02-19 21:40:00,894.86,2,116.8,1.0,59.96
2026-02-19 21:50:00,869.66,2,115.39,1.0,59.95
2026-02-19 22:00:00,577.3,2,115.462,0.932,59.975
2026-02-19 22:10:00,89.18,2,116.83,0.775,59.93
2026-02-19 22:20:00,41.64,2,118.38,0.669,59.97
2026-02-19 22:30:00,23.15,2,119.2,0.518,59.95
2026-02-19 22:40:00,20.375,2,117.65,0.495,59.95
2026-02-19 22:50:00,22.48,2,117.49,0.504,59.94
2026-02-19 23:00:00,20.27,2,117.18,0.48,59.97
2026-02-19 23:10:00,20.3,2,116.9,0.485,59.94
2026-02-19 23:20:00,20.24,2,117.23,0.49,59.96
2026-02-19 23:30:00,20.362,2,118.525,0.489,59.925
2026-02-19 23:40:00,20.51,2,118.85,0.485,59.94
2026-02-19 23:50:00,20.34,2,118.81,0.484,59.97
2026-02-20 00:00:00,20.41,2,118.93,0.49,59.94
2026-02-20 00:10:00,20.36,2,118.55,0.49,59.94
2026-02-20 00:20:00,20.4,2,120.31,0.48,59.94
2026-02-20 00:30:00,20.34,2,118.92,0.481,59.97
2026-02-20 00:40:00,20.54,2,120.84,0.483,59.97
2026-02-20 00:50:00,20.46,2,120.07,0.481,59.93
2026-02-20 01:00:00,20.33,2,119.54,0.482,59.99
2026-02-20 01:10:00,20.17,2,117.39,0.489,59.99
2026-02-20 01:20:00,20.26,2,117.48,0.494,59.95
2026-02-20 01:30:00,20.04,2,117.94,0.49,59.96
2026-02-20 01:40:00,20.12,2,119.51,0.489,59.96
2026-02-20 01:50:00,20.68,2,120.55,0.481,59.98
2026-02-20 02:00:00,20.41,2,119.59,0.485,59.96
2026-02-20 02:10:00,20.2,2,118.28,0.495,59.94
2026-02-20 02:20:00,20.22,2,117.14,0.5,59.98
2026-02-20 02:30:00,20.26,2,117.72,0.496,59.93
2026-02-20 02:40:00,20.22,2,117.75,0.485,59.97
2026-02-20 02:50:00,22.54,2,120.45,0.5,59.9
2026-02-20 03:00:00,20.47,2,120.52,0.491,59.97
2026-02-20 03:10:00,20.26,2,118.61,0.491,59.95
2026-02-20 03:20:00,20.21,2,117.63,0.483,59.96
2026-02-20 03:30:00,30.26,2,117.91,0.56,59.96
2026-02-20 03:40:00,25.77,2,117.92,0.555,59.94
2026-02-20 03:50:00,25.85,2,118.53,0.559,59.98
2026-02-20 04:00:00,25.83,2,119.72,0.554,59.94
2026-02-20 04:10:00,25.98,2,120.27,0.545,59.93
2026-02-20 04:20:00,25.81,2,118.79,0.553,59.93
2026-02-20 04:30:00,25.72,2,117.39,0.563,59.94
2026-02-20 04:40:00,25.72,2,117.87,0.561,59.96
2026-02-20 04:50:00,26.9,2,117.29,0.557,59.94
2026-02-20 05:00:00,27.93,2,118.91,0.56,59.93
2026-02-20 05:10:00,25.775,2,118.275,0.552,59.938
2026-02-20 05:20:00,25.84,2,118.76,0.553,59.94
2026-02-20 05:30:00,25.65,2,115.78,0.555,59.96
2026-02-20 05:40:00,52.79,2,115.65,0.754,59.94
2026-02-20 05:50:00,50.09,2,115.2,0.786,59.97
2026-02-20 06:00:00,27.31,2,116.63,0.559,59.94
2026-02-20 06:10:00,20.21,2,117.29,0.5,59.96
2026-02-20 06:20:00,22.15,2,117.43,0.515,59.97
2026-02-20 06:30:00,20.32,2,118.1,0.49,59.96
2026-02-20 06:40:00,20.04,2,115.11,0.504,59.94
2026-02-20 06:50:00,20.03,2,114.24,0.506,59.96
2026-02-20 07:00:00,20.11,2,115.88,0.509,59.92
2026-02-20 07:10:00,20.2,2,116.26,0.504,59.95
2026-02-20 07:20:00,20.03,2,115.39,0.501,59.96
2026-02-20 07:30:00,20.1,2,116.93,0.501,59.98
2026-02-20 07:40:00,19.96,2,116.4,0.502,59.93
2026-02-20 07:50:00,19.65,2,117.33,0.502,59.99
2026-02-20 08:00:00,19.73,2,117.48,0.496,59.97
2026-02-20 08:10:00,19.48,2,114.42,0.501,59.92
2026-02-20 08:20:00,50.19,2,113.49,0.578,59.93
2026-02-20 08:30:00,385.53,2,112.04,0.821,59.96
2026-02-20 08:40:00,787.96,2,110.7,0.99,59.96
2026-02-20 08:50:00,833.0,2,111.84,0.99,59.94
2026-02-20 09:00:00,840.77,2,113.11,0.991,59.97
2026-02-20 09:10:00,852.38,2,113.51,0.99,59.97
2026-02-20 09:20:00,840.52,2,111.52,0.99,59.95
2026-02-20 09:30:00,845.79,2,111.72,0.99,59.96
2026-02-20 09:40:00,829.75,2,110.71,0.99,59.95
2026-02-20 09:50:00,784.72,2,107.27,0.99,59.96
2026-02-20 10:00:00,784.71,2,107.81,0.99,59.93
2026-02-20 10:10:00,820.75,2,110.72,0.99,59.95
2026-02-20 10:20:00,839.53,2,112.69,0.991,59.95
2026-02-20 10:30:00,824.15,2,111.69,0.99,60.0
2026-02-20 10:40:00,823.99,2,111.55,0.991,59.95
2026-02-20 10:50:00,831.556,2,112.144,0.99,59.978
2026-02-20 11:00:00,840.46,2,112.49,0.99,59.93
2026-02-20 11:10:00,850.89,2,110.86,0.99,59.96
2026-02-20 11:20:00,860.07,2,111.57,0.99,59.96
2026-02-20 11:30:00,838.54,2,110.44,0.99,59.95
2026-02-20 11:40:00,825.49,2,109.12,0.99,59.94
2026-02-20 11:50:00,829.613,2,109.8,0.99,59.95
2026-02-20 12:00:00,857.44,2,111.67,0.99,59.97
2026-02-20 12:10:00,864.47,2,111.91,0.99,59.98
2026-02-20 12:20:00,839.72,2,111.49,0.99,59.97
2026-02-20 12:30:00,864.28,2,113.78,0.991,59.97
2026-02-20 12:40:00,833.45,2,112.73,0.992,59.95
2026-02-20 12:50:00,813.26,2,111.01,0.991,59.94
2026-02-20 13:00:00,683.38,2,112.32,0.941,59.93
2026-02-20 13:10:00,109.25,2,117.58,0.752,59.95
2026-02-20 13:20:00,123.77,2,114.57,0.797,59.95
2026-02-20 13:30:00,125.7,2,115.39,0.8,59.97
2026-02-20 13:40:00,93.9,2,116.475,0.728,59.962
2026-02-20 13:50:00,92.01,2,116.3,0.722,59.93
2026-02-20 14:00:00,112.97,2,115.09,0.764,59.94
2026-02-20 14:10:00,100.88,2,114.13,0.731,59.97
2026-02-20 14:20:00,120.65,2,114.99,0.733,59.95
2026-02-20 14:30:00,114.5,2,114.52,0.735,59.95
2026-02-20 14:40:00,111.15,2,115.53,0.733,59.97
2026-02-20 14:50:00,110.71,2,115.86,0.736,59.95
2026-02-20 15:00:00,115.862,2,115.262,0.766,59.975
2026-02-20 15:10:00,111.41,2,112.61,0.75,59.91
2026-02-20 15:20:00,110.59,2,114.07,0.751,59.93
2026-02-20 15:30:00,131.912,2,113.85,0.792,60.0
2026-02-20 15:40:00,196.65,2,113.19,0.869,59.92
2026-02-20 15:50:00,197.83,2,114.27,0.87,59.97
2026-02-20 16:00:00,200.34,2,114.28,0.872,59.94
2026-02-20 16:10:00,201.68,2,115.53,0.871,59.97
2026-02-20 16:20:00,161.61,2,116.17,0.823,59.93
2026-02-20 16:30:00,134.81,2,114.28,0.797,59.95
2026-02-20 16:40:00,136.81,2,115.02,0.791,59.94
2026-02-20 16:50:00,188.49,2,115.06,0.786,59.95
2026-02-20 17:00:00,217.48,2,114.62,0.806,59.97
2026-02-20 17:10:00,169.84,2,116.4,0.804,59.93
2026-02-20 17:20:00,131.54,2,117.57,0.775,59.94
2026-02-20 17:30:00,131.6,2,114.12,0.776,59.93
2026-02-20 17:40:00,154.72,2,113.69,0.793,59.95
2026-02-20 17:50:00,135.43,2,116.15,0.739,59.96
2026-02-20 18:00:00,156.34,2,116.79,0.78,59.96
2026-02-20 18:10:00,61.6,2,116.99,0.607,59.97
2026-02-20 18:20:00,26.37,2,117.43,0.55,59.94
2026-02-20 18:30:00,26.05,2,114.99,0.548,59.98
2026-02-20 18:40:00,25.87,2,112.01,0.552,59.95
2026-02-20 18:50:00,49.76,2,115.54,0.647,59.96
2026-02-20 19:00:00,75.69,2,116.32,0.763,59.96
2026-02-20 19:10:00,74.95,2,115.288,0.764,59.938
2026-02-20 19:20:00,74.47,2,116.03,0.77,59.95
2026-02-20 19:30:00,74.61,2,116.21,0.77,59.94
2026-02-20 19:40:00,60.45,2,116.1,0.698,59.96
2026-02-20 19:50:00,35.42,2,116.5,0.599,59.98
2026-02-20 20:00:00,34.03,2,116.57,0.593,59.98
2026-02-20 20:10:00,39.075,2,116.075,0.617,59.962
2026-02-20 20:20:00,34.04,2,117.35,0.619,59.96
2026-02-20 20:30:00,35.51,2,116.97,0.621,59.98
2026-02-20 20:40:00,40.82,2,115.35,0.649,59.95
2026-02-20 20:50:00,106.25,2,116.12,0.815,59.94
2026-02-20 21:00:00,108.15,2,116.73,0.82,59.94
2026-02-20 21:10:00,110.14,2,117.71,0.82,59.97
2026-02-20 21:20:00,109.5,2,119.212,0.82,59.938
2026-02-20 21:30:00,108.98,2,118.39,0.82,59.97
2026-02-20 21:40:00,88.56,2,117.3,0.78,59.96
2026-02-20 21:50:00,76.71,2,116.35,0.746,59.94
2026-02-20 22:00:00,72.37,2,116.65,0.744,59.96
2026-02-20 22:10:00,69.65,2,116.87,0.74,59.94
2026-02-20 22:20:00,56.69,2,116.88,0.679,59.95
2026-02-20 22:30:00,22.88,2,117.25,0.513,59.97
2026-02-20 22:40:00,20.93,2,116.27,0.503,59.94
2026-02-20 22:50:00,20.91,2,115.91,0.5,59.94
2026-02-20 23:00:00,20.95,2,115.56,0.496,59.96
2026-02-20 23:10:00,19.93,2,116.72,0.481,59.98
2026-02-20 23:20:00,20.06,2,117.54,0.485,59.92
2026-02-20 23:30:00,19.88,2,119.15,0.483,59.95
2026-02-20 23:40:00,19.82,2,117.31,0.489,59.95
2026-02-20 23:50:00,19.94,2,118.79,0.483,59.95
2026-02-21 00:00:00,19.8,2,118.5,0.479,59.97
2026-02-21 00:10:00,19.83,2,118.77,0.481,59.97
2026-02-21 00:20:00,19.94,2,118.97,0.478,59.95
2026-02-21 00:30:00,19.84,2,117.78,0.472,59.95
2026-02-21 00:40:00,20.138,2,119.212,0.475,59.95
2026-02-21 00:50:00,20.13,2,118.4,0.49,59.96
2026-02-21 01:00:00,21.81,2,117.78,0.502,59.97
2026-02-21 01:10:00,25.75,2,116.17,0.534,59.97
2026-02-21 01:20:00,19.69,2,116.72,0.492,59.93
2026-02-21 01:30:00,19.74,2,117.26,0.491,59.94
2026-02-21 01:40:00,19.88,2,119.06,0.485,59.96
2026-02-21 01:50:00,19.88,2,119.1,0.481,59.97
2026-02-21 02:00:00,19.83,2,118.57,0.484,59.95
2026-02-21 02:10:00,22.13,2,117.83,0.509,59.98
2026-02-21 02:20:00,20.06,2,117.47,0.491,59.98
2026-02-21 02:30:00,19.76,2,117.61,0.49,59.95
2026-02-21 02:40:00,19.74,2,117.66,0.497,59.96
2026-02-21 02:50:00,19.9,2,119.56,0.493,59.96
2026-02-21 03:00:00,22.01,2,120.89,0.5,59.96
2026-02-21 03:10:00,19.79,2,118.66,0.482,59.93
2026-02-21 03:20:00,19.87,2,118.37,0.494,59.96
2026-02-21 03:30:00,23.6,2,118.2,0.538,59.94
2026-02-21 03:40:00,25.69,2,117.79,0.552,59.94
2026-02-21 03:50:00,25.5,2,117.53,0.549,59.98
2026-02-21 04:00:00,25.36,2,119.49,0.556,59.95
2026-02-21 04:10:00,25.38,2,119.51,0.552,59.98
2026-02-21 04:20:00,25.27,2,118.61,0.548,59.95
2026-02-21 04:30:00,25.23,2,116.67,0.561,59.93
2026-02-21 04:40:00,25.08,2,116.41,0.566,59.95
2026-02-21 04:50:00,25.19,2,117.71,0.558,59.92
2026-02-21 05:00:00,25.26,2,118.99,0.542,59.97
2026-02-21 05:10:00,25.688,2,119.388,0.554,59.962
2026-02-21 05:20:00,25.52,2,119.12,0.559,59.94
2026-02-21 05:30:00,25.24,2,117.85,0.552,59.96
2026-02-21 05:40:00,24.16,2,117.17,0.537,59.93
2026-02-21 05:50:00,19.76,2,117.73,0.489,59.95
2026-02-21 06:00:00,19.71,2,117.61,0.484,59.95
2026-02-21 06:10:00,19.88,2,118.19,0.482,59.93
2026-02-21 06:20:00,19.98,2,120.83,0.481,59.98
2026-02-21 06:30:00,20.01,2,120.01,0.483,59.96
2026-02-21 06:40:00,20.1,2,117.98,0.492,59.99
2026-02-21 06:50:00,20.06,2,118.07,0.487,59.96
2026-02-21 07:00:00,19.675,2,116.45,0.485,59.912
2026-02-21 07:10:00,19.7,2,117.84,0.491,59.96
2026-02-21 07:20:00,20.12,2,118.27,0.493,59.97
2026-02-21 07:30:00,19.79,2,118.01,0.49,59.94
2026-02-21 07:40:00,19.68,2,117.16,0.488,59.97
2026-02-21 07:50:00,19.66,2,115.12,0.498,59.99
2026-02-21 08:00:00,19.64,2,116.12,0.491,59.96
2026-02-21 08:10:00,19.73,2,117.46,0.486,59.95
2026-02-21 08:20:00,19.63,2,116.4,0.485,59.95
2026-02-21 08:30:00,19.75,2,116.81,0.481,59.96
2026-02-21 08:40:00,19.94,2,116.28,0.482,59.97
2026-02-21 08:50:00,20.11,2,116.4,0.497,59.95
2026-02-21 09:00:00,19.72,2,116.78,0.491,59.97
2026-02-21 09:10:00,19.58,2,116.46,0.494,59.95
2026-02-21 09:20:00,19.6,2,114.96,0.502,59.96
2026-02-21 09:30:00,19.55,2,114.19,0.507,59.97
2026-02-21 09:40:00,19.6,2,115.32,0.495,59.98
2026-02-21 09:50:00,19.65,2,116.7,0.49,59.95
2026-02-21 10:00:00,19.94,2,117.94,0.493,59.97
2026-02-21 10:10:00,19.76,2,115.63,0.496,59.95
2026-02-21 10:20:00,20.02,2,115.13,0.502,59.96
2026-02-21 10:30:00,19.51,2,113.56,0.51,59.97
2026-02-21 10:40:00,19.538,2,113.912,0.495,59.962
2026-02-21 10:50:00,19.39,2,113.1,0.498,59.94
2026-02-21 11:00:00,19.62,2,114.84,0.485,59.98
2026-02-21 11:10:00,19.55,2,114.17,0.489,59.95
2026-02-21 11:20:00,19.65,2,114.26,0.498,59.96
2026-02-21 11:30:00,19.47,2,113.22,0.494,59.94
2026-02-21 11:40:00,19.65,2,113.96,0.501,59.94
2026-02-21 11:50:00,19.86,2,113.78,0.505,59.93
2026-02-21 12:00:00,19.62,2,114.36,0.498,59.97
2026-02-21 12:10:00,19.81,2,117.29,0.487,59.98
2026-02-21 12:20:00,19.67,2,116.13,0.491,59.97
2026-02-21 12:30:00,19.575,2,114.438,0.49,59.95
2026-02-21 12:40:00,19.47,2,113.27,0.503,59.96
2026-02-21 12:50:00,19.57,2,113.93,0.487,59.94
2026-02-21 13:00:00,19.94,2,114.82,0.489,59.93
2026-02-21 13:10:00,19.96,2,116.17,0.482,59.94
2026-02-21 13:20:00,20.33,2,116.11,0.488,59.97
2026-02-21 13:30:00,19.85,2,117.48,0.48,59.95
2026-02-21 13:40:00,19.68,2,114.79,0.496,59.97
2026-02-21 13:50:00,19.7,2,115.44,0.483,59.97
2026-02-21 14:00:00,19.77,2,115.66,0.481,59.97
2026-02-21 14:10:00,19.81,2,116.15,0.478,59.96
2026-02-21 14:20:00,19.69,2,116.12,0.48,59.96
2026-02-21 14:30:00,19.84,2,115.57,0.494,59.96
2026-02-21 14:40:00,19.99,2,116.2,0.499,59.99
2026-02-21 14:50:00,20.09,2,116.61,0.494,59.97
2026-02-21 15:00:00,19.756,2,116.756,0.49,59.967
2026-02-21 15:10:00,19.73,2,114.75,0.487,59.98
2026-02-21 15:20:00,19.86,2,116.88,0.486,59.95
2026-02-21 15:30:00,19.82,2,116.69,0.484,59.92
2026-02-21 15:40:00,19.69,2,115.3,0.486,59.95
2026-02-21 15:50:00,19.75,2,115.16,0.491,59.97
2026-02-21 16:00:00,19.72,2,115.24,0.489,59.97
2026-02-21 16:10:00,19.89,2,115.31,0.494,59.95
2026-02-21 16:20:00,20.088,2,115.5,0.494,59.962
2026-02-21 16:30:00,19.95,2,118.175,0.482,59.962
2026-02-21 16:40:00,20.11,2,120.36,0.48,59.96
2026-02-21 16:50:00,19.91,2,117.75,0.487,59.98
2026-02-21 17:00:00,19.79,2,115.64,0.481,59.97
2026-02-21 17:10:00,19.688,2,115.138,0.498,59.975
2026-02-21 17:20:00,19.68,2,115.7,0.487,59.99
2026-02-21 17:30:00,19.86,2,116.35,0.47,59.98
2026-02-21 17:40:00,20.38,2,119.94,0.461,60.0
2026-02-21 17:50:00,103.28,2,119.77,0.608,59.96
2026-02-21 18:00:00,168.811,2,117.244,0.721,59.967
2026-02-21 18:10:00,177.19,2,115.39,0.752,59.97
2026-02-21 18:20:00,168.31,2,113.94,0.774,59.93
2026-02-21 18:30:00,160.52,2,114.28,0.769,59.96
2026-02-21 18:40:00,170.27,2,115.32,0.759,59.97
2026-02-21 18:50:00,168.61,2,116.55,0.769,59.96
2026-02-21 19:00:00,188.29,2,117.71,0.773,59.97
2026-02-21 19:10:00,189.97,2,116.58,0.769,59.93
2026-02-21 19:20:00,187.09,2,115.04,0.769,59.98
2026-02-21 19:30:00,192.225,2,115.862,0.768,59.975
2026-02-21 19:40:00,183.71,2,115.85,0.767,59.96
2026-02-21 19:50:00,163.28,2,116.49,0.734,59.96
2026-02-21 20:00:00,179.47,2,115.69,0.77,59.95
2026-02-21 20:10:00,162.3,2,115.35,0.765,59.93
2026-02-21 20:20:00,141.44,2,115.39,0.748,59.97
2026-02-21 20:30:00,151.73,2,115.87,0.732,59.94
2026-02-21 20:40:00,159.35,2,116.64,0.729,59.97
2026-02-21 20:50:00,185.79,2,116.61,0.731,59.96
2026-02-21 21:00:00,163.578,2,116.822,0.741,59.956
2026-02-21 21:10:00,141.92,2,116.6,0.743,59.98
2026-02-21 21:20:00,200.81,2,116.63,0.773,59.98
2026-02-21 21:30:00,838.87,2,114.21,1.0,59.94
2026-02-21 21:40:00,829.9,2,114.011,1.0,59.956
2026-02-21 21:50:00,843.962,2,115.225,1.0,59.962
2026-02-21 22:00:00,848.73,2,115.84,1.0,59.98
2026-02-21 22:10:00,676.05,2,116.27,0.96,59.95
2026-02-21 22:20:00,70.46,2,118.85,0.814,59.96
2026-02-21 22:30:00,51.1,2,118.16,0.717,59.96
2026-02-21 22:40:00,27.66,2,118.36,0.55,59.98
2026-02-21 22:50:00,22.36,2,117.67,0.5,59.95
2026-02-21 23:00:00,20.28,2,118.58,0.477,59.95
2026-02-21 23:10:00,20.35,2,118.74,0.475,59.93
2026-02-21 23:20:00,20.72,2,118.1,0.499,59.97
2026-02-21 23:30:00,20.71,2,118.68,0.493,59.96
2026-02-21 23:40:00,20.67,2,119.01,0.495,59.95
2026-02-21 23:50:00,20.98,2,119.23,0.494,59.96
2026-02-22 00:00:00,20.4,2,119.34,0.477,59.95
2026-02-22 00:10:00,20.39,2,118.0,0.489,59.93
2026-02-22 00:20:00,20.5,2,119.28,0.487,59.97
2026-02-22 00:30:00,20.31,2,117.73,0.491,59.98
2026-02-22 00:40:00,20.09,2,117.44,0.484,59.97
2026-02-22 00:50:00,20.62,2,117.21,0.494,59.96
2026-02-22 01:00:00,21.79,2,115.79,0.516,60.0
2026-02-22 01:10:00,20.45,2,116.04,0.501,59.94
2026-02-22 01:20:00,20.19,2,116.76,0.485,59.96
2026-02-22 01:30:00,22.12,2,120.25,0.491,59.97
2026-02-22 01:40:00,19.84,2,117.2,0.491,59.99
2026-02-22 01:50:00,19.9,2,118.09,0.481,59.96
2026-02-22 02:00:00,19.87,2,117.15,0.478,59.95
2026-02-22 02:10:00,21.88,2,117.75,0.495,59.96
2026-02-22 02:20:00,21.81,2,117.25,0.499,59.98
2026-02-22 02:30:00,28.16,2,117.41,0.554,59.96
2026-02-22 02:40:00,24.17,2,117.1,0.523,59.96
2026-02-22 02:50:00,20.36,2,118.63,0.48,59.94
2026-02-22 03:00:00,19.88,2,119.03,0.478,59.96
2026-02-22 03:10:00,19.82,2,117.29,0.488,59.97
2026-02-22 03:20:00,19.79,2,116.79,0.491,59.95
2026-02-22 03:30:00,23.64,2,118.18,0.521,59.97
2026-02-22 03:40:00,25.29,2,117.2,0.546,59.97
2026-02-22 03:50:00,25.27,2,117.04,0.56,59.93
2026-02-22 04:00:00,25.44,2,118.21,0.561,59.95
2026-02-22 04:10:00,25.44,2,118.29,0.552,59.95
2026-02-22 04:20:00,25.58,2,118.02,0.554,59.93
2026-02-22 04:30:00,25.22,2,117.57,0.559,59.96
2026-02-22 04:40:00,25.26,2,118.03,0.556,59.98
2026-02-22 04:50:00,25.24,2,117.75,0.55,59.94
2026-02-22 05:00:00,25.19,2,117.2,0.551,59.96
2026-02-22 05:10:00,25.18,2,116.89,0.56,59.95
2026-02-22 05:20:00,25.28,2,117.78,0.559,59.97
2026-02-22 05:30:00,25.27,2,117.82,0.546,59.99
2026-02-22 05:40:00,24.4,2,118.84,0.532,59.97
2026-02-22 05:50:00,20.09,2,117.82,0.488,59.95
2026-02-22 06:00:00,19.82,2,118.03,0.488,59.95
2026-02-22 06:10:00,19.73,2,116.49,0.492,59.95
2026-02-22 06:20:00,26.62,2,118.41,0.522,59.93
2026-02-22 06:30:00,54.76,2,118.98,0.683,59.94
2026-02-22 06:40:00,61.59,2,119.2,0.7,59.94
2026-02-22 06:50:00,60.12,2,118.55,0.702,59.97
2026-02-22 07:00:00,44.85,2,118.48,0.621,59.97
2026-02-22 07:10:00,19.93,2,118.38,0.495,59.99
2026-02-22 07:20:00,19.9,2,117.93,0.497,59.97
2026-02-22 07:30:00,19.54,2,117.04,0.489,59.98
2026-02-22 07:40:00,19.54,2,117.21,0.488,59.94
2026-02-22 07:50:00,19.54,2,116.16,0.498,59.95
2026-02-22 08:00:00,19.33,2,114.36,0.501,59.96
2026-02-22 08:10:00,19.08,2,111.31,0.511,59.99
2026-02-22 08:20:00,19.24,2,111.99,0.509,59.97
2026-02-22 08:30:00,19.39,2,113.57,0.51,59.97
2026-02-22 08:40:00,19.72,2,115.36,0.511,59.95
2026-02-22 08:50:00,19.7,2,114.8,0.508,59.96
2026-02-22 09:00:00,19.275,2,113.375,0.519,59.975
2026-02-22 09:10:00,19.41,2,114.81,0.511,59.94
2026-02-22 09:20:00,19.5,2,115.48,0.513,59.92
2026-02-22 09:30:00,19.45,2,114.18,0.511,59.95
2026-02-22 09:40:00,19.59,2,114.06,0.498,59.98
2026-02-22 09:50:00,19.55,2,115.475,0.496,59.988
2026-02-22 10:00:00,19.67,2,116.09,0.498,59.99
2026-02-22 10:10:00,19.733,2,116.611,0.506,59.956
2026-02-22 10:20:00,19.756,2,115.533,0.517,59.967
2026-02-22 10:30:00,26.12,2,114.81,0.549,59.95
2026-02-22 10:40:00,83.2,2,114.262,0.895,59.938
2026-02-22 10:50:00,81.51,2,114.4,0.887,59.98
2026-02-22 11:00:00,79.82,2,115.3,0.874,59.96
2026-02-22 11:10:00,81.22,2,115.6,0.886,59.97
2026-02-22 11:20:00,84.71,2,116.47,0.885,59.99
2026-02-22 11:30:00,87.08,2,117.16,0.835,59.96
2026-02-22 11:40:00,119.13,2,117.58,0.772,59.95
2026-02-22 11:50:00,189.775,2,115.7,0.668,59.95
2026-02-22 12:00:00,210.31,2,116.74,0.682,59.94
2026-02-22 12:10:00,158.54,2,116.62,0.748,59.97
2026-02-22 12:20:00,143.62,2,116.82,0.729,59.97
2026-02-22 12:30:00,117.18,2,115.5,0.701,59.94
2026-02-22 12:40:00,137.38,2,114.99,0.725,59.96
2026-02-22 12:50:00,153.556,2,114.789,0.698,59.967
2026-02-22 13:00:00,99.375,2,116.425,0.698,59.962
2026-02-22 13:10:00,117.162,2,116.888,0.732,59.975
2026-02-22 13:20:00,148.257,2,117.457,0.731,59.957
2026-02-22 13:30:00,252.944,2,117.467,0.708,59.922
2026-02-22 13:40:00,182.89,2,116.26,0.688,59.94
2026-02-22 13:50:00,78.11,2,116.51,0.64,59.96
2026-02-22 14:00:00,85.29,2,115.08,0.644,59.97
2026-02-22 14:10:00,80.54,2,115.67,0.638,59.97
2026-02-22 14:20:00,81.81,2,115.97,0.63,59.94
2026-02-22 14:30:00,82.72,2,117.74,0.654,59.93
2026-02-22 14:40:00,81.31,2,116.78,0.645,59.95
2026-02-22 14:50:00,105.46,2,118.4,0.72,59.95
2026-02-22 15:00:00,136.47,2,117.88,0.808,59.94
2026-02-22 15:10:00,134.65,2,115.65,0.809,59.93
2026-02-22 15:20:00,134.38,2,116.01,0.82,59.98
2026-02-22 15:30:00,132.51,2,114.98,0.82,60.0
2026-02-22 15:40:00,136.62,2,115.01,0.82,59.95
2026-02-22 15:50:00,138.49,2,114.22,0.813,59.97
2026-02-22 16:00:00,144.29,2,116.69,0.816,59.96
2026-02-22 16:10:00,140.06,2,116.4,0.818,59.95
2026-02-22 16:20:00,143.61,2,117.54,0.819,59.96
2026-02-22 16:30:00,145.738,2,117.275,0.814,59.925
2026-02-22 16:40:00,138.362,2,118.075,0.806,59.95
2026-02-22 16:50:00,137.1,2,118.9,0.816,59.97
2026-02-22 17:00:00,139.26,2,119.01,0.812,59.97
2026-02-22 17:10:00,139.27,2,118.49,0.819,59.99
2026-02-22 17:20:00,135.63,2,115.89,0.819,59.94
2026-02-22 17:30:00,135.72,2,116.72,0.82,59.94
2026-02-22 17:40:00,144.18,2,117.95,0.806,59.94
2026-02-22 17:50:00,142.83,2,117.05,0.795,59.97
2026-02-22 18:00:00,144.59,2,115.5,0.808,59.95
2026-02-22 18:10:00,190.12,2,116.83,0.855,59.94
2026-02-22 18:20:00,190.7,2,115.98,0.87,59.99
2026-02-22 18:30:00,187.01,2,117.18,0.869,59.94
2026-02-22 18:40:00,187.06,2,117.2,0.872,59.96
2026-02-22 18:50:00,136.089,2,115.422,0.793,59.978
2026-02-22 19:00:00,140.278,2,117.211,0.786,59.944
2026-02-22 19:10:00,165.76,2,116.45,0.7,59.99
2026-02-22 19:20:00,167.32,2,115.2,0.701,59.98
2026-02-22 19:30:00,157.833,2,117.944,0.792,59.944
2026-02-22 19:40:00,173.722,2,119.122,0.794,59.956
2026-02-22 19:50:00,173.162,2,117.3,0.8,59.938
2026-02-22 20:00:00,170.25,2,117.04,0.801,59.94
2026-02-22 20:10:00,170.92,2,118.08,0.793,59.96
2026-02-22 20:20:00,164.0,2,117.9,0.787,59.93
2026-02-22 20:30:00,152.15,2,118.8,0.768,59.96
2026-02-22 20:40:00,138.0,2,118.7,0.757,59.99
2026-02-22 20:50:00,132.81,2,117.32,0.758,59.97
2026-02-22 21:00:00,163.91,2,118.95,0.806,59.97
2026-02-22 21:10:00,161.02,2,118.69,0.807,59.95
2026-02-22 21:20:00,156.88,2,118.69,0.809,59.95
2026-02-22 21:30:00,153.96,2,120.24,0.811,59.93
2026-02-22 21:40:00,909.1,2,118.362,1.0,59.938
2026-02-22 21:50:00,885.817,2,117.7,1.0,59.933
2026-02-22 22:00:00,876.15,2,117.62,1.0,59.94
2026-02-22 22:10:00,399.37,2,119.46,0.85,59.95
2026-02-22 22:20:00,80.09,2,119.3,0.75,59.97
2026-02-22 22:30:00,75.82,2,118.35,0.744,59.95
2026-02-22 22:40:00,74.77,2,119.74,0.74,59.99
2026-02-22 22:50:00,67.73,2,119.41,0.727,59.99
2026-02-22 23:00:00,40.83,2,119.93,0.608,59.95
2026-02-22 23:10:00,19.77,2,119.05,0.492,59.95
2026-02-22 23:20:00,19.79,2,119.25,0.491,59.95
2026-02-22 23:30:00,19.783,2,118.933,0.485,60.0
2026-02-22 23:40:00,19.87,2,119.01,0.49,59.95
2026-02-22 23:50:00,19.83,2,119.9,0.49,59.94
2026-02-23 00:00:00,21.75,2,119.26,0.508,59.97
2026-02-23 00:10:00,21.44,2,120.91,0.497,59.96
2026-02-23 00:20:00,19.82,2,120.34,0.486,59.97
2026-02-23 00:30:00,19.78,2,117.53,0.501,59.97
2026-02-23 00:40:00,19.75,2,118.09,0.5,59.92
2026-02-23 00:50:00,19.71,2,117.39,0.492,59.95
2026-02-23 01:00:00,19.66,2,116.84,0.499,59.95
2026-02-23 01:10:00,19.76,2,118.14,0.493,59.96
2026-02-23 01:20:00,19.75,2,119.17,0.499,59.94
2026-02-23 01:30:00,19.78,2,118.83,0.502,59.94
2026-02-23 01:40:00,19.68,2,117.52,0.504,59.99
2026-02-23 01:50:00,19.74,2,117.78,0.501,59.98
2026-02-23 02:00:00,19.71,2,117.92,0.5,59.97
2026-02-23 02:10:00,19.8,2,117.94,0.5,59.98
2026-02-23 02:20:00,19.82,2,118.74,0.502,59.95
2026-02-23 02:30:00,19.738,2,118.45,0.498,59.938
2026-02-23 02:40:00,19.75,2,119.04,0.497,59.95
2026-02-23 02:50:00,19.67,2,117.84,0.5,59.94
2026-02-23 03:00:00,19.54,2,118.51,0.495,59.98
2026-02-23 03:10:00,19.67,2,118.35,0.498,59.94
2026-02-23 03:20:00,19.79,2,118.63,0.491,59.98
2026-02-23 03:30:00,23.44,2,118.93,0.537,59.96
2026-02-23 03:40:00,25.3,2,118.9,0.565,59.95
2026-02-23 03:50:00,25.24,2,118.94,0.563,59.93
2026-02-23 04:00:00,25.24,2,117.57,0.563,59.94
2026-02-23 04:10:00,29.21,2,117.76,0.58,59.95
2026-02-23 04:20:00,25.27,2,118.22,0.56,59.98
2026-02-23 04:30:00,25.2,2,117.26,0.562,59.94
2026-02-23 04:40:00,25.156,2,117.733,0.566,59.922
2026-02-23 04:50:00,25.11,2,118.27,0.56,59.96
2026-02-23 05:00:00,25.05,2,117.33,0.557,59.93
2026-02-23 05:10:00,25.12,2,115.16,0.56,59.95
2026-02-23 05:20:00,25.07,2,115.54,0.566,59.97
2026-02-23 05:30:00,25.11,2,115.32,0.566,59.96
2026-02-23 05:40:00,23.98,2,114.88,0.557,59.96
2026-02-23 05:50:00,19.63,2,115.47,0.498,59.97
2026-02-23 06:00:00,29.38,2,116.1,0.568,59.92
2026-02-23 06:10:00,40.225,2,116.738,0.63,59.95
2026-02-23 06:20:00,22.87,2,116.19,0.53,59.97
2026-02-23 06:30:00,19.81,2,117.83,0.506,59.97
2026-02-23 06:40:00,19.83,2,117.73,0.504,59.95
2026-02-23 06:50:00,20.11,2,116.31,0.505,59.95
2026-02-23 07:00:00,19.75,2,117.99,0.493,59.96
2026-02-23 07:10:00,21.72,2,117.38,0.519,59.96
2026-02-23 07:20:00,23.04,2,117.19,0.539,59.97
2026-02-23 07:30:00,22.75,2,117.06,0.527,59.96
2026-02-23 07:40:00,49.68,2,115.46,0.805,59.93
2026-02-23 07:50:00,49.62,2,117.97,0.802,59.97
2026-02-23 08:00:00,49.78,2,120.2,0.798,59.97
2026-02-23 08:10:00,49.59,2,117.99,0.8,59.94
2026-02-23 08:20:00,135.66,2,116.96,0.803,59.92
2026-02-23 08:30:00,127.69,2,116.07,0.755,59.99
2026-02-23 08:40:00,109.52,2,115.68,0.722,59.97
2026-02-23 08:50:00,147.21,2,117.47,0.784,59.98
2026-02-23 09:00:00,152.21,2,117.99,0.77,59.97
2026-02-23 09:10:00,141.8,2,116.833,0.76,59.978
2026-02-23 09:20:00,137.76,2,115.58,0.765,59.96
2026-02-23 09:30:00,147.67,2,114.24,0.782,59.97
2026-02-23 09:40:00,132.94,2,116.0,0.768,59.96
2026-02-23 09:50:00,120.54,2,115.43,0.773,59.92
2026-02-23 10:00:00,115.82,2,114.51,0.771,59.97
2026-02-23 10:10:00,114.6,2,113.08,0.777,59.95
2026-02-23 10:20:00,109.1,2,113.5,0.764,59.97
2026-02-23 10:30:00,108.4,2,112.77,0.767,59.94
2026-02-23 10:40:00,109.05,2,114.65,0.767,59.97
2026-02-23 10:50:00,108.63,2,114.28,0.768,59.96
2026-02-23 11:00:00,130.8,2,113.59,0.771,59.95
2026-02-23 11:10:00,109.23,2,112.73,0.758,59.95
2026-02-23 11:20:00,112.24,2,112.51,0.758,59.96
2026-02-23 11:30:00,113.943,2,112.486,0.77,59.971
2026-02-23 11:40:00,106.462,2,113.538,0.756,59.95
2026-02-23 11:50:00,110.15,2,113.75,0.756,59.98
2026-02-23 12:00:00,107.46,2,113.84,0.75,59.93
2026-02-23 12:10:00,111.5,2,113.29,0.771,59.96
2026-02-23 12:20:00,111.09,2,114.96,0.756,59.95
2026-02-23 12:30:00,111.05,2,115.02,0.742,59.93
2026-02-23 12:40:00,113.66,2,115.67,0.752,59.95
2026-02-23 12:50:00,108.51,2,114.86,0.748,59.96
2026-02-23 13:00:00,96.15,2,114.888,0.73,59.962
2026-02-23 13:10:00,96.47,2,116.29,0.737,59.96
2026-02-23 13:20:00,99.371,2,118.029,0.739,59.943
2026-02-23 13:30:00,93.02,2,116.69,0.732,59.94
2026-02-23 13:40:00,94.85,2,115.11,0.729,59.94
2026-02-23 13:50:00,99.23,2,114.95,0.74,59.9
2026-02-23 14:00:00,110.64,2,114.45,0.758,59.93
2026-02-23 14:10:00,114.4,2,114.662,0.769,59.975
2026-02-23 14:20:00,107.478,2,114.667,0.759,59.944
2026-02-23 14:30:00,103.15,2,114.31,0.754,59.96
2026-02-23 14:40:00,108.57,2,114.74,0.754,59.95
2026-02-23 14:50:00,107.55,2,113.64,0.751,59.97
2026-02-23 15:00:00,108.63,2,114.84,0.75,59.99
2026-02-23 15:10:00,111.543,2,113.729,0.759,59.929
2026-02-23 15:20:00,105.9,2,113.05,0.749,59.99
2026-02-23 15:30:00,114.47,2,114.39,0.763,59.94
2026-02-23 15:40:00,112.66,2,115.47,0.762,59.94
2026-02-23 15:50:00,104.03,2,115.63,0.75,59.96
2026-02-23 16:00:00,114.35,2,116.52,0.773,59.97
2026-02-23 16:10:00,111.05,2,116.79,0.761,59.94
2026-02-23 16:20:00,111.21,2,115.57,0.762,59.94
2026-02-23 16:30:00,111.42,2,115.16,0.762,59.95
2026-02-23 16:40:00,137.44,2,115.12,0.808,59.97
2026-02-23 16:50:00,170.08,2,116.65,0.834,59.96
2026-02-23 17:00:00,174.59,2,119.5,0.812,60.0
2026-02-23 17:10:00,173.06,2,119.63,0.812,59.94
2026-02-23 17:20:00,173.91,2,118.66,0.822,59.96
2026-02-23 17:30:00,172.09,2,117.31,0.82,59.98
2026-02-23 17:40:00,170.44,2,116.52,0.819,59.96
2026-02-23 17:50:00,166.522,2,115.044,0.814,59.978
2026-02-23 18:00:00,192.36,2,116.6,0.839,59.99
2026-02-23 18:10:00,177.633,2,118.2,0.822,59.933
2026-02-23 18:20:00,179.53,2,117.41,0.821,59.96
2026-02-23 18:30:00,155.88,2,115.52,0.784,59.96
2026-02-23 18:40:00,191.02,2,115.71,0.759,59.95
2026-02-23 18:50:00,206.022,2,117.733,0.751,59.944
2026-02-23 19:00:00,204.41,2,117.35,0.744,59.95
2026-02-23 19:10:00,214.56,2,117.68,0.748,59.95
2026-02-23 19:20:00,217.36,2,117.68,0.753,59.95
2026-02-23 19:30:00,208.41,2,117.63,0.753,59.95
2026-02-23 19:40:00,190.35,2,117.11,0.755,59.96
2026-02-23 19:50:00,188.89,2,117.21,0.76,59.98
2026-02-23 20:00:00,182.875,2,115.488,0.792,59.975
2026-02-23 20:10:00,155.59,2,115.9,0.79,59.94
2026-02-23 20:20:00,134.62,2,115.81,0.763,59.96
2026-02-23 20:30:00,124.822,2,114.389,0.74,59.956
2026-02-23 20:40:00,132.96,2,115.57,0.74,59.97
2026-02-23 20:50:00,136.62,2,117.4,0.728,59.98
2026-02-23 21:00:00,146.4,2,119.85,0.739,59.98
2026-02-23 21:10:00,132.25,2,114.02,0.746,59.96
2026-02-23 21:20:00,129.46,2,116.13,0.75,59.96
2026-02-23 21:30:00,132.29,2,115.18,0.751,59.94
2026-02-23 21:40:00,108.178,2,114.556,0.682,59.956
2026-02-23 21:50:00,102.389,2,115.711,0.686,59.944
2026-02-23 22:00:00,61.58,2,117.8,0.689,59.97
2026-02-23 22:10:00,42.0,2,119.188,0.668,59.975
2026-02-23 22:20:00,35.46,2,116.58,0.63,59.97
2026-02-23 22:30:00,27.033,2,118.033,0.559,59.933
2026-02-23 22:40:00,23.73,2,118.95,0.516,59.94
2026-02-23 22:50:00,20.13,2,116.57,0.501,59.94
2026-02-23 23:00:00,20.15,2,116.2,0.498,59.98
2026-02-23 23:10:00,20.7,2,117.29,0.5,59.96
2026-02-23 23:20:00,22.089,2,117.544,0.509,59.978
2026-02-23 23:30:00,26.088,2,117.025,0.545,59.962
2026-02-23 23:40:00,25.53,2,116.27,0.55,59.97
2026-02-23 23:50:00,23.98,2,115.81,0.538,59.96
2026-02-24 00:00:00,22.025,2,116.388,0.521,59.962
2026-02-24 00:10:00,20.48,2,116.61,0.505,59.95
2026-02-24 00:20:00,22.2,2,117.82,0.511,59.99
2026-02-24 00:30:00,24.38,2,117.52,0.535,59.96
2026-02-24 00:40:00,20.767,2,117.433,0.507,59.917
2026-02-24 00:50:00,21.9,2,117.03,0.517,59.95
2026-02-24 01:00:00,20.33,2,117.29,0.496,59.96
2026-02-24 01:10:00,20.27,2,117.03,0.501,59.94
2026-02-24 01:20:00,20.34,2,117.23,0.504,59.98
2026-02-24 01:30:00,20.31,2,118.56,0.504,59.99
2026-02-24 01:40:00,24.87,2,117.78,0.533,59.97
2026-02-24 01:50:00,20.52,2,117.82,0.495,59.96
2026-02-24 02:00:00,20.2,2,116.4,0.5,59.93
2026-02-24 02:10:00,20.45,2,117.15,0.503,59.94
2026-02-24 02:20:00,20.112,2,116.825,0.499,59.962
2026-02-24 02:30:00,19.956,2,117.344,0.491,59.944
2026-02-24 02:40:00,19.678,2,117.744,0.496,59.989
2026-02-24 02:50:00,19.8,2,118.07,0.5,59.96
2026-02-24 03:00:00,19.73,2,117.89,0.497,59.96
2026-02-24 03:10:00,19.64,2,116.74,0.494,59.93
2026-02-24 03:20:00,19.78,2,116.94,0.492,59.96
2026-02-24 03:30:00,23.9,2,117.02,0.54,59.95
2026-02-24 03:40:00,25.67,2,117.7,0.562,59.96
2026-02-24 03:50:00,25.74,2,118.04,0.558,59.96
2026-02-24 04:00:00,25.17,2,118.21,0.55,59.96
2026-02-24 04:10:00,25.15,2,117.54,0.559,59.94
2026-02-24 04:20:00,25.36,2,116.71,0.562,59.96
2026-02-24 04:30:00,25.222,2,116.078,0.561,59.933
2026-02-24 04:40:00,25.13,2,115.66,0.551,59.94
2026-02-24 04:50:00,25.2,2,117.28,0.554,59.96
2026-02-24 05:00:00,25.2,2,117.06,0.56,59.94
2026-02-24 05:10:00,25.51,2,115.55,0.56,59.95
2026-02-24 05:20:00,25.41,2,116.14,0.548,59.94
2026-02-24 05:30:00,25.26,2,115.72,0.544,59.95
2026-02-24 05:40:00,35.27,2,115.66,0.636,59.98
2026-02-24 05:50:00,49.8,2,114.1,0.79,59.95
2026-02-24 06:00:00,45.43,2,117.83,0.739,59.95
2026-02-24 06:10:00,126.82,2,116.69,0.745,59.93
2026-02-24 06:20:00,122.96,2,116.76,0.739,59.99
2026-02-24 06:30:00,111.48,2,117.46,0.736,59.98
2026-02-24 06:40:00,103.32,2,115.61,0.736,59.94
2026-02-24 06:50:00,101.49,2,115.9,0.731,59.93
2026-02-24 07:00:00,100.61,2,116.87,0.727,59.92
2026-02-24 07:10:00,100.51,2,119.16,0.732,59.96
2026-02-24 07:20:00,101.16,2,118.37,0.74,59.96
2026-02-24 07:30:00,87.3,2,118.04,0.696,59.93
2026-02-24 07:40:00,60.64,2,117.04,0.604,59.97
2026-02-24 07:50:00,88.38,2,117.48,0.732,59.98
2026-02-24 08:00:00,85.71,2,116.27,0.723,59.96
2026-02-24 08:10:00,86.633,2,115.433,0.736,59.956
2026-02-24 08:20:00,79.0,2,116.7,0.709,59.989
2026-02-24 08:30:00,74.05,2,115.25,0.622,59.95
2026-02-24 08:40:00,105.02,2,113.83,0.671,59.96
2026-02-24 08:50:00,109.82,2,114.43,0.691,59.97
2026-02-24 09:00:00,141.288,2,114.975,0.74,59.962
2026-02-24 09:10:00,122.45,2,114.94,0.745,59.99
2026-02-24 09:20:00,130.31,2,116.14,0.745,59.94
2026-02-24 09:30:00,117.66,2,114.18,0.726,59.97
2026-02-24 09:40:00,111.6,2,114.08,0.723,59.95
2026-02-24 09:50:00,110.32,2,114.45,0.729,59.94
2026-02-24 10:00:00,119.08,2,116.67,0.753,59.95
2026-02-24 10:10:00,106.56,2,114.43,0.719,59.94
2026-02-24 10:20:00,106.97,2,113.83,0.718,59.94
2026-02-24 10:30:00,117.6,2,112.1,0.748,59.92
2026-02-24 10:40:00,117.56,2,114.14,0.766,59.96
2026-02-24 10:50:00,108.84,2,114.73,0.738,59.97
2026-02-24 11:00:00,120.71,2,114.63,0.766,59.97
2026-02-24 11:10:00,125.99,2,114.93,0.772,59.97
2026-02-24 11:20:00,112.47,2,114.69,0.747,59.97
2026-02-24 11:30:00,113.4,2,114.79,0.751,59.97
2026-02-24 11:40:00,107.08,2,111.09,0.745,59.95
2026-02-24 11:50:00,108.638,2,111.562,0.749,59.975
2026-02-24 12:00:00,411.23,2,111.5,0.858,59.96
2026-02-24 12:10:00,850.5,2,113.35,0.99,59.96
2026-02-24 12:20:00,855.0,2,113.66,0.99,59.94
2026-02-24 12:30:00,842.22,2,112.8,0.99,59.96
2026-02-24 12:40:00,856.18,2,111.32,0.99,59.95
2026-02-24 12:50:00,849.94,2,110.69,0.99,59.96
2026-02-24 13:00:00,534.889,2,111.444,0.904,59.967
2026-02-24 13:10:00,144.744,2,115.889,0.801,59.956
2026-02-24 13:20:00,144.09,2,116.2,0.801,59.96
2026-02-24 13:30:00,156.7,2,114.911,0.809,59.922
2026-02-24 13:40:00,181.86,2,116.45,0.821,59.97
2026-02-24 13:50:00,471.17,2,115.69,0.885,59.96
2026-02-24 14:00:00,902.422,2,113.022,0.99,59.944
2026-02-24 14:10:00,899.375,2,114.2,0.99,59.938
2026-02-24 14:20:00,889.71,2,113.89,0.99,59.93
2026-02-24 14:30:00,894.72,2,114.1,0.99,59.98
2026-02-24 14:40:00,886.82,2,114.23,0.99,59.99
2026-02-24 14:50:00,866.538,2,114.288,0.99,59.975
2026-02-24 15:00:00,850.76,2,113.77,0.99,59.99
2026-02-24 15:10:00,741.325,2,112.5,0.956,59.938
2026-02-24 15:20:00,107.88,2,115.53,0.735,59.97
2026-02-24 15:30:00,111.97,2,115.21,0.74,59.93
2026-02-24 15:40:00,108.656,2,117.011,0.73,59.933
2026-02-24 15:50:00,114.06,2,117.01,0.738,59.98
2026-02-24 16:00:00,114.11,2,114.37,0.752,59.97
2026-02-24 16:10:00,102.82,2,114.42,0.727,59.94
2026-02-24 16:20:00,104.56,2,115.1,0.721,59.98
2026-02-24 16:30:00,119.067,2,114.456,0.748,59.933
2026-02-24 16:40:00,116.656,2,114.956,0.759,59.978
2026-02-24 16:50:00,113.94,2,115.9,0.751,59.98
2026-02-24 17:00:00,115.98,2,117.65,0.764,59.93
2026-02-24 17:10:00,102.833,2,118.333,0.739,59.956
2026-02-24 17:20:00,99.52,2,117.2,0.726,59.93
2026-02-24 17:30:00,103.289,2,116.744,0.72,59.978
2026-02-24 17:40:00,120.43,2,113.33,0.737,59.95
2026-02-24 17:50:00,120.7,2,113.3,0.734,59.98
2026-02-24 18:00:00,109.367,2,113.767,0.733,59.967
2026-02-24 18:10:00,118.32,2,113.46,0.726,59.95
2026-02-24 18:20:00,145.9,2,114.988,0.758,59.962
2026-02-24 18:30:00,106.86,2,115.67,0.666,59.97
2026-02-24 18:40:00,136.36,2,114.76,0.708,59.96
2026-02-24 18:50:00,174.51,2,114.59,0.756,59.95
2026-02-24 19:00:00,157.81,2,114.45,0.75,59.97
2026-02-24 19:10:00,171.422,2,114.567,0.75,59.944
2026-02-24 19:20:00,163.66,2,114.78,0.748,59.94
2026-02-24 19:30:00,159.538,2,115.212,0.754,59.962
2026-02-24 19:40:00,154.85,2,115.59,0.751,59.94
2026-02-24 19:50:00,161.32,2,114.69,0.755,59.96
2026-02-24 20:00:00,164.11,2,113.76,0.771,59.96
2026-02-24 20:10:00,166.12,2,114.1,0.776,59.98
2026-02-24 20:20:00,172.28,2,114.84,0.789,59.96
2026-02-24 20:30:00,159.962,2,115.875,0.781,59.925
2026-02-24 20:40:00,151.61,2,115.46,0.789,59.94
2026-02-24 20:50:00,146.13,2,115.14,0.784,59.94
2026-02-24 21:00:00,139.8,2,117.64,0.782,59.99
2026-02-24 21:10:00,127.8,2,116.28,0.748,59.98
2026-02-24 21:20:00,116.23,2,116.96,0.726,59.97
2026-02-24 21:30:00,118.61,2,118.38,0.726,59.95
2026-02-24 21:40:00,122.32,2,118.32,0.736,59.97
2026-02-24 21:50:00,96.71,2,116.85,0.741,59.96
2026-02-24 22:00:00,71.02,2,117.24,0.742,59.95
2026-02-24 22:10:00,69.03,2,115.98,0.74,59.94
2026-02-24 22:20:00,70.39,2,116.26,0.742,59.96
2026-02-24 22:30:00,50.78,2,118.11,0.664,59.96
2026-02-24 22:40:00,21.26,2,117.51,0.506,59.96
2026-02-24 22:50:00,21.511,2,117.289,0.501,59.944
2026-02-24 23:00:00,23.42,2,117.61,0.515,59.92
2026-02-24 23:10:00,21.41,2,117.17,0.506,59.97
2026-02-24 23:20:00,26.07,2,118.76,0.535,59.94
2026-02-24 23:30:00,21.52,2,117.94,0.498,59.96
2026-02-24 23:40:00,19.93,2,118.17,0.485,59.93
2026-02-24 23:50:00,20.62,2,118.52,0.502,59.92
2026-02-25 00:00:00,21.33,2,118.9,0.502,59.96
2026-02-25 00:10:00,22.7,2,118.65,0.512,59.99
2026-02-25 00:20:00,20.47,2,118.45,0.492,59.93
2026-02-25 00:30:00,19.78,2,118.0,0.49,59.92
2026-02-25 00:40:00,20.18,2,117.89,0.5,59.95
2026-02-25 00:50:00,19.95,2,118.98,0.493,59.97
2026-02-25 01:00:00,19.85,2,119.61,0.479,59.95
2026-02-25 01:10:00,19.97,2,119.38,0.477,59.96
2026-02-25 01:20:00,19.925,2,120.2,0.485,59.962
2026-02-25 01:30:00,19.83,2,119.05,0.493,59.96
2026-02-25 01:40:00,19.81,2,118.06,0.498,59.96
2026-02-25 01:50:00,19.93,2,118.66,0.491,59.95
2026-02-25 02:00:00,20.09,2,119.44,0.491,59.95
2026-02-25 02:10:00,20.45,2,119.31,0.5,59.95
2026-02-25 02:20:00,20.03,2,120.0,0.491,59.97
2026-02-25 02:30:00,19.86,2,119.49,0.484,59.95
2026-02-25 02:40:00,19.77,2,118.35,0.489,59.95
2026-02-25 02:50:00,19.85,2,119.34,0.491,59.92
2026-02-25 03:00:00,19.95,2,119.63,0.493,59.95
2026-02-25 03:10:00,27.86,2,118.65,0.555,59.92
2026-02-25 03:20:00,19.94,2,119.27,0.5,59.96
2026-02-25 03:30:00,28.62,2,119.83,0.574,59.96
2026-02-25 03:40:00,27.5,2,119.8,0.57,59.97
2026-02-25 03:50:00,25.49,2,118.37,0.551,59.94
2026-02-25 04:00:00,25.37,2,118.55,0.55,59.96
2026-02-25 04:10:00,25.23,2,118.51,0.552,59.93
2026-02-25 04:20:00,25.71,2,119.85,0.567,59.97
2026-02-25 04:30:00,27.089,2,120.422,0.571,59.956
2026-02-25 04:40:00,25.32,2,119.29,0.559,59.96
2026-02-25 04:50:00,25.21,2,118.29,0.562,59.95
2026-02-25 05:00:00,25.02,2,117.15,0.563,59.94
2026-02-25 05:10:00,25.44,2,117.47,0.552,59.95
2026-02-25 05:20:00,25.17,2,116.97,0.551,59.97
2026-02-25 05:30:00,28.27,2,116.16,0.567,59.93
2026-02-25 05:40:00,64.15,2,117.75,0.809,59.94
2026-02-25 05:50:00,59.43,2,117.73,0.806,59.99
2026-02-25 06:00:00,135.84,2,117.12,0.712,59.95
2026-02-25 06:10:00,24.72,2,116.51,0.543,59.93
2026-02-25 06:20:00,23.45,2,115.07,0.52,59.94
2026-02-25 06:30:00,19.64,2,115.76,0.49,59.98
2026-02-25 06:40:00,20.13,2,116.15,0.496,59.95
2026-02-25 06:50:00,19.86,2,117.19,0.491,59.95
2026-02-25 07:00:00,26.89,2,117.07,0.571,59.91
2026-02-25 07:10:00,19.74,2,116.13,0.49,59.96
2026-02-25 07:20:00,19.689,2,116.522,0.486,59.956
2026-02-25 07:30:00,19.74,2,115.62,0.497,59.98
2026-02-25 07:40:00,48.612,2,115.588,0.722,59.975
2026-02-25 07:50:00,57.289,2,114.978,0.801,59.944
2026-02-25 08:00:00,59.23,2,114.83,0.802,59.93
2026-02-25 08:10:00,129.23,2,116.07,0.768,59.97
2026-02-25 08:20:00,423.31,2,113.32,0.851,59.95
2026-02-25 08:30:00,860.59,2,110.94,0.99,59.95
2026-02-25 08:40:00,867.54,2,111.75,0.99,59.95
2026-02-25 08:50:00,882.31,2,112.6,0.99,59.94
2026-02-25 09:00:00,901.44,2,113.87,0.99,59.92
2026-02-25 09:10:00,888.69,2,113.18,0.99,59.96
2026-02-25 09:20:00,849.98,2,111.07,0.99,59.94
2026-02-25 09:30:00,853.48,2,111.43,0.99,59.96
2026-02-25 09:40:00,878.68,2,111.43,0.99,59.95
2026-02-25 09:50:00,882.5,2,111.57,0.99,59.94
2026-02-25 10:00:00,878.77,2,112.3,0.99,59.94
2026-02-25 10:10:00,845.69,2,110.88,0.99,59.97
2026-02-25 10:20:00,858.66,2,110.68,0.99,59.91
2026-02-25 10:30:00,868.42,2,110.26,0.99,59.96
2026-02-25 10:40:00,865.99,2,109.21,0.989,59.94
2026-02-25 10:50:00,843.41,2,108.82,0.99,59.97
2026-02-25 11:00:00,862.0,2,108.77,0.99,59.97
2026-02-25 11:10:00,836.84,2,106.96,0.99,59.97
2026-02-25 11:20:00,821.05,2,107.86,0.99,59.96
2026-02-25 11:30:00,818.77,2,106.83,0.989,59.92
2026-02-25 11:40:00,825.99,2,108.47,0.99,59.95
2026-02-25 11:50:00,826.38,2,108.95,0.99,59.96
2026-02-25 12:00:00,858.544,2,111.389,0.99,59.978
2026-02-25 12:10:00,850.44,2,111.41,0.991,59.96
2026-02-25 12:20:00,824.57,2,109.63,0.991,59.99
2026-02-25 12:30:00,219.94,2,114.4,0.835,59.98
2026-02-25 12:40:00,132.59,2,114.09,0.805,59.96
2026-02-25 12:50:00,126.91,2,111.51,0.793,59.99
2026-02-25 13:00:00,136.59,2,114.07,0.794,59.96
2026-02-25 13:10:00,147.0,2,115.62,0.783,59.96
2026-02-25 13:20:00,146.66,2,117.05,0.777,59.97
2026-02-25 13:30:00,148.34,2,114.48,0.772,59.94
2026-02-25 13:40:00,146.89,2,114.47,0.767,59.99
2026-02-25 13:50:00,130.5,2,112.17,0.745,59.97
2026-02-25 14:00:00,111.2,2,112.81,0.712,59.95
2026-02-25 14:10:00,832.97,2,112.02,0.986,59.94
2026-02-25 14:20:00,859.82,2,112.71,0.99,59.97
2026-02-25 14:30:00,874.75,2,113.13,0.99,59.93
2026-02-25 14:40:00,847.4,2,111.57,0.99,59.97
2026-02-25 14:50:00,859.65,2,110.34,0.988,59.95
2026-02-25 15:00:00,907.12,2,111.56,0.988,59.97
2026-02-25 15:10:00,900.01,2,111.72,0.988,59.94
2026-02-25 15:20:00,899.71,2,112.32,0.99,59.97
2026-02-25 15:30:00,902.71,2,112.41,0.99,59.95
2026-02-25 15:40:00,617.95,2,112.29,0.967,59.98
2026-02-25 15:50:00,537.49,2,112.21,0.968,59.99
2026-02-25 16:00:00,518.62,2,111.77,0.967,59.96
2026-02-25 16:10:00,521.01,2,112.43,0.966,59.97
2026-02-25 16:20:00,726.16,2,111.77,0.974,59.94
2026-02-25 16:30:00,1176.44,2,109.16,0.99,59.96
2026-02-25 16:40:00,1192.35,2,109.09,0.99,59.96
2026-02-25 16:50:00,1195.56,2,110.49,0.99,59.94
2026-02-25 17:00:00,1206.33,2,111.47,0.995,59.98
2026-02-25 17:10:00,1201.43,2,110.99,0.996,59.98
2026-02-25 17:20:00,1200.38,2,111.29,0.995,59.96
2026-02-25 17:30:00,1195.05,2,111.73,0.999,59.95
2026-02-25 17:40:00,1142.04,2,109.6,1.0,59.95
2026-02-25 17:50:00,1147.59,2,110.08,1.0,59.97
2026-02-25 18:00:00,1135.42,2,109.23,1.0,59.95
2026-02-25 18:10:00,707.05,2,113.37,0.986,59.91
2026-02-25 18:20:00,523.14,2,115.13,0.98,59.96
2026-02-25 18:30:00,555.33,2,115.36,0.969,59.92
2026-02-25 18:40:00,583.41,2,114.96,0.961,59.94
2026-02-25 18:50:00,609.6,2,114.55,0.959,59.94
2026-02-25 19:00:00,611.25,2,114.8,0.959,59.98
2026-02-25 19:10:00,556.73,2,113.34,0.944,59.97
2026-02-25 19:20:00,219.14,2,115.14,0.789,59.97
2026-02-25 19:30:00,207.74,2,117.71,0.759,59.96
2026-02-25 19:40:00,198.86,2,117.08,0.76,59.96
2026-02-25 19:50:00,197.37,2,117.33,0.761,59.94
2026-02-25 20:00:00,770.25,2,114.58,0.942,59.96
2026-02-25 20:10:00,891.03,2,115.06,0.99,59.94
2026-02-25 20:20:00,909.87,2,114.89,0.99,59.96
2026-02-25 20:30:00,942.43,2,115.67,0.99,59.96
2026-02-25 20:40:00,956.46,2,116.21,0.99,59.94
2026-02-25 20:50:00,951.18,2,115.86,0.99,59.95
2026-02-25 21:00:00,948.88,2,116.02,0.99,59.95
2026-02-25 21:10:00,949.21,2,114.76,0.989,59.95
2026-02-25 21:20:00,995.5,2,116.71,0.987,59.98
2026-02-25 21:30:00,969.18,2,117.46,0.99,59.96
2026-02-25 21:40:00,244.68,2,119.55,0.778,59.95
2026-02-25 21:50:00,161.69,2,117.8,0.76,59.95
2026-02-25 22:00:00,155.02,2,117.86,0.76,59.96
2026-02-25 22:10:00,154.78,2,117.11,0.763,59.97
2026-02-25 22:20:00,151.14,2,116.27,0.756,59.93
2026-02-25 22:30:00,144.57,2,116.58,0.763,59.96
2026-02-25 22:40:00,95.46,2,117.24,0.688,59.95
2026-02-25 22:50:00,90.5,2,117.111,0.684,59.978
2026-02-25 23:00:00,78.66,2,118.03,0.651,59.95
2026-02-25 23:10:00,79.74,2,118.52,0.664,59.97
2026-02-25 23:20:00,77.0,2,120.333,0.658,59.944
2026-02-25 23:30:00,29.73,2,117.97,0.595,59.95
2026-02-25 23:40:00,31.51,2,117.84,0.598,59.97
2026-02-25 23:50:00,24.44,2,117.46,0.531,59.97
2026-02-26 00:00:00,21.2,2,117.31,0.504,59.95
2026-02-26 00:10:00,21.77,2,118.2,0.503,59.95
2026-02-26 00:20:00,19.72,2,117.84,0.485,59.95
2026-02-26 00:30:00,25.47,2,119.23,0.533,59.97
2026-02-26 00:40:00,19.73,2,117.76,0.493,59.95
2026-02-26 00:50:00,19.68,2,117.95,0.49,59.95
2026-02-26 01:00:00,19.68,2,117.5,0.494,59.97
2026-02-26 01:10:00,19.76,2,118.08,0.496,59.92
2026-02-26 01:20:00,21.73,2,118.87,0.504,59.95
2026-02-26 01:30:00,19.89,2,119.62,0.48,59.93
2026-02-26 01:40:00,19.85,2,119.74,0.488,59.94
2026-02-26 01:50:00,19.73,2,118.63,0.492,59.97
2026-02-26 02:00:00,19.78,2,118.07,0.486,59.96
2026-02-26 02:10:00,19.67,2,118.33,0.489,59.96
2026-02-26 02:20:00,19.71,2,118.25,0.494,59.96
2026-02-26 02:30:00,19.77,2,118.55,0.491,59.95
2026-02-26 02:40:00,19.73,2,119.08,0.486,59.93
2026-02-26 02:50:00,19.86,2,119.57,0.49,59.95
2026-02-26 03:00:00,19.82,2,120.4,0.49,59.98
2026-02-26 03:10:00,19.8,2,119.05,0.488,59.93
2026-02-26 03:20:00,19.82,2,118.5,0.485,59.95
2026-02-26 03:30:00,19.456,2,118.333,0.492,59.933
2026-02-26 03:40:00,19.62,2,118.34,0.495,59.98
2026-02-26 03:50:00,19.82,2,119.77,0.483,59.97
2026-02-26 04:00:00,25.44,2,119.62,0.542,59.96
2026-02-26 04:10:00,25.4,2,119.7,0.552,59.94
2026-02-26 04:20:00,25.31,2,119.16,0.556,59.99
2026-02-26 04:30:00,25.39,2,118.24,0.555,59.94
2026-02-26 04:40:00,25.3,2,118.46,0.558,59.96
2026-02-26 04:50:00,25.3,2,117.64,0.554,59.94
2026-02-26 05:00:00,25.23,2,118.46,0.549,59.97
2026-02-26 05:10:00,25.22,2,117.85,0.545,59.94
2026-02-26 05:20:00,25.13,2,117.75,0.552,59.94
2026-02-26 05:30:00,27.18,2,116.37,0.57,59.96
2026-02-26 05:40:00,68.0,2,117.73,0.81,59.96
2026-02-26 05:50:00,64.73,2,115.56,0.81,59.97
2026-02-26 06:00:00,60.74,2,115.32,0.79,59.95
2026-02-26 06:10:00,37.28,2,116.49,0.649,59.93
2026-02-26 06:20:00,37.3,2,117.76,0.632,59.97
2026-02-26 06:30:00,35.35,2,118.22,0.63,59.95
2026-02-26 06:40:00,35.16,2,117.93,0.633,59.93
2026-02-26 06:50:00,34.54,2,116.93,0.637,59.95
2026-02-26 07:00:00,34.33,2,115.73,0.638,59.96
2026-02-26 07:10:00,31.4,2,116.16,0.612,59.95
2026-02-26 07:20:00,23.96,2,117.82,0.544,59.97
2026-02-26 07:30:00,24.02,2,120.96,0.537,59.99
2026-02-26 07:40:00,23.62,2,116.04,0.55,59.94
2026-02-26 07:50:00,23.36,2,113.18,0.556,59.97
2026-02-26 08:00:00,28.14,2,115.2,0.598,59.93
2026-02-26 08:10:00,28.58,2,115.92,0.593,59.97
2026-02-26 08:20:00,19.43,2,114.23,0.509,59.95
2026-02-26 08:30:00,49.67,2,115.34,0.801,59.97
2026-02-26 08:40:00,49.48,2,114.61,0.801,59.94
2026-02-26 08:50:00,49.49,2,113.67,0.804,59.97
2026-02-26 09:00:00,100.778,2,115.778,0.738,59.944
2026-02-26 09:10:00,138.14,2,115.63,0.761,59.96
2026-02-26 09:20:00,104.12,2,116.49,0.734,59.95
2026-02-26 09:30:00,136.922,2,116.911,0.753,59.978
2026-02-26 09:40:00,139.278,2,115.756,0.759,59.933
2026-02-26 09:50:00,134.7,2,114.56,0.751,59.96
2026-02-26 10:00:00,132.089,2,114.289,0.752,59.922
2026-02-26 10:10:00,141.225,2,116.525,0.786,59.962
2026-02-26 10:20:00,154.09,2,116.91,0.813,59.95
2026-02-26 10:30:00,150.089,2,115.844,0.814,59.933
2026-02-26 10:40:00,123.04,2,115.17,0.77,59.97
2026-02-26 10:50:00,113.89,2,114.92,0.757,59.97
2026-02-26 11:00:00,105.08,2,115.07,0.737,59.94
2026-02-26 11:10:00,99.0,2,114.57,0.732,59.93
2026-02-26 11:20:00,98.68,2,115.29,0.731,59.98
2026-02-26 11:30:00,98.54,2,113.81,0.741,59.94
2026-02-26 11:40:00,98.74,2,115.37,0.738,59.96
2026-02-26 11:50:00,108.87,2,114.82,0.758,59.94
2026-02-26 12:00:00,422.978,2,113.322,0.85,59.956
2026-02-26 12:10:00,839.85,2,112.8,0.99,59.95
2026-02-26 12:20:00,845.29,2,112.99,0.992,59.94
2026-02-26 12:30:00,884.75,2,115.87,0.99,59.96
2026-02-26 12:40:00,868.75,2,115.05,0.992,59.94
2026-02-26 12:50:00,855.17,2,114.04,0.99,59.96
2026-02-26 13:00:00,253.88,2,115.75,0.783,59.96
2026-02-26 13:10:00,98.71,2,117.09,0.72,59.95
2026-02-26 13:20:00,97.289,2,117.244,0.717,59.956
2026-02-26 13:30:00,94.61,2,116.73,0.72,59.95
2026-02-26 13:40:00,115.28,2,116.39,0.729,59.95
2026-02-26 13:50:00,106.13,2,116.85,0.721,59.98
2026-02-26 14:00:00,109.47,2,116.61,0.723,59.96
2026-02-26 14:10:00,101.7,2,115.43,0.727,59.96
2026-02-26 14:20:00,101.67,2,116.96,0.722,59.97
2026-02-26 14:30:00,134.02,2,116.13,0.786,59.98
2026-02-26 14:40:00,131.18,2,114.89,0.776,59.98
2026-02-26 14:50:00,103.57,2,115.84,0.722,59.95
2026-02-26 15:00:00,106.867,2,115.944,0.729,59.967
2026-02-26 15:10:00,101.68,2,113.05,0.712,59.95
2026-02-26 15:20:00,104.962,2,116.088,0.728,59.938
2026-02-26 15:30:00,107.37,2,117.27,0.738,59.95
2026-02-26 15:40:00,102.99,2,116.48,0.72,59.95
2026-02-26 15:50:00,104.84,2,113.9,0.727,59.97
2026-02-26 16:00:00,104.09,2,113.04,0.739,59.97
2026-02-26 16:10:00,103.489,2,114.167,0.728,59.922
2026-02-26 16:20:00,173.84,2,113.62,0.837,59.96
2026-02-26 16:30:00,186.13,2,114.88,0.848,59.94
2026-02-26 16:40:00,183.77,2,116.68,0.843,59.95
2026-02-26 16:50:00,178.911,2,115.689,0.837,59.956
2026-02-26 17:00:00,194.0,2,114.433,0.823,59.967
2026-02-26 17:10:00,184.722,2,115.589,0.838,59.967
2026-02-26 17:20:00,172.27,2,115.71,0.829,59.96
2026-02-26 17:30:00,175.589,2,114.211,0.833,59.944
2026-02-26 17:40:00,167.56,2,115.78,0.82,59.96
2026-02-26 17:50:00,167.99,2,116.27,0.813,59.98
2026-02-26 18:00:00,165.46,2,115.9,0.81,59.96
2026-02-26 18:10:00,166.36,2,115.04,0.828,59.97
2026-02-26 18:20:00,158.012,2,114.825,0.808,59.962
2026-02-26 18:30:00,156.083,2,116.817,0.792,59.95
2026-02-26 18:40:00,130.9,2,115.55,0.737,59.95
2026-02-26 18:50:00,115.2,2,116.04,0.704,59.96
2026-02-26 19:00:00,191.77,2,116.32,0.781,59.96
2026-02-26 19:10:00,243.01,2,115.78,0.796,59.97
2026-02-26 19:20:00,251.0,2,113.244,0.789,59.956
2026-02-26 19:30:00,246.78,2,114.57,0.785,59.97
2026-02-26 19:40:00,245.6,2,114.63,0.782,59.98
2026-02-26 19:50:00,250.36,2,115.74,0.788,59.94
2026-02-26 20:00:00,250.34,2,113.82,0.801,60.0
2026-02-26 20:10:00,255.89,2,116.64,0.782,59.95
2026-02-26 20:20:00,247.92,2,114.33,0.779,59.95
2026-02-26 20:30:00,250.98,2,114.1,0.777,59.97
2026-02-26 20:40:00,218.63,2,114.28,0.783,59.97
2026-02-26 20:50:00,182.222,2,115.711,0.791,59.967
2026-02-26 21:00:00,191.39,2,115.94,0.789,59.98
2026-02-26 21:10:00,189.38,2,117.61,0.79,59.98
2026-02-26 21:20:00,186.51,2,112.42,0.797,59.94
2026-02-26 21:30:00,184.88,2,115.39,0.798,59.96
2026-02-26 21:40:00,189.19,2,114.81,0.774,59.94
2026-02-26 21:50:00,169.15,2,117.1,0.758,59.962
2026-02-26 22:00:00,98.614,2,117.229,0.71,59.943
2026-02-26 22:10:00,44.34,2,118.08,0.673,59.97
2026-02-26 22:20:00,39.422,2,117.478,0.66,59.978
2026-02-26 22:30:00,31.322,2,117.144,0.599,59.978
2026-02-26 22:40:00,30.65,2,116.45,0.595,59.912
2026-02-26 22:50:00,30.97,2,115.87,0.602,59.95
2026-02-26 23:00:00,24.58,2,116.78,0.533,59.97
2026-02-26 23:10:00,25.522,2,117.322,0.537,59.967
2026-02-26 23:20:00,21.978,2,117.911,0.509,59.944
2026-02-26 23:30:00,21.46,2,117.1,0.5,59.96
2026-02-26 23:40:00,20.122,2,116.556,0.484,59.944
2026-02-26 23:50:00,21.53,2,116.97,0.504,59.98
2026-02-27 00:00:00,21.63,2,117.49,0.51,59.94
2026-02-27 00:10:00,19.856,2,117.489,0.494,59.978
2026-02-27 00:20:00,19.88,2,118.54,0.483,59.95
2026-02-27 00:30:00,19.95,2,119.78,0.478,59.97
2026-02-27 00:40:00,20.03,2,120.2,0.483,59.96
2026-02-27 00:50:00,19.83,2,118.34,0.489,59.95
2026-02-27 01:00:00,19.88,2,118.19,0.487,59.94
2026-02-27 01:10:00,19.95,2,118.8,0.483,59.95
2026-02-27 01:20:00,19.87,2,118.27,0.483,59.97
2026-02-27 01:30:00,20.411,2,118.556,0.492,59.933
2026-02-27 01:40:00,19.85,2,118.97,0.489,59.95
2026-02-27 01:50:00,19.94,2,119.51,0.485,59.96
2026-02-27 02:00:00,19.8,2,117.9,0.479,59.97
2026-02-27 02:10:00,19.91,2,118.91,0.479,59.95
2026-02-27 02:20:00,19.72,2,117.91,0.49,59.94
2026-02-27 02:30:00,19.81,2,117.58,0.492,59.96
2026-02-27 02:40:00,22.078,2,118.3,0.508,59.956
2026-02-27 02:50:00,19.85,2,119.07,0.48,59.95
2026-02-27 03:00:00,20.46,2,120.59,0.48,59.95
2026-02-27 03:10:00,19.87,2,118.96,0.49,59.96
2026-02-27 03:20:00,19.86,2,117.83,0.492,59.98
2026-02-27 03:30:00,19.612,2,118.9,0.481,59.975
2026-02-27 03:40:00,19.76,2,117.69,0.483,59.95
2026-02-27 03:50:00,19.87,2,118.22,0.485,59.96
2026-02-27 04:00:00,25.64,2,119.98,0.556,59.96
2026-02-27 04:10:00,25.44,2,119.44,0.55,59.98
2026-02-27 04:20:00,25.33,2,119.41,0.543,59.95
2026-02-27 04:30:00,25.88,2,118.22,0.544,59.97
2026-02-27 04:40:00,27.64,2,117.95,0.574,59.98
2026-02-27 04:50:00,27.9,2,116.89,0.578,59.95
2026-02-27 05:00:00,25.18,2,117.96,0.559,59.95
2026-02-27 05:10:00,25.19,2,116.87,0.548,59.94
2026-02-27 05:20:00,25.22,2,117.42,0.542,59.95
2026-02-27 05:30:00,30.822,2,116.856,0.593,59.944
2026-02-27 05:40:00,57.24,2,116.57,0.802,59.96
2026-02-27 05:50:00,56.38,2,115.57,0.8,59.94
2026-02-27 06:00:00,41.533,2,115.667,0.676,59.967
2026-02-27 06:10:00,25.16,2,115.6,0.558,59.95
2026-02-27 06:20:00,22.35,2,117.475,0.516,59.962
2026-02-27 06:30:00,24.94,2,117.44,0.546,59.94
2026-02-27 06:40:00,35.01,2,119.13,0.623,59.95
2026-02-27 06:50:00,95.37,2,115.76,0.672,59.95
2026-02-27 07:00:00,76.92,2,114.09,0.632,59.96
2026-02-27 07:10:00,72.21,2,116.5,0.627,59.96
2026-02-27 07:20:00,70.37,2,116.68,0.635,59.97
2026-02-27 07:30:00,67.612,2,115.275,0.634,59.962
2026-02-27 07:40:00,67.24,2,114.31,0.628,59.99
2026-02-27 07:50:00,66.79,2,112.61,0.624,59.96
2026-02-27 08:00:00,93.262,2,112.688,0.684,59.9
2026-02-27 08:10:00,108.08,2,113.43,0.726,59.99
2026-02-27 08:20:00,106.93,2,113.9,0.735,59.97
2026-02-27 08:30:00,105.92,2,114.36,0.726,59.97
2026-02-27 08:40:00,134.68,2,114.93,0.75,59.97
2026-02-27 08:50:00,141.475,2,113.162,0.745,59.938
2026-02-27 09:00:00,133.4,2,113.75,0.738,59.98
2026-02-27 09:10:00,127.76,2,112.7,0.737,59.94
2026-02-27 09:20:00,114.11,2,115.69,0.726,59.94
2026-02-27 09:30:00,103.57,2,112.79,0.75,59.97
2026-02-27 09:40:00,106.49,2,113.14,0.737,59.99
2026-02-27 09:50:00,106.96,2,111.91,0.732,59.93
2026-02-27 10:00:00,111.89,2,112.27,0.736,59.96
2026-02-27 10:10:00,107.444,2,112.289,0.726,59.944
2026-02-27 10:20:00,114.311,2,112.756,0.752,59.978
2026-02-27 10:30:00,107.91,2,111.74,0.741,59.95
2026-02-27 10:40:00,104.538,2,112.188,0.736,59.938
2026-02-27 10:50:00,110.81,2,111.23,0.755,59.95
2026-02-27 11:00:00,107.038,2,109.962,0.75,59.962
2026-02-27 11:10:00,109.64,2,110.95,0.762,59.94
2026-02-27 11:20:00,109.7,2,109.51,0.771,59.97
2026-02-27 11:30:00,113.54,2,110.16,0.771,59.95
2026-02-27 11:40:00,119.39,2,111.3,0.782,59.94
2026-02-27 11:50:00,116.55,2,111.088,0.774,59.962
2026-02-27 12:00:00,114.49,2,111.41,0.762,59.96
2026-02-27 12:10:00,113.967,2,111.633,0.751,59.967
2026-02-27 12:20:00,107.95,2,112.11,0.75,59.97
2026-02-27 12:30:00,104.68,2,110.93,0.741,59.94
2026-02-27 12:40:00,105.42,2,112.0,0.746,59.99
2026-02-27 12:50:00,97.76,2,113.43,0.731,59.95
2026-02-27 13:00:00,99.867,2,112.478,0.741,59.956
2026-02-27 13:10:00,97.7,2,112.94,0.728,59.96
2026-02-27 13:20:00,98.0,2,112.41,0.727,59.95
2026-02-27 13:30:00,95.77,2,114.3,0.717,59.94
2026-02-27 13:40:00,97.38,2,114.56,0.73,59.94
2026-02-27 13:50:00,104.79,2,113.5,0.743,59.96
2026-02-27 14:00:00,108.21,2,112.95,0.736,59.97
2026-02-27 14:10:00,105.743,2,112.471,0.736,59.957
2026-02-27 14:20:00,108.01,2,112.49,0.739,59.96
2026-02-27 14:30:00,103.32,2,112.87,0.728,59.99
2026-02-27 14:40:00,122.138,2,111.962,0.748,59.962
2026-02-27 14:50:00,122.5,2,112.02,0.754,59.97
2026-02-27 15:00:00,110.82,2,112.21,0.744,59.97
2026-02-27 15:10:00,104.98,2,113.98,0.724,59.97
2026-02-27 15:20:00,103.088,2,114.25,0.73,59.962
2026-02-27 15:30:00,104.456,2,113.9,0.719,59.989
2026-02-27 15:40:00,103.078,2,114.189,0.717,59.933
2026-02-27 15:50:00,99.72,2,113.0,0.717,59.96
2026-02-27 16:00:00,127.367,2,113.122,0.746,59.956
2026-02-27 16:10:00,114.95,2,114.57,0.748,59.98
2026-02-27 16:20:00,122.99,2,114.73,0.742,59.96
2026-02-27 16:30:00,117.375,2,114.262,0.742,59.962
2026-02-27 16:40:00,118.05,2,115.73,0.737,59.95
2026-02-27 16:50:00,122.37,2,116.06,0.725,59.95
2026-02-27 17:00:00,122.7,2,115.338,0.742,59.95
2026-02-27 17:10:00,163.18,2,114.11,0.781,59.95
2026-02-27 17:20:00,199.96,2,113.87,0.826,59.96
2026-02-27 17:30:00,186.162,2,114.725,0.819,59.962
2026-02-27 17:40:00,185.456,2,115.789,0.814,59.933
2026-02-27 17:50:00,147.2,2,116.0,0.795,59.962
2026-02-27 18:00:00,105.05,2,114.962,0.808,59.95
2026-02-27 18:10:00,95.58,2,113.89,0.811,59.94
2026-02-27 18:20:00,84.57,2,117.04,0.809,59.95
2026-02-27 18:30:00,83.278,2,111.567,0.802,59.956
2026-02-27 18:40:00,77.58,2,110.76,0.761,59.97
2026-02-27 18:50:00,95.588,2,113.5,0.734,59.975
2026-02-27 19:00:00,167.6,2,113.911,0.762,59.967
2026-02-27 19:10:00,89.7,2,115.47,0.789,59.97
2026-02-27 19:20:00,107.1,2,114.91,0.834,59.92
2026-02-27 19:30:00,94.2,2,115.53,0.785,59.95
2026-02-27 19:40:00,121.91,2,114.32,0.826,59.96
2026-02-27 19:50:00,94.91,2,115.09,0.773,59.95
2026-02-27 20:00:00,110.867,2,112.811,0.844,59.978
2026-02-27 20:10:00,112.175,2,115.912,0.754,59.95
2026-02-27 20:20:00,71.08,2,117.3,0.736,59.95
2026-02-27 20:30:00,76.42,2,115.65,0.736,59.98
2026-02-27 20:40:00,67.967,2,115.389,0.734,59.967
2026-02-27 20:50:00,105.933,2,116.022,0.819,59.944
2026-02-27 21:00:00,67.8,2,116.03,0.737,59.99
2026-02-27 21:10:00,67.37,2,115.76,0.739,59.95
2026-02-27 21:20:00,67.371,2,116.543,0.73,59.943
2026-02-27 21:30:00,82.45,2,118.038,0.77,59.975
2026-02-27 21:40:00,89.538,2,117.138,0.756,59.925
2026-02-27 21:50:00,84.033,2,116.722,0.756,59.933
2026-02-27 22:00:00,82.04,2,115.84,0.775,59.97
2026-02-27 22:10:00,71.05,2,115.72,0.749,59.96
2026-02-27 22:20:00,68.81,2,115.7,0.74,59.95
2026-02-27 22:30:00,70.45,2,118.23,0.736,59.97
2026-02-27 22:40:00,70.23,2,118.39,0.732,59.96
2026-02-27 22:50:00,42.05,2,120.39,0.666,59.93
2026-02-27 23:00:00,20.012,2,119.188,0.489,59.975
2026-02-27 23:10:00,19.85,2,117.84,0.492,59.95
2026-02-27 23:20:00,19.79,2,116.91,0.496,59.94
2026-02-27 23:30:00,19.89,2,117.02,0.499,59.98
2026-02-27 23:40:00,20.45,2,117.39,0.49,59.96
2026-02-27 23:50:00,20.025,2,117.238,0.482,59.975
2026-02-28 00:00:00,20.3,2,117.95,0.48,59.97
2026-02-28 00:10:00,19.95,2,118.7,0.481,59.94
2026-02-28 00:20:00,19.956,2,119.144,0.489,59.967
2026-02-28 00:30:00,19.96,2,119.01,0.496,59.93
2026-02-28 00:40:00,19.9,2,119.3,0.497,59.95
2026-02-28 00:50:00,19.889,2,119.133,0.493,59.967
2026-02-28 01:00:00,19.8,2,117.3,0.5,59.944
2026-02-28 01:10:00,19.89,2,117.75,0.49,59.95
2026-02-28 01:20:00,20.0,2,117.822,0.481,60.0
2026-02-28 01:30:00,20.18,2,117.04,0.495,59.94
2026-02-28 01:40:00,19.88,2,118.53,0.49,59.93
2026-02-28 01:50:00,19.86,2,119.25,0.488,59.97
2026-02-28 02:00:00,19.92,2,119.67,0.486,59.95
2026-02-28 02:10:00,19.86,2,118.66,0.486,59.95
2026-02-28 02:20:00,19.94,2,118.84,0.475,59.95
2026-02-28 02:30:00,19.89,2,118.01,0.482,59.99
2026-02-28 02:40:00,19.89,2,118.28,0.488,59.95
2026-02-28 02:50:00,19.99,2,118.32,0.492,59.96
2026-02-28 03:00:00,20.22,2,118.75,0.497,59.95
2026-02-28 03:10:00,19.96,2,119.09,0.489,59.94
2026-02-28 03:20:00,19.86,2,119.16,0.484,59.95
2026-02-28 03:30:00,19.89,2,119.82,0.484,59.97
2026-02-28 03:40:00,19.94,2,119.55,0.485,59.97
2026-02-28 03:50:00,19.64,2,117.97,0.483,59.98
2026-02-28 04:00:00,25.21,2,118.15,0.546,59.95
2026-02-28 04:10:00,25.371,2,118.229,0.55,59.971
2026-02-28 04:20:00,25.489,2,118.633,0.561,59.967
2026-02-28 04:30:00,25.68,2,118.99,0.565,59.95
2026-02-28 04:40:00,27.6,2,119.256,0.568,59.944
2026-02-28 04:50:00,25.39,2,119.97,0.545,59.93
2026-02-28 05:00:00,25.2,2,118.68,0.548,59.96
2026-02-28 05:10:00,25.21,2,117.68,0.556,59.95
2026-02-28 05:20:00,25.3,2,118.21,0.557,59.96
2026-02-28 05:30:00,25.28,2,117.09,0.558,59.94
2026-02-28 05:40:00,27.34,2,118.49,0.558,59.93
2026-02-28 05:50:00,27.55,2,118.39,0.574,59.97
2026-02-28 06:00:00,25.844,2,120.711,0.554,59.944
2026-02-28 06:10:00,32.11,2,120.57,0.583,59.96
2026-02-28 06:20:00,52.76,2,118.47,0.688,59.97
2026-02-28 06:30:00,52.37,2,117.11,0.686,59.98
2026-02-28 06:40:00,52.21,2,117.41,0.69,59.96
2026-02-28 06:50:00,52.12,2,115.25,0.687,59.99
2026-02-28 07:00:00,52.23,2,116.34,0.69,59.97
2026-02-28 07:10:00,52.15,2,116.78,0.68,59.95
2026-02-28 07:20:00,52.35,2,118.02,0.68,59.97
2026-02-28 07:30:00,39.63,2,118.21,0.608,59.98
2026-02-28 07:40:00,19.9,2,119.08,0.495,59.96
2026-02-28 07:50:00,19.49,2,114.04,0.499,59.96
2026-02-28 08:00:00,19.31,2,113.7,0.498,59.96
2026-02-28 08:10:00,34.15,2,114.96,0.569,59.97
2026-02-28 08:20:00,98.73,2,116.61,0.673,59.95
2026-02-28 08:30:00,100.34,2,116.29,0.715,59.95
2026-02-28 08:40:00,138.88,2,117.79,0.738,59.95
2026-02-28 08:50:00,118.95,2,117.13,0.707,59.97
2026-02-28 09:00:00,138.08,2,118.07,0.742,59.97
2026-02-28 09:10:00,117.12,2,115.63,0.706,59.99
2026-02-28 09:20:00,153.54,2,116.61,0.699,59.96
2026-02-28 09:30:00,81.83,2,116.44,0.638,59.97
2026-02-28 09:40:00,81.93,2,113.81,0.651,59.98
2026-02-28 09:50:00,82.76,2,115.54,0.647,59.96
2026-02-28 10:00:00,82.46,2,115.53,0.626,59.94
2026-02-28 10:10:00,88.86,2,115.89,0.645,59.95
2026-02-28 10:20:00,83.96,2,115.28,0.635,59.96
2026-02-28 10:30:00,104.938,2,114.575,0.669,59.975
2026-02-28 10:40:00,92.12,2,114.32,0.655,59.98
2026-02-28 10:50:00,82.81,2,114.29,0.64,59.95
2026-02-28 11:00:00,78.238,2,114.812,0.64,59.95
2026-02-28 11:10:00,76.8,2,114.11,0.648,59.94
2026-02-28 11:20:00,80.89,2,113.01,0.651,59.94
2026-02-28 11:30:00,79.371,2,113.714,0.65,59.971
2026-02-28 11:40:00,81.14,2,112.83,0.661,59.96
2026-02-28 11:50:00,78.71,2,113.62,0.66,59.96
2026-02-28 12:00:00,83.4,2,114.64,0.65,59.96
2026-02-28 12:10:00,81.51,2,113.79,0.634,59.95
2026-02-28 12:20:00,80.614,2,113.271,0.637,59.971
2026-02-28 12:30:00,61.362,2,113.275,0.602,59.975
2026-02-28 12:40:00,58.533,2,114.811,0.588,59.956
2026-02-28 12:50:00,58.59,2,114.16,0.599,59.95
2026-02-28 13:00:00,56.49,2,113.53,0.585,59.93
2026-02-28 13:10:00,56.8,2,114.2,0.579,59.96
2026-02-28 13:20:00,56.7,2,115.256,0.598,59.956
2026-02-28 13:30:00,56.06,2,114.36,0.593,59.97
2026-02-28 13:40:00,55.34,2,112.63,0.6,59.96
2026-02-28 13:50:00,55.14,2,114.44,0.595,59.95
2026-02-28 14:00:00,55.31,2,114.48,0.591,59.95
2026-02-28 14:10:00,55.19,2,115.66,0.588,59.99
2026-02-28 14:20:00,55.5,2,115.314,0.59,59.943
2026-02-28 14:30:00,55.322,2,114.144,0.593,59.978
2026-02-28 14:40:00,55.562,2,113.812,0.595,59.912
2026-02-28 14:50:00,56.15,2,114.39,0.592,59.94
2026-02-28 15:00:00,78.05,2,116.29,0.63,59.95
2026-02-28 15:10:00,92.444,2,115.122,0.651,59.922
2026-02-28 15:20:00,91.99,2,115.05,0.682,59.97
2026-02-28 15:30:00,92.04,2,114.11,0.676,59.97
2026-02-28 15:40:00,92.538,2,114.475,0.675,59.925
2026-02-28 15:50:00,92.233,2,114.917,0.667,59.967
2026-02-28 16:00:00,87.76,2,116.32,0.659,59.94
2026-02-28 16:10:00,77.744,2,115.611,0.641,59.967
2026-02-28 16:20:00,78.66,2,115.45,0.652,59.96
2026-02-28 16:30:00,81.89,2,118.01,0.636,59.93
2026-02-28 16:40:00,76.512,2,116.575,0.631,59.938
2026-02-28 16:50:00,139.7,2,115.34,0.797,59.98
2026-02-28 17:00:00,148.0,2,116.325,0.812,60.0
2026-02-28 17:10:00,122.325,2,115.962,0.765,59.925
2026-02-28 17:20:00,104.65,2,116.275,0.708,59.962
2026-02-28 17:30:00,87.078,2,117.7,0.629,59.967
2026-02-28 17:40:00,85.988,2,116.462,0.628,59.962
2026-02-28 17:50:00,85.689,2,114.789,0.627,59.956
2026-02-28 18:00:00,87.8,2,116.54,0.615,59.98
2026-02-28 18:10:00,96.45,2,116.038,0.642,59.938
2026-02-28 18:20:00,127.28,2,114.44,0.702,59.95
2026-02-28 18:30:00,175.72,2,114.77,0.764,59.95
2026-02-28 18:40:00,172.91,2,114.33,0.763,59.97
2026-02-28 18:50:00,164.42,2,115.18,0.772,59.94
2026-02-28 19:00:00,156.26,2,115.62,0.778,59.97
2026-02-28 19:10:00,154.05,2,115.68,0.778,59.97
2026-02-28 19:20:00,138.45,2,114.87,0.761,59.98
2026-02-28 19:30:00,141.01,2,116.21,0.762,59.95
2026-02-28 19:40:00,146.5,2,114.5,0.779,59.962
2026-02-28 19:50:00,147.38,2,115.94,0.78,59.98
2026-02-28 20:00:00,142.0,2,116.26,0.773,59.98
2026-02-28 20:10:00,132.36,2,117.73,0.722,59.97
2026-02-28 20:20:00,125.378,2,118.267,0.733,59.967
2026-02-28 20:30:00,125.55,2,117.99,0.74,59.99
2026-02-28 20:40:00,131.31,2,116.2,0.741,59.96
2026-02-28 20:50:00,141.989,2,115.067,0.75,59.956
2026-02-28 21:00:00,143.9,2,116.11,0.747,59.95
2026-02-28 21:10:00,140.5,2,117.26,0.744,59.98
2026-02-28 21:20:00,123.988,2,116.825,0.734,59.95
2026-02-28 21:30:00,115.79,2,117.83,0.726,59.93
2026-02-28 21:40:00,114.967,2,118.244,0.732,59.978
2026-02-28 21:50:00,117.57,2,119.07,0.726,59.97
2026-02-28 22:00:00,114.89,2,118.6,0.74,59.95
2026-02-28 22:10:00,122.23,2,118.22,0.746,59.95
2026-02-28 22:20:00,109.62,2,117.74,0.778,59.95
2026-02-28 22:30:00,67.64,2,117.29,0.666,59.94
2026-02-28 22:40:00,47.78,2,117.2,0.6,59.96
2026-02-28 22:50:00,48.15,2,117.85,0.597,59.97
2026-02-28 23:00:00,42.333,2,118.033,0.561,59.967
2026-02-28 23:10:00,42.322,2,118.444,0.564,59.933
2026-02-28 23:20:00,42.45,2,119.19,0.562,59.96
2026-02-28 23:30:00,42.456,2,120.233,0.56,59.944
2026-02-28 23:40:00,42.362,2,121.112,0.558,59.95
2026-02-28 23:50:00,42.67,2,119.38,0.542,59.95
2026-03-01 00:00:00,42.67,2,118.02,0.555,59.95
2026-03-01 00:10:00,42.35,2,118.22,0.552,59.95
2026-03-01 00:20:00,42.28,2,117.01,0.554,59.95
2026-03-01 00:30:00,42.41,2,117.49,0.558,59.96
2026-03-01 00:40:00,42.322,2,117.356,0.557,59.956
2026-03-01 00:50:00,42.32,2,117.93,0.558,59.94
2026-03-01 01:00:00,42.38,2,117.8,0.555,59.92
2026-03-01 01:10:00,42.36,2,117.88,0.551,59.97
2026-03-01 01:20:00,42.633,2,117.367,0.559,59.978
2026-03-01 01:30:00,42.8,2,118.744,0.56,59.944
2026-03-01 01:40:00,42.462,2,118.95,0.56,59.962
2026-03-01 01:50:00,42.456,2,119.133,0.562,59.978
2026-03-01 02:00:00,42.34,2,117.8,0.558,59.94
2026-03-01 02:10:00,42.34,2,117.74,0.543,59.95
2026-03-01 02:20:00,42.33,2,117.2,0.552,59.96
2026-03-01 02:30:00,42.37,2,117.19,0.548,59.95
2026-03-01 02:40:00,42.35,2,117.44,0.544,59.94
2026-03-01 02:50:00,42.56,2,117.72,0.55,59.93
2026-03-01 03:00:00,42.74,2,119.02,0.551,59.97
2026-03-01 03:10:00,42.4,2,118.81,0.55,59.96
2026-03-01 03:20:00,44.81,2,119.17,0.562,59.96
2026-03-01 03:30:00,43.1,2,119.45,0.554,59.96
2026-03-01 03:40:00,42.24,2,118.33,0.559,59.97
2026-03-01 03:50:00,42.19,2,117.3,0.559,59.95
2026-03-01 04:00:00,48.01,2,118.37,0.594,59.95
2026-03-01 04:10:00,47.84,2,117.81,0.592,59.96
2026-03-01 04:20:00,48.175,2,118.425,0.58,59.962
2026-03-01 04:30:00,48.12,2,117.75,0.589,59.96
2026-03-01 04:40:00,47.82,2,117.75,0.588,59.96
2026-03-01 04:50:00,47.833,2,118.8,0.59,59.989
2026-03-01 05:00:00,47.79,2,119.12,0.589,59.96
2026-03-01 05:10:00,47.81,2,118.89,0.594,59.95
2026-03-01 05:20:00,47.85,2,118.61,0.586,59.95
2026-03-01 05:30:00,47.89,2,118.07,0.59,59.96
2026-03-01 05:40:00,47.79,2,117.84,0.59,59.96
2026-03-01 05:50:00,48.01,2,117.46,0.592,59.99
2026-03-01 06:00:00,50.15,2,117.86,0.603,59.96
2026-03-01 06:10:00,54.45,2,118.65,0.612,59.94
2026-03-01 06:20:00,42.34,2,117.95,0.562,59.95
2026-03-01 06:30:00,49.28,2,119.86,0.595,59.95
2026-03-01 06:40:00,80.72,2,118.54,0.691,59.94
2026-03-01 06:50:00,83.0,2,119.17,0.708,59.97
2026-03-01 07:00:00,61.02,2,117.72,0.663,59.96
2026-03-01 07:10:00,19.84,2,118.46,0.491,59.96
2026-03-01 07:20:00,20.033,2,117.2,0.506,59.944
2026-03-01 07:30:00,20.122,2,118.033,0.51,59.967
2026-03-01 07:40:00,19.871,2,117.757,0.504,59.971
2026-03-01 07:50:00,19.81,2,117.54,0.5,59.94
2026-03-01 08:00:00,19.844,2,117.511,0.497,59.956
2026-03-01 08:10:00,19.71,2,116.25,0.502,59.99
2026-03-01 08:20:00,20.14,2,115.7,0.506,59.97
2026-03-01 08:30:00,95.52,2,114.57,0.676,59.95
2026-03-01 08:40:00,74.62,2,113.76,0.615,59.97
2026-03-01 08:50:00,83.367,2,114.622,0.67,59.989
2026-03-01 09:00:00,115.19,2,115.59,0.659,59.93
2026-03-01 09:10:00,81.69,2,114.61,0.619,59.96
2026-03-01 09:20:00,134.77,2,112.5,0.616,59.96
2026-03-01 09:30:00,168.56,2,113.3,0.667,59.97
2026-03-01 09:40:00,203.889,2,113.667,0.671,59.978
2026-03-01 09:50:00,214.24,2,112.81,0.625,59.96
2026-03-01 10:00:00,189.44,2,115.22,0.634,59.95
2026-03-01 10:10:00,125.23,2,117.82,0.675,59.94
2026-03-01 10:20:00,105.15,2,116.31,0.654,59.94
2026-03-01 10:30:00,141.89,2,116.48,0.654,59.96
2026-03-01 10:40:00,162.91,2,113.1,0.759,59.96
2026-03-01 10:50:00,128.05,2,112.31,0.698,59.96
2026-03-01 11:00:00,137.53,2,115.22,0.665,59.94
2026-03-01 11:10:00,136.63,2,115.92,0.745,59.97
2026-03-01 11:20:00,178.856,2,115.467,0.694,59.989
2026-03-01 11:30:00,197.96,2,115.3,0.666,59.95
2026-03-01 11:40:00,135.4,2,115.033,0.66,59.95
2026-03-01 11:50:00,58.9,2,114.64,0.588,59.97
2026-03-01 12:00:00,58.475,2,112.75,0.582,59.962
2026-03-01 12:10:00,58.35,2,115.13,0.583,59.96
2026-03-01 12:20:00,59.65,2,115.012,0.586,59.975
2026-03-01 12:30:00,194.5,2,113.95,0.803,59.98
2026-03-01 12:40:00,195.3,2,112.7,0.814,59.96
2026-03-01 12:50:00,194.32,2,114.46,0.802,59.96
2026-03-01 13:00:00,180.15,2,113.56,0.785,59.94
2026-03-01 13:10:00,174.48,2,113.03,0.783,59.98
2026-03-01 13:20:00,207.84,2,114.72,0.885,59.94
2026-03-01 13:30:00,63.822,2,113.1,0.633,59.967
2026-03-01 13:40:00,96.11,2,116.45,0.669,59.95
2026-03-01 13:50:00,199.58,2,117.02,0.797,59.97
2026-03-01 14:00:00,183.2,2,115.54,0.78,59.96
2026-03-01 14:10:00,178.47,2,115.95,0.77,59.95
2026-03-01 14:20:00,175.27,2,115.55,0.766,59.94
2026-03-01 14:30:00,178.14,2,115.93,0.769,59.98
2026-03-01 14:40:00,189.51,2,115.46,0.783,59.96
2026-03-01 14:50:00,201.98,2,116.19,0.789,59.96
2026-03-01 15:00:00,226.31,2,115.5,0.817,59.98
2026-03-01 15:10:00,209.33,2,114.73,0.797,59.94
2026-03-01 15:20:00,198.65,2,116.04,0.783,59.95
2026-03-01 15:30:00,198.325,2,115.788,0.789,59.938
2026-03-01 15:40:00,200.63,2,115.87,0.793,59.97
2026-03-01 15:50:00,198.367,2,117.711,0.776,59.989
2026-03-01 16:00:00,198.133,2,114.022,0.798,59.967
2026-03-01 16:10:00,201.76,2,114.54,0.802,59.94
2026-03-01 16:20:00,196.74,2,115.64,0.786,59.94
2026-03-01 16:30:00,189.53,2,114.66,0.778,59.97
2026-03-01 16:40:00,197.66,2,114.17,0.788,59.98
2026-03-01 16:50:00,241.46,2,115.45,0.827,59.91
2026-03-01 17:00:00,276.38,2,116.04,0.859,59.97
2026-03-01 17:10:00,263.822,2,116.211,0.844,59.944
2026-03-01 17:20:00,252.28,2,116.61,0.832,59.97
2026-03-01 17:30:00,240.34,2,117.25,0.814,59.97
2026-03-01 17:40:00,178.9,2,117.8,0.754,59.94
2026-03-01 17:50:00,177.83,2,118.07,0.751,59.95
2026-03-01 18:00:00,183.74,2,117.35,0.774,59.96
2026-03-01 18:10:00,203.656,2,116.822,0.829,59.956
2026-03-01 18:20:00,201.09,2,114.84,0.837,59.95
2026-03-01 18:30:00,199.45,2,114.03,0.839,59.94
2026-03-01 18:40:00,225.19,2,114.24,0.859,59.96
2026-03-01 18:50:00,268.81,2,116.58,0.882,59.96
2026-03-01 19:00:00,246.633,2,116.2,0.873,59.967
2026-03-01 19:10:00,245.667,2,115.744,0.874,59.956
2026-03-01 19:20:00,305.47,2,116.87,0.934,59.96
2026-03-01 19:30:00,198.91,2,115.32,0.857,59.98
2026-03-01 19:40:00,190.2,2,118.38,0.829,59.98
2026-03-01 19:50:00,300.978,2,115.256,0.9,59.956
2026-03-01 20:00:00,277.75,2,115.04,0.888,59.96
2026-03-01 20:10:00,235.58,2,110.29,0.868,59.95
2026-03-01 20:20:00,233.38,2,112.17,0.852,59.97
2026-03-01 20:30:00,253.933,2,117.056,0.857,59.978
2026-03-01 20:40:00,262.111,2,117.911,0.86,59.944
2026-03-01 20:50:00,258.983,2,116.633,0.86,59.933
2026-03-01 21:00:00,253.03,2,117.85,0.848,59.95
2026-03-01 21:10:00,243.967,2,116.178,0.851,59.956
2026-03-01 21:20:00,247.7,2,117.062,0.851,59.962
2026-03-01 21:30:00,240.74,2,116.88,0.848,59.94
2026-03-01 21:40:00,181.34,2,117.29,0.799,59.94
2026-03-01 21:50:00,184.6,2,119.65,0.787,59.97
2026-03-01 22:00:00,184.79,2,119.78,0.788,59.97
2026-03-01 22:10:00,182.41,2,118.3,0.795,59.99
2026-03-01 22:20:00,180.011,2,116.333,0.803,59.978
2026-03-01 22:30:00,184.34,2,118.68,0.794,59.95
2026-03-01 22:40:00,171.23,2,117.15,0.768,59.95
2026-03-01 22:50:00,153.611,2,118.822,0.712,59.978
2026-03-01 23:00:00,140.93,2,118.42,0.675,59.93
2026-03-01 23:10:00,132.24,2,119.54,0.638,59.94
2026-03-01 23:20:00,131.667,2,119.311,0.639,59.956
2026-03-01 23:30:00,134.35,2,119.87,0.641,59.95
2026-03-01 23:40:00,133.07,2,118.77,0.649,59.95
2026-03-01 23:50:00,134.68,2,120.03,0.645,59.97
2026-03-02 00:00:00,132.77,2,120.0,0.636,59.94
2026-03-02 00:10:00,133.43,2,119.69,0.643,59.96
2026-03-02 00:20:00,134.93,2,119.09,0.654,59.96
2026-03-02 00:30:00,131.4,2,120.14,0.63,59.96
2026-03-02 00:40:00,129.92,2,118.69,0.639,59.98
2026-03-02 00:50:00,130.34,2,119.2,0.637,59.98
2026-03-02 01:00:00,129.6,2,118.85,0.638,59.95
2026-03-02 01:10:00,130.31,2,119.22,0.636,59.92
2026-03-02 01:20:00,188.17,2,117.39,0.92,59.97
2026-03-02 01:30:00,114.3,2,117.712,0.791,59.95
2026-03-02 01:40:00,56.94,2,118.35,0.622,59.94
2026-03-02 01:50:00,160.05,2,117.56,0.728,59.97
2026-03-02 02:00:00,142.17,2,117.89,0.681,59.97
2026-03-02 02:10:00,136.76,2,118.69,0.661,59.94
2026-03-02 02:20:00,134.71,2,119.34,0.65,59.96
2026-03-02 02:30:00,132.82,2,119.31,0.645,59.97
2026-03-02 02:40:00,131.65,2,118.54,0.646,59.95
2026-03-02 02:50:00,131.13,2,118.48,0.645,59.96
2026-03-02 03:00:00,131.4,2,119.66,0.638,59.94
2026-03-02 03:10:00,128.744,2,116.978,0.651,59.967
2026-03-02 03:20:00,128.85,2,117.64,0.645,59.94
2026-03-02 03:30:00,128.71,2,117.99,0.643,59.95
2026-03-02 03:40:00,129.36,2,118.96,0.636,59.96
2026-03-02 03:50:00,128.72,2,118.38,0.639,59.95
2026-03-02 04:00:00,134.986,2,119.229,0.66,59.971
2026-03-02 04:10:00,132.612,2,116.712,0.675,59.962
2026-03-02 04:20:00,132.75,2,116.65,0.674,59.98
2026-03-02 04:30:00,132.37,2,116.55,0.673,59.94
2026-03-02 04:40:00,133.12,2,117.86,0.666,59.96
2026-03-02 04:50:00,133.5,2,116.06,0.682,59.96
2026-03-02 05:00:00,134.322,2,118.178,0.667,59.978
2026-03-02 05:10:00,131.85,2,116.68,0.673,59.93
2026-03-02 05:20:00,132.38,2,117.0,0.671,59.95
2026-03-02 05:30:00,130.91,2,115.81,0.676,59.94
2026-03-02 05:40:00,160.06,2,115.01,0.756,59.95
2026-03-02 05:50:00,160.17,2,114.55,0.758,59.95
2026-03-02 06:00:00,244.99,2,115.12,0.773,59.95
2026-03-02 06:10:00,131.38,2,117.07,0.666,59.96
2026-03-02 06:20:00,130.144,2,116.778,0.658,59.967
2026-03-02 06:30:00,125.63,2,117.07,0.639,59.93
2026-03-02 06:40:00,140.59,2,116.96,0.678,59.96
2026-03-02 06:50:00,156.41,2,117.54,0.718,59.93
2026-03-02 07:00:00,154.067,2,115.8,0.728,59.956
2026-03-02 07:10:00,154.67,2,116.31,0.725,59.96
2026-03-02 07:20:00,182.789,2,115.478,0.914,59.956
2026-03-02 07:30:00,92.57,2,115.13,0.75,59.99
2026-03-02 07:40:00,56.52,2,116.44,0.632,59.94
2026-03-02 07:50:00,155.13,2,114.68,0.732,59.94
2026-03-02 08:00:00,137.79,2,115.71,0.686,59.95
2026-03-02 08:10:00,130.29,2,113.73,0.68,59.98
2026-03-02 08:20:00,128.7,2,114.79,0.666,59.98
2026-03-02 08:30:00,126.94,2,114.54,0.665,59.96
2026-03-02 08:40:00,210.59,2,114.07,0.775,59.97
2026-03-02 08:50:00,265.58,2,113.78,0.857,59.94
2026-03-02 09:00:00,237.3,2,113.812,0.829,60.0
2026-03-02 09:10:00,238.55,2,111.79,0.836,59.96
2026-03-02 09:20:00,232.9,2,112.911,0.829,59.956
2026-03-02 09:30:00,223.67,2,112.39,0.825,59.97
2026-03-02 09:40:00,225.262,2,114.125,0.825,59.975
2026-03-02 09:50:00,222.82,2,114.57,0.823,59.94
2026-03-02 10:00:00,225.089,2,114.911,0.829,59.989
2026-03-02 10:10:00,216.767,2,113.489,0.822,59.978
2026-03-02 10:20:00,224.662,2,113.025,0.832,59.962
2026-03-02 10:30:00,218.72,2,111.36,0.836,59.95
2026-03-02 10:40:00,213.99,2,112.15,0.829,59.94
2026-03-02 10:50:00,223.411,2,112.511,0.832,59.989
2026-03-02 11:00:00,225.33,2,112.58,0.837,59.93
2026-03-02 11:10:00,210.062,2,114.188,0.814,59.95
2026-03-02 11:20:00,217.31,2,116.19,0.811,59.98
2026-03-02 11:30:00,218.3,2,116.722,0.811,59.944
2026-03-02 11:40:00,218.27,2,114.56,0.817,59.96
2026-03-02 11:50:00,211.544,2,114.067,0.812,59.944
2026-03-02 12:00:00,214.75,2,114.812,0.814,59.962
2026-03-02 12:10:00,210.767,2,115.078,0.802,59.978
2026-03-02 12:20:00,220.4,2,114.644,0.818,59.933
2026-03-02 12:30:00,219.8,2,115.38,0.814,59.98
2026-03-02 12:40:00,218.233,2,116.578,0.808,59.989
2026-03-02 12:50:00,210.47,2,116.45,0.798,59.97
2026-03-02 13:00:00,200.8,2,117.25,0.787,59.98
2026-03-02 13:10:00,200.344,2,116.967,0.788,59.944
2026-03-02 13:20:00,261.389,2,115.311,0.936,59.944
2026-03-02 13:30:00,165.0,2,115.47,0.831,59.95
2026-03-02 13:40:00,136.2,2,115.167,0.776,59.978
2026-03-02 13:50:00,225.062,2,116.2,0.831,59.962
2026-03-02 14:00:00,212.74,2,115.14,0.817,59.97
2026-03-02 14:10:00,218.51,2,115.18,0.816,59.96
2026-03-02 14:20:00,218.95,2,115.41,0.816,59.98
2026-03-02 14:30:00,220.13,2,115.21,0.816,59.96
2026-03-02 14:40:00,217.76,2,114.37,0.819,59.98
2026-03-02 14:50:00,214.26,2,114.41,0.813,59.95
2026-03-02 15:00:00,214.66,2,114.38,0.809,59.98
2026-03-02 15:10:00,212.4,2,114.53,0.811,59.98
2026-03-02 15:20:00,214.82,2,113.65,0.816,59.95
2026-03-02 15:30:00,221.762,2,114.85,0.815,59.988
2026-03-02 15:40:00,221.9,2,114.46,0.819,59.99
2026-03-02 15:50:00,224.375,2,116.362,0.81,59.988
2026-03-02 16:00:00,228.583,2,114.583,0.825,59.967
2026-03-02 16:10:00,222.79,2,114.24,0.818,59.96
2026-03-02 16:20:00,226.05,2,115.5,0.817,59.96
2026-03-02 16:30:00,218.39,2,115.04,0.81,59.97
2026-03-02 16:40:00,232.32,2,115.43,0.823,59.94
2026-03-02 16:50:00,223.53,2,115.47,0.814,59.96
2026-03-02 17:00:00,214.1,2,117.21,0.8,59.96
2026-03-02 17:10:00,209.96,2,116.58,0.796,59.91
2026-03-02 17:20:00,212.322,2,118.0,0.793,59.967
2026-03-02 17:30:00,214.57,2,117.98,0.792,59.97
2026-03-02 17:40:00,223.69,2,116.09,0.811,59.98
2026-03-02 17:50:00,252.629,2,115.414,0.826,59.957
2026-03-02 18:00:00,287.28,2,114.92,0.84,59.96
2026-03-02 18:10:00,276.39,2,115.24,0.822,59.92
2026-03-02 18:20:00,347.2,2,114.06,0.87,59.98
2026-03-02 18:30:00,359.85,2,113.36,0.877,59.97
2026-03-02 18:40:00,349.39,2,111.93,0.879,59.97
2026-03-02 18:50:00,333.65,2,112.9,0.877,59.97
2026-03-02 19:00:00,338.38,2,114.27,0.884,59.95
2026-03-02 19:10:00,334.08,2,114.46,0.879,59.98
2026-03-02 19:20:00,382.462,2,114.15,0.91,59.962
2026-03-02 19:30:00,295.87,2,112.71,0.855,59.95
2026-03-02 19:40:00,264.64,2,115.01,0.832,59.98
2026-03-02 19:50:00,352.75,2,114.11,0.903,59.95
2026-03-02 20:00:00,324.844,2,114.233,0.898,59.956
2026-03-02 20:10:00,315.71,2,115.71,0.895,59.96
2026-03-02 20:20:00,296.08,2,115.49,0.888,59.92
2026-03-02 20:30:00,291.3,2,113.56,0.89,59.95
2026-03-02 20:40:00,288.99,2,114.11,0.891,59.98
2026-03-02 20:50:00,289.9,2,114.61,0.896,59.95
2026-03-02 21:00:00,286.43,2,117.09,0.891,59.94
2026-03-02 21:10:00,268.45,2,116.93,0.869,59.96
2026-03-02 21:20:00,259.562,2,116.512,0.86,59.975
2026-03-02 21:30:00,296.125,2,117.512,0.878,59.938
2026-03-02 21:40:00,247.03,2,115.49,0.846,59.97
2026-03-02 21:50:00,175.88,2,115.19,0.804,59.97
2026-03-02 22:00:00,158.18,2,116.66,0.742,59.97
2026-03-02 22:10:00,140.65,2,116.63,0.692,59.95
2026-03-02 22:20:00,134.438,2,118.038,0.663,59.95
2026-03-02 22:30:00,134.062,2,117.25,0.668,59.938
2026-03-02 22:40:00,134.3,2,118.05,0.665,59.95
2026-03-02 22:50:00,133.98,2,117.73,0.664,59.96
2026-03-02 23:00:00,128.18,2,117.8,0.637,59.96
2026-03-02 23:10:00,129.01,2,117.38,0.644,59.94
2026-03-02 23:20:00,127.52,2,117.07,0.644,59.98
2026-03-02 23:30:00,128.11,2,118.1,0.64,59.95
2026-03-02 23:40:00,127.81,2,117.67,0.641,59.96
2026-03-02 23:50:00,127.91,2,117.85,0.642,59.91
2026-03-03 00:00:00,127.63,2,117.35,0.643,59.96
2026-03-03 00:10:00,127.34,2,117.4,0.643,59.95
2026-03-03 00:20:00,127.58,2,117.88,0.64,59.94
2026-03-03 00:30:00,127.42,2,117.75,0.64,59.95
2026-03-03 00:40:00,128.5,2,119.18,0.633,59.98
2026-03-03 00:50:00,127.97,2,118.53,0.64,59.96
2026-03-03 01:00:00,128.32,2,118.91,0.636,59.96
2026-03-03 01:10:00,127.92,2,118.62,0.636,59.93
2026-03-03 01:20:00,186.844,2,117.544,0.912,59.944
2026-03-03 01:30:00,99.32,2,119.33,0.751,59.93
2026-03-03 01:40:00,61.05,2,117.75,0.628,59.96
2026-03-03 01:50:00,159.77,2,118.07,0.724,59.93
2026-03-03 02:00:00,141.21,2,118.29,0.678,59.95
2026-03-03 02:10:00,135.13,2,118.73,0.656,59.96
2026-03-03 02:20:00,132.75,2,119.0,0.648,59.96
2026-03-03 02:30:00,130.2,2,118.044,0.65,59.956
2026-03-03 02:40:00,130.64,2,119.7,0.635,59.96
2026-03-03 02:50:00,130.08,2,119.29,0.639,59.94
2026-03-03 03:00:00,130.97,2,120.47,0.63,59.92
2026-03-03 03:10:00,128.99,2,119.06,0.638,59.95
2026-03-03 03:20:00,127.77,2,117.97,0.641,59.96
2026-03-03 03:30:00,127.711,2,118.522,0.636,59.967
2026-03-03 03:40:00,129.65,2,118.3,0.648,59.95
2026-03-03 03:50:00,131.314,2,118.5,0.653,59.943
2026-03-03 04:00:00,132.02,2,116.97,0.673,59.97
2026-03-03 04:10:00,133.05,2,118.22,0.666,59.97
2026-03-03 04:20:00,132.58,2,118.4,0.661,59.96
2026-03-03 04:30:00,133.24,2,118.31,0.664,59.95
2026-03-03 04:40:00,133.7,2,119.5,0.654,59.95
2026-03-03 04:50:00,132.46,2,118.16,0.661,59.97
2026-03-03 05:00:00,132.23,2,118.06,0.662,59.94
2026-03-03 05:10:00,131.0,2,116.81,0.668,59.95
2026-03-03 05:20:00,130.45,2,116.15,0.67,59.94
2026-03-03 05:30:00,131.91,2,115.68,0.681,59.96
2026-03-03 05:40:00,160.23,2,116.22,0.751,59.95
2026-03-03 05:50:00,178.5,2,116.41,0.794,60.0
2026-03-03 06:00:00,161.04,2,116.94,0.751,59.97
2026-03-03 06:10:00,139.9,2,116.689,0.704,59.967
2026-03-03 06:20:00,129.59,2,116.78,0.655,59.97
2026-03-03 06:30:00,124.05,2,115.32,0.647,59.99
2026-03-03 06:40:00,125.29,2,117.22,0.637,59.97
2026-03-03 06:50:00,124.62,2,116.54,0.638,59.96
2026-03-03 07:00:00,124.98,2,117.12,0.637,59.95
2026-03-03 07:10:00,124.57,2,116.23,0.642,59.95
2026-03-03 07:20:00,184.69,2,116.22,0.918,59.96
2026-03-03 07:30:00,110.73,2,115.51,0.894,59.95
2026-03-03 07:40:00,68.88,2,117.66,0.82,59.96
2026-03-03 07:50:00,189.68,2,115.85,0.79,59.96
2026-03-03 08:00:00,188.71,2,114.68,0.78,59.95
2026-03-03 08:10:00,207.14,2,112.63,0.779,59.94
2026-03-03 08:20:00,269.21,2,112.51,0.814,59.95
2026-03-03 08:30:00,264.23,2,112.57,0.85,59.96
2026-03-03 08:40:00,267.56,2,114.33,0.812,59.97
2026-03-03 08:50:00,286.4,2,113.79,0.78,59.96
2026-03-03 09:00:00,236.07,2,115.07,0.828,59.96
2026-03-03 09:10:00,302.15,2,115.06,0.849,59.97
2026-03-03 09:20:00,606.17,2,113.87,0.97,59.96
2026-03-03 09:30:00,590.72,2,113.18,0.97,59.96
2026-03-03 09:40:00,588.83,2,112.78,0.97,59.97
2026-03-03 09:50:00,608.03,2,113.34,0.968,59.95
2026-03-03 10:00:00,670.522,2,111.9,0.959,59.944
2026-03-03 10:10:00,657.81,2,113.42,0.963,59.92
2026-03-03 10:20:00,640.79,2,113.98,0.961,59.95
2026-03-03 10:30:00,669.84,2,112.3,0.946,59.98
2026-03-03 10:40:00,586.7,2,112.51,0.971,59.98
2026-03-03 10:50:00,580.14,2,112.53,0.97,59.96
2026-03-03 11:00:00,599.21,2,111.97,0.97,59.96
2026-03-03 11:10:00,583.51,2,111.29,0.97,59.98
2026-03-03 11:20:00,567.62,2,110.88,0.971,59.97
2026-03-03 11:30:00,593.23,2,113.44,0.97,59.94
2026-03-03 11:40:00,496.1,2,111.278,0.938,59.967
2026-03-03 11:50:00,220.03,2,114.5,0.819,59.96
2026-03-03 12:00:00,224.96,2,113.49,0.829,59.97
2026-03-03 12:10:00,239.1,2,113.056,0.843,59.944
2026-03-03 12:20:00,223.77,2,113.96,0.827,59.97
2026-03-03 12:30:00,221.91,2,113.69,0.823,59.98
2026-03-03 12:40:00,219.214,2,114.386,0.813,59.957
2026-03-03 12:50:00,223.61,2,115.19,0.818,59.97
2026-03-03 13:00:00,219.33,2,113.51,0.822,59.97
2026-03-03 13:10:00,216.925,2,113.588,0.821,59.912
2026-03-03 13:20:00,280.25,2,114.53,0.92,59.99
2026-03-03 13:30:00,178.46,2,114.68,0.835,59.95
2026-03-03 13:40:00,126.21,2,114.77,0.774,59.94
2026-03-03 13:50:00,241.53,2,115.48,0.838,59.96
2026-03-03 14:00:00,227.3,2,114.37,0.829,59.95
2026-03-03 14:10:00,226.09,2,114.33,0.824,59.99
2026-03-03 14:20:00,227.55,2,114.28,0.829,59.93
2026-03-03 14:30:00,221.99,2,114.1,0.82,59.95
2026-03-03 14:40:00,219.389,2,113.744,0.82,59.911
2026-03-03 14:50:00,220.125,2,114.075,0.82,59.95
2026-03-03 15:00:00,213.86,2,114.33,0.815,59.94
2026-03-03 15:10:00,220.23,2,112.81,0.827,59.95
2026-03-03 15:20:00,219.21,2,113.21,0.825,59.94
2026-03-03 15:30:00,223.01,2,114.17,0.824,59.98
2026-03-03 15:40:00,225.511,2,114.478,0.822,59.967
2026-03-03 15:50:00,227.08,2,115.84,0.818,59.96
2026-03-03 16:00:00,222.44,2,115.0,0.822,59.98
2026-03-03 16:10:00,218.944,2,114.311,0.821,59.956
2026-03-03 16:20:00,218.712,2,115.612,0.815,59.962
2026-03-03 16:30:00,216.39,2,114.76,0.819,59.96
2026-03-03 16:40:00,227.74,2,115.59,0.82,59.97
2026-03-03 16:50:00,236.14,2,115.26,0.832,59.98
2026-03-03 17:00:00,228.87,2,115.42,0.825,59.98
2026-03-03 17:10:00,246.04,2,115.3,0.833,59.94
2026-03-03 17:20:00,230.033,2,116.667,0.818,59.967
2026-03-03 17:30:00,224.27,2,116.05,0.814,59.96
2026-03-03 17:40:00,227.11,2,117.28,0.808,59.99
2026-03-03 17:50:00,221.711,2,116.944,0.803,60.0
2026-03-03 18:00:00,214.45,2,115.89,0.801,59.95
2026-03-03 18:10:00,224.767,2,116.344,0.819,59.967
2026-03-03 18:20:00,263.24,2,114.6,0.871,59.96
2026-03-03 18:30:00,256.53,2,113.88,0.869,59.96
2026-03-03 18:40:00,251.07,2,112.11,0.881,59.96
2026-03-03 18:50:00,253.71,2,111.26,0.885,59.94
2026-03-03 19:00:00,253.288,2,115.662,0.861,59.95
2026-03-03 19:10:00,278.1,2,116.0,0.885,59.938
2026-03-03 19:20:00,360.66,2,115.84,0.926,59.95
2026-03-03 19:30:00,253.033,2,115.911,0.848,59.967
2026-03-03 19:40:00,187.36,2,116.29,0.813,59.94
2026-03-03 19:50:00,304.05,2,115.09,0.904,59.95
2026-03-03 20:00:00,304.4,2,114.44,0.891,59.99
2026-03-03 20:10:00,316.68,2,113.97,0.889,59.95
2026-03-03 20:20:00,313.98,2,113.59,0.878,59.95
2026-03-03 20:30:00,281.0,2,114.338,0.869,59.962
2026-03-03 20:40:00,299.26,2,115.67,0.878,59.99
2026-03-03 20:50:00,281.02,2,116.11,0.867,59.92
2026-03-03 21:00:00,273.012,2,116.125,0.879,59.988
2026-03-03 21:10:00,251.086,2,115.271,0.853,59.914
2026-03-03 21:20:00,269.989,2,115.778,0.852,59.944
2026-03-03 21:30:00,270.033,2,115.0,0.853,59.967
2026-03-03 21:40:00,262.73,2,114.43,0.846,59.96
2026-03-03 21:50:00,229.27,2,115.02,0.853,59.97
2026-03-03 22:00:00,212.612,2,116.25,0.831,59.925
2026-03-03 22:10:00,147.04,2,115.76,0.721,59.96
2026-03-03 22:20:00,136.43,2,116.83,0.679,59.96
2026-03-03 22:30:00,133.53,2,116.56,0.673,59.94
2026-03-03 22:40:00,135.089,2,118.367,0.663,59.967
2026-03-03 22:50:00,134.83,2,118.56,0.661,59.95
2026-03-03 23:00:00,126.75,2,116.87,0.643,59.96
2026-03-03 23:10:00,129.19,2,115.7,0.662,59.98
2026-03-03 23:20:00,127.86,2,118.39,0.636,59.96
2026-03-03 23:30:00,127.01,2,117.4,0.642,59.98
2026-03-03 23:40:00,126.98,2,117.33,0.642,59.94
2026-03-03 23:50:00,128.311,2,117.289,0.647,59.967
2026-03-04 00:00:00,127.05,2,117.64,0.641,59.98
2026-03-04 00:10:00,125.53,2,115.88,0.649,59.98
2026-03-04 00:20:00,126.83,2,117.78,0.638,59.97
2026-03-04 00:30:00,127.1,2,117.97,0.638,59.96
2026-03-04 00:40:00,126.078,2,117.011,0.642,59.978
2026-03-04 00:50:00,126.756,2,117.744,0.639,59.989
2026-03-04 01:00:00,125.32,2,116.57,0.645,59.94
2026-03-04 01:10:00,125.85,2,117.12,0.643,59.93
2026-03-04 01:20:00,185.32,2,116.4,0.921,59.93
2026-03-04 01:30:00,95.97,2,118.06,0.749,59.97
2026-03-04 01:40:00,38.94,2,117.15,0.611,59.98
2026-03-04 01:50:00,158.37,2,117.17,0.725,59.96
2026-03-04 02:00:00,139.69,2,117.88,0.677,59.93
2026-03-04 02:10:00,134.34,2,118.42,0.657,59.95
2026-03-04 02:20:00,131.0,2,117.98,0.651,59.98
2026-03-04 02:30:00,129.63,2,118.22,0.647,59.97
2026-03-04 02:40:00,127.889,2,117.167,0.648,59.944
2026-03-04 02:50:00,127.08,2,116.92,0.649,59.98
2026-03-04 03:00:00,127.32,2,117.9,0.642,59.97
2026-03-04 03:10:00,126.41,2,117.12,0.646,59.92
2026-03-04 03:20:00,126.88,2,117.99,0.64,59.93
2026-03-04 03:30:00,125.93,2,116.96,0.644,59.95
2026-03-04 03:40:00,126.6,2,118.1,0.636,59.96
2026-03-04 03:50:00,129.444,2,117.656,0.652,59.922
2026-03-04 04:00:00,131.43,2,117.61,0.665,59.96
2026-03-04 04:10:00,132.21,2,118.45,0.661,59.93
2026-03-04 04:20:00,131.35,2,117.61,0.666,59.98
2026-03-04 04:30:00,131.478,2,117.689,0.666,59.978
2026-03-04 04:40:00,130.367,2,116.422,0.671,59.978
2026-03-04 04:50:00,134.78,2,117.4,0.679,59.98
2026-03-04 05:00:00,129.51,2,115.68,0.674,59.96
2026-03-04 05:10:00,130.14,2,116.43,0.672,59.96
2026-03-04 05:20:00,128.69,2,114.97,0.677,59.96
2026-03-04 05:30:00,129.65,2,116.07,0.669,59.94
2026-03-04 05:40:00,167.767,2,117.133,0.77,59.989
2026-03-04 05:50:00,169.15,2,115.98,0.778,59.97
2026-03-04 06:00:00,152.67,2,114.99,0.746,59.95
2026-03-04 06:10:00,127.3,2,114.178,0.677,60.0
2026-03-04 06:20:00,124.64,2,114.36,0.659,59.98
2026-03-04 06:30:00,129.27,2,115.45,0.667,60.0
2026-03-04 06:40:00,129.1,2,115.77,0.665,59.96
2026-03-04 06:50:00,155.46,2,114.26,0.772,59.99
2026-03-04 07:00:00,168.64,2,113.06,0.803,59.94
2026-03-04 07:10:00,183.667,2,113.511,0.827,59.956
2026-03-04 07:20:00,243.2,2,114.66,0.947,59.97
2026-03-04 07:30:00,164.056,2,116.611,0.902,59.956
2026-03-04 07:40:00,100.69,2,116.61,0.839,59.96
2026-03-04 07:50:00,217.15,2,115.0,0.859,59.93
2026-03-04 08:00:00,199.47,2,115.66,0.835,59.97
2026-03-04 08:10:00,193.01,2,115.98,0.825,59.93
2026-03-04 08:20:00,190.2,2,115.61,0.822,59.94
2026-03-04 08:30:00,188.22,2,115.19,0.821,59.97
2026-03-04 08:40:00,154.95,2,115.09,0.733,59.96
2026-03-04 08:50:00,154.06,2,114.73,0.733,59.98
2026-03-04 09:00:00,152.12,2,115.92,0.719,59.98
2026-03-04 09:10:00,123.24,2,114.1,0.659,59.94
2026-03-04 09:20:00,125.0,2,115.04,0.655,59.95
2026-03-04 09:30:00,123.59,2,114.6,0.653,59.98
2026-03-04 09:40:00,123.83,2,114.4,0.658,59.98
2026-03-04 09:50:00,121.96,2,112.07,0.666,59.94
2026-03-04 10:00:00,122.944,2,113.5,0.66,59.956
2026-03-04 10:10:00,121.456,2,112.544,0.662,59.978
2026-03-04 10:20:00,121.9,2,112.85,0.661,59.96
2026-03-04 10:30:00,120.69,2,111.43,0.671,59.94
2026-03-04 10:40:00,121.57,2,112.74,0.663,59.97
2026-03-04 10:50:00,122.267,2,112.956,0.662,59.967
2026-03-04 11:00:00,121.28,2,112.17,0.663,59.96
2026-03-04 11:10:00,119.99,2,110.59,0.673,59.99
2026-03-04 11:20:00,119.81,2,109.91,0.68,59.96
2026-03-04 11:30:00,124.211,2,110.511,0.688,59.989
2026-03-04 11:40:00,124.99,2,109.63,0.694,59.95
2026-03-04 11:50:00,124.21,2,111.54,0.678,59.98
2026-03-04 12:00:00,122.7,2,111.25,0.676,59.97
2026-03-04 12:10:00,123.89,2,113.65,0.662,59.97
2026-03-04 12:20:00,124.97,2,116.09,0.646,59.96
2026-03-04 12:30:00,123.75,2,114.99,0.651,59.92
2026-03-04 12:40:00,125.267,2,116.956,0.64,59.956
2026-03-04 12:50:00,123.114,2,114.429,0.651,59.914
2026-03-04 13:00:00,124.18,2,114.6,0.655,59.97
2026-03-04 13:10:00,123.26,2,114.3,0.653,59.93
2026-03-04 13:20:00,178.833,2,114.344,0.917,59.967
2026-03-04 13:30:00,101.311,2,115.611,0.768,59.967
2026-03-04 13:40:00,38.62,2,115.12,0.611,59.95
2026-03-04 13:50:00,158.01,2,114.09,0.745,59.96
2026-03-04 14:00:00,138.64,2,114.19,0.699,59.95
2026-03-04 14:10:00,132.325,2,114.025,0.684,59.975
2026-03-04 14:20:00,129.98,2,114.58,0.673,59.96
2026-03-04 14:30:00,139.54,2,114.56,0.7,59.98
2026-03-04 14:40:00,138.62,2,114.61,0.699,59.98
2026-03-04 14:50:00,127.05,2,114.47,0.664,59.95
2026-03-04 15:00:00,125.357,2,112.671,0.676,59.971
2026-03-04 15:10:00,126.33,2,114.38,0.663,59.96
2026-03-04 15:20:00,126.522,2,114.356,0.666,59.956
2026-03-04 15:30:00,127.45,2,115.79,0.658,59.97
2026-03-04 15:40:00,148.23,2,116.92,0.708,59.97
2026-03-04 15:50:00,151.4,2,115.978,0.722,59.978
2026-03-04 16:00:00,139.7,2,114.944,0.699,59.978
2026-03-04 16:10:00,149.656,2,115.533,0.718,59.956
2026-03-04 16:20:00,140.23,2,114.34,0.702,59.95
2026-03-04 16:30:00,136.72,2,113.77,0.696,59.97
2026-03-04 16:40:00,134.178,2,113.867,0.689,59.978
2026-03-04 16:50:00,135.44,2,115.6,0.679,59.98
2026-03-04 17:00:00,132.778,2,115.244,0.673,59.944
2026-03-04 17:10:00,128.46,2,115.71,0.659,59.92
2026-03-04 17:20:00,128.14,2,115.87,0.658,59.95
2026-03-04 17:30:00,127.9,2,115.94,0.656,59.98
2026-03-04 17:40:00,129.511,2,117.989,0.644,59.956
2026-03-04 17:50:00,127.94,2,116.6,0.652,59.94
2026-03-04 18:00:00,128.12,2,117.14,0.649,59.97
2026-03-04 18:10:00,126.71,2,113.09,0.679,59.94
2026-03-04 18:20:00,150.09,2,112.26,0.741,59.96
2026-03-04 18:30:00,185.078,2,109.644,0.851,59.944
2026-03-04 18:40:00,191.89,2,112.75,0.841,59.95
2026-03-04 18:50:00,194.37,2,114.32,0.838,59.98
2026-03-04 19:00:00,195.35,2,115.088,0.834,59.938
2026-03-04 19:10:00,189.27,2,113.61,0.835,59.96
2026-03-04 19:20:00,212.55,2,113.45,0.924,59.962
2026-03-04 19:30:00,191.77,2,115.0,0.788,59.96
2026-03-04 19:40:00,140.56,2,113.89,0.722,59.96
2026-03-04 19:50:00,260.93,2,113.73,0.874,59.97
2026-03-04 20:00:00,240.078,2,116.267,0.844,59.989
2026-03-04 20:10:00,230.656,2,116.1,0.841,59.989
2026-03-04 20:20:00,231.38,2,115.7,0.839,59.93
2026-03-04 20:30:00,225.8,2,114.74,0.846,59.96
2026-03-04 20:40:00,227.056,2,115.067,0.847,59.978
2026-03-04 20:50:00,228.96,2,114.83,0.85,59.95
2026-03-04 21:00:00,224.66,2,116.28,0.849,59.95
2026-03-04 21:10:00,392.71,2,116.15,0.864,59.95
2026-03-04 21:20:00,193.03,2,117.69,0.818,59.96
2026-03-04 21:30:00,430.99,2,116.09,0.892,59.96
2026-03-04 21:40:00,357.96,2,115.47,0.899,59.95
2026-03-04 21:50:00,504.48,2,114.4,0.91,59.97
2026-03-04 22:00:00,200.44,2,117.64,0.833,59.95
2026-03-04 22:10:00,200.66,2,116.09,0.841,59.97
2026-03-04 22:20:00,204.125,2,117.162,0.839,59.95
2026-03-04 22:30:00,204.59,2,118.24,0.833,59.96
2026-03-04 22:40:00,203.1,2,118.762,0.831,59.95
2026-03-04 22:50:00,202.45,2,119.94,0.825,59.99
2026-03-04 23:00:00,203.51,2,118.63,0.827,59.95
2026-03-04 23:10:00,161.28,2,117.5,0.743,59.94
2026-03-04 23:20:00,158.738,2,116.962,0.741,59.95
2026-03-04 23:30:00,158.98,2,117.42,0.74,59.97
2026-03-04 23:40:00,148.7,2,117.43,0.715,59.99
2026-03-04 23:50:00,147.412,2,117.612,0.71,59.95
2026-03-05 00:00:00,148.88,2,119.46,0.703,59.9
2026-03-05 00:10:00,150.11,2,119.33,0.705,59.97
2026-03-05 00:20:00,147.33,2,117.68,0.712,59.97
2026-03-05 00:30:00,146.32,2,116.48,0.719,59.93
2026-03-05 00:40:00,147.178,2,117.222,0.711,59.956
2026-03-05 00:50:00,146.344,2,116.833,0.716,59.944
2026-03-05 01:00:00,145.38,2,115.93,0.72,59.96
2026-03-05 01:10:00,146.888,2,117.7,0.71,59.95
2026-03-05 01:20:00,207.162,2,118.112,0.898,59.988
2026-03-05 01:30:00,160.186,2,118.614,0.801,59.957
2026-03-05 01:40:00,59.81,2,118.4,0.621,59.96
2026-03-05 01:50:00,179.73,2,116.94,0.784,59.95
2026-03-05 02:00:00,160.77,2,117.48,0.746,59.96
2026-03-05 02:10:00,154.82,2,117.46,0.731,59.97
2026-03-05 02:20:00,151.067,2,117.189,0.726,59.989
2026-03-05 02:30:00,149.58,2,117.33,0.721,59.94
2026-03-05 02:40:00,148.68,2,117.94,0.717,59.93
2026-03-05 02:50:00,149.133,2,118.956,0.71,59.956
2026-03-05 03:00:00,148.95,2,119.18,0.707,59.96
2026-03-05 03:10:00,147.288,2,117.588,0.716,59.925
2026-03-05 03:20:00,146.67,2,116.96,0.719,59.94
2026-03-05 03:30:00,146.37,2,117.36,0.716,59.95
2026-03-05 03:40:00,146.922,2,117.322,0.716,59.933
2026-03-05 03:50:00,146.32,2,116.29,0.724,59.96
2026-03-05 04:00:00,152.867,2,118.078,0.738,59.944
2026-03-05 04:10:00,152.54,2,118.26,0.733,59.96
2026-03-05 04:20:00,152.39,2,118.45,0.73,59.97
2026-03-05 04:30:00,152.08,2,118.02,0.735,59.94
2026-03-05 04:40:00,151.46,2,117.49,0.734,59.96
2026-03-05 04:50:00,151.233,2,117.122,0.739,59.956
2026-03-05 05:00:00,149.9,2,115.42,0.739,59.95
2026-03-05 05:10:00,149.1,2,113.662,0.749,59.962
2026-03-05 05:20:00,149.34,2,115.18,0.744,59.96
2026-03-05 05:30:00,152.8,2,114.67,0.756,59.93
2026-03-05 05:40:00,182.43,2,117.11,0.793,59.93
2026-03-05 05:50:00,178.94,2,114.74,0.801,59.96
2026-03-05 06:00:00,172.77,2,115.8,0.784,59.94
2026-03-05 06:10:00,148.167,2,114.756,0.739,59.978
2026-03-05 06:20:00,145.1,2,114.322,0.727,59.978
2026-03-05 06:30:00,143.32,2,114.92,0.718,59.97
2026-03-05 06:40:00,141.85,2,112.31,0.731,59.95
2026-03-05 06:50:00,144.23,2,116.11,0.711,59.95
2026-03-05 07:00:00,145.21,2,117.07,0.708,59.95
2026-03-05 07:10:00,143.978,2,116.067,0.713,59.978
2026-03-05 07:20:00,206.85,2,117.81,0.9,59.94
2026-03-05 07:30:00,143.422,2,116.389,0.802,59.956
2026-03-05 07:40:00,63.55,2,115.775,0.626,59.962
2026-03-05 07:50:00,177.36,2,114.78,0.788,59.97
2026-03-05 08:00:00,157.32,2,114.97,0.749,59.95
2026-03-05 08:10:00,152.53,2,116.53,0.73,59.93
2026-03-05 08:20:00,149.444,2,116.289,0.726,59.944
2026-03-05 08:30:00,148.49,2,117.5,0.712,59.99
2026-03-05 08:40:00,150.58,2,114.69,0.732,59.91
2026-03-05 08:50:00,201.98,2,115.6,0.794,59.96
2026-03-05 09:00:00,180.59,2,116.48,0.764,59.97
2026-03-05 09:10:00,165.34,2,115.17,0.762,59.94
2026-03-05 09:20:00,169.175,2,116.062,0.752,59.975
2026-03-05 09:30:00,162.2,2,114.478,0.754,59.956
2026-03-05 09:40:00,155.46,2,114.22,0.757,59.94
2026-03-05 09:50:00,155.444,2,114.411,0.754,59.944
2026-03-05 10:00:00,151.5,2,114.09,0.745,59.97
2026-03-05 10:10:00,186.88,2,114.86,0.753,59.95
2026-03-05 10:20:00,168.78,2,114.7,0.768,59.95
2026-03-05 10:30:00,150.66,2,114.47,0.753,59.98
2026-03-05 10:40:00,148.378,2,112.244,0.756,59.967
2026-03-05 10:50:00,156.82,2,113.9,0.776,59.96
2026-03-05 11:00:00,181.59,2,113.8,0.813,59.93
2026-03-05 11:10:00,171.9,2,113.78,0.803,59.97
2026-03-05 11:20:00,261.55,2,112.7,0.843,59.95
2026-03-05 11:30:00,528.04,2,112.0,0.964,59.94
2026-03-05 11:40:00,525.09,2,112.41,0.965,59.96
2026-03-05 11:50:00,507.61,2,111.37,0.968,59.97
2026-03-05 12:00:00,499.07,2,112.28,0.97,59.98
2026-03-05 12:10:00,490.06,2,111.72,0.97,59.92
2026-03-05 12:20:00,498.63,2,113.28,0.972,59.94
2026-03-05 12:30:00,493.5,2,113.11,0.974,59.93
2026-03-05 12:40:00,485.22,2,112.84,0.978,59.95
2026-03-05 12:50:00,490.45,2,113.37,0.976,59.95
2026-03-05 13:00:00,492.678,2,112.789,0.978,59.956
2026-03-05 13:10:00,483.47,2,114.05,0.98,59.96
2026-03-05 13:20:00,469.411,2,113.167,0.98,59.944
2026-03-05 13:30:00,470.48,2,114.32,0.98,59.96
2026-03-05 13:40:00,470.45,2,114.7,0.98,59.96
2026-03-05 13:50:00,465.16,2,113.69,0.98,59.96
2026-03-05 14:00:00,468.22,2,113.99,0.98,59.94
2026-03-05 14:10:00,456.14,2,113.36,0.983,59.93
2026-03-05 14:20:00,443.81,2,112.23,0.982,59.96
2026-03-05 14:30:00,457.79,2,112.13,0.981,59.96
2026-03-05 14:40:00,478.12,2,113.51,0.98,59.94
2026-03-05 14:50:00,483.578,2,114.8,0.98,59.978
2026-03-05 15:00:00,679.812,2,113.662,0.985,59.975
2026-03-05 15:10:00,876.0,2,113.98,0.99,59.93
2026-03-05 15:20:00,852.89,2,112.34,0.99,59.98
2026-03-05 15:30:00,859.39,2,113.09,0.99,59.98
2026-03-05 15:40:00,851.956,2,112.2,0.99,59.956
2026-03-05 15:50:00,939.21,2,112.88,0.992,59.94
2026-03-05 16:00:00,935.956,2,113.044,0.992,59.956
2026-03-05 16:10:00,556.82,2,113.61,0.973,59.97
2026-03-05 16:20:00,550.67,2,115.44,0.969,59.99
2026-03-05 16:30:00,535.26,2,114.59,0.97,59.96
2026-03-05 16:40:00,564.38,2,114.85,0.967,59.94
2026-03-05 16:50:00,589.7,2,113.65,0.954,59.97
2026-03-05 17:00:00,581.29,2,114.41,0.959,59.96
2026-03-05 17:10:00,578.22,2,114.75,0.953,59.98
2026-03-05 17:20:00,573.55,2,115.13,0.95,59.93
2026-03-05 17:30:00,399.022,2,116.089,0.847,59.978
2026-03-05 17:40:00,134.9,2,116.94,0.685,59.97
2026-03-05 17:50:00,164.6,2,115.01,0.735,59.98
2026-03-05 18:00:00,194.378,2,115.156,0.791,59.944
2026-03-05 18:10:00,180.79,2,114.43,0.776,59.94
2026-03-05 18:20:00,184.178,2,115.444,0.723,59.956
2026-03-05 18:30:00,176.167,2,114.344,0.716,59.967
2026-03-05 18:40:00,200.325,2,111.788,0.725,59.95
2026-03-05 18:50:00,211.978,2,113.689,0.77,59.978
2026-03-05 19:00:00,197.55,2,116.53,0.78,60.0
2026-03-05 19:10:00,212.05,2,114.94,0.767,59.96
2026-03-05 19:20:00,215.04,2,115.2,0.763,59.95
2026-03-05 19:30:00,219.089,2,115.244,0.764,59.967
2026-03-05 19:40:00,212.922,2,111.289,0.783,59.989
2026-03-05 19:50:00,208.944,2,116.344,0.778,59.944
2026-03-05 20:00:00,175.87,2,114.78,0.79,59.94
2026-03-05 20:10:00,152.37,2,116.41,0.783,59.92
2026-03-05 20:20:00,144.88,2,115.14,0.768,59.95
2026-03-05 20:30:00,144.71,2,115.0,0.776,59.96
2026-03-05 20:40:00,139.27,2,115.68,0.763,59.95
2026-03-05 20:50:00,123.7,2,117.25,0.708,59.96
2026-03-05 21:00:00,589.11,2,117.15,0.94,59.96
2026-03-05 21:10:00,520.12,2,116.31,0.93,59.99
2026-03-05 21:20:00,232.07,2,116.83,0.827,59.95
2026-03-05 21:30:00,227.5,2,118.625,0.815,59.938
2026-03-05 21:40:00,223.8,2,117.34,0.814,59.98
2026-03-05 21:50:00,207.26,2,119.36,0.787,59.97
2026-03-05 22:00:00,208.92,2,117.81,0.798,59.95
2026-03-05 22:10:00,213.29,2,118.16,0.803,59.98
2026-03-05 22:20:00,210.68,2,118.24,0.795,59.96
2026-03-05 22:30:00,200.411,2,117.733,0.789,59.956
2026-03-05 22:40:00,156.09,2,118.99,0.718,59.98
2026-03-05 22:50:00,143.63,2,117.53,0.707,59.95
2026-03-05 23:00:00,137.93,2,118.43,0.676,59.96
2026-03-05 23:10:00,137.044,2,116.233,0.693,59.944
2026-03-05 23:20:00,137.85,2,119.0,0.673,59.96
2026-03-05 23:30:00,150.93,2,117.8,0.718,59.97
2026-03-05 23:40:00,133.65,2,118.525,0.653,59.912
2026-03-05 23:50:00,135.356,2,116.644,0.672,59.944
2026-03-06 00:00:00,129.42,2,117.2,0.65,59.99
2026-03-06 00:10:00,126.822,2,118.156,0.639,59.967
2026-03-06 00:20:00,126.2,2,117.53,0.64,59.95
2026-03-06 00:30:00,127.81,2,119.26,0.632,59.93
2026-03-06 00:40:00,126.778,2,118.533,0.633,59.967
2026-03-06 00:50:00,127.2,2,119.033,0.631,59.956
2026-03-06 01:00:00,127.43,2,119.36,0.63,59.97
2026-03-06 01:10:00,125.53,2,117.39,0.64,59.96
2026-03-06 01:20:00,207.111,2,118.311,0.983,59.967
2026-03-06 01:30:00,85.133,2,117.822,0.709,59.944
2026-03-06 01:40:00,70.05,2,119.09,0.62,59.95
2026-03-06 01:50:00,155.51,2,119.18,0.707,59.99
2026-03-06 02:00:00,141.63,2,119.61,0.674,59.97
2026-03-06 02:10:00,134.533,2,119.322,0.654,59.967
2026-03-06 02:20:00,131.18,2,118.94,0.647,59.95
2026-03-06 02:30:00,130.438,2,119.325,0.643,59.95
2026-03-06 02:40:00,128.37,2,118.04,0.644,59.95
2026-03-06 02:50:00,127.929,2,118.414,0.64,59.943
2026-03-06 03:00:00,127.49,2,118.41,0.64,59.97
2026-03-06 03:10:00,127.66,2,119.27,0.631,59.94
2026-03-06 03:20:00,127.54,2,119.19,0.631,59.95
2026-03-06 03:30:00,127.311,2,119.5,0.629,59.956
2026-03-06 03:40:00,127.67,2,119.91,0.624,59.95
2026-03-06 03:50:00,126.51,2,118.2,0.637,59.96
2026-03-06 04:00:00,132.35,2,118.93,0.658,59.94
2026-03-06 04:10:00,131.512,2,118.175,0.663,59.962
2026-03-06 04:20:00,131.48,2,118.47,0.659,59.94
2026-03-06 04:30:00,132.422,2,119.533,0.651,59.911
2026-03-06 04:40:00,132.08,2,119.27,0.653,59.93
2026-03-06 04:50:00,131.222,2,118.589,0.66,59.978
2026-03-06 05:00:00,130.17,2,117.33,0.665,59.93
2026-03-06 05:10:00,129.39,2,116.95,0.662,59.91
2026-03-06 05:20:00,129.289,2,116.811,0.664,59.967
2026-03-06 05:30:00,127.444,2,114.344,0.679,59.944
2026-03-06 05:40:00,154.12,2,115.23,0.743,59.92
2026-03-06 05:50:00,167.59,2,115.2,0.781,59.94
2026-03-06 06:00:00,155.02,2,116.7,0.736,59.94
2026-03-06 06:10:00,127.7,2,114.638,0.675,59.975
2026-03-06 06:20:00,138.6,2,114.97,0.706,59.99
2026-03-06 06:30:00,132.4,2,115.46,0.684,60.0
2026-03-06 06:40:00,136.34,2,115.34,0.695,59.97
2026-03-06 06:50:00,133.062,2,116.262,0.676,59.925
2026-03-06 07:00:00,133.278,2,116.889,0.672,59.933
2026-03-06 07:10:00,133.65,2,116.99,0.674,59.99
2026-03-06 07:20:00,212.59,2,116.93,0.98,59.97
2026-03-06 07:30:00,89.02,2,117.26,0.764,59.94
2026-03-06 07:40:00,69.2,2,115.96,0.659,59.96
2026-03-06 07:50:00,150.33,2,115.66,0.716,59.96
2026-03-06 08:00:00,138.386,2,118.529,0.667,59.971
2026-03-06 08:10:00,130.633,2,117.178,0.653,59.956
2026-03-06 08:20:00,167.81,2,117.71,0.709,59.96
2026-03-06 08:30:00,219.77,2,116.32,0.806,59.96
2026-03-06 08:40:00,202.58,2,116.13,0.787,59.94
2026-03-06 08:50:00,200.46,2,116.33,0.787,59.99
2026-03-06 09:00:00,201.69,2,116.7,0.79,59.97
2026-03-06 09:10:00,199.07,2,114.62,0.795,59.93
2026-03-06 09:20:00,203.2,2,115.53,0.794,59.95
2026-03-06 09:30:00,214.88,2,116.05,0.798,59.96
2026-03-06 09:40:00,212.47,2,114.53,0.801,59.95
2026-03-06 09:50:00,217.68,2,114.53,0.808,59.94
2026-03-06 10:00:00,219.21,2,115.01,0.808,59.95
2026-03-06 10:10:00,209.0,2,115.71,0.798,59.97
2026-03-06 10:20:00,211.32,2,116.03,0.803,59.95
2026-03-06 10:30:00,211.24,2,115.26,0.8,59.96
2026-03-06 10:40:00,213.41,2,115.97,0.798,59.97
2026-03-06 10:50:00,206.02,2,114.49,0.797,59.94
2026-03-06 11:00:00,207.14,2,113.92,0.803,59.96
2026-03-06 11:10:00,208.19,2,115.63,0.796,59.97
2026-03-06 11:20:00,207.833,2,114.656,0.802,59.933
2026-03-06 11:30:00,213.72,2,115.09,0.807,59.97
2026-03-06 11:40:00,213.0,2,114.656,0.809,59.967
2026-03-06 11:50:00,209.675,2,115.35,0.8,59.988
2026-03-06 12:00:00,206.538,2,115.375,0.792,59.95
2026-03-06 12:10:00,212.322,2,116.144,0.8,59.989
2026-03-06 12:20:00,205.14,2,116.25,0.788,59.94
2026-03-06 12:30:00,206.98,2,116.27,0.795,59.95
2026-03-06 12:40:00,222.79,2,115.07,0.815,59.96
2026-03-06 12:50:00,208.67,2,114.64,0.805,59.92
2026-03-06 13:00:00,210.67,2,112.67,0.811,59.96
2026-03-06 13:10:00,211.44,2,113.63,0.808,59.94
2026-03-06 13:20:00,307.4,2,116.983,0.932,59.95
2026-03-06 13:30:00,166.98,2,118.81,0.787,59.95
2026-03-06 13:40:00,145.4,2,117.64,0.759,59.98
2026-03-06 13:50:00,227.37,2,115.88,0.822,59.95
2026-03-06 14:00:00,220.41,2,115.1,0.818,59.95
2026-03-06 14:10:00,215.422,2,114.556,0.811,59.967
2026-03-06 14:20:00,219.67,2,112.75,0.821,59.94
2026-03-06 14:30:00,205.51,2,111.21,0.81,59.96
2026-03-06 14:40:00,209.011,2,112.767,0.809,59.956
2026-03-06 14:50:00,212.344,2,114.722,0.8,59.922
2026-03-06 15:00:00,232.18,2,115.58,0.818,60.0
2026-03-06 15:10:00,230.06,2,116.04,0.812,59.95
2026-03-06 15:20:00,225.9,2,116.067,0.81,59.956
2026-03-06 15:30:00,233.088,2,117.838,0.811,59.962
2026-03-06 15:40:00,231.29,2,116.62,0.813,59.97
2026-03-06 15:50:00,227.789,2,114.311,0.818,59.956
2026-03-06 16:00:00,233.262,2,115.588,0.819,59.962
2026-03-06 16:10:00,226.178,2,114.711,0.814,59.967
2026-03-06 16:20:00,223.99,2,114.88,0.817,59.94
2026-03-06 16:30:00,219.922,2,115.556,0.811,59.944
2026-03-06 16:40:00,229.462,2,117.062,0.812,59.95
2026-03-06 16:50:00,236.2,2,118.367,0.809,59.956
2026-03-06 17:00:00,221.27,2,116.99,0.793,59.94
2026-03-06 17:10:00,211.08,2,116.22,0.78,59.93
2026-03-06 17:20:00,207.478,2,116.244,0.793,59.956
2026-03-06 17:30:00,203.1,2,113.733,0.798,59.989
2026-03-06 17:40:00,188.73,2,115.22,0.77,59.98
2026-03-06 17:50:00,188.878,2,117.811,0.756,59.967
2026-03-06 18:00:00,185.33,2,117.73,0.749,59.95
2026-03-06 18:10:00,225.122,2,118.122,0.822,59.944
2026-03-06 18:20:00,189.5,2,115.5,0.776,59.94
2026-03-06 18:30:00,156.78,2,115.68,0.709,59.97
2026-03-06 18:40:00,160.03,2,115.43,0.724,59.93
2026-03-06 18:50:00,182.86,2,116.92,0.761,59.94
2026-03-06 19:00:00,201.711,2,116.689,0.796,59.989
2026-03-06 19:10:00,220.544,2,116.2,0.82,59.978
2026-03-06 19:20:00,309.1,2,117.67,0.943,59.96
2026-03-06 19:30:00,180.24,2,114.84,0.819,59.95
2026-03-06 19:40:00,170.42,2,116.07,0.796,59.98
2026-03-06 19:50:00,226.989,2,115.667,0.838,59.933
2026-03-06 20:00:00,213.311,2,116.622,0.813,59.944
2026-03-06 20:10:00,205.59,2,117.51,0.795,59.98
2026-03-06 20:20:00,207.267,2,116.911,0.801,59.956
2026-03-06 20:30:00,205.078,2,119.756,0.783,59.956
2026-03-06 20:40:00,233.6,2,116.06,0.835,59.94
2026-03-06 20:50:00,275.53,2,117.09,0.868,59.96
2026-03-06 21:00:00,272.143,2,117.171,0.866,59.943
2026-03-06 21:10:00,276.1,2,117.217,0.87,60.0
2026-03-06 21:20:00,235.644,2,117.967,0.843,59.956
2026-03-06 21:30:00,184.09,2,116.79,0.804,59.95
2026-03-06 21:40:00,183.6,2,117.35,0.802,59.96
2026-03-06 21:50:00,184.13,2,115.92,0.812,59.96
2026-03-06 22:00:00,183.81,2,117.0,0.802,59.96
2026-03-06 22:10:00,183.522,2,117.1,0.802,59.944
2026-03-06 22:20:00,204.222,2,117.922,0.828,59.967
2026-03-06 22:30:00,198.07,2,116.86,0.827,59.97
2026-03-06 22:40:00,173.53,2,116.68,0.794,59.94
2026-03-06 22:50:00,175.96,2,116.88,0.795,59.93
2026-03-06 23:00:00,172.911,2,116.778,0.787,59.967
2026-03-06 23:10:00,175.61,2,117.54,0.782,59.98
2026-03-06 23:20:00,145.111,2,117.667,0.696,59.967
2026-03-06 23:30:00,129.54,2,118.06,0.641,59.94
2026-03-06 23:40:00,133.73,2,119.13,0.645,59.96
2026-03-06 23:50:00,128.65,2,117.47,0.646,59.96
2026-03-07 00:00:00,129.678,2,117.678,0.649,59.978
2026-03-07 00:10:00,132.612,2,116.788,0.664,59.925
2026-03-07 00:20:00,126.09,2,117.58,0.639,59.96
2026-03-07 00:30:00,126.57,2,118.12,0.637,59.96
2026-03-07 00:40:00,128.94,2,119.28,0.633,59.97
2026-03-07 00:50:00,129.88,2,120.45,0.628,59.96
2026-03-07 01:00:00,126.19,2,119.57,0.622,59.96
2026-03-07 01:10:00,128.422,2,118.789,0.638,59.978
2026-03-07 01:20:00,210.42,2,118.04,0.984,59.98
2026-03-07 01:30:00,61.75,2,118.22,0.665,59.96
2026-03-07 01:40:00,74.867,2,117.611,0.64,59.978
2026-03-07 01:50:00,151.16,2,116.8,0.712,59.95
2026-03-07 02:00:00,135.633,2,117.233,0.67,59.978
2026-03-07 02:10:00,130.989,2,117.444,0.654,59.944
2026-03-07 02:20:00,127.856,2,116.444,0.653,59.944
2026-03-07 02:30:00,126.89,2,117.22,0.645,59.98
2026-03-07 02:40:00,125.06,2,115.96,0.649,59.97
2026-03-07 02:50:00,125.23,2,117.23,0.64,59.99
2026-03-07 03:00:00,124.889,2,117.356,0.637,59.956
2026-03-07 03:10:00,125.04,2,117.69,0.637,59.96
2026-03-07 03:20:00,125.9,2,118.4,0.632,59.956
2026-03-07 03:30:00,124.662,2,118.2,0.63,59.95
2026-03-07 03:40:00,124.462,2,117.725,0.63,59.95
2026-03-07 03:50:00,123.789,2,116.2,0.644,60.0
2026-03-07 04:00:00,129.24,2,116.88,0.668,59.95
2026-03-07 04:10:00,128.8,2,116.867,0.662,59.944
2026-03-07 04:20:00,128.9,2,117.32,0.66,59.94
2026-03-07 04:30:00,128.425,2,117.062,0.661,59.95
2026-03-07 04:40:00,129.12,2,117.93,0.654,59.97
2026-03-07 04:50:00,128.76,2,117.37,0.659,59.96
2026-03-07 05:00:00,130.86,2,117.68,0.664,59.98
2026-03-07 05:10:00,127.13,2,115.74,0.666,59.94
2026-03-07 05:20:00,128.111,2,116.833,0.66,59.967
2026-03-07 05:30:00,127.52,2,115.96,0.665,59.96
2026-03-07 05:40:00,128.629,2,117.2,0.659,59.943
2026-03-07 05:50:00,128.38,2,117.52,0.655,59.95
2026-03-07 06:00:00,127.78,2,116.91,0.658,59.96
2026-03-07 06:10:00,128.17,2,118.38,0.646,59.95
2026-03-07 06:20:00,125.55,2,117.35,0.639,59.962
2026-03-07 06:30:00,134.8,2,117.588,0.67,59.975
2026-03-07 06:40:00,132.778,2,116.256,0.671,59.956
2026-03-07 06:50:00,132.49,2,115.98,0.673,59.97
2026-03-07 07:00:00,134.62,2,117.56,0.667,59.96
2026-03-07 07:10:00,129.46,2,117.97,0.646,59.93
2026-03-07 07:20:00,198.01,2,116.41,0.968,59.94
2026-03-07 07:30:00,59.97,2,116.45,0.666,59.96
2026-03-07 07:40:00,54.978,2,115.189,0.623,59.967
2026-03-07 07:50:00,149.08,2,115.58,0.715,59.96
2026-03-07 08:00:00,134.66,2,115.94,0.677,59.95
2026-03-07 08:10:00,127.722,2,114.9,0.662,59.967
2026-03-07 08:20:00,125.79,2,116.04,0.649,59.94
2026-03-07 08:30:00,124.51,2,115.99,0.645,59.98
2026-03-07 08:40:00,122.911,2,114.667,0.651,59.967
2026-03-07 08:50:00,122.99,2,115.89,0.641,59.93
2026-03-07 09:00:00,123.44,2,116.76,0.636,59.96
2026-03-07 09:10:00,122.989,2,116.7,0.637,59.967
2026-03-07 09:20:00,121.91,2,115.23,0.643,59.96
2026-03-07 09:30:00,121.51,2,115.14,0.641,59.96
2026-03-07 09:40:00,121.54,2,115.23,0.64,59.97
2026-03-07 09:50:00,120.65,2,114.25,0.647,59.97
2026-03-07 10:00:00,132.61,2,116.26,0.656,59.95
2026-03-07 10:10:00,185.95,2,116.2,0.761,59.95
2026-03-07 10:20:00,184.42,2,117.45,0.757,59.93
2026-03-07 10:30:00,136.74,2,114.68,0.677,59.97
2026-03-07 10:40:00,121.03,2,114.8,0.644,59.98
2026-03-07 10:50:00,121.267,2,115.122,0.641,59.956
2026-03-07 11:00:00,120.26,2,113.82,0.648,59.96
2026-03-07 11:10:00,150.856,2,115.678,0.674,59.944
2026-03-07 11:20:00,196.11,2,114.88,0.698,59.93
2026-03-07 11:30:00,156.633,2,114.956,0.663,59.978
2026-03-07 11:40:00,154.49,2,115.05,0.65,59.93
2026-03-07 11:50:00,138.289,2,114.478,0.666,59.967
2026-03-07 12:00:00,167.42,2,114.49,0.669,59.94
2026-03-07 12:10:00,146.5,2,116.011,0.667,59.956
2026-03-07 12:20:00,157.73,2,115.4,0.629,59.95
2026-03-07 12:30:00,167.57,2,113.32,0.678,59.96
2026-03-07 12:40:00,119.822,2,113.133,0.651,59.956
2026-03-07 12:50:00,120.767,2,114.322,0.643,59.956
2026-03-07 13:00:00,121.5,2,115.122,0.641,59.933
2026-03-07 13:10:00,121.5,2,114.61,0.644,59.97
2026-03-07 13:20:00,188.689,2,115.311,0.946,59.967
2026-03-07 13:30:00,74.61,2,114.22,0.709,59.97
2026-03-07 13:40:00,76.9,2,115.712,0.651,59.975
2026-03-07 13:50:00,188.789,2,114.567,0.779,59.989
2026-03-07 14:00:00,203.74,2,114.77,0.797,59.93
2026-03-07 14:10:00,180.822,2,115.022,0.764,59.944
2026-03-07 14:20:00,170.18,2,115.68,0.749,59.94
2026-03-07 14:30:00,170.325,2,116.95,0.742,59.962
2026-03-07 14:40:00,168.02,2,117.04,0.737,59.97
2026-03-07 14:50:00,166.91,2,116.68,0.736,59.94
2026-03-07 15:00:00,188.575,2,115.588,0.774,59.975
2026-03-07 15:10:00,187.73,2,115.85,0.767,59.96
2026-03-07 15:20:00,178.833,2,114.867,0.754,59.911
2026-03-07 15:30:00,169.344,2,113.567,0.748,59.967
2026-03-07 15:40:00,170.8,2,114.94,0.749,59.96
2026-03-07 15:50:00,179.11,2,114.05,0.759,59.97
2026-03-07 16:00:00,175.36,2,115.67,0.741,59.93
2026-03-07 16:10:00,183.911,2,117.556,0.753,59.956
2026-03-07 16:20:00,181.988,2,117.312,0.751,59.988
2026-03-07 16:30:00,181.629,2,116.686,0.75,59.943
2026-03-07 16:40:00,175.45,2,116.12,0.744,59.97
2026-03-07 16:50:00,164.76,2,115.71,0.735,59.95
2026-03-07 17:00:00,163.389,2,118.089,0.724,59.956
2026-03-07 17:10:00,197.233,2,115.983,0.818,59.95
2026-03-07 17:20:00,192.75,2,116.525,0.819,59.975
2026-03-07 17:30:00,195.456,2,116.856,0.816,59.978
2026-03-07 17:40:00,195.778,2,117.433,0.811,59.933
2026-03-07 17:50:00,196.68,2,118.92,0.801,59.96
2026-03-07 18:00:00,203.33,2,118.19,0.81,59.97
2026-03-07 18:10:00,213.49,2,115.56,0.848,59.94
2026-03-07 18:20:00,215.8,2,115.54,0.856,59.97
2026-03-07 18:30:00,210.85,2,114.32,0.854,59.94
2026-03-07 18:40:00,220.089,2,116.267,0.857,59.967
2026-03-07 18:50:00,286.356,2,115.011,0.886,59.989
2026-03-07 19:00:00,282.14,2,115.67,0.88,59.95
2026-03-07 19:10:00,274.22,2,118.07,0.864,59.95
2026-03-07 19:20:00,346.09,2,116.42,0.926,59.99
2026-03-07 19:30:00,230.089,2,118.789,0.834,59.978
2026-03-07 19:40:00,233.57,2,115.81,0.841,59.96
2026-03-07 19:50:00,378.24,2,116.4,0.898,59.96
2026-03-07 20:00:00,362.5,2,117.64,0.889,59.96
2026-03-07 20:10:00,357.13,2,117.11,0.89,59.96
2026-03-07 20:20:00,350.48,2,117.25,0.89,59.94
2026-03-07 20:30:00,358.122,2,118.644,0.889,59.967
2026-03-07 20:40:00,329.63,2,118.11,0.882,59.97
2026-03-07 20:50:00,288.12,2,118.14,0.872,59.94
2026-03-07 21:00:00,283.88,2,117.11,0.877,59.97
2026-03-07 21:10:00,283.978,2,115.289,0.886,59.956
2026-03-07 21:20:00,282.122,2,113.567,0.891,59.956
2026-03-07 21:30:00,290.62,2,115.02,0.884,59.96
2026-03-07 21:40:00,334.32,2,119.41,0.874,59.95
2026-03-07 21:50:00,316.45,2,119.4,0.865,59.97
2026-03-07 22:00:00,293.09,2,118.02,0.862,59.96
2026-03-07 22:10:00,244.7,2,120.4,0.817,59.98
2026-03-07 22:20:00,164.29,2,118.3,0.742,59.99
2026-03-07 22:30:00,575.056,2,116.289,0.859,59.978
2026-03-07 22:40:00,538.612,2,117.138,0.845,59.962
2026-03-07 22:50:00,143.856,2,116.9,0.699,59.933
2026-03-07 23:00:00,130.71,2,118.32,0.643,59.98
2026-03-07 23:10:00,128.16,2,117.59,0.642,59.93
2026-03-07 23:20:00,125.13,2,118.7,0.623,59.98
2026-03-07 23:30:00,127.09,2,119.26,0.625,59.95
2026-03-07 23:40:00,128.238,2,118.475,0.635,59.962
2026-03-07 23:50:00,126.74,2,119.47,0.622,59.92
2026-03-08 00:00:00,124.2,2,116.312,0.643,59.975
2026-03-08 00:10:00,122.6,2,116.67,0.631,59.92
2026-03-08 00:20:00,124.05,2,116.78,0.637,59.95
2026-03-08 00:30:00,125.862,2,116.525,0.643,59.938
2026-03-08 00:40:00,122.44,2,116.33,0.638,59.96
2026-03-08 00:50:00,123.08,2,117.27,0.631,59.94
2026-03-08 01:00:00,123.4,2,117.29,0.631,59.94
2026-03-08 01:10:00,129.84,2,118.34,0.648,59.97
2026-03-08 01:20:00,199.444,2,119.144,0.944,59.956
2026-03-08 01:30:00,64.978,2,117.533,0.671,59.978
2026-03-08 01:40:00,69.42,2,118.49,0.631,59.95
2026-03-08 01:50:00,151.51,2,116.94,0.712,59.96
2026-03-08 02:00:00,134.625,2,116.9,0.67,59.975
2026-03-08 02:10:00,130.44,2,117.97,0.65,59.97
2026-03-08 02:20:00,127.544,2,117.133,0.649,59.956
2026-03-08 02:30:00,127.88,2,118.77,0.633,59.92
2026-03-08 02:40:00,126.233,2,118.767,0.629,59.967
2026-03-08 02:50:00,124.62,2,117.71,0.633,59.97
2026-03-08 03:00:00,125.65,2,119.08,0.624,59.96
2026-03-08 03:10:00,123.43,2,116.89,0.636,59.95
2026-03-08 03:20:00,123.37,2,117.41,0.631,59.95
2026-03-08 03:30:00,123.04,2,117.37,0.63,59.98
2026-03-08 03:40:00,122.55,2,116.75,0.634,59.97
2026-03-08 03:50:00,123.15,2,116.57,0.638,59.96
2026-03-08 04:00:00,128.55,2,117.12,0.66,59.94
2026-03-08 04:10:00,127.767,2,116.767,0.66,59.944
2026-03-08 04:20:00,128.67,2,117.98,0.653,59.95
2026-03-08 04:30:00,128.32,2,117.53,0.657,59.96
2026-03-08 04:40:00,127.26,2,116.3,0.664,59.98
2026-03-08 04:50:00,127.33,2,116.59,0.661,59.97
2026-03-08 05:00:00,126.34,2,115.57,0.665,59.99
2026-03-08 05:10:00,128.64,2,115.88,0.67,59.97
2026-03-08 05:20:00,132.078,2,117.0,0.677,59.956
2026-03-08 05:30:00,127.15,2,116.14,0.663,59.95
2026-03-08 05:40:00,128.02,2,117.62,0.652,59.94
2026-03-08 05:50:00,134.86,2,116.35,0.685,59.98
2026-03-08 06:00:00,145.84,2,116.77,0.716,59.97
2026-03-08 06:10:00,143.77,2,118.42,0.691,59.97
2026-03-08 06:20:00,135.68,2,116.62,0.676,59.99
2026-03-08 06:30:00,138.4,2,117.27,0.68,59.98
2026-03-08 06:40:00,138.03,2,116.88,0.679,59.96
2026-03-08 06:50:00,135.95,2,116.54,0.677,59.95
2026-03-08 07:00:00,138.51,2,116.2,0.686,59.95
2026-03-08 07:10:00,132.02,2,117.14,0.656,59.99
2026-03-08 07:20:00,202.66,2,117.43,0.947,59.99
2026-03-08 07:30:00,68.778,2,117.678,0.684,59.989
2026-03-08 07:40:00,69.1,2,117.77,0.638,59.96
2026-03-08 07:50:00,148.82,2,115.39,0.717,59.96
2026-03-08 08:00:00,132.99,2,115.91,0.671,59.94
2026-03-08 08:10:00,126.83,2,114.89,0.661,59.93
2026-03-08 08:20:00,124.722,2,114.556,0.657,59.967
2026-03-08 08:30:00,123.69,2,115.23,0.648,59.97
2026-03-08 08:40:00,137.28,2,114.17,0.69,59.91
2026-03-08 08:50:00,124.53,2,116.67,0.642,59.95
2026-03-08 09:00:00,123.01,2,116.37,0.639,59.96
2026-03-08 09:10:00,121.7,2,115.18,0.643,59.99
2026-03-08 09:20:00,120.81,2,114.56,0.646,59.95
2026-03-08 09:30:00,118.933,2,111.978,0.658,59.956
2026-03-08 09:40:00,133.82,2,113.54,0.669,59.97
2026-03-08 09:50:00,153.44,2,115.93,0.679,59.95
2026-03-08 10:00:00,167.84,2,117.21,0.679,59.94
2026-03-08 10:10:00,209.72,2,116.52,0.709,59.96
2026-03-08 10:20:00,200.82,2,116.15,0.703,59.96
2026-03-08 10:30:00,176.52,2,114.82,0.654,59.99
2026-03-08 10:40:00,137.922,2,116.478,0.661,59.978
2026-03-08 10:50:00,158.3,2,116.33,0.677,59.94
2026-03-08 11:00:00,158.138,2,117.675,0.636,59.95
2026-03-08 11:10:00,157.589,2,119.567,0.641,59.956
2026-03-08 11:20:00,147.73,2,117.15,0.664,59.93
2026-03-08 11:30:00,166.588,2,118.075,0.652,59.975
2026-03-08 11:40:00,211.16,2,114.98,0.684,59.96
2026-03-08 11:50:00,328.9,2,115.03,0.779,59.96
2026-03-08 12:00:00,273.69,2,116.56,0.81,59.99
2026-03-08 12:10:00,219.53,2,115.98,0.815,59.94
2026-03-08 12:20:00,216.13,2,115.54,0.814,59.97
2026-03-08 12:30:00,247.71,2,114.48,0.829,59.95
2026-03-08 12:40:00,259.66,2,114.95,0.824,59.95
2026-03-08 12:50:00,280.98,2,116.46,0.812,59.94
2026-03-08 13:00:00,275.489,2,117.056,0.771,59.967
2026-03-08 13:10:00,259.3,2,117.033,0.771,59.956
2026-03-08 13:20:00,293.2,2,116.35,0.919,59.938
2026-03-08 13:30:00,159.05,2,117.43,0.775,59.98
2026-03-08 13:40:00,152.762,2,116.0,0.71,59.925
2026-03-08 13:50:00,283.578,2,116.411,0.774,59.944
2026-03-08 14:00:00,408.27,2,116.11,0.786,59.98
2026-03-08 14:10:00,355.444,2,115.378,0.78,59.956
2026-03-08 14:20:00,188.65,2,116.89,0.763,59.96
2026-03-08 14:30:00,198.7,2,119.7,0.764,59.96
2026-03-08 14:40:00,198.34,2,116.47,0.781,59.95
2026-03-08 14:50:00,191.38,2,115.43,0.776,59.97
2026-03-08 15:00:00,171.39,2,115.81,0.745,59.97
2026-03-08 15:10:00,161.488,2,113.275,0.746,59.962
2026-03-08 15:20:00,161.66,2,113.75,0.746,59.94
2026-03-08 15:30:00,160.09,2,115.76,0.732,59.93
2026-03-08 15:40:00,160.862,2,116.075,0.73,59.975
2026-03-08 15:50:00,181.6,2,115.76,0.755,59.98
2026-03-08 16:00:00,189.222,2,117.567,0.758,59.956
2026-03-08 16:10:00,190.96,2,119.34,0.751,59.98
2026-03-08 16:20:00,188.425,2,117.8,0.758,59.938
2026-03-08 16:30:00,186.85,2,117.512,0.755,59.988
2026-03-08 16:40:00,188.35,2,117.51,0.759,59.98
2026-03-08 16:50:00,186.844,2,117.522,0.756,59.922
2026-03-08 17:00:00,191.971,2,118.214,0.763,59.986
2026-03-08 17:10:00,185.74,2,117.4,0.757,59.95
2026-03-08 17:20:00,187.1,2,117.99,0.755,59.94
2026-03-08 17:30:00,215.59,2,119.11,0.803,59.96
2026-03-08 17:40:00,222.389,2,118.878,0.827,59.967
2026-03-08 17:50:00,228.52,2,119.59,0.827,59.96
2026-03-08 18:00:00,217.8,2,117.68,0.821,59.96
2026-03-08 18:10:00,222.83,2,116.28,0.833,59.98
2026-03-08 18:20:00,221.48,2,116.13,0.828,59.94
2026-03-08 18:30:00,219.37,2,116.14,0.827,59.95
2026-03-08 18:40:00,231.87,2,114.26,0.848,59.96
2026-03-08 18:50:00,231.24,2,114.67,0.848,59.95
2026-03-08 19:00:00,252.5,2,114.17,0.843,59.96
2026-03-08 19:10:00,251.311,2,117.722,0.841,59.967
2026-03-08 19:20:00,342.7,2,117.6,0.929,59.97
2026-03-08 19:30:00,214.82,2,114.95,0.841,59.95
2026-03-08 19:40:00,204.02,2,115.77,0.824,59.97
2026-03-08 19:50:00,295.46,2,118.15,0.881,59.93
2026-03-08 20:00:00,312.2,2,118.73,0.886,59.95
2026-03-08 20:10:00,303.011,2,117.056,0.887,59.978
2026-03-08 20:20:00,287.19,2,116.76,0.882,59.97
2026-03-08 20:30:00,300.188,2,117.312,0.878,59.962
2026-03-08 20:40:00,323.36,2,118.91,0.885,59.97
2026-03-08 20:50:00,315.088,2,118.688,0.883,59.988
2026-03-08 21:00:00,272.99,2,119.51,0.862,59.98
2026-03-08 21:10:00,247.122,2,118.556,0.843,59.978
2026-03-08 21:20:00,245.39,2,116.38,0.854,59.97
2026-03-08 21:30:00,247.31,2,117.15,0.847,59.94
2026-03-08 21:40:00,242.57,2,117.14,0.845,59.96
2026-03-08 21:50:00,234.75,2,116.6,0.843,59.97
2026-03-08 22:00:00,240.88,2,117.92,0.843,59.96
2026-03-08 22:10:00,243.833,2,118.789,0.84,59.967
2026-03-08 22:20:00,181.28,2,118.98,0.786,59.97
2026-03-08 22:30:00,179.51,2,120.41,0.776,59.96
2026-03-08 22:40:00,175.56,2,118.6,0.784,59.99
2026-03-08 22:50:00,175.57,2,117.97,0.786,59.94
2026-03-08 23:00:00,168.8,2,117.667,0.771,59.978
2026-03-08 23:10:00,157.44,2,116.67,0.741,59.98
2026-03-08 23:20:00,123.989,2,117.711,0.627,59.989
2026-03-08 23:30:00,124.93,2,118.96,0.619,59.96
2026-03-08 23:40:00,123.93,2,118.18,0.621,59.97
2026-03-08 23:50:00,125.17,2,119.62,0.616,59.99
2026-03-09 00:00:00,123.622,2,117.633,0.627,59.978
2026-03-09 00:10:00,123.22,2,117.58,0.628,59.95
2026-03-09 00:20:00,123.91,2,118.29,0.622,59.96
2026-03-09 00:30:00,123.656,2,117.567,0.629,59.967
2026-03-09 00:40:00,125.04,2,118.15,0.627,60.0
2026-03-09 00:50:00,124.03,2,118.56,0.623,59.94
2026-03-09 01:00:00,123.225,2,118.05,0.625,59.975
2026-03-09 01:10:00,125.17,2,120.16,0.612,59.99
2026-03-09 01:20:00,193.74,2,117.01,0.947,59.95
2026-03-09 01:30:00,60.73,2,117.9,0.67,59.98
2026-03-09 01:40:00,70.833,2,118.744,0.636,59.967
2026-03-09 01:50:00,150.81,2,117.61,0.704,59.93
2026-03-09 02:00:00,136.47,2,119.1,0.655,59.96
2026-03-09 02:10:00,132.09,2,120.27,0.633,59.94
2026-03-09 02:20:00,129.19,2,119.96,0.629,59.94
2026-03-09 02:30:00,127.8,2,119.93,0.622,59.97
2026-03-09 02:40:00,126.7,2,117.53,0.64,59.95
2026-03-09 02:50:00,124.63,2,118.22,0.628,59.97
2026-03-09 03:00:00,126.71,2,120.02,0.62,59.96
2026-03-09 03:10:00,123.74,2,118.07,0.627,59.96
2026-03-09 03:20:00,124.9,2,119.52,0.616,59.97
2026-03-09 03:30:00,125.32,2,120.57,0.611,59.97
2026-03-09 03:40:00,124.71,2,120.08,0.613,59.93
2026-03-09 03:50:00,124.84,2,119.32,0.62,59.96
2026-03-09 04:00:00,130.09,2,118.06,0.654,59.96
2026-03-09 04:10:00,128.111,2,117.611,0.654,59.967
2026-03-09 04:20:00,128.85,2,118.56,0.646,59.96
2026-03-09 04:30:00,128.2,2,117.89,0.652,59.96
2026-03-09 04:40:00,129.19,2,119.65,0.64,59.96
2026-03-09 04:50:00,129.83,2,119.39,0.644,59.95
2026-03-09 05:00:00,126.6,2,116.78,0.654,59.95
2026-03-09 05:10:00,126.99,2,116.76,0.655,59.95
2026-03-09 05:20:00,125.87,2,115.98,0.658,59.95
2026-03-09 05:30:00,124.82,2,114.8,0.664,59.93
2026-03-09 05:40:00,151.44,2,115.33,0.729,59.94
2026-03-09 05:50:00,155.42,2,115.58,0.739,59.98
2026-03-09 06:00:00,150.767,2,116.6,0.722,59.978
2026-03-09 06:10:00,126.69,2,117.89,0.642,59.98
2026-03-09 06:20:00,123.13,2,117.2,0.629,59.99
2026-03-09 06:30:00,121.38,2,117.7,0.617,59.96
2026-03-09 06:40:00,121.52,2,117.96,0.619,59.95
2026-03-09 06:50:00,121.311,2,117.778,0.62,59.967
2026-03-09 07:00:00,135.611,2,118.544,0.653,59.956
2026-03-09 07:10:00,153.85,2,116.81,0.722,59.95
2026-03-09 07:20:00,224.08,2,116.96,0.963,59.97
2026-03-09 07:30:00,149.32,2,118.23,0.872,59.94
2026-03-09 07:40:00,138.21,2,117.07,0.842,59.96
2026-03-09 07:50:00,223.19,2,117.39,0.838,59.95
2026-03-09 08:00:00,345.68,2,115.36,0.82,59.96
2026-03-09 08:10:00,948.57,2,114.38,0.99,59.97
2026-03-09 08:20:00,951.28,2,114.9,0.99,59.99
2026-03-09 08:30:00,958.89,2,114.91,0.99,59.97
2026-03-09 08:40:00,949.678,2,113.267,0.99,59.956
2026-03-09 08:50:00,947.96,2,112.98,0.99,59.96
2026-03-09 09:00:00,976.76,2,113.71,0.99,59.96
2026-03-09 09:10:00,929.71,2,110.42,0.99,59.94
2026-03-09 09:20:00,952.38,2,112.36,0.99,59.95
2026-03-09 09:30:00,948.53,2,112.17,0.99,59.96
2026-03-09 09:40:00,933.09,2,111.9,0.99,59.93
2026-03-09 09:50:00,921.96,2,111.04,0.99,59.94
2026-03-09 10:00:00,930.22,2,111.48,0.99,59.97
2026-03-09 10:10:00,907.7,2,110.43,0.99,59.97
2026-03-09 10:20:00,914.68,2,110.75,0.99,59.95
2026-03-09 10:30:00,927.76,2,111.27,0.99,59.98
2026-03-09 10:40:00,886.867,2,108.333,0.99,59.967
2026-03-09 10:50:00,911.79,2,110.33,0.99,59.97
2026-03-09 11:00:00,892.41,2,108.56,0.99,59.96
2026-03-09 11:10:00,905.06,2,109.99,0.99,59.95
2026-03-09 11:20:00,921.35,2,111.8,0.99,59.95
2026-03-09 11:30:00,837.7,2,111.367,0.971,59.978
2026-03-09 11:40:00,211.94,2,114.4,0.81,59.98
2026-03-09 11:50:00,209.15,2,114.41,0.81,59.97
2026-03-09 12:00:00,205.44,2,115.08,0.802,59.94
2026-03-09 12:10:00,221.97,2,116.78,0.811,59.96
2026-03-09 12:20:00,211.322,2,114.678,0.81,59.978
2026-03-09 12:30:00,210.22,2,115.85,0.801,59.97
2026-03-09 12:40:00,203.71,2,116.65,0.789,59.98
2026-03-09 12:50:00,201.73,2,113.66,0.801,59.97
2026-03-09 13:00:00,204.0,2,115.38,0.794,59.93
2026-03-09 13:10:00,202.078,2,114.622,0.797,59.956
2026-03-09 13:20:00,266.42,2,114.6,0.935,59.96
2026-03-09 13:30:00,149.98,2,114.85,0.805,59.95
2026-03-09 13:40:00,145.233,2,116.2,0.767,59.967
2026-03-09 13:50:00,227.35,2,115.0,0.831,59.96
2026-03-09 14:00:00,213.55,2,115.3,0.81,59.975
2026-03-09 14:10:00,223.11,2,114.38,0.814,59.95
2026-03-09 14:20:00,218.49,2,114.75,0.817,59.96
2026-03-09 14:30:00,201.75,2,115.01,0.796,59.97
2026-03-09 14:40:00,214.73,2,114.47,0.813,59.93
2026-03-09 14:50:00,216.078,2,113.4,0.82,59.989
2026-03-09 15:00:00,217.65,2,115.5,0.815,59.95
2026-03-09 15:10:00,211.238,2,115.25,0.808,59.962
2026-03-09 15:20:00,218.825,2,118.45,0.8,59.988
2026-03-09 15:30:00,218.88,2,119.27,0.787,59.94
2026-03-09 15:40:00,212.64,2,116.7,0.802,59.95
2026-03-09 15:50:00,224.178,2,116.8,0.813,59.944
2026-03-09 16:00:00,226.944,2,115.578,0.821,59.967
2026-03-09 16:10:00,218.95,2,114.96,0.817,59.93
2026-03-09 16:20:00,214.1,2,115.7,0.801,59.92
2026-03-09 16:30:00,216.322,2,115.833,0.804,59.967
2026-03-09 16:40:00,213.667,2,114.822,0.807,59.956
2026-03-09 16:50:00,215.88,2,117.75,0.795,59.95
2026-03-09 17:00:00,213.089,2,116.556,0.8,59.956
2026-03-09 17:10:00,215.98,2,116.87,0.803,59.94
2026-03-09 17:20:00,217.05,2,115.4,0.799,59.99
2026-03-09 17:30:00,221.13,2,117.24,0.801,59.95
2026-03-09 17:40:00,216.09,2,117.49,0.799,59.96
2026-03-09 17:50:00,214.46,2,117.98,0.792,59.96
2026-03-09 18:00:00,213.83,2,117.39,0.794,59.96
2026-03-09 18:10:00,221.033,2,117.389,0.812,59.956
2026-03-09 18:20:00,230.556,2,116.456,0.819,59.967
2026-03-09 18:30:00,235.378,2,116.644,0.81,59.933
2026-03-09 18:40:00,240.13,2,116.32,0.821,59.95
2026-03-09 18:50:00,232.49,2,118.19,0.822,59.95
2026-03-09 19:00:00,218.96,2,115.19,0.831,59.94
2026-03-09 19:10:00,219.038,2,116.438,0.827,59.938
2026-03-09 19:20:00,283.52,2,115.74,0.934,59.95
2026-03-09 19:30:00,172.833,2,115.678,0.819,59.967
2026-03-09 19:40:00,160.571,2,117.214,0.791,59.971
2026-03-09 19:50:00,242.56,2,118.49,0.842,59.97
2026-03-09 20:00:00,205.05,2,116.562,0.798,59.988
2026-03-09 20:10:00,204.0,2,116.82,0.786,59.94
2026-03-09 20:20:00,204.59,2,117.39,0.782,59.97
2026-03-09 20:30:00,201.68,2,117.84,0.774,59.98
2026-03-09 20:40:00,197.44,2,117.44,0.771,59.95
2026-03-09 20:50:00,195.57,2,118.05,0.769,59.95
2026-03-09 21:00:00,199.886,2,117.657,0.781,59.971
2026-03-09 21:10:00,196.38,2,118.03,0.77,59.99
2026-03-09 21:20:00,198.17,2,117.15,0.775,59.97
2026-03-09 21:30:00,197.57,2,117.22,0.769,59.93
2026-03-09 21:40:00,197.067,2,116.144,0.773,59.978
2026-03-09 21:50:00,194.889,2,114.944,0.779,59.956
2026-03-09 22:00:00,199.83,2,115.23,0.783,59.97
2026-03-09 22:10:00,201.538,2,116.062,0.792,59.962
2026-03-09 22:20:00,196.24,2,116.8,0.78,59.92
2026-03-09 22:30:00,189.97,2,116.87,0.768,59.96
2026-03-09 22:40:00,172.578,2,117.089,0.732,59.967
2026-03-09 22:50:00,130.31,2,118.06,0.651,59.99
2026-03-09 23:00:00,122.23,2,116.84,0.629,59.96
2026-03-09 23:10:00,149.35,2,116.99,0.7,59.99
2026-03-09 23:20:00,143.289,2,115.889,0.694,59.967
2026-03-09 23:30:00,121.7,2,116.84,0.63,59.94
2026-03-09 23:40:00,120.35,2,115.55,0.631,59.96
2026-03-09 23:50:00,122.73,2,116.79,0.63,59.97
2026-03-10 00:00:00,123.29,2,119.1,0.614,59.96
2026-03-10 00:10:00,121.07,2,116.35,0.631,59.95
2026-03-10 00:20:00,120.6,2,115.95,0.635,59.96
2026-03-10 00:30:00,120.71,2,116.19,0.631,59.98
2026-03-10 00:40:00,119.74,2,115.14,0.637,59.96
2026-03-10 00:50:00,120.389,2,115.722,0.633,59.933
2026-03-10 01:00:00,119.45,2,115.0,0.639,59.962
2026-03-10 01:10:00,119.97,2,115.59,0.633,59.96
2026-03-10 01:20:00,188.929,2,116.486,0.939,59.971
2026-03-10 01:30:00,78.9,2,117.98,0.698,59.94
2026-03-10 01:40:00,73.933,2,117.2,0.647,59.95
2026-03-10 01:50:00,151.17,2,117.39,0.709,59.99
2026-03-10 02:00:00,133.89,2,116.6,0.668,59.95
2026-03-10 02:10:00,127.93,2,116.59,0.652,59.97
2026-03-10 02:20:00,126.55,2,117.78,0.64,59.96
2026-03-10 02:30:00,124.078,2,116.789,0.639,59.989
2026-03-10 02:40:00,125.33,2,116.4,0.647,59.97
2026-03-10 02:50:00,123.27,2,116.8,0.634,59.94
2026-03-10 03:00:00,122.43,2,117.37,0.63,59.96
2026-03-10 03:10:00,125.64,2,118.15,0.632,59.96
2026-03-10 03:20:00,123.22,2,118.96,0.619,59.97
2026-03-10 03:30:00,120.575,2,116.938,0.626,59.975
2026-03-10 03:40:00,121.55,2,117.36,0.626,59.96
2026-03-10 03:50:00,120.78,2,116.28,0.633,59.95
2026-03-10 04:00:00,125.35,2,115.74,0.665,59.94
2026-03-10 04:10:00,126.73,2,117.26,0.655,59.93
2026-03-10 04:20:00,127.09,2,117.79,0.653,59.94
2026-03-10 04:30:00,127.02,2,117.93,0.652,59.94
2026-03-10 04:40:00,127.04,2,118.16,0.648,59.96
2026-03-10 04:50:00,126.28,2,117.46,0.65,59.96
2026-03-10 05:00:00,125.1,2,116.011,0.659,59.967
2026-03-10 05:10:00,125.38,2,116.21,0.657,59.96
2026-03-10 05:20:00,124.86,2,115.19,0.662,59.95
2026-03-10 05:30:00,124.04,2,114.88,0.663,59.96
2026-03-10 05:40:00,163.07,2,113.75,0.783,59.93
2026-03-10 05:50:00,162.733,2,113.433,0.783,59.978
2026-03-10 06:00:00,149.95,2,114.87,0.737,59.96
2026-03-10 06:10:00,125.61,2,115.92,0.656,59.96
2026-03-10 06:20:00,166.59,2,115.92,0.721,59.97
2026-03-10 06:30:00,175.01,2,117.03,0.743,59.97
2026-03-10 06:40:00,171.956,2,116.856,0.743,59.922
2026-03-10 06:50:00,175.356,2,115.811,0.756,59.967
2026-03-10 07:00:00,170.6,2,115.856,0.741,59.967
2026-03-10 07:10:00,177.85,2,117.15,0.754,59.97
2026-03-10 07:20:00,247.56,2,116.76,0.929,59.96
2026-03-10 07:30:00,129.9,2,118.04,0.754,59.92
2026-03-10 07:40:00,124.122,2,117.678,0.706,59.978
2026-03-10 07:50:00,199.933,2,116.456,0.798,59.956
2026-03-10 08:00:00,182.911,2,115.989,0.774,59.956
2026-03-10 08:10:00,177.51,2,116.07,0.765,59.93
2026-03-10 08:20:00,176.656,2,114.933,0.763,59.967
2026-03-10 08:30:00,161.17,2,115.5,0.743,59.96
2026-03-10 08:40:00,175.078,2,114.478,0.76,59.933
2026-03-10 08:50:00,244.5,2,114.19,0.833,59.97
2026-03-10 09:00:00,233.38,2,116.03,0.81,59.96
2026-03-10 09:10:00,242.81,2,114.26,0.831,59.97
2026-03-10 09:20:00,233.75,2,113.988,0.821,59.912
2026-03-10 09:30:00,216.89,2,114.4,0.805,59.96
2026-03-10 09:40:00,204.98,2,113.63,0.797,59.98
2026-03-10 09:50:00,205.375,2,115.338,0.794,59.95
2026-03-10 10:00:00,205.74,2,115.91,0.793,59.96
2026-03-10 10:10:00,213.267,2,113.611,0.812,59.956
2026-03-10 10:20:00,217.44,2,113.12,0.824,59.97
2026-03-10 10:30:00,200.93,2,113.59,0.798,59.94
2026-03-10 10:40:00,464.59,2,112.0,0.923,59.94
2026-03-10 10:50:00,578.51,2,112.9,0.97,59.96
2026-03-10 11:00:00,580.01,2,112.06,0.97,59.95
2026-03-10 11:10:00,579.22,2,112.33,0.97,59.97
2026-03-10 11:20:00,581.89,2,112.23,0.97,59.95
2026-03-10 11:30:00,571.82,2,112.96,0.97,59.98
2026-03-10 11:40:00,569.6,2,113.21,0.97,59.96
2026-03-10 11:50:00,573.21,2,112.24,0.97,59.99
2026-03-10 12:00:00,582.067,2,113.233,0.97,59.944
2026-03-10 12:10:00,575.71,2,112.68,0.97,59.94
2026-03-10 12:20:00,584.944,2,113.089,0.97,59.967
2026-03-10 12:30:00,576.56,2,111.66,0.97,59.96
2026-03-10 12:40:00,584.144,2,113.056,0.97,59.944
2026-03-10 12:50:00,583.28,2,112.7,0.97,59.97
2026-03-10 13:00:00,353.72,2,115.36,0.862,59.94
2026-03-10 13:10:00,204.9,2,117.044,0.796,59.956
2026-03-10 13:20:00,266.55,2,116.35,0.935,59.95
2026-03-10 13:30:00,159.3,2,116.011,0.821,59.967
2026-03-10 13:40:00,142.2,2,116.411,0.777,59.978
2026-03-10 13:50:00,221.25,2,115.27,0.831,59.95
2026-03-10 14:00:00,234.278,2,117.078,0.822,59.956
2026-03-10 14:10:00,216.8,2,116.04,0.815,59.95
2026-03-10 14:20:00,214.967,2,113.778,0.828,59.956
2026-03-10 14:30:00,201.922,2,115.244,0.807,59.967
2026-03-10 14:40:00,195.1,2,114.367,0.804,59.956
2026-03-10 14:50:00,193.6,2,113.58,0.806,59.95
2026-03-10 15:00:00,206.94,2,113.9,0.814,59.96
2026-03-10 15:10:00,442.638,2,115.312,0.904,59.962
2026-03-10 15:20:00,594.42,2,113.84,0.97,59.95
2026-03-10 15:30:00,611.389,2,113.811,0.971,59.944
2026-03-10 15:40:00,596.1,2,112.06,0.971,59.95
2026-03-10 15:50:00,598.338,2,112.125,0.97,59.938
2026-03-10 16:00:00,617.69,2,113.02,0.973,59.97
2026-03-10 16:10:00,635.02,2,113.34,0.98,59.94
2026-03-10 16:20:00,636.344,2,113.4,0.98,59.944
2026-03-10 16:30:00,644.03,2,114.12,0.98,59.96
2026-03-10 16:40:00,645.011,2,114.333,0.98,59.967
2026-03-10 16:50:00,642.18,2,113.53,0.979,59.93
2026-03-10 17:00:00,648.82,2,114.44,0.979,59.96
2026-03-10 17:10:00,627.65,2,112.39,0.98,59.95
2026-03-10 17:20:00,618.41,2,111.41,0.98,59.97
2026-03-10 17:30:00,620.0,2,111.55,0.98,59.98
2026-03-10 17:40:00,636.5,2,112.81,0.98,59.93
2026-03-10 17:50:00,654.91,2,114.28,0.978,59.97
2026-03-10 18:00:00,633.289,2,113.3,0.978,59.978
2026-03-10 18:10:00,627.72,2,112.39,0.974,59.92
2026-03-10 18:20:00,630.62,2,113.0,0.975,59.96
2026-03-10 18:30:00,624.43,2,110.92,0.972,59.96
2026-03-10 18:40:00,516.25,2,110.44,0.952,59.96
2026-03-10 18:50:00,278.45,2,114.38,0.881,59.96
2026-03-10 19:00:00,274.756,2,114.789,0.876,59.956
2026-03-10 19:10:00,312.122,2,114.756,0.862,59.956
2026-03-10 19:20:00,364.54,2,115.23,0.908,59.98
2026-03-10 19:30:00,243.09,2,113.55,0.766,59.94
2026-03-10 19:40:00,189.722,2,115.867,0.711,59.944
2026-03-10 19:50:00,257.544,2,115.478,0.813,59.956
2026-03-10 20:00:00,230.53,2,115.45,0.794,59.98
2026-03-10 20:10:00,217.06,2,116.12,0.784,59.98
2026-03-10 20:20:00,202.69,2,116.95,0.773,59.97
2026-03-10 20:30:00,192.58,2,114.91,0.778,59.96
2026-03-10 20:40:00,193.67,2,115.95,0.775,59.96
2026-03-10 20:50:00,190.21,2,116.72,0.77,59.96
2026-03-10 21:00:00,190.12,2,118.05,0.766,59.96
2026-03-10 21:10:00,193.6,2,117.27,0.778,59.94
2026-03-10 21:20:00,195.09,2,115.27,0.794,59.97
2026-03-10 21:30:00,190.53,2,114.05,0.789,59.97
2026-03-10 21:40:00,193.411,2,114.956,0.78,59.944
2026-03-10 21:50:00,193.08,2,113.95,0.791,59.97
2026-03-10 22:00:00,186.81,2,114.22,0.776,59.97
2026-03-10 22:10:00,182.344,2,116.678,0.758,59.967
2026-03-10 22:20:00,585.98,2,116.81,0.876,59.93
2026-03-10 22:30:00,917.12,2,113.15,0.99,59.96
2026-03-10 22:40:00,929.39,2,113.66,0.99,59.96
2026-03-10 22:50:00,857.82,2,112.82,0.99,59.95
2026-03-10 23:00:00,120.85,2,115.78,0.633,59.96
2026-03-10 23:10:00,121.67,2,116.74,0.63,59.95
2026-03-10 23:20:00,121.744,2,116.778,0.629,59.956
2026-03-10 23:30:00,123.5,2,117.06,0.631,59.97
2026-03-10 23:40:00,122.66,2,117.81,0.624,59.95
2026-03-10 23:50:00,120.9,2,115.92,0.633,59.94
2026-03-11 00:00:00,120.48,2,115.47,0.635,59.96
2026-03-11 00:10:00,121.311,2,114.8,0.647,59.989
2026-03-11 00:20:00,120.5,2,115.84,0.633,59.97
2026-03-11 00:30:00,122.55,2,117.925,0.622,59.938
2026-03-11 00:40:00,120.933,2,116.556,0.63,59.933
2026-03-11 00:50:00,120.46,2,116.09,0.633,59.97
2026-03-11 01:00:00,121.733,2,117.633,0.624,59.933
2026-03-11 01:10:00,120.111,2,115.911,0.634,59.967
2026-03-11 01:20:00,189.0,2,115.411,0.95,59.967
2026-03-11 01:30:00,80.65,2,116.91,0.716,59.96
2026-03-11 01:40:00,68.91,2,116.45,0.639,59.96
2026-03-11 01:50:00,146.15,2,117.3,0.696,59.938
2026-03-11 02:00:00,133.67,2,117.31,0.663,59.98
2026-03-11 02:10:00,128.36,2,117.38,0.649,59.97
2026-03-11 02:20:00,125.63,2,117.25,0.641,59.95
2026-03-11 02:30:00,123.18,2,116.12,0.642,59.97
2026-03-11 02:40:00,123.91,2,115.68,0.648,59.93
2026-03-11 02:50:00,122.08,2,116.4,0.637,59.97
2026-03-11 03:00:00,121.83,2,116.83,0.632,59.97
2026-03-11 03:10:00,122.15,2,117.4,0.629,59.97
2026-03-11 03:20:00,121.63,2,117.16,0.629,59.96
2026-03-11 03:30:00,121.44,2,117.11,0.629,59.97
2026-03-11 03:40:00,120.362,2,115.95,0.634,59.938
2026-03-11 03:50:00,121.488,2,116.7,0.634,59.925
2026-03-11 04:00:00,125.33,2,115.31,0.668,59.95
2026-03-11 04:10:00,125.056,2,115.078,0.669,59.956
2026-03-11 04:20:00,127.31,2,117.92,0.65,59.95
2026-03-11 04:30:00,126.3,2,116.99,0.654,59.94
2026-03-11 04:40:00,125.58,2,116.31,0.656,59.96
2026-03-11 04:50:00,125.8,2,116.42,0.657,59.96
2026-03-11 05:00:00,124.05,2,114.638,0.666,59.938
2026-03-11 05:10:00,123.29,2,113.7,0.673,59.95
2026-03-11 05:20:00,124.7,2,115.56,0.659,59.96
2026-03-11 05:30:00,124.92,2,114.22,0.672,59.98
2026-03-11 05:40:00,149.52,2,115.58,0.724,59.93
2026-03-11 05:50:00,163.55,2,116.462,0.754,59.975
2026-03-11 06:00:00,151.4,2,115.4,0.735,59.98
2026-03-11 06:10:00,124.55,2,115.06,0.659,59.94
2026-03-11 06:20:00,124.37,2,115.79,0.649,59.95
2026-03-11 06:30:00,120.144,2,115.322,0.634,59.978
2026-03-11 06:40:00,119.32,2,116.32,0.624,59.94
2026-03-11 06:50:00,118.833,2,115.289,0.633,59.978
2026-03-11 07:00:00,130.35,2,116.03,0.658,59.96
2026-03-11 07:10:00,150.44,2,116.77,0.71,59.98
2026-03-11 07:20:00,220.5,2,116.09,0.961,59.94
2026-03-11 07:30:00,120.58,2,114.29,0.895,59.96
2026-03-11 07:40:00,66.967,2,117.233,0.704,59.944
2026-03-11 07:50:00,147.2,2,114.65,0.715,59.94
2026-03-11 08:00:00,129.72,2,113.56,0.681,59.95
2026-03-11 08:10:00,127.27,2,116.89,0.646,59.95
2026-03-11 08:20:00,122.87,2,115.32,0.645,59.97
2026-03-11 08:30:00,121.244,2,114.689,0.644,59.956
2026-03-11 08:40:00,120.044,2,114.4,0.643,59.967
2026-03-11 08:50:00,118.91,2,113.68,0.645,59.95
2026-03-11 09:00:00,119.43,2,114.79,0.637,59.97
2026-03-11 09:10:00,120.88,2,116.73,0.626,59.95
2026-03-11 09:20:00,119.72,2,115.15,0.637,59.99
2026-03-11 09:30:00,117.1,2,112.078,0.652,59.933
2026-03-11 09:40:00,117.62,2,112.39,0.65,59.94
2026-03-11 09:50:00,117.25,2,112.41,0.649,59.97
2026-03-11 10:00:00,117.23,2,112.36,0.648,59.98
2026-03-11 10:10:00,117.3,2,112.41,0.648,59.92
2026-03-11 10:20:00,119.52,2,115.32,0.633,59.95
2026-03-11 10:30:00,117.81,2,112.97,0.648,59.99
2026-03-11 10:40:00,119.53,2,115.17,0.635,59.94
2026-03-11 10:50:00,117.97,2,113.28,0.647,59.97
2026-03-11 11:00:00,117.07,2,112.0,0.652,60.0
2026-03-11 11:10:00,118.38,2,113.85,0.643,59.93
2026-03-11 11:20:00,120.133,2,115.733,0.634,59.956
2026-03-11 11:30:00,118.462,2,113.475,0.645,59.938
2026-03-11 11:40:00,118.92,2,113.93,0.644,59.97
2026-03-11 11:50:00,118.788,2,113.688,0.646,59.975
2026-03-11 12:00:00,118.189,2,113.011,0.65,59.967
2026-03-11 12:10:00,118.18,2,112.31,0.655,59.98
2026-03-11 12:20:00,119.962,2,115.175,0.639,59.95
2026-03-11 12:30:00,119.05,2,113.57,0.648,59.97
2026-03-11 12:40:00,119.733,2,114.689,0.64,59.978
2026-03-11 12:50:00,119.833,2,114.767,0.639,59.956
2026-03-11 13:00:00,118.87,2,113.48,0.647,59.93
2026-03-11 13:10:00,118.6,2,113.37,0.646,59.96
2026-03-11 13:20:00,185.47,2,114.1,0.946,59.97
2026-03-11 13:30:00,93.39,2,115.34,0.74,59.95
2026-03-11 13:40:00,67.56,2,114.71,0.639,59.94
2026-03-11 13:50:00,177.97,2,116.32,0.794,59.96
2026-03-11 14:00:00,165.46,2,114.69,0.786,59.96
2026-03-11 14:10:00,159.989,2,113.744,0.783,59.956
2026-03-11 14:20:00,157.62,2,115.3,0.766,59.97
2026-03-11 14:30:00,156.6,2,115.16,0.764,59.96
2026-03-11 14:40:00,192.72,2,114.55,0.823,59.96
2026-03-11 14:50:00,183.06,2,116.16,0.803,59.96
2026-03-11 15:00:00,209.111,2,116.067,0.851,59.989
2026-03-11 15:10:00,214.47,2,117.17,0.854,59.96
2026-03-11 15:20:00,212.74,2,116.1,0.855,59.96
2026-03-11 15:30:00,209.938,2,115.512,0.855,59.975
2026-03-11 15:40:00,205.47,2,113.69,0.861,59.94
2026-03-11 15:50:00,203.589,2,113.978,0.859,59.956
2026-03-11 16:00:00,201.0,2,112.76,0.861,59.99
2026-03-11 16:10:00,198.28,2,113.92,0.851,59.95
2026-03-11 16:20:00,166.76,2,116.98,0.757,59.95
2026-03-11 16:30:00,159.944,2,117.844,0.732,59.967
2026-03-11 16:40:00,158.41,2,116.38,0.742,59.97
2026-03-11 16:50:00,157.24,2,115.2,0.747,59.94
2026-03-11 17:00:00,155.78,2,115.24,0.747,59.94
2026-03-11 17:10:00,154.078,2,113.611,0.751,59.967
2026-03-11 17:20:00,154.962,2,115.688,0.739,59.975
2026-03-11 17:30:00,156.08,2,116.6,0.735,59.97
2026-03-11 17:40:00,157.1,2,117.57,0.731,59.98
2026-03-11 17:50:00,149.433,2,118.144,0.704,59.944
2026-03-11 18:00:00,121.01,2,115.84,0.633,59.97
2026-03-11 18:10:00,119.2,2,113.57,0.646,59.96
2026-03-11 18:20:00,121.25,2,114.69,0.643,59.96
2026-03-11 18:30:00,126.04,2,113.95,0.658,59.97
2026-03-11 18:40:00,166.99,2,114.71,0.764,59.94
2026-03-11 18:50:00,200.789,2,116.144,0.828,59.956
2026-03-11 19:00:00,203.07,2,115.87,0.832,59.98
2026-03-11 19:10:00,203.74,2,113.87,0.845,59.95
2026-03-11 19:20:00,271.367,2,113.356,0.949,59.944
2026-03-11 19:30:00,155.52,2,113.89,0.816,59.97
2026-03-11 19:40:00,128.13,2,113.07,0.767,59.94
2026-03-11 19:50:00,275.42,2,115.21,0.882,59.98
2026-03-11 20:00:00,294.14,2,116.89,0.881,59.95
2026-03-11 20:10:00,299.13,2,115.52,0.888,59.95
2026-03-11 20:20:00,276.233,2,115.556,0.89,59.967
2026-03-11 20:30:00,230.79,2,116.46,0.876,59.97
2026-03-11 20:40:00,230.211,2,114.378,0.886,59.956
2026-03-11 20:50:00,228.91,2,117.27,0.866,59.95
2026-03-11 21:00:00,209.933,2,118.544,0.836,59.978
2026-03-11 21:10:00,191.73,2,114.47,0.837,59.96
2026-03-11 21:20:00,193.444,2,115.544,0.833,59.956
2026-03-11 21:30:00,195.79,2,116.24,0.834,59.95
2026-03-11 21:40:00,190.58,2,115.65,0.83,60.0
2026-03-11 21:50:00,192.833,2,116.956,0.827,59.956
2026-03-11 22:00:00,193.086,2,119.214,0.813,59.986
2026-03-11 22:10:00,197.044,2,118.467,0.823,59.978
2026-03-11 22:20:00,196.58,2,119.21,0.819,59.97
2026-03-11 22:30:00,196.16,2,118.79,0.818,59.95
2026-03-11 22:40:00,183.962,2,117.338,0.802,59.975
2026-03-11 22:50:00,155.32,2,118.39,0.723,59.93
2026-03-11 23:00:00,134.67,2,117.72,0.66,59.95
2026-03-11 23:10:00,126.18,2,117.0,0.641,59.97
2026-03-11 23:20:00,124.3,2,117.78,0.629,59.93
2026-03-11 23:30:00,130.98,2,118.91,0.641,59.95
2026-03-11 23:40:00,127.357,2,119.629,0.623,59.929
2026-03-11 23:50:00,127.2,2,118.089,0.637,59.956
2026-03-12 00:00:00,123.64,2,117.34,0.631,59.94
2026-03-12 00:10:00,122.76,2,117.21,0.631,59.97
2026-03-12 00:20:00,122.69,2,118.2,0.622,59.98
2026-03-12 00:30:00,122.73,2,118.29,0.62,59.93
2026-03-12 00:40:00,126.45,2,119.25,0.624,59.93
2026-03-12 00:50:00,124.72,2,119.59,0.618,59.93
2026-03-12 01:00:00,121.722,2,118.833,0.614,59.967
2026-03-12 01:10:00,121.775,2,119.138,0.61,59.962
2026-03-12 01:20:00,201.51,2,119.58,0.951,59.96
2026-03-12 01:30:00,79.79,2,119.01,0.71,59.94
2026-03-12 01:40:00,70.09,2,118.32,0.64,59.96
2026-03-12 01:50:00,149.122,2,118.744,0.693,59.956
2026-03-12 02:00:00,134.033,2,118.767,0.653,59.967
2026-03-12 02:10:00,129.15,2,119.575,0.634,59.975
2026-03-12 02:20:00,127.22,2,120.26,0.621,59.94
2026-03-12 02:30:00,127.17,2,119.76,0.625,59.95
2026-03-12 02:40:00,123.2,2,118.5,0.622,59.96
2026-03-12 02:50:00,123.41,2,119.43,0.619,59.94
2026-03-12 03:00:00,122.011,2,118.367,0.62,59.967
2026-03-12 03:10:00,123.28,2,119.82,0.612,59.95
2026-03-12 03:20:00,123.75,2,120.61,0.607,59.95
2026-03-12 03:30:00,121.95,2,119.38,0.609,59.95
2026-03-12 03:40:00,121.07,2,117.89,0.62,59.92
2026-03-12 03:50:00,128.49,2,118.09,0.649,59.97
2026-03-12 04:00:00,125.55,2,116.59,0.656,59.96
2026-03-12 04:10:00,124.26,2,115.98,0.656,59.96
2026-03-12 04:20:00,124.22,2,115.91,0.659,59.95
2026-03-12 04:30:00,124.6,2,116.63,0.652,59.95
2026-03-12 04:40:00,124.84,2,117.21,0.649,59.95
2026-03-12 04:50:00,126.05,2,117.75,0.646,59.94
2026-03-12 05:00:00,123.0,2,114.85,0.661,59.92
2026-03-12 05:10:00,121.97,2,113.74,0.668,59.95
2026-03-12 05:20:00,183.0,2,115.344,0.783,59.978
2026-03-12 05:30:00,182.23,2,112.07,0.804,59.96
2026-03-12 05:40:00,200.41,2,113.04,0.828,59.94
2026-03-12 05:50:00,201.06,2,115.5,0.814,59.94
2026-03-12 06:00:00,165.789,2,115.967,0.746,59.967
2026-03-12 06:10:00,143.33,2,116.6,0.689,59.96
2026-03-12 06:20:00,126.35,2,116.88,0.642,60.0
2026-03-12 06:30:00,117.09,2,115.05,0.629,59.93
2026-03-12 06:40:00,118.22,2,116.37,0.621,59.95
2026-03-12 06:50:00,117.97,2,115.75,0.625,59.98
2026-03-12 07:00:00,117.72,2,115.72,0.626,59.96
2026-03-12 07:10:00,119.72,2,117.92,0.613,59.95
2026-03-12 07:20:00,191.13,2,116.21,0.952,59.96
2026-03-12 07:30:00,100.989,2,116.189,0.769,59.967
2026-03-12 07:40:00,71.56,2,114.29,0.666,59.99
2026-03-12 07:50:00,150.76,2,115.97,0.714,59.95
2026-03-12 08:00:00,131.59,2,113.25,0.686,59.96
2026-03-12 08:10:00,126.35,2,114.88,0.659,59.98
2026-03-12 08:20:00,125.12,2,116.77,0.64,59.96
2026-03-12 08:30:00,123.367,2,116.8,0.634,59.933
2026-03-12 08:40:00,120.55,2,114.49,0.645,59.97
2026-03-12 08:50:00,121.05,2,116.23,0.632,59.96
2026-03-12 09:00:00,120.138,2,115.238,0.639,59.975
2026-03-12 09:10:00,120.57,2,116.53,0.627,59.95
2026-03-12 09:20:00,208.34,2,115.98,0.696,59.94
2026-03-12 09:30:00,513.311,2,111.311,0.977,59.922
2026-03-12 09:40:00,509.312,2,112.375,0.98,59.962
2026-03-12 09:50:00,515.64,2,114.37,0.98,59.96
2026-03-12 10:00:00,500.58,2,112.48,0.98,59.96
2026-03-12 10:10:00,503.64,2,113.12,0.979,59.94
2026-03-12 10:20:00,512.09,2,113.57,0.978,59.97
2026-03-12 10:30:00,492.411,2,114.022,0.98,59.989
2026-03-12 10:40:00,538.53,2,113.04,0.978,59.95
2026-03-12 10:50:00,853.78,2,110.21,0.99,59.96
2026-03-12 11:00:00,866.26,2,110.61,0.99,59.97
2026-03-12 11:10:00,864.39,2,110.26,0.99,59.92
2026-03-12 11:20:00,882.75,2,112.09,0.99,60.0
2026-03-12 11:30:00,906.61,2,113.84,0.989,60.0
2026-03-12 11:40:00,869.45,2,112.05,0.99,59.95
2026-03-12 11:50:00,862.21,2,112.02,0.99,59.95
2026-03-12 12:00:00,845.82,2,111.83,0.99,59.95
2026-03-12 12:10:00,854.32,2,112.03,0.99,59.97
2026-03-12 12:20:00,843.09,2,111.1,0.99,59.97
2026-03-12 12:30:00,537.12,2,114.83,0.979,59.97
2026-03-12 12:40:00,501.16,2,116.73,0.98,59.96
2026-03-12 12:50:00,484.8,2,114.11,0.98,59.96
2026-03-12 13:00:00,493.07,2,115.63,0.98,59.95
2026-03-12 13:10:00,487.96,2,114.62,0.98,59.96
2026-03-12 13:20:00,489.689,2,114.922,0.98,59.989
2026-03-12 13:30:00,519.13,2,114.71,0.973,59.94
2026-03-12 13:40:00,537.28,2,114.61,0.969,59.93
2026-03-12 13:50:00,532.5,2,114.68,0.97,59.99
2026-03-12 14:00:00,539.43,2,116.57,0.97,59.96
2026-03-12 14:10:00,546.29,2,116.34,0.969,59.97
2026-03-12 14:20:00,531.49,2,115.18,0.97,59.96
2026-03-12 14:30:00,514.37,2,114.87,0.97,59.96
2026-03-12 14:40:00,532.84,2,116.37,0.969,59.95
2026-03-12 14:50:00,508.5,2,115.15,0.975,59.99
2026-03-12 15:00:00,857.73,2,114.93,0.989,59.96
2026-03-12 15:10:00,898.54,2,115.57,0.989,59.95
2026-03-12 15:20:00,888.3,2,113.16,0.99,59.96
2026-03-12 15:30:00,895.6,2,114.31,0.99,59.94
2026-03-12 15:40:00,899.42,2,114.54,0.99,59.95
2026-03-12 15:50:00,894.914,2,114.114,0.99,59.957
2026-03-12 16:00:00,880.95,2,112.76,0.99,59.95
2026-03-12 16:10:00,892.9,2,113.1,0.99,59.94
2026-03-12 16:20:00,890.91,2,113.26,0.99,59.95
2026-03-12 16:30:00,581.033,2,114.622,0.972,59.911
2026-03-12 16:40:00,548.99,2,115.59,0.969,59.97
2026-03-12 16:50:00,542.42,2,114.53,0.97,59.95
2026-03-12 17:00:00,526.1,2,114.36,0.969,59.94
2026-03-12 17:10:00,527.41,2,115.44,0.965,59.96
2026-03-12 17:20:00,527.678,2,115.256,0.97,59.944
2026-03-12 17:30:00,524.76,2,113.45,0.972,59.96
2026-03-12 17:40:00,530.878,2,113.9,0.972,59.956
2026-03-12 17:50:00,528.63,2,113.89,0.97,59.95
2026-03-12 18:00:00,566.47,2,116.6,0.973,59.96
2026-03-12 18:10:00,565.25,2,115.36,0.953,59.93
2026-03-12 18:20:00,508.638,2,114.1,0.975,59.938
2026-03-12 18:30:00,587.94,2,110.71,0.973,59.96
2026-03-12 18:40:00,671.48,2,110.09,0.977,59.96
2026-03-12 18:50:00,604.94,2,113.73,0.964,59.95
2026-03-12 19:00:00,551.29,2,116.47,0.895,59.97
2026-03-12 19:10:00,299.98,2,116.97,0.806,59.94
2026-03-12 19:20:00,258.344,2,116.011,0.777,59.978
2026-03-12 19:30:00,185.025,2,115.5,0.766,59.962
2026-03-12 19:40:00,176.03,2,114.76,0.768,59.96
2026-03-12 19:50:00,175.48,2,119.85,0.771,59.93
2026-03-12 20:00:00,170.84,2,118.62,0.777,59.95
2026-03-12 20:10:00,170.344,2,116.089,0.781,59.956
2026-03-12 20:20:00,171.122,2,117.233,0.78,59.956
2026-03-12 20:30:00,172.87,2,114.91,0.773,59.97
2026-03-12 20:40:00,162.56,2,112.83,0.771,59.96
2026-03-12 20:50:00,162.32,2,114.86,0.782,59.93
2026-03-12 21:00:00,171.28,2,117.01,0.795,59.98
2026-03-12 21:10:00,164.3,2,117.25,0.805,59.938
2026-03-12 21:20:00,164.8,2,116.6,0.815,59.95
2026-03-12 21:30:00,166.16,2,117.49,0.81,59.98
2026-03-12 21:40:00,153.762,2,115.712,0.8,59.925
2026-03-12 21:50:00,153.29,2,116.36,0.801,59.98
2026-03-12 22:00:00,154.65,2,117.45,0.805,59.92
2026-03-12 22:10:00,163.02,2,116.98,0.801,59.96
2026-03-12 22:20:00,155.55,2,117.22,0.8,59.97
2026-03-12 22:30:00,141.17,2,117.9,0.767,59.94
2026-03-12 22:40:00,111.77,2,120.28,0.719,59.95
2026-03-12 22:50:00,123.83,2,119.98,0.734,59.96
2026-03-12 23:00:00,127.44,2,119.68,0.73,59.95
2026-03-12 23:10:00,67.17,2,117.41,0.636,59.99
2026-03-12 23:20:00,27.12,2,118.77,0.534,59.96
2026-03-12 23:30:00,37.212,2,119.975,0.62,59.95
2026-03-12 23:40:00,21.84,2,120.18,0.503,59.96
2026-03-12 23:50:00,25.367,2,119.611,0.529,59.967
2026-03-13 00:00:00,19.844,2,119.444,0.481,59.989
2026-03-13 00:10:00,19.743,2,117.657,0.481,60.0
2026-03-13 00:20:00,20.733,2,116.689,0.51,59.967
2026-03-13 00:30:00,23.05,2,117.35,0.522,59.97
2026-03-13 00:40:00,21.389,2,117.278,0.509,59.933
2026-03-13 00:50:00,19.722,2,116.856,0.489,59.967
2026-03-13 01:00:00,19.95,2,118.56,0.486,59.95
2026-03-13 01:10:00,19.67,2,116.98,0.494,59.98
2026-03-13 01:20:00,19.65,2,116.5,0.496,59.938
2026-03-13 01:30:00,19.788,2,118.012,0.488,59.95
2026-03-13 01:40:00,19.74,2,118.01,0.488,59.97
2026-03-13 01:50:00,19.95,2,117.2,0.498,59.94
2026-03-13 02:00:00,20.289,2,119.189,0.494,60.0
2026-03-13 02:10:00,19.8,2,117.78,0.492,59.94
2026-03-13 02:20:00,19.811,2,118.511,0.482,59.944
2026-03-13 02:30:00,19.89,2,119.64,0.482,59.97
2026-03-13 02:40:00,19.7,2,117.61,0.498,59.94
2026-03-13 02:50:00,19.578,2,116.1,0.5,59.944
2026-03-13 03:00:00,20.625,2,117.762,0.496,59.95
2026-03-13 03:10:00,22.85,2,118.46,0.51,59.94
2026-03-13 03:20:00,19.912,2,118.325,0.49,59.962
2026-03-13 03:30:00,32.21,2,118.99,0.617,59.98
2026-03-13 03:40:00,53.289,2,118.244,0.794,59.922
2026-03-13 03:50:00,20.26,2,117.36,0.495,59.96
2026-03-13 04:00:00,25.422,2,118.333,0.551,59.933
2026-03-13 04:10:00,25.2,2,117.1,0.568,59.96
2026-03-13 04:20:00,25.07,2,116.63,0.567,59.97
2026-03-13 04:30:00,25.322,2,118.967,0.556,59.956
2026-03-13 04:40:00,25.28,2,118.69,0.55,59.97
2026-03-13 04:50:00,25.2,2,118.23,0.555,59.94
2026-03-13 05:00:00,25.65,2,117.43,0.56,59.93
2026-03-13 05:10:00,25.27,2,116.37,0.56,59.95
2026-03-13 05:20:00,25.1,2,115.844,0.55,59.989
2026-03-13 05:30:00,42.79,2,116.93,0.626,59.93
2026-03-13 05:40:00,82.23,2,115.57,0.801,59.93
2026-03-13 05:50:00,83.79,2,115.69,0.804,59.97
2026-03-13 06:00:00,64.711,2,117.378,0.73,59.978
2026-03-13 06:10:00,78.689,2,117.322,0.697,59.956
2026-03-13 06:20:00,157.933,2,116.433,0.787,59.978
2026-03-13 06:30:00,160.156,2,115.089,0.801,59.978
2026-03-13 06:40:00,162.02,2,115.45,0.801,59.94
2026-03-13 06:50:00,154.25,2,115.26,0.799,59.95
2026-03-13 07:00:00,148.76,2,116.66,0.799,59.95
2026-03-13 07:10:00,135.07,2,115.25,0.783,59.97
2026-03-13 07:20:00,106.78,2,115.46,0.764,59.96
2026-03-13 07:30:00,68.59,2,116.73,0.631,59.95
2026-03-13 07:40:00,56.17,2,115.62,0.575,59.94
2026-03-13 07:50:00,55.89,2,113.77,0.582,59.95
2026-03-13 08:00:00,56.212,2,115.125,0.575,59.95
2026-03-13 08:10:00,56.889,2,115.122,0.568,59.967
2026-03-13 08:20:00,55.638,2,114.988,0.57,59.938
2026-03-13 08:30:00,55.978,2,113.789,0.574,59.956
2026-03-13 08:40:00,55.97,2,114.25,0.59,59.96
2026-03-13 08:50:00,55.56,2,114.27,0.581,60.0
2026-03-13 09:00:00,55.343,2,112.829,0.58,59.971
2026-03-13 09:10:00,55.75,2,111.362,0.607,59.962
2026-03-13 09:20:00,94.53,2,111.52,0.732,59.96
2026-03-13 09:30:00,133.711,2,110.567,0.758,59.989
2026-03-13 09:40:00,133.262,2,112.112,0.756,59.975
2026-03-13 09:50:00,131.722,2,114.278,0.743,59.944
2026-03-13 10:00:00,111.25,2,113.48,0.74,59.98
2026-03-13 10:10:00,106.611,2,113.733,0.742,59.956
2026-03-13 10:20:00,105.444,2,114.7,0.731,59.944
2026-03-13 10:30:00,109.211,2,114.822,0.733,59.989
2026-03-13 10:40:00,105.37,2,114.67,0.723,59.96
2026-03-13 10:50:00,101.01,2,115.52,0.716,59.97
2026-03-13 11:00:00,100.622,2,114.8,0.704,60.0
2026-03-13 11:10:00,107.22,2,113.66,0.713,59.96
2026-03-13 11:20:00,111.57,2,113.82,0.73,60.0
2026-03-13 11:30:00,110.344,2,114.544,0.73,59.956
2026-03-13 11:40:00,121.011,2,114.133,0.73,59.944
2026-03-13 11:50:00,113.856,2,114.878,0.718,59.978
2026-03-13 12:00:00,106.43,2,116.33,0.693,59.95
2026-03-13 12:10:00,103.09,2,114.94,0.67,59.94
2026-03-13 12:20:00,104.09,2,115.32,0.714,59.95
2026-03-13 12:30:00,115.73,2,116.15,0.736,59.97
2026-03-13 12:40:00,105.49,2,114.93,0.725,59.95
2026-03-13 12:50:00,108.32,2,114.1,0.731,59.96
2026-03-13 13:00:00,101.178,2,115.378,0.71,59.967
2026-03-13 13:10:00,83.967,2,115.867,0.678,59.944
2026-03-13 13:20:00,78.862,2,115.125,0.671,60.0
2026-03-13 13:30:00,83.77,2,115.13,0.693,59.93
2026-03-13 13:40:00,81.71,2,115.58,0.688,59.98
2026-03-13 13:50:00,89.4,2,116.78,0.7,59.97
2026-03-13 14:00:00,112.489,2,119.389,0.717,59.944
2026-03-13 14:10:00,110.17,2,118.82,0.713,59.94
2026-03-13 14:20:00,108.47,2,117.05,0.714,59.94
2026-03-13 14:30:00,109.45,2,117.238,0.718,59.962
2026-03-13 14:40:00,104.756,2,118.5,0.702,59.956
2026-03-13 14:50:00,104.978,2,116.611,0.717,59.944
2026-03-13 15:00:00,129.722,2,116.133,0.759,59.967
2026-03-13 15:10:00,124.789,2,115.944,0.751,59.978
2026-03-13 15:20:00,124.55,2,114.4,0.748,59.93
2026-03-13 15:30:00,130.09,2,115.08,0.761,59.99
2026-03-13 15:40:00,132.678,2,115.667,0.763,59.978
2026-03-13 15:50:00,127.925,2,113.888,0.764,59.962
2026-03-13 16:00:00,95.85,2,115.4,0.709,59.96
2026-03-13 16:10:00,101.862,2,116.025,0.728,59.962
2026-03-13 16:20:00,107.87,2,116.69,0.723,59.98
2026-03-13 16:30:00,126.17,2,115.95,0.774,59.94
2026-03-13 16:40:00,141.51,2,115.19,0.776,59.97
2026-03-13 16:50:00,129.933,2,113.022,0.763,59.956
2026-03-13 17:00:00,117.89,2,113.78,0.751,59.97
2026-03-13 17:10:00,121.07,2,115.81,0.732,59.98
2026-03-13 17:20:00,113.98,2,116.31,0.74,59.98
2026-03-13 17:30:00,118.578,2,116.378,0.744,59.956
2026-03-13 17:40:00,128.34,2,118.31,0.741,59.98
2026-03-13 17:50:00,110.9,2,117.644,0.718,59.944
2026-03-13 18:00:00,105.133,2,117.983,0.703,59.917
2026-03-13 18:10:00,89.157,2,116.443,0.677,59.957
2026-03-13 18:20:00,77.078,2,116.789,0.623,59.944
2026-03-13 18:30:00,92.575,2,115.725,0.652,59.95
2026-03-13 18:40:00,110.6,2,115.822,0.658,59.944
2026-03-13 18:50:00,105.475,2,118.075,0.66,59.95
2026-03-13 19:00:00,69.633,2,116.944,0.662,59.956
2026-03-13 19:10:00,36.06,2,117.54,0.633,59.94
2026-03-13 19:20:00,38.35,2,115.51,0.645,59.94
2026-03-13 19:30:00,35.36,2,115.63,0.637,59.97
2026-03-13 19:40:00,37.238,2,116.1,0.654,59.95
2026-03-13 19:50:00,43.525,2,115.388,0.679,59.962
2026-03-13 20:00:00,35.01,2,115.98,0.648,59.96
2026-03-13 20:10:00,37.78,2,116.46,0.658,59.94
2026-03-13 20:20:00,39.79,2,118.59,0.657,59.98
2026-03-13 20:30:00,38.73,2,117.27,0.659,59.98
2026-03-13 20:40:00,36.27,2,115.58,0.65,59.93
2026-03-13 20:50:00,76.81,2,115.82,0.755,59.97
2026-03-13 21:00:00,92.46,2,116.29,0.799,59.94
2026-03-13 21:10:00,81.825,2,116.875,0.746,59.975
2026-03-13 21:20:00,116.07,2,113.97,0.802,59.98
2026-03-13 21:30:00,124.8,2,115.8,0.82,59.933
2026-03-13 21:40:00,130.5,2,117.714,0.816,59.971
2026-03-13 21:50:00,131.18,2,118.38,0.807,59.96
2026-03-13 22:00:00,126.61,2,116.91,0.817,59.94
2026-03-13 22:10:00,122.45,2,117.29,0.82,59.93
2026-03-13 22:20:00,104.09,2,117.8,0.79,59.97
2026-03-13 22:30:00,96.61,2,119.31,0.791,59.97
2026-03-13 22:40:00,87.589,2,117.456,0.767,59.967
2026-03-13 22:50:00,51.475,2,118.775,0.686,59.962
2026-03-13 23:00:00,20.08,2,118.91,0.49,59.95
2026-03-13 23:10:00,22.833,2,117.467,0.513,59.967
2026-03-13 23:20:00,19.825,2,117.588,0.486,59.975
2026-03-13 23:30:00,19.825,2,117.525,0.479,59.988
2026-03-13 23:40:00,19.922,2,118.667,0.481,59.933
2026-03-13 23:50:00,22.0,2,119.529,0.501,59.943
2026-03-14 00:00:00,21.6,2,119.178,0.497,59.956
2026-03-14 00:10:00,19.933,2,118.944,0.481,59.967
2026-03-14 00:20:00,20.26,2,119.34,0.477,59.96
2026-03-14 00:30:00,20.15,2,119.58,0.493,59.96
2026-03-14 00:40:00,19.96,2,119.28,0.494,59.95
2026-03-14 00:50:00,19.75,2,117.43,0.499,59.97
2026-03-14 01:00:00,19.86,2,118.82,0.49,59.97
2026-03-14 01:10:00,26.06,2,119.65,0.535,59.95
2026-03-14 01:20:00,22.1,2,120.88,0.507,59.93
2026-03-14 01:30:00,20.03,2,119.56,0.494,59.96
2026-03-14 01:40:00,19.844,2,117.611,0.492,59.956
2026-03-14 01:50:00,20.2,2,116.2,0.497,59.956
2026-03-14 02:00:00,19.889,2,115.767,0.501,59.989
2026-03-14 02:10:00,19.78,2,117.14,0.5,59.95
2026-03-14 02:20:00,19.789,2,117.067,0.503,59.944
2026-03-14 02:30:00,19.862,2,118.675,0.492,59.938
2026-03-14 02:40:00,20.222,2,118.822,0.498,59.978
2026-03-14 02:50:00,20.09,2,117.89,0.511,59.97
2026-03-14 03:00:00,22.362,2,118.275,0.52,59.962
2026-03-14 03:10:00,21.888,2,117.562,0.515,59.988
2026-03-14 03:20:00,20.15,2,117.39,0.491,59.99
2026-03-14 03:30:00,19.886,2,116.843,0.5,59.943
2026-03-14 03:40:00,19.78,2,117.92,0.5,60.0
2026-03-14 03:50:00,23.125,2,118.625,0.526,59.975
2026-03-14 04:00:00,27.45,2,117.84,0.572,59.95
2026-03-14 04:10:00,25.45,2,118.14,0.565,59.96
2026-03-14 04:20:00,25.49,2,118.91,0.569,59.96
2026-03-14 04:30:00,25.411,2,117.122,0.568,59.944
2026-03-14 04:40:00,25.267,2,116.589,0.558,59.978
2026-03-14 04:50:00,25.48,2,116.6,0.56,59.95
2026-03-14 05:00:00,25.5,2,117.656,0.567,59.956
2026-03-14 05:10:00,27.8,2,117.712,0.584,59.975
2026-03-14 05:20:00,25.138,2,116.788,0.562,59.95
2026-03-14 05:30:00,25.212,2,117.525,0.559,59.975
2026-03-14 05:40:00,25.25,2,118.412,0.562,59.962
2026-03-14 05:50:00,46.41,2,117.45,0.735,59.97
2026-03-14 06:00:00,34.87,2,117.33,0.637,59.95
2026-03-14 06:10:00,26.19,2,117.55,0.563,59.95
2026-03-14 06:20:00,21.656,2,118.622,0.514,59.933
2026-03-14 06:30:00,20.189,2,120.122,0.5,59.944
2026-03-14 06:40:00,19.95,2,120.37,0.496,59.97
2026-03-14 06:50:00,19.856,2,120.367,0.493,59.967
2026-03-14 07:00:00,19.87,2,119.0,0.497,59.97
2026-03-14 07:10:00,20.0,2,117.067,0.506,59.978
2026-03-14 07:20:00,19.75,2,116.25,0.51,59.962
2026-03-14 07:30:00,19.85,2,116.54,0.505,59.96
2026-03-14 07:40:00,30.07,2,117.48,0.609,59.96
2026-03-14 07:50:00,26.11,2,116.93,0.568,59.94
2026-03-14 08:00:00,19.86,2,116.06,0.505,59.99
2026-03-14 08:10:00,21.422,2,116.511,0.519,59.944
2026-03-14 08:20:00,31.29,2,115.44,0.585,59.97
2026-03-14 08:30:00,29.278,2,115.1,0.57,59.956
2026-03-14 08:40:00,26.9,2,113.6,0.556,59.967
2026-03-14 08:50:00,25.51,2,116.85,0.54,59.96
2026-03-14 09:00:00,24.167,2,115.6,0.537,59.978
2026-03-14 09:10:00,23.556,2,115.522,0.533,59.956
2026-03-14 09:20:00,22.71,2,113.34,0.538,59.96
2026-03-14 09:30:00,23.067,2,115.211,0.526,59.956
2026-03-14 09:40:00,22.644,2,114.256,0.519,59.933
2026-03-14 09:50:00,21.76,2,113.54,0.529,59.98
2026-03-14 10:00:00,20.36,2,115.01,0.513,59.95
2026-03-14 10:10:00,20.31,2,116.2,0.505,59.96
2026-03-14 10:20:00,21.22,2,114.63,0.516,59.93
2026-03-14 10:30:00,20.99,2,112.73,0.523,59.97
2026-03-14 10:40:00,20.48,2,112.81,0.522,59.97
2026-03-14 10:50:00,20.2,2,112.41,0.528,59.97
2026-03-14 11:00:00,20.72,2,113.08,0.536,59.98
2026-03-14 11:10:00,20.617,2,113.517,0.53,60.0
2026-03-14 11:20:00,20.3,2,111.962,0.535,59.962
2026-03-14 11:30:00,20.012,2,112.912,0.521,59.938
2026-03-14 11:40:00,20.186,2,111.929,0.521,59.986
2026-03-14 11:50:00,20.2,2,111.867,0.507,60.0
2026-03-14 12:00:00,20.078,2,110.511,0.518,59.967
2026-03-14 12:10:00,19.62,2,110.63,0.518,59.96
2026-03-14 12:20:00,19.789,2,112.011,0.517,59.944
2026-03-14 12:30:00,20.1,2,111.8,0.53,59.957
2026-03-14 12:40:00,20.157,2,112.971,0.524,59.971
2026-03-14 12:50:00,19.878,2,112.067,0.527,59.978
2026-03-14 13:00:00,20.2,2,111.588,0.534,59.975
2026-03-14 13:10:00,19.89,2,112.83,0.515,59.96
