FechaMedicion,Potencia,Voltaje,FactorPotencia,Frecuencia,phase,variant
2026-02-15 13:10:00,61.62,115.07,0.616,59.93,2,multivariable
2026-02-15 13:20:00,65.475,115.762,0.62,59.962,2,multivariable
2026-02-15 13:30:00,65.88,116.18,0.623,59.96,2,multivariable
2026-02-15 13:40:00,66.3,116.32,0.634,59.96,2,multivariable
2026-02-15 13:50:00,73.29,114.44,0.673,59.96,2,multivariable
2026-02-15 14:00:00,78.25,114.07,0.673,59.95,2,multivariable
2026-02-15 14:10:00,76.11,114.31,0.665,59.94,2,multivariable
2026-02-15 14:20:00,80.08,115.5,0.684,59.94,2,multivariable
2026-02-15 14:30:00,90.34,114.46,0.71,59.96,2,multivariable
2026-02-15 14:40:00,108.13,116.08,0.769,59.94,2,multivariable
2026-02-15 14:50:00,107.66,115.54,0.75,59.95,2,multivariable
2026-02-15 15:00:00,107.89,115.76,0.749,59.95,2,multivariable
2026-02-15 15:10:00,107.85,115.73,0.758,59.98,2,multivariable
2026-02-15 15:20:00,105.01,114.52,0.759,59.94,2,multivariable
2026-02-15 15:30:00,72.19,115.74,0.658,59.96,2,multivariable
2026-02-15 15:40:00,71.27,116.23,0.638,59.94,2,multivariable
2026-02-15 15:50:00,75.94,116.53,0.652,59.96,2,multivariable
2026-02-15 16:00:00,104.06,117.59,0.714,59.93,2,multivariable
2026-02-15 16:10:00,112.43,117.72,0.73,59.99,2,multivariable
2026-02-15 16:20:00,115.39,117.21,0.721,59.94,2,multivariable
2026-02-15 16:30:00,112.96,116.67,0.715,59.96,2,multivariable
2026-02-15 16:40:00,113.53,116.76,0.703,59.97,2,multivariable
2026-02-15 16:50:00,101.53,118.37,0.694,59.97,2,multivariable
2026-02-15 17:00:00,96.08,118.56,0.698,59.95,2,multivariable
2026-02-15 17:10:00,503.36,117.15,0.846,59.97,2,multivariable
2026-02-15 17:20:00,944.28,114.18,0.99,59.94,2,multivariable
2026-02-15 17:30:00,961.68,115.16,0.99,59.99,2,multivariable
2026-02-15 17:40:00,974.46,116.55,0.99,59.93,2,multivariable
2026-02-15 17:50:00,990.72,117.53,0.99,59.93,2,multivariable
2026-02-15 18:00:00,986.06,117.3,0.99,59.98,2,multivariable
2026-02-15 18:10:00,921.43,115.28,0.99,59.96,2,multivariable
2026-02-15 18:20:00,900.45,113.5,0.99,59.93,2,multivariable
2026-02-15 18:30:00,919.08,114.79,0.99,59.94,2,multivariable
2026-02-15 18:40:00,531.32,116.51,0.893,59.96,2,multivariable
2026-02-15 18:50:00,938.73,114.93,0.988,59.97,2,multivariable
2026-02-15 19:00:00,888.1,113.69,0.99,59.97,2,multivariable
2026-02-15 19:10:00,918.95,114.28,0.99,59.95,2,multivariable
2026-02-15 19:20:00,887.586,115.957,0.987,59.943,2,multivariable
2026-02-15 19:30:00,560.74,115.86,0.978,59.97,2,multivariable
2026-02-15 19:40:00,541.5,115.18,0.975,59.98,2,multivariable
2026-02-15 19:50:00,192.79,116.55,0.781,59.98,2,multivariable
2026-02-15 20:00:00,172.58,117.64,0.799,59.95,2,multivariable
2026-02-15 20:10:00,172.57,115.86,0.808,59.97,2,multivariable
2026-02-15 20:20:00,169.94,116.03,0.808,59.98,2,multivariable
2026-02-15 20:30:00,155.79,116.65,0.785,59.96,2,multivariable
2026-02-15 20:40:00,138.32,115.37,0.752,59.96,2,multivariable
2026-02-15 20:50:00,135.75,116.32,0.756,59.95,2,multivariable
2026-02-15 21:00:00,132.64,116.88,0.755,59.99,2,multivariable
2026-02-15 21:10:00,135.0,116.11,0.764,59.93,2,multivariable
2026-02-15 21:20:00,133.59,117.42,0.761,59.96,2,multivariable
2026-02-15 21:30:00,51.49,116.18,0.715,59.97,2,multivariable
2026-02-15 21:40:00,37.82,116.61,0.66,59.93,2,multivariable
2026-02-15 21:50:00,34.956,115.7,0.647,59.956,2,multivariable
2026-02-15 22:00:00,35.36,115.21,0.649,59.95,2,multivariable
2026-02-15 22:10:00,704.74,113.48,0.965,59.97,2,multivariable
2026-02-15 22:20:00,788.23,114.11,1.0,59.94,2,multivariable
2026-02-15 22:30:00,476.08,114.48,0.845,59.97,2,multivariable
2026-02-15 22:40:00,32.07,117.15,0.625,59.98,2,multivariable
2026-02-15 22:50:00,29.64,117.12,0.604,59.95,2,multivariable
2026-02-15 23:00:00,30.89,116.85,0.611,59.96,2,multivariable
2026-02-15 23:10:00,29.38,115.68,0.61,59.95,2,multivariable
2026-02-15 23:20:00,29.35,116.05,0.61,59.96,2,multivariable
2026-02-15 23:30:00,29.57,117.33,0.609,59.93,2,multivariable
2026-02-15 23:40:00,33.3,117.75,0.615,59.96,2,multivariable
2026-02-15 23:50:00,34.03,117.5,0.622,59.96,2,multivariable
2026-02-16 00:00:00,30.9,116.77,0.613,59.96,2,multivariable
2026-02-16 00:10:00,29.51,117.23,0.609,59.98,2,multivariable
2026-02-16 00:20:00,29.44,116.91,0.61,59.94,2,multivariable
2026-02-16 00:30:00,29.69,118.85,0.604,59.94,2,multivariable
2026-02-16 00:40:00,29.65,118.688,0.595,59.95,2,multivariable
2026-02-16 00:50:00,29.57,117.93,0.594,59.97,2,multivariable
2026-02-16 01:00:00,29.44,116.45,0.606,59.95,2,multivariable
2026-02-16 01:10:00,29.45,116.475,0.61,59.975,2,multivariable
2026-02-16 01:20:00,29.47,117.4,0.605,59.97,2,multivariable
2026-02-16 01:30:00,29.53,118.48,0.591,59.93,2,multivariable
2026-02-16 01:40:00,29.73,120.0,0.589,59.96,2,multivariable
2026-02-16 01:50:00,29.6,118.98,0.602,59.96,2,multivariable
2026-02-16 02:00:00,29.54,118.23,0.606,59.95,2,multivariable
2026-02-16 02:10:00,29.43,117.35,0.601,60.0,2,multivariable
2026-02-16 02:20:00,29.42,117.15,0.593,59.95,2,multivariable
2026-02-16 02:30:00,31.64,118.52,0.599,59.97,2,multivariable
2026-02-16 02:40:00,29.56,118.7,0.602,59.96,2,multivariable
2026-02-16 02:50:00,29.55,118.65,0.602,59.94,2,multivariable
2026-02-16 03:00:00,29.53,117.89,0.6,59.97,2,multivariable
2026-02-16 03:10:00,29.44,117.82,0.596,59.98,2,multivariable
2026-02-16 03:20:00,29.5,118.31,0.593,59.93,2,multivariable
2026-02-16 03:30:00,33.4,118.26,0.627,59.95,2,multivariable
2026-02-16 03:40:00,35.06,119.03,0.64,59.93,2,multivariable
2026-02-16 03:50:00,35.02,118.83,0.64,59.98,2,multivariable
2026-02-16 04:00:00,34.82,117.78,0.636,59.97,2,multivariable
2026-02-16 04:10:00,34.87,116.78,0.64,59.95,2,multivariable
2026-02-16 04:20:00,34.86,116.87,0.644,59.94,2,multivariable
2026-02-16 04:30:00,34.85,116.48,0.649,59.97,2,multivariable
2026-02-16 04:40:00,34.99,118.81,0.64,59.96,2,multivariable
2026-02-16 04:50:00,34.95,118.82,0.633,59.98,2,multivariable
2026-02-16 05:00:00,34.89,117.12,0.628,59.95,2,multivariable
2026-02-16 05:10:00,34.82,116.42,0.641,59.94,2,multivariable
2026-02-16 05:20:00,34.74,115.8,0.649,59.95,2,multivariable
2026-02-16 05:30:00,36.78,115.9,0.647,59.99,2,multivariable
2026-02-16 05:40:00,37.83,117.76,0.64,59.98,2,multivariable
2026-02-16 05:50:00,33.72,118.77,0.617,59.95,2,multivariable
2026-02-16 06:00:00,31.63,118.45,0.614,59.92,2,multivariable
2026-02-16 06:10:00,30.01,116.96,0.606,59.98,2,multivariable
2026-02-16 06:20:00,31.25,116.22,0.613,59.94,2,multivariable
2026-02-16 06:30:00,29.54,117.34,0.602,59.97,2,multivariable
2026-02-16 06:40:00,29.58,118.55,0.602,59.97,2,multivariable
2026-02-16 06:50:00,29.64,117.57,0.61,59.96,2,multivariable
2026-02-16 07:00:00,29.5,117.41,0.61,59.96,2,multivariable
2026-02-16 07:10:00,29.32,115.83,0.609,59.98,2,multivariable
2026-02-16 07:20:00,34.28,116.25,0.617,59.94,2,multivariable
2026-02-16 07:30:00,94.03,116.63,0.68,59.96,2,multivariable
2026-02-16 07:40:00,128.11,116.42,0.74,59.97,2,multivariable
2026-02-16 07:50:00,104.67,115.82,0.697,59.97,2,multivariable
2026-02-16 08:00:00,150.98,115.75,0.796,59.96,2,multivariable
2026-02-16 08:10:00,156.67,114.64,0.801,59.96,2,multivariable
2026-02-16 08:20:00,225.76,116.27,0.815,59.96,2,multivariable
2026-02-16 08:30:00,220.13,117.2,0.819,59.93,2,multivariable
2026-02-16 08:40:00,210.54,116.09,0.827,59.96,2,multivariable
2026-02-16 08:50:00,198.03,112.94,0.827,59.98,2,multivariable
2026-02-16 09:00:00,216.45,113.86,0.852,59.97,2,multivariable
2026-02-16 09:10:00,271.48,115.88,0.84,59.96,2,multivariable
2026-02-16 09:20:00,167.11,120.49,0.807,59.95,2,multivariable
2026-02-16 09:30:00,143.66,117.71,0.79,59.93,2,multivariable
2026-02-16 09:40:00,129.2,115.83,0.756,59.94,2,multivariable
2026-02-16 09:50:00,131.98,116.75,0.76,59.98,2,multivariable
2026-02-16 10:00:00,118.43,117.0,0.721,59.97,2,multivariable
2026-02-16 10:10:00,124.89,116.41,0.681,59.96,2,multivariable
2026-02-16 10:20:00,80.0,115.93,0.636,59.94,2,multivariable
2026-02-16 10:30:00,136.22,116.13,0.784,59.96,2,multivariable
2026-02-16 10:40:00,145.8,117.744,0.802,59.967,2,multivariable
2026-02-16 10:50:00,130.33,115.64,0.79,59.98,2,multivariable
2026-02-16 11:00:00,104.3,113.18,0.744,59.97,2,multivariable
2026-02-16 11:10:00,122.65,114.18,0.674,59.97,2,multivariable
2026-02-16 11:20:00,129.61,116.83,0.688,59.94,2,multivariable
2026-02-16 11:30:00,115.39,118.13,0.669,59.93,2,multivariable
2026-02-16 11:40:00,143.63,117.03,0.769,59.99,2,multivariable
2026-02-16 11:50:00,191.07,117.5,0.835,59.94,2,multivariable
2026-02-16 12:00:00,176.77,116.08,0.826,59.96,2,multivariable
2026-02-16 12:10:00,194.07,115.98,0.839,59.96,2,multivariable
2026-02-16 12:20:00,187.62,116.33,0.815,59.95,2,multivariable
2026-02-16 12:30:00,134.33,116.38,0.782,59.95,2,multivariable
2026-02-16 12:40:00,117.23,118.39,0.748,59.98,2,multivariable
2026-02-16 12:50:00,92.27,119.44,0.687,59.98,2,multivariable
2026-02-16 13:00:00,83.37,119.82,0.689,59.94,2,multivariable
2026-02-16 13:10:00,78.76,118.0,0.682,59.95,2,multivariable
2026-02-16 13:20:00,72.21,118.19,0.665,59.94,2,multivariable
2026-02-16 13:30:00,68.05,118.24,0.659,59.98,2,multivariable
2026-02-16 13:40:00,65.59,118.83,0.63,59.96,2,multivariable
2026-02-16 13:50:00,65.27,118.32,0.625,59.96,2,multivariable
2026-02-16 14:00:00,94.43,117.81,0.682,59.96,2,multivariable
2026-02-16 14:10:00,112.06,118.39,0.736,59.97,2,multivariable
2026-02-16 14:20:00,146.21,118.09,0.823,59.95,2,multivariable
2026-02-16 14:30:00,148.83,117.09,0.813,59.97,2,multivariable
2026-02-16 14:40:00,151.12,117.58,0.828,59.97,2,multivariable
2026-02-16 14:50:00,159.05,117.42,0.824,59.96,2,multivariable
2026-02-16 15:00:00,148.58,117.01,0.808,59.96,2,multivariable
2026-02-16 15:10:00,119.18,117.14,0.73,59.98,2,multivariable
2026-02-16 15:20:00,100.767,118.0,0.674,59.944,2,multivariable
2026-02-16 15:30:00,116.556,116.278,0.703,59.967,2,multivariable
2026-02-16 15:40:00,108.53,117.61,0.685,59.97,2,multivariable
2026-02-16 15:50:00,113.03,117.99,0.697,59.97,2,multivariable
2026-02-16 16:00:00,101.65,118.16,0.667,59.94,2,multivariable
2026-02-16 16:10:00,105.58,119.38,0.681,59.97,2,multivariable
2026-02-16 16:20:00,92.48,118.5,0.677,59.99,2,multivariable
2026-02-16 16:30:00,87.53,119.73,0.663,59.96,2,multivariable
2026-02-16 16:40:00,92.12,118.01,0.664,59.95,2,multivariable
2026-02-16 16:50:00,89.82,118.27,0.659,59.97,2,multivariable
2026-02-16 17:00:00,88.88,118.1,0.657,59.98,2,multivariable
2026-02-16 17:10:00,119.0,117.9,0.734,59.97,2,multivariable
2026-02-16 17:20:00,151.79,117.32,0.809,59.94,2,multivariable
2026-02-16 17:30:00,151.2,118.58,0.803,59.96,2,multivariable
2026-02-16 17:40:00,150.58,120.49,0.801,59.97,2,multivariable
2026-02-16 17:50:00,157.0,120.73,0.807,59.95,2,multivariable
2026-02-16 18:00:00,179.65,119.59,0.835,59.98,2,multivariable
2026-02-16 18:10:00,209.48,117.41,0.846,59.93,2,multivariable
2026-02-16 18:20:00,206.63,117.39,0.849,59.98,2,multivariable
2026-02-16 18:30:00,218.08,115.46,0.849,59.97,2,multivariable
2026-02-16 18:40:00,223.62,116.67,0.853,59.97,2,multivariable
2026-02-16 18:50:00,195.86,118.72,0.84,59.98,2,multivariable
2026-02-16 19:00:00,143.52,120.01,0.749,59.98,2,multivariable
2026-02-16 19:10:00,121.94,119.13,0.728,59.95,2,multivariable
2026-02-16 19:20:00,214.98,117.06,0.836,59.95,2,multivariable
2026-02-16 19:30:00,194.01,116.36,0.823,59.97,2,multivariable
2026-02-16 19:40:00,160.76,117.07,0.795,59.96,2,multivariable
2026-02-16 19:50:00,192.58,118.25,0.781,59.96,2,multivariable
2026-02-16 20:00:00,212.98,119.33,0.772,59.97,2,multivariable
2026-02-16 20:10:00,210.31,118.24,0.772,59.93,2,multivariable
2026-02-16 20:20:00,210.514,118.371,0.774,59.986,2,multivariable
2026-02-16 20:30:00,186.77,117.56,0.741,59.99,2,multivariable
2026-02-16 20:40:00,179.5,118.32,0.727,59.93,2,multivariable
2026-02-16 20:50:00,180.12,118.27,0.723,59.93,2,multivariable
2026-02-16 21:00:00,177.58,117.91,0.734,59.94,2,multivariable
2026-02-16 21:10:00,179.06,117.12,0.74,59.94,2,multivariable
2026-02-16 21:20:00,634.54,117.37,0.904,59.97,2,multivariable
2026-02-16 21:30:00,945.53,117.05,0.952,59.94,2,multivariable
2026-02-16 21:40:00,866.6,115.338,1.0,59.938,2,multivariable
2026-02-16 21:50:00,847.25,115.66,1.0,59.96,2,multivariable
2026-02-16 22:00:00,875.589,117.711,1.0,59.922,2,multivariable
2026-02-16 22:10:00,852.31,116.05,1.0,59.95,2,multivariable
2026-02-16 22:20:00,868.94,117.25,1.0,59.98,2,multivariable
2026-02-16 22:30:00,709.79,118.15,0.945,59.96,2,multivariable
2026-02-16 22:40:00,51.33,119.58,0.656,59.97,2,multivariable
2026-02-16 22:50:00,21.58,116.21,0.51,59.95,2,multivariable
2026-02-16 23:00:00,21.13,116.65,0.498,59.95,2,multivariable
2026-02-16 23:10:00,25.16,116.41,0.533,59.97,2,multivariable
2026-02-16 23:20:00,19.94,119.33,0.485,59.98,2,multivariable
2026-02-16 23:30:00,24.45,119.6,0.522,59.94,2,multivariable
2026-02-16 23:40:00,23.47,119.78,0.514,59.95,2,multivariable
2026-02-16 23:50:00,19.78,117.05,0.486,59.97,2,multivariable
2026-02-17 00:00:00,19.76,116.56,0.484,59.94,2,multivariable
2026-02-17 00:10:00,19.73,117.45,0.49,59.95,2,multivariable
2026-02-17 00:20:00,19.78,118.61,0.488,59.94,2,multivariable
2026-02-17 00:30:00,21.36,118.7,0.497,59.95,2,multivariable
2026-02-17 00:40:00,19.84,117.36,0.49,59.97,2,multivariable
2026-02-17 00:50:00,19.8,118.1,0.493,59.944,2,multivariable
2026-02-17 01:00:00,19.756,117.822,0.49,59.944,2,multivariable
2026-02-17 01:10:00,19.87,118.36,0.492,59.95,2,multivariable
2026-02-17 01:20:00,19.77,118.82,0.481,59.95,2,multivariable
2026-02-17 01:30:00,19.94,119.45,0.48,59.94,2,multivariable
2026-02-17 01:40:00,19.8,119.14,0.488,59.95,2,multivariable
2026-02-17 01:50:00,19.84,119.43,0.492,59.97,2,multivariable
2026-02-17 02:00:00,19.68,117.28,0.494,59.93,2,multivariable
2026-02-17 02:10:00,21.1,117.48,0.493,59.97,2,multivariable
2026-02-17 02:20:00,19.75,118.36,0.491,59.96,2,multivariable
2026-02-17 02:30:00,19.87,119.17,0.497,59.96,2,multivariable
2026-02-17 02:40:00,19.88,119.25,0.5,59.95,2,multivariable
2026-02-17 02:50:00,19.81,119.03,0.495,59.94,2,multivariable
2026-02-17 03:00:00,19.7,119.04,0.489,59.97,2,multivariable
2026-02-17 03:10:00,19.74,117.96,0.497,59.97,2,multivariable
2026-02-17 03:20:00,19.76,118.38,0.499,59.97,2,multivariable
2026-02-17 03:30:00,23.54,119.02,0.534,59.95,2,multivariable
2026-02-17 03:40:00,27.3,118.66,0.567,59.97,2,multivariable
2026-02-17 03:50:00,27.812,118.6,0.575,59.988,2,multivariable
2026-02-17 04:00:00,25.25,118.49,0.565,59.95,2,multivariable
2026-02-17 04:10:00,25.65,117.825,0.571,59.925,2,multivariable
2026-02-17 04:20:00,25.27,118.49,0.561,59.95,2,multivariable
2026-02-17 04:30:00,25.26,118.57,0.56,59.97,2,multivariable
2026-02-17 04:40:00,25.21,118.17,0.567,59.98,2,multivariable
2026-02-17 04:50:00,25.13,118.32,0.565,59.98,2,multivariable
2026-02-17 05:00:00,27.19,118.21,0.57,59.94,2,multivariable
2026-02-17 05:10:00,25.07,116.9,0.549,59.95,2,multivariable
2026-02-17 05:20:00,25.14,118.3,0.557,59.96,2,multivariable
2026-02-17 05:30:00,25.2,118.24,0.559,59.95,2,multivariable
2026-02-17 05:40:00,23.96,117.31,0.545,59.93,2,multivariable
2026-02-17 05:50:00,19.62,117.93,0.483,59.98,2,multivariable
2026-02-17 06:00:00,19.65,118.11,0.486,59.93,2,multivariable
2026-02-17 06:10:00,19.82,119.47,0.489,59.98,2,multivariable
2026-02-17 06:20:00,19.75,118.43,0.497,59.99,2,multivariable
2026-02-17 06:30:00,19.77,118.85,0.493,59.96,2,multivariable
2026-02-17 06:40:00,19.91,118.61,0.495,59.97,2,multivariable
2026-02-17 06:50:00,19.71,118.76,0.497,59.95,2,multivariable
2026-02-17 07:00:00,19.78,118.79,0.501,59.96,2,multivariable
2026-02-17 07:10:00,19.65,118.45,0.499,59.94,2,multivariable
2026-02-17 07:20:00,22.8,117.68,0.528,59.92,2,multivariable
2026-02-17 07:30:00,48.6,117.08,0.642,59.97,2,multivariable
2026-02-17 07:40:00,55.1,118.52,0.697,59.97,2,multivariable
2026-02-17 07:50:00,54.83,117.85,0.795,59.96,2,multivariable
2026-02-17 08:00:00,49.61,117.09,0.794,59.93,2,multivariable
2026-02-17 08:10:00,49.57,116.8,0.796,59.94,2,multivariable
2026-02-17 08:20:00,58.66,116.42,0.797,59.94,2,multivariable
2026-02-17 08:30:00,101.65,115.99,0.751,59.94,2,multivariable
2026-02-17 08:40:00,80.26,116.66,0.854,59.96,2,multivariable
2026-02-17 08:50:00,69.4,117.9,0.814,59.94,2,multivariable
2026-02-17 09:00:00,104.23,116.98,0.822,59.98,2,multivariable
2026-02-17 09:10:00,83.4,118.37,0.795,59.92,2,multivariable
2026-02-17 09:20:00,82.88,116.5,0.827,59.94,2,multivariable
2026-02-17 09:30:00,47.82,116.71,0.675,59.94,2,multivariable
2026-02-17 09:40:00,80.32,115.82,0.749,59.96,2,multivariable
2026-02-17 09:50:00,60.17,114.83,0.599,59.95,2,multivariable
2026-02-17 10:00:00,24.21,115.54,0.531,59.95,2,multivariable
2026-02-17 10:10:00,23.66,115.8,0.533,59.95,2,multivariable
2026-02-17 10:20:00,22.77,115.39,0.536,59.98,2,multivariable
2026-02-17 10:30:00,205.71,114.56,0.667,59.96,2,multivariable
2026-02-17 10:40:00,20.96,114.24,0.518,59.98,2,multivariable
2026-02-17 10:50:00,20.92,114.85,0.513,59.99,2,multivariable
2026-02-17 11:00:00,20.6,115.9,0.516,59.94,2,multivariable
2026-02-17 11:10:00,143.09,116.19,0.602,59.95,2,multivariable
2026-02-17 11:20:00,20.08,116.74,0.506,59.98,2,multivariable
2026-02-17 11:30:00,19.86,114.27,0.51,59.94,2,multivariable
2026-02-17 11:40:00,19.85,114.25,0.51,59.98,2,multivariable
2026-02-17 11:50:00,19.96,115.07,0.511,60.0,2,multivariable
2026-02-17 12:00:00,19.96,114.48,0.506,59.96,2,multivariable
2026-02-17 12:10:00,19.84,115.42,0.5,59.95,2,multivariable
2026-02-17 12:20:00,19.55,114.3,0.503,59.97,2,multivariable
2026-02-17 12:30:00,19.58,115.14,0.503,59.95,2,multivariable
2026-02-17 12:40:00,19.62,115.05,0.514,59.93,2,multivariable
2026-02-17 12:50:00,47.75,116.09,0.567,59.95,2,multivariable
2026-02-17 13:00:00,19.9,116.51,0.514,59.96,2,multivariable
2026-02-17 13:10:00,19.7,116.31,0.51,59.96,2,multivariable
2026-02-17 13:20:00,19.74,116.86,0.508,59.94,2,multivariable
2026-02-17 13:30:00,20.057,115.8,0.494,59.986,2,multivariable
2026-02-17 13:40:00,19.83,115.42,0.489,59.98,2,multivariable
2026-02-17 13:50:00,19.61,116.34,0.506,59.97,2,multivariable
2026-02-17 14:00:00,19.78,117.23,0.51,59.95,2,multivariable
2026-02-17 14:10:00,20.26,116.31,0.515,59.95,2,multivariable
2026-02-17 14:20:00,19.87,116.74,0.506,59.96,2,multivariable
2026-02-17 14:30:00,19.9,116.41,0.509,59.93,2,multivariable
2026-02-17 14:40:00,94.95,115.63,0.687,59.93,2,multivariable
2026-02-17 14:50:00,85.47,116.04,0.674,59.97,2,multivariable
2026-02-17 15:00:00,86.2,114.1,0.671,59.99,2,multivariable
2026-02-17 15:10:00,81.34,114.97,0.659,59.94,2,multivariable
2026-02-17 15:20:00,79.41,115.39,0.646,59.94,2,multivariable
2026-02-17 15:30:00,78.73,115.53,0.652,59.97,2,multivariable
2026-02-17 15:40:00,80.79,116.34,0.661,59.91,2,multivariable
2026-02-17 15:50:00,86.35,115.71,0.675,59.96,2,multivariable
2026-02-17 16:00:00,123.94,115.66,0.764,59.95,2,multivariable
2026-02-17 16:10:00,146.22,115.4,0.826,59.97,2,multivariable
2026-02-17 16:20:00,427.362,115.2,0.886,59.975,2,multivariable
2026-02-17 16:30:00,905.244,114.9,0.99,59.933,2,multivariable
2026-02-17 16:40:00,912.556,115.8,0.991,59.944,2,multivariable
2026-02-17 16:50:00,907.28,114.51,0.99,59.96,2,multivariable
2026-02-17 17:00:00,889.45,111.78,0.99,59.99,2,multivariable
2026-02-17 17:10:00,906.0,110.75,0.991,59.97,2,multivariable
2026-02-17 17:20:00,873.06,108.84,0.989,59.96,2,multivariable
2026-02-17 17:30:00,924.07,113.68,0.99,59.93,2,multivariable
2026-02-17 17:40:00,943.61,115.15,0.99,59.94,2,multivariable
2026-02-17 17:50:00,952.75,115.17,0.99,59.96,2,multivariable
2026-02-17 18:00:00,759.01,112.37,0.953,59.98,2,multivariable
2026-02-17 18:10:00,198.33,117.44,0.831,59.97,2,multivariable
2026-02-17 18:20:00,199.08,116.81,0.833,59.93,2,multivariable
2026-02-17 18:30:00,203.21,114.55,0.825,59.96,2,multivariable
2026-02-17 18:40:00,207.28,115.0,0.817,59.93,2,multivariable
2026-02-17 18:50:00,175.13,116.46,0.761,59.95,2,multivariable
2026-02-17 19:00:00,161.425,116.638,0.739,59.975,2,multivariable
2026-02-17 19:10:00,181.24,116.87,0.785,59.95,2,multivariable
2026-02-17 19:20:00,167.522,115.056,0.799,59.989,2,multivariable
2026-02-17 19:30:00,147.683,115.333,0.795,59.9,2,multivariable
2026-02-17 19:40:00,144.5,116.4,0.794,59.944,2,multivariable
2026-02-17 19:50:00,142.32,116.61,0.793,59.97,2,multivariable
2026-02-17 20:00:00,131.562,116.238,0.775,59.988,2,multivariable
2026-02-17 20:10:00,142.5,115.87,0.77,59.96,2,multivariable
2026-02-17 20:20:00,145.67,117.55,0.753,59.95,2,multivariable
2026-02-17 20:30:00,158.09,116.7,0.745,59.95,2,multivariable
2026-02-17 20:40:00,141.74,117.73,0.728,59.97,2,multivariable
2026-02-17 20:50:00,142.34,118.15,0.757,59.93,2,multivariable
2026-02-17 21:00:00,134.01,118.27,0.758,59.95,2,multivariable
2026-02-17 21:10:00,143.0,117.54,0.775,59.96,2,multivariable
2026-02-17 21:20:00,126.68,118.18,0.75,59.96,2,multivariable
2026-02-17 21:30:00,76.71,118.78,0.72,59.98,2,multivariable
2026-02-17 21:40:00,755.15,117.62,0.966,59.98,2,multivariable
2026-02-17 21:50:00,736.96,116.33,0.967,59.98,2,multivariable
2026-02-17 22:00:00,36.61,117.75,0.651,59.99,2,multivariable
2026-02-17 22:10:00,30.43,118.93,0.601,59.94,2,multivariable
2026-02-17 22:20:00,26.69,118.77,0.575,59.96,2,multivariable
2026-02-17 22:30:00,24.34,117.67,0.538,59.96,2,multivariable
2026-02-17 22:40:00,20.362,118.138,0.492,59.95,2,multivariable
2026-02-17 22:50:00,21.92,118.86,0.5,59.95,2,multivariable
2026-02-17 23:00:00,21.48,119.67,0.5,59.96,2,multivariable
2026-02-17 23:10:00,19.812,117.412,0.5,59.938,2,multivariable
2026-02-17 23:20:00,19.875,117.888,0.5,59.938,2,multivariable
2026-02-17 23:30:00,20.15,117.78,0.499,59.96,2,multivariable
2026-02-17 23:40:00,19.8,118.2,0.493,59.94,2,multivariable
2026-02-17 23:50:00,19.79,117.4,0.484,59.98,2,multivariable
2026-02-18 00:00:00,19.84,118.13,0.49,59.98,2,multivariable
2026-02-18 00:10:00,19.762,117.925,0.499,59.938,2,multivariable
2026-02-18 00:20:00,19.76,118.07,0.499,59.96,2,multivariable
2026-02-18 00:30:00,21.86,118.27,0.507,59.98,2,multivariable
2026-02-18 00:40:00,19.86,118.74,0.483,59.99,2,multivariable
2026-02-18 00:50:00,19.94,117.8,0.483,59.96,2,multivariable
2026-02-18 01:00:00,20.45,118.94,0.496,59.96,2,multivariable
2026-02-18 01:10:00,19.83,118.53,0.494,59.96,2,multivariable
2026-02-18 01:20:00,19.73,117.89,0.499,59.93,2,multivariable
2026-02-18 01:30:00,19.8,118.31,0.498,59.95,2,multivariable
2026-02-18 01:40:00,19.85,118.51,0.494,59.98,2,multivariable
2026-02-18 01:50:00,19.77,117.93,0.504,59.96,2,multivariable
2026-02-18 02:00:00,19.81,118.62,0.5,59.98,2,multivariable
2026-02-18 02:10:00,19.86,118.44,0.5,59.96,2,multivariable
2026-02-18 02:20:00,19.9,118.15,0.495,59.93,2,multivariable
2026-02-18 02:30:00,22.3,118.27,0.518,59.99,2,multivariable
2026-02-18 02:40:00,23.83,118.2,0.535,59.96,2,multivariable
2026-02-18 02:50:00,19.71,117.75,0.501,59.97,2,multivariable
2026-02-18 03:00:00,19.87,118.86,0.491,59.92,2,multivariable
2026-02-18 03:10:00,19.9,118.61,0.49,59.97,2,multivariable
2026-02-18 03:20:00,19.79,118.41,0.499,59.98,2,multivariable
2026-02-18 03:30:00,23.61,119.29,0.541,59.96,2,multivariable
2026-02-18 03:40:00,25.29,118.53,0.56,59.92,2,multivariable
2026-02-18 03:50:00,25.67,117.68,0.561,59.94,2,multivariable
2026-02-18 04:00:00,25.72,118.43,0.561,59.97,2,multivariable
2026-02-18 04:10:00,25.27,118.28,0.562,59.95,2,multivariable
2026-02-18 04:20:00,25.37,117.97,0.561,59.94,2,multivariable
2026-02-18 04:30:00,25.24,118.21,0.56,59.97,2,multivariable
2026-02-18 04:40:00,25.15,117.93,0.559,59.93,2,multivariable
2026-02-18 04:50:00,25.1,116.6,0.566,59.93,2,multivariable
2026-02-18 05:00:00,25.17,117.45,0.566,59.95,2,multivariable
2026-02-18 05:10:00,25.12,117.0,0.55,59.96,2,multivariable
2026-02-18 05:20:00,25.35,115.85,0.554,59.97,2,multivariable
2026-02-18 05:30:00,25.5,115.49,0.562,59.93,2,multivariable
2026-02-18 05:40:00,49.96,115.32,0.727,59.93,2,multivariable
2026-02-18 05:50:00,50.39,115.02,0.744,59.95,2,multivariable
2026-02-18 06:00:00,19.64,115.47,0.498,59.94,2,multivariable
2026-02-18 06:10:00,19.72,116.06,0.487,59.93,2,multivariable
2026-02-18 06:20:00,57.98,114.43,0.58,59.98,2,multivariable
2026-02-18 06:30:00,147.875,114.962,0.738,59.975,2,multivariable
2026-02-18 06:40:00,163.92,115.29,0.756,59.96,2,multivariable
2026-02-18 06:50:00,132.96,114.89,0.708,59.94,2,multivariable
2026-02-18 07:00:00,109.09,113.85,0.662,59.95,2,multivariable
2026-02-18 07:10:00,100.58,113.07,0.664,59.96,2,multivariable
2026-02-18 07:20:00,94.87,115.16,0.66,59.95,2,multivariable
2026-02-18 07:30:00,166.5,115.32,0.692,59.91,2,multivariable
2026-02-18 07:40:00,871.74,116.71,0.99,59.95,2,multivariable
2026-02-18 07:50:00,84.13,117.04,0.642,59.94,2,multivariable
2026-02-18 08:00:00,109.2,114.21,0.743,59.96,2,multivariable
2026-02-18 08:10:00,108.96,115.55,0.748,59.93,2,multivariable
2026-02-18 08:20:00,112.48,115.88,0.736,59.98,2,multivariable
2026-02-18 08:30:00,125.37,114.84,0.752,59.96,2,multivariable
2026-02-18 08:40:00,164.88,114.06,0.808,59.95,2,multivariable
2026-02-18 08:50:00,120.94,113.97,0.744,59.96,2,multivariable
2026-02-18 09:00:00,110.43,115.35,0.741,59.97,2,multivariable
2026-02-18 09:10:00,116.02,115.06,0.763,59.96,2,multivariable
2026-02-18 09:20:00,111.51,115.71,0.768,59.94,2,multivariable
2026-02-18 09:30:00,107.88,115.07,0.757,59.95,2,multivariable
2026-02-18 09:40:00,107.83,114.27,0.758,59.97,2,multivariable
2026-02-18 09:50:00,101.63,112.13,0.743,59.97,2,multivariable
2026-02-18 10:00:00,107.3,112.38,0.752,59.94,2,multivariable
2026-02-18 10:10:00,112.32,114.52,0.749,59.95,2,multivariable
2026-02-18 10:20:00,108.48,115.61,0.749,59.97,2,multivariable
2026-02-18 10:30:00,115.18,112.98,0.751,59.99,2,multivariable
2026-02-18 10:40:00,109.16,112.15,0.742,59.98,2,multivariable
2026-02-18 10:50:00,109.26,111.53,0.735,59.95,2,multivariable
2026-02-18 11:00:00,122.81,112.6,0.77,59.95,2,multivariable
2026-02-18 11:10:00,120.03,113.73,0.766,59.92,2,multivariable
2026-02-18 11:20:00,120.12,113.35,0.768,59.99,2,multivariable
2026-02-18 11:30:00,112.18,111.68,0.747,59.95,2,multivariable
2026-02-18 11:40:00,113.26,112.1,0.75,59.98,2,multivariable
2026-02-18 11:50:00,119.12,110.91,0.762,59.97,2,multivariable
2026-02-18 12:00:00,113.31,111.7,0.746,59.96,2,multivariable
2026-02-18 12:10:00,111.83,111.55,0.749,59.97,2,multivariable
2026-02-18 12:20:00,111.63,111.78,0.76,59.95,2,multivariable
2026-02-18 12:30:00,109.36,114.06,0.752,59.94,2,multivariable
2026-02-18 12:40:00,110.21,113.68,0.754,59.98,2,multivariable
2026-02-18 12:50:00,108.88,113.66,0.741,59.94,2,multivariable
2026-02-18 13:00:00,107.89,113.3,0.741,59.98,2,multivariable
2026-02-18 13:10:00,111.94,113.71,0.749,59.97,2,multivariable
2026-02-18 13:20:00,104.21,113.11,0.726,59.97,2,multivariable
2026-02-18 13:30:00,102.925,114.075,0.721,59.975,2,multivariable
2026-02-18 13:40:00,101.64,113.79,0.728,59.97,2,multivariable
2026-02-18 13:50:00,100.01,114.66,0.721,59.99,2,multivariable
2026-02-18 14:00:00,106.79,115.38,0.739,59.94,2,multivariable
2026-02-18 14:10:00,104.4,113.62,0.735,59.94,2,multivariable
2026-02-18 14:20:00,110.02,113.76,0.745,59.97,2,multivariable
2026-02-18 14:30:00,103.67,113.27,0.73,59.97,2,multivariable
2026-02-18 14:40:00,107.2,113.2,0.748,59.91,2,multivariable
2026-02-18 14:50:00,106.88,114.0,0.731,59.98,2,multivariable
2026-02-18 15:00:00,142.66,115.68,0.773,59.99,2,multivariable
2026-02-18 15:10:00,135.83,114.36,0.765,59.98,2,multivariable
2026-02-18 15:20:00,137.94,115.88,0.766,59.95,2,multivariable
2026-02-18 15:30:00,136.06,115.75,0.761,59.96,2,multivariable
2026-02-18 15:40:00,138.76,114.9,0.755,59.95,2,multivariable
2026-02-18 15:50:00,133.15,113.94,0.743,59.93,2,multivariable
2026-02-18 16:00:00,117.56,113.8,0.736,59.96,2,multivariable
2026-02-18 16:10:00,108.77,116.06,0.718,59.92,2,multivariable
2026-02-18 16:20:00,111.63,117.02,0.724,59.98,2,multivariable
2026-02-18 16:30:00,109.17,117.79,0.722,59.97,2,multivariable
2026-02-18 16:40:00,151.61,115.96,0.797,59.95,2,multivariable
2026-02-18 16:50:00,178.49,114.96,0.848,59.95,2,multivariable
2026-02-18 17:00:00,213.13,115.09,0.868,59.99,2,multivariable
2026-02-18 17:10:00,234.82,116.04,0.882,59.96,2,multivariable
2026-02-18 17:20:00,233.79,117.33,0.879,59.94,2,multivariable
2026-02-18 17:30:00,226.1,116.97,0.878,59.97,2,multivariable
2026-02-18 17:40:00,174.92,117.6,0.826,59.96,2,multivariable
2026-02-18 17:50:00,174.14,115.76,0.823,59.97,2,multivariable
2026-02-18 18:00:00,191.59,116.74,0.831,59.99,2,multivariable
2026-02-18 18:10:00,167.42,118.13,0.81,59.92,2,multivariable
2026-02-18 18:20:00,141.08,116.62,0.789,59.97,2,multivariable
2026-02-18 18:30:00,129.91,115.07,0.761,59.93,2,multivariable
2026-02-18 18:40:00,40.57,114.67,0.646,59.98,2,multivariable
2026-02-18 18:50:00,38.23,116.17,0.628,59.94,2,multivariable
2026-02-18 19:00:00,35.36,116.17,0.63,59.96,2,multivariable
2026-02-18 19:10:00,37.74,114.68,0.637,59.94,2,multivariable
2026-02-18 19:20:00,37.7,114.01,0.635,59.94,2,multivariable
2026-02-18 19:30:00,34.9,114.66,0.629,59.93,2,multivariable
2026-02-18 19:40:00,35.02,115.65,0.63,59.97,2,multivariable
2026-02-18 19:50:00,35.12,117.12,0.628,59.94,2,multivariable
2026-02-18 20:00:00,36.53,117.13,0.635,59.96,2,multivariable
2026-02-18 20:10:00,50.69,115.76,0.695,59.96,2,multivariable
2026-02-18 20:20:00,76.12,116.87,0.81,59.96,2,multivariable
2026-02-18 20:30:00,76.69,118.17,0.803,59.95,2,multivariable
2026-02-18 20:40:00,62.62,119.45,0.745,59.95,2,multivariable
2026-02-18 20:50:00,117.45,117.14,0.659,59.96,2,multivariable
2026-02-18 21:00:00,151.59,117.97,0.684,59.97,2,multivariable
2026-02-18 21:10:00,115.05,118.325,0.684,59.975,2,multivariable
2026-02-18 21:20:00,147.52,119.56,0.749,59.95,2,multivariable
2026-02-18 21:30:00,163.922,119.122,0.791,59.967,2,multivariable
2026-02-18 21:40:00,202.15,117.75,0.784,59.97,2,multivariable
2026-02-18 21:50:00,842.79,115.07,1.0,59.94,2,multivariable
2026-02-18 22:00:00,870.03,117.1,1.0,59.97,2,multivariable
2026-02-18 22:10:00,859.36,116.17,1.0,59.96,2,multivariable
2026-02-18 22:20:00,234.57,118.33,0.797,59.94,2,multivariable
2026-02-18 22:30:00,76.19,118.38,0.735,59.94,2,multivariable
2026-02-18 22:40:00,68.22,118.77,0.721,59.95,2,multivariable
2026-02-18 22:50:00,65.11,119.26,0.71,59.97,2,multivariable
2026-02-18 23:00:00,71.55,118.61,0.72,59.98,2,multivariable
2026-02-18 23:10:00,64.34,117.85,0.72,59.99,2,multivariable
2026-02-18 23:20:00,41.23,117.17,0.642,59.95,2,multivariable
2026-02-18 23:30:00,25.93,117.62,0.54,59.97,2,multivariable
2026-02-18 23:40:00,25.87,118.68,0.525,59.95,2,multivariable
2026-02-18 23:50:00,22.01,119.45,0.5,59.94,2,multivariable
2026-02-19 00:00:00,21.28,118.88,0.501,59.93,2,multivariable
2026-02-19 00:10:00,19.81,118.99,0.486,59.94,2,multivariable
2026-02-19 00:20:00,19.74,118.79,0.48,59.96,2,multivariable
2026-02-19 00:30:00,19.64,117.76,0.48,59.97,2,multivariable
2026-02-19 00:40:00,19.65,117.73,0.491,59.97,2,multivariable
2026-02-19 00:50:00,19.81,118.5,0.491,59.97,2,multivariable
2026-02-19 01:00:00,21.81,119.46,0.502,59.95,2,multivariable
2026-02-19 01:10:00,19.76,119.44,0.475,59.96,2,multivariable
2026-02-19 01:20:00,19.68,118.42,0.484,59.97,2,multivariable
2026-02-19 01:30:00,19.71,118.26,0.494,59.97,2,multivariable
2026-02-19 01:40:00,23.73,117.78,0.525,59.94,2,multivariable
2026-02-19 01:50:00,19.82,119.22,0.485,59.95,2,multivariable
2026-02-19 02:00:00,20.17,120.23,0.487,59.95,2,multivariable
2026-02-19 02:10:00,19.86,119.09,0.495,59.95,2,multivariable
2026-02-19 02:20:00,22.95,117.84,0.522,59.94,2,multivariable
2026-02-19 02:30:00,19.65,117.77,0.49,59.96,2,multivariable
2026-02-19 02:40:00,19.68,117.65,0.488,59.97,2,multivariable
2026-02-19 02:50:00,19.56,118.63,0.492,59.93,2,multivariable
2026-02-19 03:00:00,19.68,120.15,0.493,59.98,2,multivariable
2026-02-19 03:10:00,19.788,119.712,0.5,59.988,2,multivariable
2026-02-19 03:20:00,19.81,119.59,0.493,59.94,2,multivariable
2026-02-19 03:30:00,23.55,118.1,0.53,59.96,2,multivariable
2026-02-19 03:40:00,25.22,118.78,0.56,59.94,2,multivariable
2026-02-19 03:50:00,25.24,118.57,0.56,59.95,2,multivariable
2026-02-19 04:00:00,25.21,118.92,0.557,59.94,2,multivariable
2026-02-19 04:10:00,25.38,119.04,0.552,59.97,2,multivariable
2026-02-19 04:20:00,25.15,118.6,0.557,59.94,2,multivariable
2026-02-19 04:30:00,27.16,117.64,0.572,59.94,2,multivariable
2026-02-19 04:40:00,25.98,117.06,0.563,59.95,2,multivariable
2026-02-19 04:50:00,28.45,116.9,0.574,59.96,2,multivariable
2026-02-19 05:00:00,25.23,118.23,0.55,59.93,2,multivariable
2026-02-19 05:10:00,25.08,116.51,0.56,59.96,2,multivariable
2026-02-19 05:20:00,25.14,117.75,0.55,59.95,2,multivariable
2026-02-19 05:30:00,32.21,116.53,0.608,59.97,2,multivariable
2026-02-19 05:40:00,54.21,115.38,0.803,59.97,2,multivariable
2026-02-19 05:50:00,48.78,115.32,0.779,59.94,2,multivariable
2026-02-19 06:00:00,21.7,116.09,0.509,59.94,2,multivariable
2026-02-19 06:10:00,20.25,116.36,0.489,59.96,2,multivariable
2026-02-19 06:20:00,23.14,116.71,0.508,59.94,2,multivariable
2026-02-19 06:30:00,20.1,117.16,0.493,59.97,2,multivariable
2026-02-19 06:40:00,19.75,117.35,0.494,59.97,2,multivariable
2026-02-19 06:50:00,19.53,116.32,0.494,59.94,2,multivariable
2026-02-19 07:00:00,19.58,116.5,0.505,59.95,2,multivariable
2026-02-19 07:10:00,19.65,115.77,0.51,59.98,2,multivariable
2026-02-19 07:20:00,31.2,115.24,0.621,59.94,2,multivariable
2026-02-19 07:30:00,56.11,114.38,0.808,59.94,2,multivariable
2026-02-19 07:40:00,57.04,115.07,0.809,59.97,2,multivariable
2026-02-19 07:50:00,57.31,116.16,0.802,59.94,2,multivariable
2026-02-19 08:00:00,462.24,114.73,0.897,59.95,2,multivariable
2026-02-19 08:10:00,858.78,111.78,0.99,59.96,2,multivariable
2026-02-19 08:20:00,818.66,110.96,0.99,59.95,2,multivariable
2026-02-19 08:30:00,834.01,112.61,0.99,59.96,2,multivariable
2026-02-19 08:40:00,826.97,111.69,0.99,59.97,2,multivariable
2026-02-19 08:50:00,857.88,112.55,0.99,59.96,2,multivariable
2026-02-19 09:00:00,833.8,110.61,0.99,59.96,2,multivariable
2026-02-19 09:10:00,828.17,110.62,0.99,59.98,2,multivariable
2026-02-19 09:20:00,858.02,112.17,0.99,59.98,2,multivariable
2026-02-19 09:30:00,855.31,113.02,0.99,59.98,2,multivariable
2026-02-19 09:40:00,849.18,112.52,0.99,59.95,2,multivariable
2026-02-19 09:50:00,851.25,112.99,0.99,59.95,2,multivariable
2026-02-19 10:00:00,853.73,112.53,0.99,59.95,2,multivariable
2026-02-19 10:10:00,848.52,113.09,0.99,59.94,2,multivariable
2026-02-19 10:20:00,861.55,112.25,0.988,59.95,2,multivariable
2026-02-19 10:30:00,917.87,111.28,0.976,59.94,2,multivariable
2026-02-19 10:40:00,926.74,111.62,0.975,59.92,2,multivariable
2026-02-19 10:50:00,883.222,111.167,0.983,59.944,2,multivariable
2026-02-19 11:00:00,869.99,111.85,0.989,59.95,2,multivariable
2026-02-19 11:10:00,883.9,109.97,0.979,59.93,2,multivariable
2026-02-19 11:20:00,900.56,109.26,0.983,59.96,2,multivariable
2026-02-19 11:30:00,996.36,108.93,0.967,59.94,2,multivariable
2026-02-19 11:40:00,897.78,110.57,0.982,59.97,2,multivariable
2026-02-19 11:50:00,828.356,111.078,0.99,59.967,2,multivariable
2026-02-19 12:00:00,760.94,111.86,0.969,59.95,2,multivariable
2026-02-19 12:10:00,107.53,113.07,0.763,59.95,2,multivariable
2026-02-19 12:20:00,104.18,112.08,0.75,59.96,2,multivariable
2026-02-19 12:30:00,106.71,110.76,0.757,59.96,2,multivariable
2026-02-19 12:40:00,109.9,110.69,0.753,59.97,2,multivariable
2026-02-19 12:50:00,108.975,112.888,0.741,59.925,2,multivariable
2026-02-19 13:00:00,116.73,115.07,0.762,59.94,2,multivariable
2026-02-19 13:10:00,100.54,114.83,0.744,59.97,2,multivariable
2026-02-19 13:20:00,99.32,113.69,0.74,59.95,2,multivariable
2026-02-19 13:30:00,93.962,115.562,0.725,59.962,2,multivariable
2026-02-19 13:40:00,95.4,114.49,0.728,59.96,2,multivariable
2026-02-19 13:50:00,91.52,112.5,0.723,59.97,2,multivariable
2026-02-19 14:00:00,98.85,113.98,0.735,59.94,2,multivariable
2026-02-19 14:10:00,107.54,114.2,0.746,59.97,2,multivariable
2026-02-19 14:20:00,107.33,114.28,0.75,59.94,2,multivariable
2026-02-19 14:30:00,760.3,112.68,0.965,59.95,2,multivariable
2026-02-19 14:40:00,849.46,113.75,0.99,59.94,2,multivariable
2026-02-19 14:50:00,842.09,113.33,0.99,59.94,2,multivariable
2026-02-19 15:00:00,827.53,110.94,0.99,59.99,2,multivariable
2026-02-19 15:10:00,841.38,111.39,0.99,59.99,2,multivariable
2026-02-19 15:20:00,834.37,110.58,0.99,59.94,2,multivariable
2026-02-19 15:30:00,852.2,112.04,0.99,59.93,2,multivariable
2026-02-19 15:40:00,877.5,114.05,0.99,59.97,2,multivariable
2026-02-19 15:50:00,850.725,111.95,0.99,59.95,2,multivariable
2026-02-19 16:00:00,846.12,112.4,0.99,59.92,2,multivariable
2026-02-19 16:10:00,827.14,112.25,0.99,59.95,2,multivariable
2026-02-19 16:20:00,847.93,113.7,0.99,59.96,2,multivariable
2026-02-19 16:30:00,844.08,113.46,0.991,59.95,2,multivariable
2026-02-19 16:40:00,864.144,114.978,0.99,59.944,2,multivariable
2026-02-19 16:50:00,832.511,112.822,0.99,59.922,2,multivariable
2026-02-19 17:00:00,850.812,113.788,0.99,60.0,2,multivariable
2026-02-19 17:10:00,859.71,114.35,0.99,59.97,2,multivariable
2026-02-19 17:20:00,874.12,115.39,0.99,59.96,2,multivariable
2026-02-19 17:30:00,869.65,115.32,0.99,59.92,2,multivariable
2026-02-19 17:40:00,841.95,113.588,0.99,59.925,2,multivariable
2026-02-19 17:50:00,878.84,112.86,0.989,59.97,2,multivariable
2026-02-19 18:00:00,537.212,114.988,0.864,59.962,2,multivariable
2026-02-19 18:10:00,152.17,116.56,0.741,59.92,2,multivariable
2026-02-19 18:20:00,157.425,116.375,0.744,59.95,2,multivariable
2026-02-19 18:30:00,157.02,114.66,0.756,59.97,2,multivariable
2026-02-19 18:40:00,145.38,114.1,0.752,59.95,2,multivariable
2026-02-19 18:50:00,181.32,112.96,0.79,59.98,2,multivariable
2026-02-19 19:00:00,184.78,113.77,0.804,59.97,2,multivariable
2026-02-19 19:10:00,181.5,115.12,0.807,59.99,2,multivariable
2026-02-19 19:20:00,178.78,115.07,0.808,59.98,2,multivariable
2026-02-19 19:30:00,207.13,113.58,0.805,59.95,2,multivariable
2026-02-19 19:40:00,244.34,113.72,0.776,59.94,2,multivariable
2026-02-19 19:50:00,251.49,115.48,0.827,59.93,2,multivariable
2026-02-19 20:00:00,196.8,116.438,0.788,59.975,2,multivariable
2026-02-19 20:10:00,214.36,116.54,0.787,59.96,2,multivariable
2026-02-19 20:20:00,182.29,116.26,0.748,59.93,2,multivariable
2026-02-19 20:30:00,200.57,115.36,0.758,59.95,2,multivariable
2026-02-19 20:40:00,202.49,116.5,0.744,59.96,2,multivariable
2026-02-19 20:50:00,208.78,115.76,0.765,59.97,2,multivariable
2026-02-19 21:00:00,211.9,118.025,0.746,59.962,2,multivariable
2026-02-19 21:10:00,136.76,118.06,0.724,59.97,2,multivariable
2026-02-19 21:20:00,158.55,117.87,0.76,59.95,2,multivariable
2026-02-19 21:30:00,170.88,118.76,0.798,59.94,2,multivariable
2026-02-19 21:40:00,894.86,116.8,1.0,59.96,2,multivariable
2026-02-19 21:50:00,869.66,115.39,1.0,59.95,2,multivariable
2026-02-19 22:00:00,577.3,115.462,0.932,59.975,2,multivariable
2026-02-19 22:10:00,89.18,116.83,0.775,59.93,2,multivariable
2026-02-19 22:20:00,41.64,118.38,0.669,59.97,2,multivariable
2026-02-19 22:30:00,23.15,119.2,0.518,59.95,2,multivariable
2026-02-19 22:40:00,20.375,117.65,0.495,59.95,2,multivariable
2026-02-19 22:50:00,22.48,117.49,0.504,59.94,2,multivariable
2026-02-19 23:00:00,20.27,117.18,0.48,59.97,2,multivariable
2026-02-19 23:10:00,20.3,116.9,0.485,59.94,2,multivariable
2026-02-19 23:20:00,20.24,117.23,0.49,59.96,2,multivariable
2026-02-19 23:30:00,20.362,118.525,0.489,59.925,2,multivariable
2026-02-19 23:40:00,20.51,118.85,0.485,59.94,2,multivariable
2026-02-19 23:50:00,20.34,118.81,0.484,59.97,2,multivariable
2026-02-20 00:00:00,20.41,118.93,0.49,59.94,2,multivariable
2026-02-20 00:10:00,20.36,118.55,0.49,59.94,2,multivariable
2026-02-20 00:20:00,20.4,120.31,0.48,59.94,2,multivariable
2026-02-20 00:30:00,20.34,118.92,0.481,59.97,2,multivariable
2026-02-20 00:40:00,20.54,120.84,0.483,59.97,2,multivariable
2026-02-20 00:50:00,20.46,120.07,0.481,59.93,2,multivariable
2026-02-20 01:00:00,20.33,119.54,0.482,59.99,2,multivariable
2026-02-20 01:10:00,20.17,117.39,0.489,59.99,2,multivariable
2026-02-20 01:20:00,20.26,117.48,0.494,59.95,2,multivariable
2026-02-20 01:30:00,20.04,117.94,0.49,59.96,2,multivariable
2026-02-20 01:40:00,20.12,119.51,0.489,59.96,2,multivariable
2026-02-20 01:50:00,20.68,120.55,0.481,59.98,2,multivariable
2026-02-20 02:00:00,20.41,119.59,0.485,59.96,2,multivariable
2026-02-20 02:10:00,20.2,118.28,0.495,59.94,2,multivariable
2026-02-20 02:20:00,20.22,117.14,0.5,59.98,2,multivariable
2026-02-20 02:30:00,20.26,117.72,0.496,59.93,2,multivariable
2026-02-20 02:40:00,20.22,117.75,0.485,59.97,2,multivariable
2026-02-20 02:50:00,22.54,120.45,0.5,59.9,2,multivariable
2026-02-20 03:00:00,20.47,120.52,0.491,59.97,2,multivariable
2026-02-20 03:10:00,20.26,118.61,0.491,59.95,2,multivariable
2026-02-20 03:20:00,20.21,117.63,0.483,59.96,2,multivariable
2026-02-20 03:30:00,30.26,117.91,0.56,59.96,2,multivariable
2026-02-20 03:40:00,25.77,117.92,0.555,59.94,2,multivariable
2026-02-20 03:50:00,25.85,118.53,0.559,59.98,2,multivariable
2026-02-20 04:00:00,25.83,119.72,0.554,59.94,2,multivariable
2026-02-20 04:10:00,25.98,120.27,0.545,59.93,2,multivariable
2026-02-20 04:20:00,25.81,118.79,0.553,59.93,2,multivariable
2026-02-20 04:30:00,25.72,117.39,0.563,59.94,2,multivariable
2026-02-20 04:40:00,25.72,117.87,0.561,59.96,2,multivariable
2026-02-20 04:50:00,26.9,117.29,0.557,59.94,2,multivariable
2026-02-20 05:00:00,27.93,118.91,0.56,59.93,2,multivariable
2026-02-20 05:10:00,25.775,118.275,0.552,59.938,2,multivariable
2026-02-20 05:20:00,25.84,118.76,0.553,59.94,2,multivariable
2026-02-20 05:30:00,25.65,115.78,0.555,59.96,2,multivariable
2026-02-20 05:40:00,52.79,115.65,0.754,59.94,2,multivariable
2026-02-20 05:50:00,50.09,115.2,0.786,59.97,2,multivariable
2026-02-20 06:00:00,27.31,116.63,0.559,59.94,2,multivariable
2026-02-20 06:10:00,20.21,117.29,0.5,59.96,2,multivariable
2026-02-20 06:20:00,22.15,117.43,0.515,59.97,2,multivariable
2026-02-20 06:30:00,20.32,118.1,0.49,59.96,2,multivariable
2026-02-20 06:40:00,20.04,115.11,0.504,59.94,2,multivariable
2026-02-20 06:50:00,20.03,114.24,0.506,59.96,2,multivariable
2026-02-20 07:00:00,20.11,115.88,0.509,59.92,2,multivariable
2026-02-20 07:10:00,20.2,116.26,0.504,59.95,2,multivariable
2026-02-20 07:20:00,20.03,115.39,0.501,59.96,2,multivariable
2026-02-20 07:30:00,20.1,116.93,0.501,59.98,2,multivariable
2026-02-20 07:40:00,19.96,116.4,0.502,59.93,2,multivariable
2026-02-20 07:50:00,19.65,117.33,0.502,59.99,2,multivariable
2026-02-20 08:00:00,19.73,117.48,0.496,59.97,2,multivariable
2026-02-20 08:10:00,19.48,114.42,0.501,59.92,2,multivariable
2026-02-20 08:20:00,50.19,113.49,0.578,59.93,2,multivariable
2026-02-20 08:30:00,385.53,112.04,0.821,59.96,2,multivariable
2026-02-20 08:40:00,787.96,110.7,0.99,59.96,2,multivariable
2026-02-20 08:50:00,833.0,111.84,0.99,59.94,2,multivariable
2026-02-20 09:00:00,840.77,113.11,0.991,59.97,2,multivariable
2026-02-20 09:10:00,852.38,113.51,0.99,59.97,2,multivariable
2026-02-20 09:20:00,840.52,111.52,0.99,59.95,2,multivariable
2026-02-20 09:30:00,845.79,111.72,0.99,59.96,2,multivariable
2026-02-20 09:40:00,829.75,110.71,0.99,59.95,2,multivariable
2026-02-20 09:50:00,784.72,107.27,0.99,59.96,2,multivariable
2026-02-20 10:00:00,784.71,107.81,0.99,59.93,2,multivariable
2026-02-20 10:10:00,820.75,110.72,0.99,59.95,2,multivariable
2026-02-20 10:20:00,839.53,112.69,0.991,59.95,2,multivariable
2026-02-20 10:30:00,824.15,111.69,0.99,60.0,2,multivariable
2026-02-20 10:40:00,823.99,111.55,0.991,59.95,2,multivariable
2026-02-20 10:50:00,831.556,112.144,0.99,59.978,2,multivariable
2026-02-20 11:00:00,840.46,112.49,0.99,59.93,2,multivariable
2026-02-20 11:10:00,850.89,110.86,0.99,59.96,2,multivariable
2026-02-20 11:20:00,860.07,111.57,0.99,59.96,2,multivariable
2026-02-20 11:30:00,838.54,110.44,0.99,59.95,2,multivariable
2026-02-20 11:40:00,825.49,109.12,0.99,59.94,2,multivariable
2026-02-20 11:50:00,829.613,109.8,0.99,59.95,2,multivariable
2026-02-20 12:00:00,857.44,111.67,0.99,59.97,2,multivariable
2026-02-20 12:10:00,864.47,111.91,0.99,59.98,2,multivariable
2026-02-20 12:20:00,839.72,111.49,0.99,59.97,2,multivariable
2026-02-20 12:30:00,864.28,113.78,0.991,59.97,2,multivariable
2026-02-20 12:40:00,833.45,112.73,0.992,59.95,2,multivariable
2026-02-20 12:50:00,813.26,111.01,0.991,59.94,2,multivariable
2026-02-20 13:00:00,683.38,112.32,0.941,59.93,2,multivariable
2026-02-20 13:10:00,109.25,117.58,0.752,59.95,2,multivariable
2026-02-20 13:20:00,123.77,114.57,0.797,59.95,2,multivariable
2026-02-20 13:30:00,125.7,115.39,0.8,59.97,2,multivariable
2026-02-20 13:40:00,93.9,116.475,0.728,59.962,2,multivariable
2026-02-20 13:50:00,92.01,116.3,0.722,59.93,2,multivariable
2026-02-20 14:00:00,112.97,115.09,0.764,59.94,2,multivariable
2026-02-20 14:10:00,100.88,114.13,0.731,59.97,2,multivariable
2026-02-20 14:20:00,120.65,114.99,0.733,59.95,2,multivariable
2026-02-20 14:30:00,114.5,114.52,0.735,59.95,2,multivariable
2026-02-20 14:40:00,111.15,115.53,0.733,59.97,2,multivariable
2026-02-20 14:50:00,110.71,115.86,0.736,59.95,2,multivariable
2026-02-20 15:00:00,115.862,115.262,0.766,59.975,2,multivariable
2026-02-20 15:10:00,111.41,112.61,0.75,59.91,2,multivariable
2026-02-20 15:20:00,110.59,114.07,0.751,59.93,2,multivariable
2026-02-20 15:30:00,131.912,113.85,0.792,60.0,2,multivariable
2026-02-20 15:40:00,196.65,113.19,0.869,59.92,2,multivariable
2026-02-20 15:50:00,197.83,114.27,0.87,59.97,2,multivariable
2026-02-20 16:00:00,200.34,114.28,0.872,59.94,2,multivariable
2026-02-20 16:10:00,201.68,115.53,0.871,59.97,2,multivariable
2026-02-20 16:20:00,161.61,116.17,0.823,59.93,2,multivariable
2026-02-20 16:30:00,134.81,114.28,0.797,59.95,2,multivariable
2026-02-20 16:40:00,136.81,115.02,0.791,59.94,2,multivariable
2026-02-20 16:50:00,188.49,115.06,0.786,59.95,2,multivariable
2026-02-20 17:00:00,217.48,114.62,0.806,59.97,2,multivariable
2026-02-20 17:10:00,169.84,116.4,0.804,59.93,2,multivariable
2026-02-20 17:20:00,131.54,117.57,0.775,59.94,2,multivariable
2026-02-20 17:30:00,131.6,114.12,0.776,59.93,2,multivariable
2026-02-20 17:40:00,154.72,113.69,0.793,59.95,2,multivariable
2026-02-20 17:50:00,135.43,116.15,0.739,59.96,2,multivariable
2026-02-20 18:00:00,156.34,116.79,0.78,59.96,2,multivariable
2026-02-20 18:10:00,61.6,116.99,0.607,59.97,2,multivariable
2026-02-20 18:20:00,26.37,117.43,0.55,59.94,2,multivariable
2026-02-20 18:30:00,26.05,114.99,0.548,59.98,2,multivariable
2026-02-20 18:40:00,25.87,112.01,0.552,59.95,2,multivariable
2026-02-20 18:50:00,49.76,115.54,0.647,59.96,2,multivariable
2026-02-20 19:00:00,75.69,116.32,0.763,59.96,2,multivariable
2026-02-20 19:10:00,74.95,115.288,0.764,59.938,2,multivariable
2026-02-20 19:20:00,74.47,116.03,0.77,59.95,2,multivariable
2026-02-20 19:30:00,74.61,116.21,0.77,59.94,2,multivariable
2026-02-20 19:40:00,60.45,116.1,0.698,59.96,2,multivariable
2026-02-20 19:50:00,35.42,116.5,0.599,59.98,2,multivariable
2026-02-20 20:00:00,34.03,116.57,0.593,59.98,2,multivariable
2026-02-20 20:10:00,39.075,116.075,0.617,59.962,2,multivariable
2026-02-20 20:20:00,34.04,117.35,0.619,59.96,2,multivariable
2026-02-20 20:30:00,35.51,116.97,0.621,59.98,2,multivariable
2026-02-20 20:40:00,40.82,115.35,0.649,59.95,2,multivariable
2026-02-20 20:50:00,106.25,116.12,0.815,59.94,2,multivariable
2026-02-20 21:00:00,108.15,116.73,0.82,59.94,2,multivariable
2026-02-20 21:10:00,110.14,117.71,0.82,59.97,2,multivariable
2026-02-20 21:20:00,109.5,119.212,0.82,59.938,2,multivariable
2026-02-20 21:30:00,108.98,118.39,0.82,59.97,2,multivariable
2026-02-20 21:40:00,88.56,117.3,0.78,59.96,2,multivariable
2026-02-20 21:50:00,76.71,116.35,0.746,59.94,2,multivariable
2026-02-20 22:00:00,72.37,116.65,0.744,59.96,2,multivariable
2026-02-20 22:10:00,69.65,116.87,0.74,59.94,2,multivariable
2026-02-20 22:20:00,56.69,116.88,0.679,59.95,2,multivariable
2026-02-20 22:30:00,22.88,117.25,0.513,59.97,2,multivariable
2026-02-20 22:40:00,20.93,116.27,0.503,59.94,2,multivariable
2026-02-20 22:50:00,20.91,115.91,0.5,59.94,2,multivariable
2026-02-20 23:00:00,20.95,115.56,0.496,59.96,2,multivariable
2026-02-20 23:10:00,19.93,116.72,0.481,59.98,2,multivariable
2026-02-20 23:20:00,20.06,117.54,0.485,59.92,2,multivariable
2026-02-20 23:30:00,19.88,119.15,0.483,59.95,2,multivariable
2026-02-20 23:40:00,19.82,117.31,0.489,59.95,2,multivariable
2026-02-20 23:50:00,19.94,118.79,0.483,59.95,2,multivariable
2026-02-21 00:00:00,19.8,118.5,0.479,59.97,2,multivariable
2026-02-21 00:10:00,19.83,118.77,0.481,59.97,2,multivariable
2026-02-21 00:20:00,19.94,118.97,0.478,59.95,2,multivariable
2026-02-21 00:30:00,19.84,117.78,0.472,59.95,2,multivariable
2026-02-21 00:40:00,20.138,119.212,0.475,59.95,2,multivariable
2026-02-21 00:50:00,20.13,118.4,0.49,59.96,2,multivariable
2026-02-21 01:00:00,21.81,117.78,0.502,59.97,2,multivariable
2026-02-21 01:10:00,25.75,116.17,0.534,59.97,2,multivariable
2026-02-21 01:20:00,19.69,116.72,0.492,59.93,2,multivariable
2026-02-21 01:30:00,19.74,117.26,0.491,59.94,2,multivariable
2026-02-21 01:40:00,19.88,119.06,0.485,59.96,2,multivariable
2026-02-21 01:50:00,19.88,119.1,0.481,59.97,2,multivariable
2026-02-21 02:00:00,19.83,118.57,0.484,59.95,2,multivariable
2026-02-21 02:10:00,22.13,117.83,0.509,59.98,2,multivariable
2026-02-21 02:20:00,20.06,117.47,0.491,59.98,2,multivariable
2026-02-21 02:30:00,19.76,117.61,0.49,59.95,2,multivariable
2026-02-21 02:40:00,19.74,117.66,0.497,59.96,2,multivariable
2026-02-21 02:50:00,19.9,119.56,0.493,59.96,2,multivariable
2026-02-21 03:00:00,22.01,120.89,0.5,59.96,2,multivariable
2026-02-21 03:10:00,19.79,118.66,0.482,59.93,2,multivariable
2026-02-21 03:20:00,19.87,118.37,0.494,59.96,2,multivariable
2026-02-21 03:30:00,23.6,118.2,0.538,59.94,2,multivariable
2026-02-21 03:40:00,25.69,117.79,0.552,59.94,2,multivariable
2026-02-21 03:50:00,25.5,117.53,0.549,59.98,2,multivariable
2026-02-21 04:00:00,25.36,119.49,0.556,59.95,2,multivariable
2026-02-21 04:10:00,25.38,119.51,0.552,59.98,2,multivariable
2026-02-21 04:20:00,25.27,118.61,0.548,59.95,2,multivariable
2026-02-21 04:30:00,25.23,116.67,0.561,59.93,2,multivariable
2026-02-21 04:40:00,25.08,116.41,0.566,59.95,2,multivariable
2026-02-21 04:50:00,25.19,117.71,0.558,59.92,2,multivariable
2026-02-21 05:00:00,25.26,118.99,0.542,59.97,2,multivariable
2026-02-21 05:10:00,25.688,119.388,0.554,59.962,2,multivariable
2026-02-21 05:20:00,25.52,119.12,0.559,59.94,2,multivariable
2026-02-21 05:30:00,25.24,117.85,0.552,59.96,2,multivariable
2026-02-21 05:40:00,24.16,117.17,0.537,59.93,2,multivariable
2026-02-21 05:50:00,19.76,117.73,0.489,59.95,2,multivariable
2026-02-21 06:00:00,19.71,117.61,0.484,59.95,2,multivariable
2026-02-21 06:10:00,19.88,118.19,0.482,59.93,2,multivariable
2026-02-21 06:20:00,19.98,120.83,0.481,59.98,2,multivariable
2026-02-21 06:30:00,20.01,120.01,0.483,59.96,2,multivariable
2026-02-21 06:40:00,20.1,117.98,0.492,59.99,2,multivariable
2026-02-21 06:50:00,20.06,118.07,0.487,59.96,2,multivariable
2026-02-21 07:00:00,19.675,116.45,0.485,59.912,2,multivariable
2026-02-21 07:10:00,19.7,117.84,0.491,59.96,2,multivariable
2026-02-21 07:20:00,20.12,118.27,0.493,59.97,2,multivariable
2026-02-21 07:30:00,19.79,118.01,0.49,59.94,2,multivariable
2026-02-21 07:40:00,19.68,117.16,0.488,59.97,2,multivariable
2026-02-21 07:50:00,19.66,115.12,0.498,59.99,2,multivariable
2026-02-21 08:00:00,19.64,116.12,0.491,59.96,2,multivariable
2026-02-21 08:10:00,19.73,117.46,0.486,59.95,2,multivariable
2026-02-21 08:20:00,19.63,116.4,0.485,59.95,2,multivariable
2026-02-21 08:30:00,19.75,116.81,0.481,59.96,2,multivariable
2026-02-21 08:40:00,19.94,116.28,0.482,59.97,2,multivariable
2026-02-21 08:50:00,20.11,116.4,0.497,59.95,2,multivariable
2026-02-21 09:00:00,19.72,116.78,0.491,59.97,2,multivariable
2026-02-21 09:10:00,19.58,116.46,0.494,59.95,2,multivariable
2026-02-21 09:20:00,19.6,114.96,0.502,59.96,2,multivariable
2026-02-21 09:30:00,19.55,114.19,0.507,59.97,2,multivariable
2026-02-21 09:40:00,19.6,115.32,0.495,59.98,2,multivariable
2026-02-21 09:50:00,19.65,116.7,0.49,59.95,2,multivariable
2026-02-21 10:00:00,19.94,117.94,0.493,59.97,2,multivariable
2026-02-21 10:10:00,19.76,115.63,0.496,59.95,2,multivariable
2026-02-21 10:20:00,20.02,115.13,0.502,59.96,2,multivariable
2026-02-21 10:30:00,19.51,113.56,0.51,59.97,2,multivariable
2026-02-21 10:40:00,19.538,113.912,0.495,59.962,2,multivariable
2026-02-21 10:50:00,19.39,113.1,0.498,59.94,2,multivariable
2026-02-21 11:00:00,19.62,114.84,0.485,59.98,2,multivariable
2026-02-21 11:10:00,19.55,114.17,0.489,59.95,2,multivariable
2026-02-21 11:20:00,19.65,114.26,0.498,59.96,2,multivariable
2026-02-21 11:30:00,19.47,113.22,0.494,59.94,2,multivariable
2026-02-21 11:40:00,19.65,113.96,0.501,59.94,2,multivariable
2026-02-21 11:50:00,19.86,113.78,0.505,59.93,2,multivariable
2026-02-21 12:00:00,19.62,114.36,0.498,59.97,2,multivariable
2026-02-21 12:10:00,19.81,117.29,0.487,59.98,2,multivariable
2026-02-21 12:20:00,19.67,116.13,0.491,59.97,2,multivariable
2026-02-21 12:30:00,19.575,114.438,0.49,59.95,2,multivariable
2026-02-21 12:40:00,19.47,113.27,0.503,59.96,2,multivariable
2026-02-21 12:50:00,19.57,113.93,0.487,59.94,2,multivariable
2026-02-21 13:00:00,19.94,114.82,0.489,59.93,2,multivariable
2026-02-21 13:10:00,19.96,116.17,0.482,59.94,2,multivariable
2026-02-21 13:20:00,20.33,116.11,0.488,59.97,2,multivariable
2026-02-21 13:30:00,19.85,117.48,0.48,59.95,2,multivariable
2026-02-21 13:40:00,19.68,114.79,0.496,59.97,2,multivariable
2026-02-21 13:50:00,19.7,115.44,0.483,59.97,2,multivariable
2026-02-21 14:00:00,19.77,115.66,0.481,59.97,2,multivariable
2026-02-21 14:10:00,19.81,116.15,0.478,59.96,2,multivariable
2026-02-21 14:20:00,19.69,116.12,0.48,59.96,2,multivariable
2026-02-21 14:30:00,19.84,115.57,0.494,59.96,2,multivariable
2026-02-21 14:40:00,19.99,116.2,0.499,59.99,2,multivariable
2026-02-21 14:50:00,20.09,116.61,0.494,59.97,2,multivariable
2026-02-21 15:00:00,19.756,116.756,0.49,59.967,2,multivariable
2026-02-21 15:10:00,19.73,114.75,0.487,59.98,2,multivariable
2026-02-21 15:20:00,19.86,116.88,0.486,59.95,2,multivariable
2026-02-21 15:30:00,19.82,116.69,0.484,59.92,2,multivariable
2026-02-21 15:40:00,19.69,115.3,0.486,59.95,2,multivariable
2026-02-21 15:50:00,19.75,115.16,0.491,59.97,2,multivariable
2026-02-21 16:00:00,19.72,115.24,0.489,59.97,2,multivariable
2026-02-21 16:10:00,19.89,115.31,0.494,59.95,2,multivariable
2026-02-21 16:20:00,20.088,115.5,0.494,59.962,2,multivariable
2026-02-21 16:30:00,19.95,118.175,0.482,59.962,2,multivariable
2026-02-21 16:40:00,20.11,120.36,0.48,59.96,2,multivariable
2026-02-21 16:50:00,19.91,117.75,0.487,59.98,2,multivariable
2026-02-21 17:00:00,19.79,115.64,0.481,59.97,2,multivariable
2026-02-21 17:10:00,19.688,115.138,0.498,59.975,2,multivariable
2026-02-21 17:20:00,19.68,115.7,0.487,59.99,2,multivariable
2026-02-21 17:30:00,19.86,116.35,0.47,59.98,2,multivariable
2026-02-21 17:40:00,20.38,119.94,0.461,60.0,2,multivariable
2026-02-21 17:50:00,103.28,119.77,0.608,59.96,2,multivariable
2026-02-21 18:00:00,168.811,117.244,0.721,59.967,2,multivariable
2026-02-21 18:10:00,177.19,115.39,0.752,59.97,2,multivariable
2026-02-21 18:20:00,168.31,113.94,0.774,59.93,2,multivariable
2026-02-21 18:30:00,160.52,114.28,0.769,59.96,2,multivariable
2026-02-21 18:40:00,170.27,115.32,0.759,59.97,2,multivariable
2026-02-21 18:50:00,168.61,116.55,0.769,59.96,2,multivariable
2026-02-21 19:00:00,188.29,117.71,0.773,59.97,2,multivariable
2026-02-21 19:10:00,189.97,116.58,0.769,59.93,2,multivariable
2026-02-21 19:20:00,187.09,115.04,0.769,59.98,2,multivariable
2026-02-21 19:30:00,192.225,115.862,0.768,59.975,2,multivariable
2026-02-21 19:40:00,183.71,115.85,0.767,59.96,2,multivariable
2026-02-21 19:50:00,163.28,116.49,0.734,59.96,2,multivariable
2026-02-21 20:00:00,179.47,115.69,0.77,59.95,2,multivariable
2026-02-21 20:10:00,162.3,115.35,0.765,59.93,2,multivariable
2026-02-21 20:20:00,141.44,115.39,0.748,59.97,2,multivariable
2026-02-21 20:30:00,151.73,115.87,0.732,59.94,2,multivariable
2026-02-21 20:40:00,159.35,116.64,0.729,59.97,2,multivariable
2026-02-21 20:50:00,185.79,116.61,0.731,59.96,2,multivariable
2026-02-21 21:00:00,163.578,116.822,0.741,59.956,2,multivariable
2026-02-21 21:10:00,141.92,116.6,0.743,59.98,2,multivariable
2026-02-21 21:20:00,200.81,116.63,0.773,59.98,2,multivariable
2026-02-21 21:30:00,838.87,114.21,1.0,59.94,2,multivariable
2026-02-21 21:40:00,829.9,114.011,1.0,59.956,2,multivariable
2026-02-21 21:50:00,843.962,115.225,1.0,59.962,2,multivariable
2026-02-21 22:00:00,848.73,115.84,1.0,59.98,2,multivariable
2026-02-21 22:10:00,676.05,116.27,0.96,59.95,2,multivariable
2026-02-21 22:20:00,70.46,118.85,0.814,59.96,2,multivariable
2026-02-21 22:30:00,51.1,118.16,0.717,59.96,2,multivariable
2026-02-21 22:40:00,27.66,118.36,0.55,59.98,2,multivariable
2026-02-21 22:50:00,22.36,117.67,0.5,59.95,2,multivariable
2026-02-21 23:00:00,20.28,118.58,0.477,59.95,2,multivariable
2026-02-21 23:10:00,20.35,118.74,0.475,59.93,2,multivariable
2026-02-21 23:20:00,20.72,118.1,0.499,59.97,2,multivariable
2026-02-21 23:30:00,20.71,118.68,0.493,59.96,2,multivariable
2026-02-21 23:40:00,20.67,119.01,0.495,59.95,2,multivariable
2026-02-21 23:50:00,20.98,119.23,0.494,59.96,2,multivariable
2026-02-22 00:00:00,20.4,119.34,0.477,59.95,2,multivariable
2026-02-22 00:10:00,20.39,118.0,0.489,59.93,2,multivariable
2026-02-22 00:20:00,20.5,119.28,0.487,59.97,2,multivariable
2026-02-22 00:30:00,20.31,117.73,0.491,59.98,2,multivariable
2026-02-22 00:40:00,20.09,117.44,0.484,59.97,2,multivariable
2026-02-22 00:50:00,20.62,117.21,0.494,59.96,2,multivariable
2026-02-22 01:00:00,21.79,115.79,0.516,60.0,2,multivariable
2026-02-22 01:10:00,20.45,116.04,0.501,59.94,2,multivariable
2026-02-22 01:20:00,20.19,116.76,0.485,59.96,2,multivariable
2026-02-22 01:30:00,22.12,120.25,0.491,59.97,2,multivariable
2026-02-22 01:40:00,19.84,117.2,0.491,59.99,2,multivariable
2026-02-22 01:50:00,19.9,118.09,0.481,59.96,2,multivariable
2026-02-22 02:00:00,19.87,117.15,0.478,59.95,2,multivariable
2026-02-22 02:10:00,21.88,117.75,0.495,59.96,2,multivariable
2026-02-22 02:20:00,21.81,117.25,0.499,59.98,2,multivariable
2026-02-22 02:30:00,28.16,117.41,0.554,59.96,2,multivariable
2026-02-22 02:40:00,24.17,117.1,0.523,59.96,2,multivariable
2026-02-22 02:50:00,20.36,118.63,0.48,59.94,2,multivariable
2026-02-22 03:00:00,19.88,119.03,0.478,59.96,2,multivariable
2026-02-22 03:10:00,19.82,117.29,0.488,59.97,2,multivariable
2026-02-22 03:20:00,19.79,116.79,0.491,59.95,2,multivariable
2026-02-22 03:30:00,23.64,118.18,0.521,59.97,2,multivariable
2026-02-22 03:40:00,25.29,117.2,0.546,59.97,2,multivariable
2026-02-22 03:50:00,25.27,117.04,0.56,59.93,2,multivariable
2026-02-22 04:00:00,25.44,118.21,0.561,59.95,2,multivariable
2026-02-22 04:10:00,25.44,118.29,0.552,59.95,2,multivariable
2026-02-22 04:20:00,25.58,118.02,0.554,59.93,2,multivariable
2026-02-22 04:30:00,25.22,117.57,0.559,59.96,2,multivariable
2026-02-22 04:40:00,25.26,118.03,0.556,59.98,2,multivariable
2026-02-22 04:50:00,25.24,117.75,0.55,59.94,2,multivariable
2026-02-22 05:00:00,25.19,117.2,0.551,59.96,2,multivariable
2026-02-22 05:10:00,25.18,116.89,0.56,59.95,2,multivariable
2026-02-22 05:20:00,25.28,117.78,0.559,59.97,2,multivariable
2026-02-22 05:30:00,25.27,117.82,0.546,59.99,2,multivariable
2026-02-22 05:40:00,24.4,118.84,0.532,59.97,2,multivariable
2026-02-22 05:50:00,20.09,117.82,0.488,59.95,2,multivariable
2026-02-22 06:00:00,19.82,118.03,0.488,59.95,2,multivariable
2026-02-22 06:10:00,19.73,116.49,0.492,59.95,2,multivariable
2026-02-22 06:20:00,26.62,118.41,0.522,59.93,2,multivariable
2026-02-22 06:30:00,54.76,118.98,0.683,59.94,2,multivariable
2026-02-22 06:40:00,61.59,119.2,0.7,59.94,2,multivariable
2026-02-22 06:50:00,60.12,118.55,0.702,59.97,2,multivariable
2026-02-22 07:00:00,44.85,118.48,0.621,59.97,2,multivariable
2026-02-22 07:10:00,19.93,118.38,0.495,59.99,2,multivariable
2026-02-22 07:20:00,19.9,117.93,0.497,59.97,2,multivariable
2026-02-22 07:30:00,19.54,117.04,0.489,59.98,2,multivariable
2026-02-22 07:40:00,19.54,117.21,0.488,59.94,2,multivariable
2026-02-22 07:50:00,19.54,116.16,0.498,59.95,2,multivariable
2026-02-22 08:00:00,19.33,114.36,0.501,59.96,2,multivariable
2026-02-22 08:10:00,19.08,111.31,0.511,59.99,2,multivariable
2026-02-22 08:20:00,19.24,111.99,0.509,59.97,2,multivariable
2026-02-22 08:30:00,19.39,113.57,0.51,59.97,2,multivariable
2026-02-22 08:40:00,19.72,115.36,0.511,59.95,2,multivariable
2026-02-22 08:50:00,19.7,114.8,0.508,59.96,2,multivariable
2026-02-22 09:00:00,19.275,113.375,0.519,59.975,2,multivariable
2026-02-22 09:10:00,19.41,114.81,0.511,59.94,2,multivariable
2026-02-22 09:20:00,19.5,115.48,0.513,59.92,2,multivariable
2026-02-22 09:30:00,19.45,114.18,0.511,59.95,2,multivariable
2026-02-22 09:40:00,19.59,114.06,0.498,59.98,2,multivariable
2026-02-22 09:50:00,19.55,115.475,0.496,59.988,2,multivariable
2026-02-22 10:00:00,19.67,116.09,0.498,59.99,2,multivariable
2026-02-22 10:10:00,19.733,116.611,0.506,59.956,2,multivariable
2026-02-22 10:20:00,19.756,115.533,0.517,59.967,2,multivariable
2026-02-22 10:30:00,26.12,114.81,0.549,59.95,2,multivariable
2026-02-22 10:40:00,83.2,114.262,0.895,59.938,2,multivariable
2026-02-22 10:50:00,81.51,114.4,0.887,59.98,2,multivariable
2026-02-22 11:00:00,79.82,115.3,0.874,59.96,2,multivariable
2026-02-22 11:10:00,81.22,115.6,0.886,59.97,2,multivariable
2026-02-22 11:20:00,84.71,116.47,0.885,59.99,2,multivariable
2026-02-22 11:30:00,87.08,117.16,0.835,59.96,2,multivariable
2026-02-22 11:40:00,119.13,117.58,0.772,59.95,2,multivariable
2026-02-22 11:50:00,189.775,115.7,0.668,59.95,2,multivariable
2026-02-22 12:00:00,210.31,116.74,0.682,59.94,2,multivariable
2026-02-22 12:10:00,158.54,116.62,0.748,59.97,2,multivariable
2026-02-22 12:20:00,143.62,116.82,0.729,59.97,2,multivariable
2026-02-22 12:30:00,117.18,115.5,0.701,59.94,2,multivariable
2026-02-22 12:40:00,137.38,114.99,0.725,59.96,2,multivariable
2026-02-22 12:50:00,153.556,114.789,0.698,59.967,2,multivariable
2026-02-22 13:00:00,99.375,116.425,0.698,59.962,2,multivariable
2026-02-22 13:10:00,117.162,116.888,0.732,59.975,2,multivariable
2026-02-22 13:20:00,148.257,117.457,0.731,59.957,2,multivariable
2026-02-22 13:30:00,252.944,117.467,0.708,59.922,2,multivariable
2026-02-22 13:40:00,182.89,116.26,0.688,59.94,2,multivariable
2026-02-22 13:50:00,78.11,116.51,0.64,59.96,2,multivariable
2026-02-22 14:00:00,85.29,115.08,0.644,59.97,2,multivariable
2026-02-22 14:10:00,80.54,115.67,0.638,59.97,2,multivariable
2026-02-22 14:20:00,81.81,115.97,0.63,59.94,2,multivariable
2026-02-22 14:30:00,82.72,117.74,0.654,59.93,2,multivariable
2026-02-22 14:40:00,81.31,116.78,0.645,59.95,2,multivariable
2026-02-22 14:50:00,105.46,118.4,0.72,59.95,2,multivariable
2026-02-22 15:00:00,136.47,117.88,0.808,59.94,2,multivariable
2026-02-22 15:10:00,134.65,115.65,0.809,59.93,2,multivariable
2026-02-22 15:20:00,134.38,116.01,0.82,59.98,2,multivariable
2026-02-22 15:30:00,132.51,114.98,0.82,60.0,2,multivariable
2026-02-22 15:40:00,136.62,115.01,0.82,59.95,2,multivariable
2026-02-22 15:50:00,138.49,114.22,0.813,59.97,2,multivariable
2026-02-22 16:00:00,144.29,116.69,0.816,59.96,2,multivariable
2026-02-22 16:10:00,140.06,116.4,0.818,59.95,2,multivariable
2026-02-22 16:20:00,143.61,117.54,0.819,59.96,2,multivariable
2026-02-22 16:30:00,145.738,117.275,0.814,59.925,2,multivariable
2026-02-22 16:40:00,138.362,118.075,0.806,59.95,2,multivariable
2026-02-22 16:50:00,137.1,118.9,0.816,59.97,2,multivariable
2026-02-22 17:00:00,139.26,119.01,0.812,59.97,2,multivariable
2026-02-22 17:10:00,139.27,118.49,0.819,59.99,2,multivariable
2026-02-22 17:20:00,135.63,115.89,0.819,59.94,2,multivariable
2026-02-22 17:30:00,135.72,116.72,0.82,59.94,2,multivariable
2026-02-22 17:40:00,144.18,117.95,0.806,59.94,2,multivariable
2026-02-22 17:50:00,142.83,117.05,0.795,59.97,2,multivariable
2026-02-22 18:00:00,144.59,115.5,0.808,59.95,2,multivariable
2026-02-22 18:10:00,190.12,116.83,0.855,59.94,2,multivariable
2026-02-22 18:20:00,190.7,115.98,0.87,59.99,2,multivariable
2026-02-22 18:30:00,187.01,117.18,0.869,59.94,2,multivariable
2026-02-22 18:40:00,187.06,117.2,0.872,59.96,2,multivariable
2026-02-22 18:50:00,136.089,115.422,0.793,59.978,2,multivariable
2026-02-22 19:00:00,140.278,117.211,0.786,59.944,2,multivariable
2026-02-22 19:10:00,165.76,116.45,0.7,59.99,2,multivariable
2026-02-22 19:20:00,167.32,115.2,0.701,59.98,2,multivariable
2026-02-22 19:30:00,157.833,117.944,0.792,59.944,2,multivariable
2026-02-22 19:40:00,173.722,119.122,0.794,59.956,2,multivariable
2026-02-22 19:50:00,173.162,117.3,0.8,59.938,2,multivariable
2026-02-22 20:00:00,170.25,117.04,0.801,59.94,2,multivariable
2026-02-22 20:10:00,170.92,118.08,0.793,59.96,2,multivariable
2026-02-22 20:20:00,164.0,117.9,0.787,59.93,2,multivariable
2026-02-22 20:30:00,152.15,118.8,0.768,59.96,2,multivariable
2026-02-22 20:40:00,138.0,118.7,0.757,59.99,2,multivariable
2026-02-22 20:50:00,132.81,117.32,0.758,59.97,2,multivariable
2026-02-22 21:00:00,163.91,118.95,0.806,59.97,2,multivariable
2026-02-22 21:10:00,161.02,118.69,0.807,59.95,2,multivariable
2026-02-22 21:20:00,156.88,118.69,0.809,59.95,2,multivariable
2026-02-22 21:30:00,153.96,120.24,0.811,59.93,2,multivariable
2026-02-22 21:40:00,909.1,118.362,1.0,59.938,2,multivariable
2026-02-22 21:50:00,885.817,117.7,1.0,59.933,2,multivariable
2026-02-22 22:00:00,876.15,117.62,1.0,59.94,2,multivariable
2026-02-22 22:10:00,399.37,119.46,0.85,59.95,2,multivariable
2026-02-22 22:20:00,80.09,119.3,0.75,59.97,2,multivariable
2026-02-22 22:30:00,75.82,118.35,0.744,59.95,2,multivariable
2026-02-22 22:40:00,74.77,119.74,0.74,59.99,2,multivariable
2026-02-22 22:50:00,67.73,119.41,0.727,59.99,2,multivariable
2026-02-22 23:00:00,40.83,119.93,0.608,59.95,2,multivariable
2026-02-22 23:10:00,19.77,119.05,0.492,59.95,2,multivariable
2026-02-22 23:20:00,19.79,119.25,0.491,59.95,2,multivariable
2026-02-22 23:30:00,19.783,118.933,0.485,60.0,2,multivariable
2026-02-22 23:40:00,19.87,119.01,0.49,59.95,2,multivariable
2026-02-22 23:50:00,19.83,119.9,0.49,59.94,2,multivariable
2026-02-23 00:00:00,21.75,119.26,0.508,59.97,2,multivariable
2026-02-23 00:10:00,21.44,120.91,0.497,59.96,2,multivariable
2026-02-23 00:20:00,19.82,120.34,0.486,59.97,2,multivariable
2026-02-23 00:30:00,19.78,117.53,0.501,59.97,2,multivariable
2026-02-23 00:40:00,19.75,118.09,0.5,59.92,2,multivariable
2026-02-23 00:50:00,19.71,117.39,0.492,59.95,2,multivariable
2026-02-23 01:00:00,19.66,116.84,0.499,59.95,2,multivariable
2026-02-23 01:10:00,19.76,118.14,0.493,59.96,2,multivariable
2026-02-23 01:20:00,19.75,119.17,0.499,59.94,2,multivariable
2026-02-23 01:30:00,19.78,118.83,0.502,59.94,2,multivariable
2026-02-23 01:40:00,19.68,117.52,0.504,59.99,2,multivariable
2026-02-23 01:50:00,19.74,117.78,0.501,59.98,2,multivariable
2026-02-23 02:00:00,19.71,117.92,0.5,59.97,2,multivariable
2026-02-23 02:10:00,19.8,117.94,0.5,59.98,2,multivariable
2026-02-23 02:20:00,19.82,118.74,0.502,59.95,2,multivariable
2026-02-23 02:30:00,19.738,118.45,0.498,59.938,2,multivariable
2026-02-23 02:40:00,19.75,119.04,0.497,59.95,2,multivariable
2026-02-23 02:50:00,19.67,117.84,0.5,59.94,2,multivariable
2026-02-23 03:00:00,19.54,118.51,0.495,59.98,2,multivariable
2026-02-23 03:10:00,19.67,118.35,0.498,59.94,2,multivariable
2026-02-23 03:20:00,19.79,118.63,0.491,59.98,2,multivariable
2026-02-23 03:30:00,23.44,118.93,0.537,59.96,2,multivariable
2026-02-23 03:40:00,25.3,118.9,0.565,59.95,2,multivariable
2026-02-23 03:50:00,25.24,118.94,0.563,59.93,2,multivariable
2026-02-23 04:00:00,25.24,117.57,0.563,59.94,2,multivariable
2026-02-23 04:10:00,29.21,117.76,0.58,59.95,2,multivariable
2026-02-23 04:20:00,25.27,118.22,0.56,59.98,2,multivariable
2026-02-23 04:30:00,25.2,117.26,0.562,59.94,2,multivariable
2026-02-23 04:40:00,25.156,117.733,0.566,59.922,2,multivariable
2026-02-23 04:50:00,25.11,118.27,0.56,59.96,2,multivariable
2026-02-23 05:00:00,25.05,117.33,0.557,59.93,2,multivariable
2026-02-23 05:10:00,25.12,115.16,0.56,59.95,2,multivariable
2026-02-23 05:20:00,25.07,115.54,0.566,59.97,2,multivariable
2026-02-23 05:30:00,25.11,115.32,0.566,59.96,2,multivariable
2026-02-23 05:40:00,23.98,114.88,0.557,59.96,2,multivariable
2026-02-23 05:50:00,19.63,115.47,0.498,59.97,2,multivariable
2026-02-23 06:00:00,29.38,116.1,0.568,59.92,2,multivariable
2026-02-23 06:10:00,40.225,116.738,0.63,59.95,2,multivariable
2026-02-23 06:20:00,22.87,116.19,0.53,59.97,2,multivariable
2026-02-23 06:30:00,19.81,117.83,0.506,59.97,2,multivariable
2026-02-23 06:40:00,19.83,117.73,0.504,59.95,2,multivariable
2026-02-23 06:50:00,20.11,116.31,0.505,59.95,2,multivariable
2026-02-23 07:00:00,19.75,117.99,0.493,59.96,2,multivariable
2026-02-23 07:10:00,21.72,117.38,0.519,59.96,2,multivariable
2026-02-23 07:20:00,23.04,117.19,0.539,59.97,2,multivariable
2026-02-23 07:30:00,22.75,117.06,0.527,59.96,2,multivariable
2026-02-23 07:40:00,49.68,115.46,0.805,59.93,2,multivariable
2026-02-23 07:50:00,49.62,117.97,0.802,59.97,2,multivariable
2026-02-23 08:00:00,49.78,120.2,0.798,59.97,2,multivariable
2026-02-23 08:10:00,49.59,117.99,0.8,59.94,2,multivariable
2026-02-23 08:20:00,135.66,116.96,0.803,59.92,2,multivariable
2026-02-23 08:30:00,127.69,116.07,0.755,59.99,2,multivariable
2026-02-23 08:40:00,109.52,115.68,0.722,59.97,2,multivariable
2026-02-23 08:50:00,147.21,117.47,0.784,59.98,2,multivariable
2026-02-23 09:00:00,152.21,117.99,0.77,59.97,2,multivariable
2026-02-23 09:10:00,141.8,116.833,0.76,59.978,2,multivariable
2026-02-23 09:20:00,137.76,115.58,0.765,59.96,2,multivariable
2026-02-23 09:30:00,147.67,114.24,0.782,59.97,2,multivariable
2026-02-23 09:40:00,132.94,116.0,0.768,59.96,2,multivariable
2026-02-23 09:50:00,120.54,115.43,0.773,59.92,2,multivariable
2026-02-23 10:00:00,115.82,114.51,0.771,59.97,2,multivariable
2026-02-23 10:10:00,114.6,113.08,0.777,59.95,2,multivariable
2026-02-23 10:20:00,109.1,113.5,0.764,59.97,2,multivariable
2026-02-23 10:30:00,108.4,112.77,0.767,59.94,2,multivariable
2026-02-23 10:40:00,109.05,114.65,0.767,59.97,2,multivariable
2026-02-23 10:50:00,108.63,114.28,0.768,59.96,2,multivariable
2026-02-23 11:00:00,130.8,113.59,0.771,59.95,2,multivariable
2026-02-23 11:10:00,109.23,112.73,0.758,59.95,2,multivariable
2026-02-23 11:20:00,112.24,112.51,0.758,59.96,2,multivariable
2026-02-23 11:30:00,113.943,112.486,0.77,59.971,2,multivariable
2026-02-23 11:40:00,106.462,113.538,0.756,59.95,2,multivariable
2026-02-23 11:50:00,110.15,113.75,0.756,59.98,2,multivariable
2026-02-23 12:00:00,107.46,113.84,0.75,59.93,2,multivariable
2026-02-23 12:10:00,111.5,113.29,0.771,59.96,2,multivariable
2026-02-23 12:20:00,111.09,114.96,0.756,59.95,2,multivariable
2026-02-23 12:30:00,111.05,115.02,0.742,59.93,2,multivariable
2026-02-23 12:40:00,113.66,115.67,0.752,59.95,2,multivariable
2026-02-23 12:50:00,108.51,114.86,0.748,59.96,2,multivariable
2026-02-23 13:00:00,96.15,114.888,0.73,59.962,2,multivariable
2026-02-23 13:10:00,96.47,116.29,0.737,59.96,2,multivariable
2026-02-23 13:20:00,99.371,118.029,0.739,59.943,2,multivariable
2026-02-23 13:30:00,93.02,116.69,0.732,59.94,2,multivariable
2026-02-23 13:40:00,94.85,115.11,0.729,59.94,2,multivariable
2026-02-23 13:50:00,99.23,114.95,0.74,59.9,2,multivariable
2026-02-23 14:00:00,110.64,114.45,0.758,59.93,2,multivariable
2026-02-23 14:10:00,114.4,114.662,0.769,59.975,2,multivariable
2026-02-23 14:20:00,107.478,114.667,0.759,59.944,2,multivariable
2026-02-23 14:30:00,103.15,114.31,0.754,59.96,2,multivariable
2026-02-23 14:40:00,108.57,114.74,0.754,59.95,2,multivariable
2026-02-23 14:50:00,107.55,113.64,0.751,59.97,2,multivariable
2026-02-23 15:00:00,108.63,114.84,0.75,59.99,2,multivariable
2026-02-23 15:10:00,111.543,113.729,0.759,59.929,2,multivariable
2026-02-23 15:20:00,105.9,113.05,0.749,59.99,2,multivariable
2026-02-23 15:30:00,114.47,114.39,0.763,59.94,2,multivariable
2026-02-23 15:40:00,112.66,115.47,0.762,59.94,2,multivariable
2026-02-23 15:50:00,104.03,115.63,0.75,59.96,2,multivariable
2026-02-23 16:00:00,114.35,116.52,0.773,59.97,2,multivariable
2026-02-23 16:10:00,111.05,116.79,0.761,59.94,2,multivariable
2026-02-23 16:20:00,111.21,115.57,0.762,59.94,2,multivariable
2026-02-23 16:30:00,111.42,115.16,0.762,59.95,2,multivariable
2026-02-23 16:40:00,137.44,115.12,0.808,59.97,2,multivariable
2026-02-23 16:50:00,170.08,116.65,0.834,59.96,2,multivariable
2026-02-23 17:00:00,174.59,119.5,0.812,60.0,2,multivariable
2026-02-23 17:10:00,173.06,119.63,0.812,59.94,2,multivariable
2026-02-23 17:20:00,173.91,118.66,0.822,59.96,2,multivariable
2026-02-23 17:30:00,172.09,117.31,0.82,59.98,2,multivariable
2026-02-23 17:40:00,170.44,116.52,0.819,59.96,2,multivariable
2026-02-23 17:50:00,166.522,115.044,0.814,59.978,2,multivariable
2026-02-23 18:00:00,192.36,116.6,0.839,59.99,2,multivariable
2026-02-23 18:10:00,177.633,118.2,0.822,59.933,2,multivariable
2026-02-23 18:20:00,179.53,117.41,0.821,59.96,2,multivariable
2026-02-23 18:30:00,155.88,115.52,0.784,59.96,2,multivariable
2026-02-23 18:40:00,191.02,115.71,0.759,59.95,2,multivariable
2026-02-23 18:50:00,206.022,117.733,0.751,59.944,2,multivariable
2026-02-23 19:00:00,204.41,117.35,0.744,59.95,2,multivariable
2026-02-23 19:10:00,214.56,117.68,0.748,59.95,2,multivariable
2026-02-23 19:20:00,217.36,117.68,0.753,59.95,2,multivariable
2026-02-23 19:30:00,208.41,117.63,0.753,59.95,2,multivariable
2026-02-23 19:40:00,190.35,117.11,0.755,59.96,2,multivariable
2026-02-23 19:50:00,188.89,117.21,0.76,59.98,2,multivariable
2026-02-23 20:00:00,182.875,115.488,0.792,59.975,2,multivariable
2026-02-23 20:10:00,155.59,115.9,0.79,59.94,2,multivariable
2026-02-23 20:20:00,134.62,115.81,0.763,59.96,2,multivariable
2026-02-23 20:30:00,124.822,114.389,0.74,59.956,2,multivariable
2026-02-23 20:40:00,132.96,115.57,0.74,59.97,2,multivariable
2026-02-23 20:50:00,136.62,117.4,0.728,59.98,2,multivariable
2026-02-23 21:00:00,146.4,119.85,0.739,59.98,2,multivariable
2026-02-23 21:10:00,132.25,114.02,0.746,59.96,2,multivariable
2026-02-23 21:20:00,129.46,116.13,0.75,59.96,2,multivariable
2026-02-23 21:30:00,132.29,115.18,0.751,59.94,2,multivariable
2026-02-23 21:40:00,108.178,114.556,0.682,59.956,2,multivariable
2026-02-23 21:50:00,102.389,115.711,0.686,59.944,2,multivariable
2026-02-23 22:00:00,61.58,117.8,0.689,59.97,2,multivariable
2026-02-23 22:10:00,42.0,119.188,0.668,59.975,2,multivariable
2026-02-23 22:20:00,35.46,116.58,0.63,59.97,2,multivariable
2026-02-23 22:30:00,27.033,118.033,0.559,59.933,2,multivariable
2026-02-23 22:40:00,23.73,118.95,0.516,59.94,2,multivariable
2026-02-23 22:50:00,20.13,116.57,0.501,59.94,2,multivariable
2026-02-23 23:00:00,20.15,116.2,0.498,59.98,2,multivariable
2026-02-23 23:10:00,20.7,117.29,0.5,59.96,2,multivariable
2026-02-23 23:20:00,22.089,117.544,0.509,59.978,2,multivariable
2026-02-23 23:30:00,26.088,117.025,0.545,59.962,2,multivariable
2026-02-23 23:40:00,25.53,116.27,0.55,59.97,2,multivariable
2026-02-23 23:50:00,23.98,115.81,0.538,59.96,2,multivariable
2026-02-24 00:00:00,22.025,116.388,0.521,59.962,2,multivariable
2026-02-24 00:10:00,20.48,116.61,0.505,59.95,2,multivariable
2026-02-24 00:20:00,22.2,117.82,0.511,59.99,2,multivariable
2026-02-24 00:30:00,24.38,117.52,0.535,59.96,2,multivariable
2026-02-24 00:40:00,20.767,117.433,0.507,59.917,2,multivariable
2026-02-24 00:50:00,21.9,117.03,0.517,59.95,2,multivariable
2026-02-24 01:00:00,20.33,117.29,0.496,59.96,2,multivariable
2026-02-24 01:10:00,20.27,117.03,0.501,59.94,2,multivariable
2026-02-24 01:20:00,20.34,117.23,0.504,59.98,2,multivariable
2026-02-24 01:30:00,20.31,118.56,0.504,59.99,2,multivariable
2026-02-24 01:40:00,24.87,117.78,0.533,59.97,2,multivariable
2026-02-24 01:50:00,20.52,117.82,0.495,59.96,2,multivariable
2026-02-24 02:00:00,20.2,116.4,0.5,59.93,2,multivariable
2026-02-24 02:10:00,20.45,117.15,0.503,59.94,2,multivariable
2026-02-24 02:20:00,20.112,116.825,0.499,59.962,2,multivariable
2026-02-24 02:30:00,19.956,117.344,0.491,59.944,2,multivariable
2026-02-24 02:40:00,19.678,117.744,0.496,59.989,2,multivariable
2026-02-24 02:50:00,19.8,118.07,0.5,59.96,2,multivariable
2026-02-24 03:00:00,19.73,117.89,0.497,59.96,2,multivariable
2026-02-24 03:10:00,19.64,116.74,0.494,59.93,2,multivariable
2026-02-24 03:20:00,19.78,116.94,0.492,59.96,2,multivariable
2026-02-24 03:30:00,23.9,117.02,0.54,59.95,2,multivariable
2026-02-24 03:40:00,25.67,117.7,0.562,59.96,2,multivariable
2026-02-24 03:50:00,25.74,118.04,0.558,59.96,2,multivariable
2026-02-24 04:00:00,25.17,118.21,0.55,59.96,2,multivariable
2026-02-24 04:10:00,25.15,117.54,0.559,59.94,2,multivariable
2026-02-24 04:20:00,25.36,116.71,0.562,59.96,2,multivariable
2026-02-24 04:30:00,25.222,116.078,0.561,59.933,2,multivariable
2026-02-24 04:40:00,25.13,115.66,0.551,59.94,2,multivariable
2026-02-24 04:50:00,25.2,117.28,0.554,59.96,2,multivariable
2026-02-24 05:00:00,25.2,117.06,0.56,59.94,2,multivariable
2026-02-24 05:10:00,25.51,115.55,0.56,59.95,2,multivariable
2026-02-24 05:20:00,25.41,116.14,0.548,59.94,2,multivariable
2026-02-24 05:30:00,25.26,115.72,0.544,59.95,2,multivariable
2026-02-24 05:40:00,35.27,115.66,0.636,59.98,2,multivariable
2026-02-24 05:50:00,49.8,114.1,0.79,59.95,2,multivariable
2026-02-24 06:00:00,45.43,117.83,0.739,59.95,2,multivariable
2026-02-24 06:10:00,126.82,116.69,0.745,59.93,2,multivariable
2026-02-24 06:20:00,122.96,116.76,0.739,59.99,2,multivariable
2026-02-24 06:30:00,111.48,117.46,0.736,59.98,2,multivariable
2026-02-24 06:40:00,103.32,115.61,0.736,59.94,2,multivariable
2026-02-24 06:50:00,101.49,115.9,0.731,59.93,2,multivariable
2026-02-24 07:00:00,100.61,116.87,0.727,59.92,2,multivariable
2026-02-24 07:10:00,100.51,119.16,0.732,59.96,2,multivariable
2026-02-24 07:20:00,101.16,118.37,0.74,59.96,2,multivariable
2026-02-24 07:30:00,87.3,118.04,0.696,59.93,2,multivariable
2026-02-24 07:40:00,60.64,117.04,0.604,59.97,2,multivariable
2026-02-24 07:50:00,88.38,117.48,0.732,59.98,2,multivariable
2026-02-24 08:00:00,85.71,116.27,0.723,59.96,2,multivariable
2026-02-24 08:10:00,86.633,115.433,0.736,59.956,2,multivariable
2026-02-24 08:20:00,79.0,116.7,0.709,59.989,2,multivariable
2026-02-24 08:30:00,74.05,115.25,0.622,59.95,2,multivariable
2026-02-24 08:40:00,105.02,113.83,0.671,59.96,2,multivariable
2026-02-24 08:50:00,109.82,114.43,0.691,59.97,2,multivariable
2026-02-24 09:00:00,141.288,114.975,0.74,59.962,2,multivariable
2026-02-24 09:10:00,122.45,114.94,0.745,59.99,2,multivariable
2026-02-24 09:20:00,130.31,116.14,0.745,59.94,2,multivariable
2026-02-24 09:30:00,117.66,114.18,0.726,59.97,2,multivariable
2026-02-24 09:40:00,111.6,114.08,0.723,59.95,2,multivariable
2026-02-24 09:50:00,110.32,114.45,0.729,59.94,2,multivariable
2026-02-24 10:00:00,119.08,116.67,0.753,59.95,2,multivariable
2026-02-24 10:10:00,106.56,114.43,0.719,59.94,2,multivariable
2026-02-24 10:20:00,106.97,113.83,0.718,59.94,2,multivariable
2026-02-24 10:30:00,117.6,112.1,0.748,59.92,2,multivariable
2026-02-24 10:40:00,117.56,114.14,0.766,59.96,2,multivariable
2026-02-24 10:50:00,108.84,114.73,0.738,59.97,2,multivariable
2026-02-24 11:00:00,120.71,114.63,0.766,59.97,2,multivariable
2026-02-24 11:10:00,125.99,114.93,0.772,59.97,2,multivariable
2026-02-24 11:20:00,112.47,114.69,0.747,59.97,2,multivariable
2026-02-24 11:30:00,113.4,114.79,0.751,59.97,2,multivariable
2026-02-24 11:40:00,107.08,111.09,0.745,59.95,2,multivariable
2026-02-24 11:50:00,108.638,111.562,0.749,59.975,2,multivariable
2026-02-24 12:00:00,411.23,111.5,0.858,59.96,2,multivariable
2026-02-24 12:10:00,850.5,113.35,0.99,59.96,2,multivariable
2026-02-24 12:20:00,855.0,113.66,0.99,59.94,2,multivariable
2026-02-24 12:30:00,842.22,112.8,0.99,59.96,2,multivariable
2026-02-24 12:40:00,856.18,111.32,0.99,59.95,2,multivariable
2026-02-24 12:50:00,849.94,110.69,0.99,59.96,2,multivariable
2026-02-24 13:00:00,534.889,111.444,0.904,59.967,2,multivariable
2026-02-24 13:10:00,144.744,115.889,0.801,59.956,2,multivariable
2026-02-24 13:20:00,144.09,116.2,0.801,59.96,2,multivariable
2026-02-24 13:30:00,156.7,114.911,0.809,59.922,2,multivariable
2026-02-24 13:40:00,181.86,116.45,0.821,59.97,2,multivariable
2026-02-24 13:50:00,471.17,115.69,0.885,59.96,2,multivariable
2026-02-24 14:00:00,902.422,113.022,0.99,59.944,2,multivariable
2026-02-24 14:10:00,899.375,114.2,0.99,59.938,2,multivariable
2026-02-24 14:20:00,889.71,113.89,0.99,59.93,2,multivariable
2026-02-24 14:30:00,894.72,114.1,0.99,59.98,2,multivariable
2026-02-24 14:40:00,886.82,114.23,0.99,59.99,2,multivariable
2026-02-24 14:50:00,866.538,114.288,0.99,59.975,2,multivariable
2026-02-24 15:00:00,850.76,113.77,0.99,59.99,2,multivariable
2026-02-24 15:10:00,741.325,112.5,0.956,59.938,2,multivariable
2026-02-24 15:20:00,107.88,115.53,0.735,59.97,2,multivariable
2026-02-24 15:30:00,111.97,115.21,0.74,59.93,2,multivariable
2026-02-24 15:40:00,108.656,117.011,0.73,59.933,2,multivariable
2026-02-24 15:50:00,114.06,117.01,0.738,59.98,2,multivariable
2026-02-24 16:00:00,114.11,114.37,0.752,59.97,2,multivariable
2026-02-24 16:10:00,102.82,114.42,0.727,59.94,2,multivariable
2026-02-24 16:20:00,104.56,115.1,0.721,59.98,2,multivariable
2026-02-24 16:30:00,119.067,114.456,0.748,59.933,2,multivariable
2026-02-24 16:40:00,116.656,114.956,0.759,59.978,2,multivariable
2026-02-24 16:50:00,113.94,115.9,0.751,59.98,2,multivariable
2026-02-24 17:00:00,115.98,117.65,0.764,59.93,2,multivariable
2026-02-24 17:10:00,102.833,118.333,0.739,59.956,2,multivariable
2026-02-24 17:20:00,99.52,117.2,0.726,59.93,2,multivariable
2026-02-24 17:30:00,103.289,116.744,0.72,59.978,2,multivariable
2026-02-24 17:40:00,120.43,113.33,0.737,59.95,2,multivariable
2026-02-24 17:50:00,120.7,113.3,0.734,59.98,2,multivariable
2026-02-24 18:00:00,109.367,113.767,0.733,59.967,2,multivariable
2026-02-24 18:10:00,118.32,113.46,0.726,59.95,2,multivariable
2026-02-24 18:20:00,145.9,114.988,0.758,59.962,2,multivariable
2026-02-24 18:30:00,106.86,115.67,0.666,59.97,2,multivariable
2026-02-24 18:40:00,136.36,114.76,0.708,59.96,2,multivariable
2026-02-24 18:50:00,174.51,114.59,0.756,59.95,2,multivariable
2026-02-24 19:00:00,157.81,114.45,0.75,59.97,2,multivariable
2026-02-24 19:10:00,171.422,114.567,0.75,59.944,2,multivariable
2026-02-24 19:20:00,163.66,114.78,0.748,59.94,2,multivariable
2026-02-24 19:30:00,159.538,115.212,0.754,59.962,2,multivariable
2026-02-24 19:40:00,154.85,115.59,0.751,59.94,2,multivariable
2026-02-24 19:50:00,161.32,114.69,0.755,59.96,2,multivariable
2026-02-24 20:00:00,164.11,113.76,0.771,59.96,2,multivariable
2026-02-24 20:10:00,166.12,114.1,0.776,59.98,2,multivariable
2026-02-24 20:20:00,172.28,114.84,0.789,59.96,2,multivariable
2026-02-24 20:30:00,159.962,115.875,0.781,59.925,2,multivariable
2026-02-24 20:40:00,151.61,115.46,0.789,59.94,2,multivariable
2026-02-24 20:50:00,146.13,115.14,0.784,59.94,2,multivariable
2026-02-24 21:00:00,139.8,117.64,0.782,59.99,2,multivariable
2026-02-24 21:10:00,127.8,116.28,0.748,59.98,2,multivariable
2026-02-24 21:20:00,116.23,116.96,0.726,59.97,2,multivariable
2026-02-24 21:30:00,118.61,118.38,0.726,59.95,2,multivariable
2026-02-24 21:40:00,122.32,118.32,0.736,59.97,2,multivariable
2026-02-24 21:50:00,96.71,116.85,0.741,59.96,2,multivariable
2026-02-24 22:00:00,71.02,117.24,0.742,59.95,2,multivariable
2026-02-24 22:10:00,69.03,115.98,0.74,59.94,2,multivariable
2026-02-24 22:20:00,70.39,116.26,0.742,59.96,2,multivariable
2026-02-24 22:30:00,50.78,118.11,0.664,59.96,2,multivariable
2026-02-24 22:40:00,21.26,117.51,0.506,59.96,2,multivariable
2026-02-24 22:50:00,21.511,117.289,0.501,59.944,2,multivariable
2026-02-24 23:00:00,23.42,117.61,0.515,59.92,2,multivariable
2026-02-24 23:10:00,21.41,117.17,0.506,59.97,2,multivariable
2026-02-24 23:20:00,26.07,118.76,0.535,59.94,2,multivariable
2026-02-24 23:30:00,21.52,117.94,0.498,59.96,2,multivariable
2026-02-24 23:40:00,19.93,118.17,0.485,59.93,2,multivariable
2026-02-24 23:50:00,20.62,118.52,0.502,59.92,2,multivariable
2026-02-25 00:00:00,21.33,118.9,0.502,59.96,2,multivariable
2026-02-25 00:10:00,22.7,118.65,0.512,59.99,2,multivariable
2026-02-25 00:20:00,20.47,118.45,0.492,59.93,2,multivariable
2026-02-25 00:30:00,19.78,118.0,0.49,59.92,2,multivariable
2026-02-25 00:40:00,20.18,117.89,0.5,59.95,2,multivariable
2026-02-25 00:50:00,19.95,118.98,0.493,59.97,2,multivariable
2026-02-25 01:00:00,19.85,119.61,0.479,59.95,2,multivariable
2026-02-25 01:10:00,19.97,119.38,0.477,59.96,2,multivariable
2026-02-25 01:20:00,19.925,120.2,0.485,59.962,2,multivariable
2026-02-25 01:30:00,19.83,119.05,0.493,59.96,2,multivariable
2026-02-25 01:40:00,19.81,118.06,0.498,59.96,2,multivariable
2026-02-25 01:50:00,19.93,118.66,0.491,59.95,2,multivariable
2026-02-25 02:00:00,20.09,119.44,0.491,59.95,2,multivariable
2026-02-25 02:10:00,20.45,119.31,0.5,59.95,2,multivariable
2026-02-25 02:20:00,20.03,120.0,0.491,59.97,2,multivariable
2026-02-25 02:30:00,19.86,119.49,0.484,59.95,2,multivariable
2026-02-25 02:40:00,19.77,118.35,0.489,59.95,2,multivariable
2026-02-25 02:50:00,19.85,119.34,0.491,59.92,2,multivariable
2026-02-25 03:00:00,19.95,119.63,0.493,59.95,2,multivariable
2026-02-25 03:10:00,27.86,118.65,0.555,59.92,2,multivariable
2026-02-25 03:20:00,19.94,119.27,0.5,59.96,2,multivariable
2026-02-25 03:30:00,28.62,119.83,0.574,59.96,2,multivariable
2026-02-25 03:40:00,27.5,119.8,0.57,59.97,2,multivariable
2026-02-25 03:50:00,25.49,118.37,0.551,59.94,2,multivariable
2026-02-25 04:00:00,25.37,118.55,0.55,59.96,2,multivariable
2026-02-25 04:10:00,25.23,118.51,0.552,59.93,2,multivariable
2026-02-25 04:20:00,25.71,119.85,0.567,59.97,2,multivariable
2026-02-25 04:30:00,27.089,120.422,0.571,59.956,2,multivariable
2026-02-25 04:40:00,25.32,119.29,0.559,59.96,2,multivariable
2026-02-25 04:50:00,25.21,118.29,0.562,59.95,2,multivariable
2026-02-25 05:00:00,25.02,117.15,0.563,59.94,2,multivariable
2026-02-25 05:10:00,25.44,117.47,0.552,59.95,2,multivariable
2026-02-25 05:20:00,25.17,116.97,0.551,59.97,2,multivariable
2026-02-25 05:30:00,28.27,116.16,0.567,59.93,2,multivariable
2026-02-25 05:40:00,64.15,117.75,0.809,59.94,2,multivariable
2026-02-25 05:50:00,59.43,117.73,0.806,59.99,2,multivariable
2026-02-25 06:00:00,135.84,117.12,0.712,59.95,2,multivariable
2026-02-25 06:10:00,24.72,116.51,0.543,59.93,2,multivariable
2026-02-25 06:20:00,23.45,115.07,0.52,59.94,2,multivariable
2026-02-25 06:30:00,19.64,115.76,0.49,59.98,2,multivariable
2026-02-25 06:40:00,20.13,116.15,0.496,59.95,2,multivariable
2026-02-25 06:50:00,19.86,117.19,0.491,59.95,2,multivariable
2026-02-25 07:00:00,26.89,117.07,0.571,59.91,2,multivariable
2026-02-25 07:10:00,19.74,116.13,0.49,59.96,2,multivariable
2026-02-25 07:20:00,19.689,116.522,0.486,59.956,2,multivariable
2026-02-25 07:30:00,19.74,115.62,0.497,59.98,2,multivariable
2026-02-25 07:40:00,48.612,115.588,0.722,59.975,2,multivariable
2026-02-25 07:50:00,57.289,114.978,0.801,59.944,2,multivariable
2026-02-25 08:00:00,59.23,114.83,0.802,59.93,2,multivariable
2026-02-25 08:10:00,129.23,116.07,0.768,59.97,2,multivariable
2026-02-25 08:20:00,423.31,113.32,0.851,59.95,2,multivariable
2026-02-25 08:30:00,860.59,110.94,0.99,59.95,2,multivariable
2026-02-25 08:40:00,867.54,111.75,0.99,59.95,2,multivariable
2026-02-25 08:50:00,882.31,112.6,0.99,59.94,2,multivariable
2026-02-25 09:00:00,901.44,113.87,0.99,59.92,2,multivariable
2026-02-25 09:10:00,888.69,113.18,0.99,59.96,2,multivariable
2026-02-25 09:20:00,849.98,111.07,0.99,59.94,2,multivariable
2026-02-25 09:30:00,853.48,111.43,0.99,59.96,2,multivariable
2026-02-25 09:40:00,878.68,111.43,0.99,59.95,2,multivariable
2026-02-25 09:50:00,882.5,111.57,0.99,59.94,2,multivariable
2026-02-25 10:00:00,878.77,112.3,0.99,59.94,2,multivariable
2026-02-25 10:10:00,845.69,110.88,0.99,59.97,2,multivariable
2026-02-25 10:20:00,858.66,110.68,0.99,59.91,2,multivariable
2026-02-25 10:30:00,868.42,110.26,0.99,59.96,2,multivariable
2026-02-25 10:40:00,865.99,109.21,0.989,59.94,2,multivariable
2026-02-25 10:50:00,843.41,108.82,0.99,59.97,2,multivariable
2026-02-25 11:00:00,862.0,108.77,0.99,59.97,2,multivariable
2026-02-25 11:10:00,836.84,106.96,0.99,59.97,2,multivariable
2026-02-25 11:20:00,821.05,107.86,0.99,59.96,2,multivariable
2026-02-25 11:30:00,818.77,106.83,0.989,59.92,2,multivariable
2026-02-25 11:40:00,825.99,108.47,0.99,59.95,2,multivariable
2026-02-25 11:50:00,826.38,108.95,0.99,59.96,2,multivariable
2026-02-25 12:00:00,858.544,111.389,0.99,59.978,2,multivariable
2026-02-25 12:10:00,850.44,111.41,0.991,59.96,2,multivariable
2026-02-25 12:20:00,824.57,109.63,0.991,59.99,2,multivariable
2026-02-25 12:30:00,219.94,114.4,0.835,59.98,2,multivariable
2026-02-25 12:40:00,132.59,114.09,0.805,59.96,2,multivariable
2026-02-25 12:50:00,126.91,111.51,0.793,59.99,2,multivariable
2026-02-25 13:00:00,136.59,114.07,0.794,59.96,2,multivariable
2026-02-25 13:10:00,147.0,115.62,0.783,59.96,2,multivariable
2026-02-25 13:20:00,146.66,117.05,0.777,59.97,2,multivariable
2026-02-25 13:30:00,148.34,114.48,0.772,59.94,2,multivariable
2026-02-25 13:40:00,146.89,114.47,0.767,59.99,2,multivariable
2026-02-25 13:50:00,130.5,112.17,0.745,59.97,2,multivariable
2026-02-25 14:00:00,111.2,112.81,0.712,59.95,2,multivariable
2026-02-25 14:10:00,832.97,112.02,0.986,59.94,2,multivariable
2026-02-25 14:20:00,859.82,112.71,0.99,59.97,2,multivariable
2026-02-25 14:30:00,874.75,113.13,0.99,59.93,2,multivariable
2026-02-25 14:40:00,847.4,111.57,0.99,59.97,2,multivariable
2026-02-25 14:50:00,859.65,110.34,0.988,59.95,2,multivariable
2026-02-25 15:00:00,907.12,111.56,0.988,59.97,2,multivariable
2026-02-25 15:10:00,900.01,111.72,0.988,59.94,2,multivariable
2026-02-25 15:20:00,899.71,112.32,0.99,59.97,2,multivariable
2026-02-25 15:30:00,902.71,112.41,0.99,59.95,2,multivariable
2026-02-25 15:40:00,617.95,112.29,0.967,59.98,2,multivariable
2026-02-25 15:50:00,537.49,112.21,0.968,59.99,2,multivariable
2026-02-25 16:00:00,518.62,111.77,0.967,59.96,2,multivariable
2026-02-25 16:10:00,521.01,112.43,0.966,59.97,2,multivariable
2026-02-25 16:20:00,726.16,111.77,0.974,59.94,2,multivariable
2026-02-25 16:30:00,1176.44,109.16,0.99,59.96,2,multivariable
2026-02-25 16:40:00,1192.35,109.09,0.99,59.96,2,multivariable
2026-02-25 16:50:00,1195.56,110.49,0.99,59.94,2,multivariable
2026-02-25 17:00:00,1206.33,111.47,0.995,59.98,2,multivariable
2026-02-25 17:10:00,1201.43,110.99,0.996,59.98,2,multivariable
2026-02-25 17:20:00,1200.38,111.29,0.995,59.96,2,multivariable
2026-02-25 17:30:00,1195.05,111.73,0.999,59.95,2,multivariable
2026-02-25 17:40:00,1142.04,109.6,1.0,59.95,2,multivariable
2026-02-25 17:50:00,1147.59,110.08,1.0,59.97,2,multivariable
2026-02-25 18:00:00,1135.42,109.23,1.0,59.95,2,multivariable
2026-02-25 18:10:00,707.05,113.37,0.986,59.91,2,multivariable
2026-02-25 18:20:00,523.14,115.13,0.98,59.96,2,multivariable
2026-02-25 18:30:00,555.33,115.36,0.969,59.92,2,multivariable
2026-02-25 18:40:00,583.41,114.96,0.961,59.94,2,multivariable
2026-02-25 18:50:00,609.6,114.55,0.959,59.94,2,multivariable
2026-02-25 19:00:00,611.25,114.8,0.959,59.98,2,multivariable
2026-02-25 19:10:00,556.73,113.34,0.944,59.97,2,multivariable
2026-02-25 19:20:00,219.14,115.14,0.789,59.97,2,multivariable
2026-02-25 19:30:00,207.74,117.71,0.759,59.96,2,multivariable
2026-02-25 19:40:00,198.86,117.08,0.76,59.96,2,multivariable
2026-02-25 19:50:00,197.37,117.33,0.761,59.94,2,multivariable
2026-02-25 20:00:00,770.25,114.58,0.942,59.96,2,multivariable
2026-02-25 20:10:00,891.03,115.06,0.99,59.94,2,multivariable
2026-02-25 20:20:00,909.87,114.89,0.99,59.96,2,multivariable
2026-02-25 20:30:00,942.43,115.67,0.99,59.96,2,multivariable
2026-02-25 20:40:00,956.46,116.21,0.99,59.94,2,multivariable
2026-02-25 20:50:00,951.18,115.86,0.99,59.95,2,multivariable
2026-02-25 21:00:00,948.88,116.02,0.99,59.95,2,multivariable
2026-02-25 21:10:00,949.21,114.76,0.989,59.95,2,multivariable
2026-02-25 21:20:00,995.5,116.71,0.987,59.98,2,multivariable
2026-02-25 21:30:00,969.18,117.46,0.99,59.96,2,multivariable
2026-02-25 21:40:00,244.68,119.55,0.778,59.95,2,multivariable
2026-02-25 21:50:00,161.69,117.8,0.76,59.95,2,multivariable
2026-02-25 22:00:00,155.02,117.86,0.76,59.96,2,multivariable
2026-02-25 22:10:00,154.78,117.11,0.763,59.97,2,multivariable
2026-02-25 22:20:00,151.14,116.27,0.756,59.93,2,multivariable
2026-02-25 22:30:00,144.57,116.58,0.763,59.96,2,multivariable
2026-02-25 22:40:00,95.46,117.24,0.688,59.95,2,multivariable
2026-02-25 22:50:00,90.5,117.111,0.684,59.978,2,multivariable
2026-02-25 23:00:00,78.66,118.03,0.651,59.95,2,multivariable
2026-02-25 23:10:00,79.74,118.52,0.664,59.97,2,multivariable
2026-02-25 23:20:00,77.0,120.333,0.658,59.944,2,multivariable
2026-02-25 23:30:00,29.73,117.97,0.595,59.95,2,multivariable
2026-02-25 23:40:00,31.51,117.84,0.598,59.97,2,multivariable
2026-02-25 23:50:00,24.44,117.46,0.531,59.97,2,multivariable
2026-02-26 00:00:00,21.2,117.31,0.504,59.95,2,multivariable
2026-02-26 00:10:00,21.77,118.2,0.503,59.95,2,multivariable
2026-02-26 00:20:00,19.72,117.84,0.485,59.95,2,multivariable
2026-02-26 00:30:00,25.47,119.23,0.533,59.97,2,multivariable
2026-02-26 00:40:00,19.73,117.76,0.493,59.95,2,multivariable
2026-02-26 00:50:00,19.68,117.95,0.49,59.95,2,multivariable
2026-02-26 01:00:00,19.68,117.5,0.494,59.97,2,multivariable
2026-02-26 01:10:00,19.76,118.08,0.496,59.92,2,multivariable
2026-02-26 01:20:00,21.73,118.87,0.504,59.95,2,multivariable
2026-02-26 01:30:00,19.89,119.62,0.48,59.93,2,multivariable
2026-02-26 01:40:00,19.85,119.74,0.488,59.94,2,multivariable
2026-02-26 01:50:00,19.73,118.63,0.492,59.97,2,multivariable
2026-02-26 02:00:00,19.78,118.07,0.486,59.96,2,multivariable
2026-02-26 02:10:00,19.67,118.33,0.489,59.96,2,multivariable
2026-02-26 02:20:00,19.71,118.25,0.494,59.96,2,multivariable
2026-02-26 02:30:00,19.77,118.55,0.491,59.95,2,multivariable
2026-02-26 02:40:00,19.73,119.08,0.486,59.93,2,multivariable
2026-02-26 02:50:00,19.86,119.57,0.49,59.95,2,multivariable
2026-02-26 03:00:00,19.82,120.4,0.49,59.98,2,multivariable
2026-02-26 03:10:00,19.8,119.05,0.488,59.93,2,multivariable
2026-02-26 03:20:00,19.82,118.5,0.485,59.95,2,multivariable
2026-02-26 03:30:00,19.456,118.333,0.492,59.933,2,multivariable
2026-02-26 03:40:00,19.62,118.34,0.495,59.98,2,multivariable
2026-02-26 03:50:00,19.82,119.77,0.483,59.97,2,multivariable
2026-02-26 04:00:00,25.44,119.62,0.542,59.96,2,multivariable
2026-02-26 04:10:00,25.4,119.7,0.552,59.94,2,multivariable
2026-02-26 04:20:00,25.31,119.16,0.556,59.99,2,multivariable
2026-02-26 04:30:00,25.39,118.24,0.555,59.94,2,multivariable
2026-02-26 04:40:00,25.3,118.46,0.558,59.96,2,multivariable
2026-02-26 04:50:00,25.3,117.64,0.554,59.94,2,multivariable
2026-02-26 05:00:00,25.23,118.46,0.549,59.97,2,multivariable
2026-02-26 05:10:00,25.22,117.85,0.545,59.94,2,multivariable
2026-02-26 05:20:00,25.13,117.75,0.552,59.94,2,multivariable
2026-02-26 05:30:00,27.18,116.37,0.57,59.96,2,multivariable
2026-02-26 05:40:00,68.0,117.73,0.81,59.96,2,multivariable
2026-02-26 05:50:00,64.73,115.56,0.81,59.97,2,multivariable
2026-02-26 06:00:00,60.74,115.32,0.79,59.95,2,multivariable
2026-02-26 06:10:00,37.28,116.49,0.649,59.93,2,multivariable
2026-02-26 06:20:00,37.3,117.76,0.632,59.97,2,multivariable
2026-02-26 06:30:00,35.35,118.22,0.63,59.95,2,multivariable
2026-02-26 06:40:00,35.16,117.93,0.633,59.93,2,multivariable
2026-02-26 06:50:00,34.54,116.93,0.637,59.95,2,multivariable
2026-02-26 07:00:00,34.33,115.73,0.638,59.96,2,multivariable
2026-02-26 07:10:00,31.4,116.16,0.612,59.95,2,multivariable
2026-02-26 07:20:00,23.96,117.82,0.544,59.97,2,multivariable
2026-02-26 07:30:00,24.02,120.96,0.537,59.99,2,multivariable
2026-02-26 07:40:00,23.62,116.04,0.55,59.94,2,multivariable
2026-02-26 07:50:00,23.36,113.18,0.556,59.97,2,multivariable
2026-02-26 08:00:00,28.14,115.2,0.598,59.93,2,multivariable
2026-02-26 08:10:00,28.58,115.92,0.593,59.97,2,multivariable
2026-02-26 08:20:00,19.43,114.23,0.509,59.95,2,multivariable
2026-02-26 08:30:00,49.67,115.34,0.801,59.97,2,multivariable
2026-02-26 08:40:00,49.48,114.61,0.801,59.94,2,multivariable
2026-02-26 08:50:00,49.49,113.67,0.804,59.97,2,multivariable
2026-02-26 09:00:00,100.778,115.778,0.738,59.944,2,multivariable
2026-02-26 09:10:00,138.14,115.63,0.761,59.96,2,multivariable
2026-02-26 09:20:00,104.12,116.49,0.734,59.95,2,multivariable
2026-02-26 09:30:00,136.922,116.911,0.753,59.978,2,multivariable
2026-02-26 09:40:00,139.278,115.756,0.759,59.933,2,multivariable
2026-02-26 09:50:00,134.7,114.56,0.751,59.96,2,multivariable
2026-02-26 10:00:00,132.089,114.289,0.752,59.922,2,multivariable
2026-02-26 10:10:00,141.225,116.525,0.786,59.962,2,multivariable
2026-02-26 10:20:00,154.09,116.91,0.813,59.95,2,multivariable
2026-02-26 10:30:00,150.089,115.844,0.814,59.933,2,multivariable
2026-02-26 10:40:00,123.04,115.17,0.77,59.97,2,multivariable
2026-02-26 10:50:00,113.89,114.92,0.757,59.97,2,multivariable
2026-02-26 11:00:00,105.08,115.07,0.737,59.94,2,multivariable
2026-02-26 11:10:00,99.0,114.57,0.732,59.93,2,multivariable
2026-02-26 11:20:00,98.68,115.29,0.731,59.98,2,multivariable
2026-02-26 11:30:00,98.54,113.81,0.741,59.94,2,multivariable
2026-02-26 11:40:00,98.74,115.37,0.738,59.96,2,multivariable
2026-02-26 11:50:00,108.87,114.82,0.758,59.94,2,multivariable
2026-02-26 12:00:00,422.978,113.322,0.85,59.956,2,multivariable
2026-02-26 12:10:00,839.85,112.8,0.99,59.95,2,multivariable
2026-02-26 12:20:00,845.29,112.99,0.992,59.94,2,multivariable
2026-02-26 12:30:00,884.75,115.87,0.99,59.96,2,multivariable
2026-02-26 12:40:00,868.75,115.05,0.992,59.94,2,multivariable
2026-02-26 12:50:00,855.17,114.04,0.99,59.96,2,multivariable
2026-02-26 13:00:00,253.88,115.75,0.783,59.96,2,multivariable
2026-02-26 13:10:00,98.71,117.09,0.72,59.95,2,multivariable
2026-02-26 13:20:00,97.289,117.244,0.717,59.956,2,multivariable
2026-02-26 13:30:00,94.61,116.73,0.72,59.95,2,multivariable
2026-02-26 13:40:00,115.28,116.39,0.729,59.95,2,multivariable
2026-02-26 13:50:00,106.13,116.85,0.721,59.98,2,multivariable
2026-02-26 14:00:00,109.47,116.61,0.723,59.96,2,multivariable
2026-02-26 14:10:00,101.7,115.43,0.727,59.96,2,multivariable
2026-02-26 14:20:00,101.67,116.96,0.722,59.97,2,multivariable
2026-02-26 14:30:00,134.02,116.13,0.786,59.98,2,multivariable
2026-02-26 14:40:00,131.18,114.89,0.776,59.98,2,multivariable
2026-02-26 14:50:00,103.57,115.84,0.722,59.95,2,multivariable
2026-02-26 15:00:00,106.867,115.944,0.729,59.967,2,multivariable
2026-02-26 15:10:00,101.68,113.05,0.712,59.95,2,multivariable
2026-02-26 15:20:00,104.962,116.088,0.728,59.938,2,multivariable
2026-02-26 15:30:00,107.37,117.27,0.738,59.95,2,multivariable
2026-02-26 15:40:00,102.99,116.48,0.72,59.95,2,multivariable
2026-02-26 15:50:00,104.84,113.9,0.727,59.97,2,multivariable
2026-02-26 16:00:00,104.09,113.04,0.739,59.97,2,multivariable
2026-02-26 16:10:00,103.489,114.167,0.728,59.922,2,multivariable
2026-02-26 16:20:00,173.84,113.62,0.837,59.96,2,multivariable
2026-02-26 16:30:00,186.13,114.88,0.848,59.94,2,multivariable
2026-02-26 16:40:00,183.77,116.68,0.843,59.95,2,multivariable
2026-02-26 16:50:00,178.911,115.689,0.837,59.956,2,multivariable
2026-02-26 17:00:00,194.0,114.433,0.823,59.967,2,multivariable
2026-02-26 17:10:00,184.722,115.589,0.838,59.967,2,multivariable
2026-02-26 17:20:00,172.27,115.71,0.829,59.96,2,multivariable
2026-02-26 17:30:00,175.589,114.211,0.833,59.944,2,multivariable
2026-02-26 17:40:00,167.56,115.78,0.82,59.96,2,multivariable
2026-02-26 17:50:00,167.99,116.27,0.813,59.98,2,multivariable
2026-02-26 18:00:00,165.46,115.9,0.81,59.96,2,multivariable
2026-02-26 18:10:00,166.36,115.04,0.828,59.97,2,multivariable
2026-02-26 18:20:00,158.012,114.825,0.808,59.962,2,multivariable
2026-02-26 18:30:00,156.083,116.817,0.792,59.95,2,multivariable
2026-02-26 18:40:00,130.9,115.55,0.737,59.95,2,multivariable
2026-02-26 18:50:00,115.2,116.04,0.704,59.96,2,multivariable
2026-02-26 19:00:00,191.77,116.32,0.781,59.96,2,multivariable
2026-02-26 19:10:00,243.01,115.78,0.796,59.97,2,multivariable
2026-02-26 19:20:00,251.0,113.244,0.789,59.956,2,multivariable
2026-02-26 19:30:00,246.78,114.57,0.785,59.97,2,multivariable
2026-02-26 19:40:00,245.6,114.63,0.782,59.98,2,multivariable
2026-02-26 19:50:00,250.36,115.74,0.788,59.94,2,multivariable
2026-02-26 20:00:00,250.34,113.82,0.801,60.0,2,multivariable
2026-02-26 20:10:00,255.89,116.64,0.782,59.95,2,multivariable
2026-02-26 20:20:00,247.92,114.33,0.779,59.95,2,multivariable
2026-02-26 20:30:00,250.98,114.1,0.777,59.97,2,multivariable
2026-02-26 20:40:00,218.63,114.28,0.783,59.97,2,multivariable
2026-02-26 20:50:00,182.222,115.711,0.791,59.967,2,multivariable
2026-02-26 21:00:00,191.39,115.94,0.789,59.98,2,multivariable
2026-02-26 21:10:00,189.38,117.61,0.79,59.98,2,multivariable
2026-02-26 21:20:00,186.51,112.42,0.797,59.94,2,multivariable
2026-02-26 21:30:00,184.88,115.39,0.798,59.96,2,multivariable
2026-02-26 21:40:00,189.19,114.81,0.774,59.94,2,multivariable
2026-02-26 21:50:00,169.15,117.1,0.758,59.962,2,multivariable
2026-02-26 22:00:00,98.614,117.229,0.71,59.943,2,multivariable
2026-02-26 22:10:00,44.34,118.08,0.673,59.97,2,multivariable
2026-02-26 22:20:00,39.422,117.478,0.66,59.978,2,multivariable
2026-02-26 22:30:00,31.322,117.144,0.599,59.978,2,multivariable
2026-02-26 22:40:00,30.65,116.45,0.595,59.912,2,multivariable
2026-02-26 22:50:00,30.97,115.87,0.602,59.95,2,multivariable
2026-02-26 23:00:00,24.58,116.78,0.533,59.97,2,multivariable
2026-02-26 23:10:00,25.522,117.322,0.537,59.967,2,multivariable
2026-02-26 23:20:00,21.978,117.911,0.509,59.944,2,multivariable
2026-02-26 23:30:00,21.46,117.1,0.5,59.96,2,multivariable
2026-02-26 23:40:00,20.122,116.556,0.484,59.944,2,multivariable
2026-02-26 23:50:00,21.53,116.97,0.504,59.98,2,multivariable
2026-02-27 00:00:00,21.63,117.49,0.51,59.94,2,multivariable
2026-02-27 00:10:00,19.856,117.489,0.494,59.978,2,multivariable
2026-02-27 00:20:00,19.88,118.54,0.483,59.95,2,multivariable
2026-02-27 00:30:00,19.95,119.78,0.478,59.97,2,multivariable
2026-02-27 00:40:00,20.03,120.2,0.483,59.96,2,multivariable
2026-02-27 00:50:00,19.83,118.34,0.489,59.95,2,multivariable
2026-02-27 01:00:00,19.88,118.19,0.487,59.94,2,multivariable
2026-02-27 01:10:00,19.95,118.8,0.483,59.95,2,multivariable
2026-02-27 01:20:00,19.87,118.27,0.483,59.97,2,multivariable
2026-02-27 01:30:00,20.411,118.556,0.492,59.933,2,multivariable
2026-02-27 01:40:00,19.85,118.97,0.489,59.95,2,multivariable
2026-02-27 01:50:00,19.94,119.51,0.485,59.96,2,multivariable
2026-02-27 02:00:00,19.8,117.9,0.479,59.97,2,multivariable
2026-02-27 02:10:00,19.91,118.91,0.479,59.95,2,multivariable
2026-02-27 02:20:00,19.72,117.91,0.49,59.94,2,multivariable
2026-02-27 02:30:00,19.81,117.58,0.492,59.96,2,multivariable
2026-02-27 02:40:00,22.078,118.3,0.508,59.956,2,multivariable
2026-02-27 02:50:00,19.85,119.07,0.48,59.95,2,multivariable
2026-02-27 03:00:00,20.46,120.59,0.48,59.95,2,multivariable
2026-02-27 03:10:00,19.87,118.96,0.49,59.96,2,multivariable
2026-02-27 03:20:00,19.86,117.83,0.492,59.98,2,multivariable
2026-02-27 03:30:00,19.612,118.9,0.481,59.975,2,multivariable
2026-02-27 03:40:00,19.76,117.69,0.483,59.95,2,multivariable
2026-02-27 03:50:00,19.87,118.22,0.485,59.96,2,multivariable
2026-02-27 04:00:00,25.64,119.98,0.556,59.96,2,multivariable
2026-02-27 04:10:00,25.44,119.44,0.55,59.98,2,multivariable
2026-02-27 04:20:00,25.33,119.41,0.543,59.95,2,multivariable
2026-02-27 04:30:00,25.88,118.22,0.544,59.97,2,multivariable
2026-02-27 04:40:00,27.64,117.95,0.574,59.98,2,multivariable
2026-02-27 04:50:00,27.9,116.89,0.578,59.95,2,multivariable
2026-02-27 05:00:00,25.18,117.96,0.559,59.95,2,multivariable
2026-02-27 05:10:00,25.19,116.87,0.548,59.94,2,multivariable
2026-02-27 05:20:00,25.22,117.42,0.542,59.95,2,multivariable
2026-02-27 05:30:00,30.822,116.856,0.593,59.944,2,multivariable
2026-02-27 05:40:00,57.24,116.57,0.802,59.96,2,multivariable
2026-02-27 05:50:00,56.38,115.57,0.8,59.94,2,multivariable
2026-02-27 06:00:00,41.533,115.667,0.676,59.967,2,multivariable
2026-02-27 06:10:00,25.16,115.6,0.558,59.95,2,multivariable
2026-02-27 06:20:00,22.35,117.475,0.516,59.962,2,multivariable
2026-02-27 06:30:00,24.94,117.44,0.546,59.94,2,multivariable
2026-02-27 06:40:00,35.01,119.13,0.623,59.95,2,multivariable
2026-02-27 06:50:00,95.37,115.76,0.672,59.95,2,multivariable
2026-02-27 07:00:00,76.92,114.09,0.632,59.96,2,multivariable
2026-02-27 07:10:00,72.21,116.5,0.627,59.96,2,multivariable
2026-02-27 07:20:00,70.37,116.68,0.635,59.97,2,multivariable
2026-02-27 07:30:00,67.612,115.275,0.634,59.962,2,multivariable
2026-02-27 07:40:00,67.24,114.31,0.628,59.99,2,multivariable
2026-02-27 07:50:00,66.79,112.61,0.624,59.96,2,multivariable
2026-02-27 08:00:00,93.262,112.688,0.684,59.9,2,multivariable
2026-02-27 08:10:00,108.08,113.43,0.726,59.99,2,multivariable
2026-02-27 08:20:00,106.93,113.9,0.735,59.97,2,multivariable
2026-02-27 08:30:00,105.92,114.36,0.726,59.97,2,multivariable
2026-02-27 08:40:00,134.68,114.93,0.75,59.97,2,multivariable
2026-02-27 08:50:00,141.475,113.162,0.745,59.938,2,multivariable
2026-02-27 09:00:00,133.4,113.75,0.738,59.98,2,multivariable
2026-02-27 09:10:00,127.76,112.7,0.737,59.94,2,multivariable
2026-02-27 09:20:00,114.11,115.69,0.726,59.94,2,multivariable
2026-02-27 09:30:00,103.57,112.79,0.75,59.97,2,multivariable
2026-02-27 09:40:00,106.49,113.14,0.737,59.99,2,multivariable
2026-02-27 09:50:00,106.96,111.91,0.732,59.93,2,multivariable
2026-02-27 10:00:00,111.89,112.27,0.736,59.96,2,multivariable
2026-02-27 10:10:00,107.444,112.289,0.726,59.944,2,multivariable
2026-02-27 10:20:00,114.311,112.756,0.752,59.978,2,multivariable
2026-02-27 10:30:00,107.91,111.74,0.741,59.95,2,multivariable
2026-02-27 10:40:00,104.538,112.188,0.736,59.938,2,multivariable
2026-02-27 10:50:00,110.81,111.23,0.755,59.95,2,multivariable
2026-02-27 11:00:00,107.038,109.962,0.75,59.962,2,multivariable
2026-02-27 11:10:00,109.64,110.95,0.762,59.94,2,multivariable
2026-02-27 11:20:00,109.7,109.51,0.771,59.97,2,multivariable
2026-02-27 11:30:00,113.54,110.16,0.771,59.95,2,multivariable
2026-02-27 11:40:00,119.39,111.3,0.782,59.94,2,multivariable
2026-02-27 11:50:00,116.55,111.088,0.774,59.962,2,multivariable
2026-02-27 12:00:00,114.49,111.41,0.762,59.96,2,multivariable
2026-02-27 12:10:00,113.967,111.633,0.751,59.967,2,multivariable
2026-02-27 12:20:00,107.95,112.11,0.75,59.97,2,multivariable
2026-02-27 12:30:00,104.68,110.93,0.741,59.94,2,multivariable
2026-02-27 12:40:00,105.42,112.0,0.746,59.99,2,multivariable
2026-02-27 12:50:00,97.76,113.43,0.731,59.95,2,multivariable
2026-02-27 13:00:00,99.867,112.478,0.741,59.956,2,multivariable
2026-02-27 13:10:00,97.7,112.94,0.728,59.96,2,multivariable
2026-02-27 13:20:00,98.0,112.41,0.727,59.95,2,multivariable
2026-02-27 13:30:00,95.77,114.3,0.717,59.94,2,multivariable
2026-02-27 13:40:00,97.38,114.56,0.73,59.94,2,multivariable
2026-02-27 13:50:00,104.79,113.5,0.743,59.96,2,multivariable
2026-02-27 14:00:00,108.21,112.95,0.736,59.97,2,multivariable
2026-02-27 14:10:00,105.743,112.471,0.736,59.957,2,multivariable
2026-02-27 14:20:00,108.01,112.49,0.739,59.96,2,multivariable
2026-02-27 14:30:00,103.32,112.87,0.728,59.99,2,multivariable
2026-02-27 14:40:00,122.138,111.962,0.748,59.962,2,multivariable
2026-02-27 14:50:00,122.5,112.02,0.754,59.97,2,multivariable
2026-02-27 15:00:00,110.82,112.21,0.744,59.97,2,multivariable
2026-02-27 15:10:00,104.98,113.98,0.724,59.97,2,multivariable
2026-02-27 15:20:00,103.088,114.25,0.73,59.962,2,multivariable
2026-02-27 15:30:00,104.456,113.9,0.719,59.989,2,multivariable
2026-02-27 15:40:00,103.078,114.189,0.717,59.933,2,multivariable
2026-02-27 15:50:00,99.72,113.0,0.717,59.96,2,multivariable
2026-02-27 16:00:00,127.367,113.122,0.746,59.956,2,multivariable
2026-02-27 16:10:00,114.95,114.57,0.748,59.98,2,multivariable
2026-02-27 16:20:00,122.99,114.73,0.742,59.96,2,multivariable
2026-02-27 16:30:00,117.375,114.262,0.742,59.962,2,multivariable
2026-02-27 16:40:00,118.05,115.73,0.737,59.95,2,multivariable
2026-02-27 16:50:00,122.37,116.06,0.725,59.95,2,multivariable
2026-02-27 17:00:00,122.7,115.338,0.742,59.95,2,multivariable
2026-02-27 17:10:00,163.18,114.11,0.781,59.95,2,multivariable
2026-02-27 17:20:00,199.96,113.87,0.826,59.96,2,multivariable
2026-02-27 17:30:00,186.162,114.725,0.819,59.962,2,multivariable
2026-02-27 17:40:00,185.456,115.789,0.814,59.933,2,multivariable
2026-02-27 17:50:00,147.2,116.0,0.795,59.962,2,multivariable
2026-02-27 18:00:00,105.05,114.962,0.808,59.95,2,multivariable
2026-02-27 18:10:00,95.58,113.89,0.811,59.94,2,multivariable
2026-02-27 18:20:00,84.57,117.04,0.809,59.95,2,multivariable
2026-02-27 18:30:00,83.278,111.567,0.802,59.956,2,multivariable
2026-02-27 18:40:00,77.58,110.76,0.761,59.97,2,multivariable
2026-02-27 18:50:00,95.588,113.5,0.734,59.975,2,multivariable
2026-02-27 19:00:00,167.6,113.911,0.762,59.967,2,multivariable
2026-02-27 19:10:00,89.7,115.47,0.789,59.97,2,multivariable
2026-02-27 19:20:00,107.1,114.91,0.834,59.92,2,multivariable
2026-02-27 19:30:00,94.2,115.53,0.785,59.95,2,multivariable
2026-02-27 19:40:00,121.91,114.32,0.826,59.96,2,multivariable
2026-02-27 19:50:00,94.91,115.09,0.773,59.95,2,multivariable
2026-02-27 20:00:00,110.867,112.811,0.844,59.978,2,multivariable
2026-02-27 20:10:00,112.175,115.912,0.754,59.95,2,multivariable
2026-02-27 20:20:00,71.08,117.3,0.736,59.95,2,multivariable
2026-02-27 20:30:00,76.42,115.65,0.736,59.98,2,multivariable
2026-02-27 20:40:00,67.967,115.389,0.734,59.967,2,multivariable
2026-02-27 20:50:00,105.933,116.022,0.819,59.944,2,multivariable
2026-02-27 21:00:00,67.8,116.03,0.737,59.99,2,multivariable
2026-02-27 21:10:00,67.37,115.76,0.739,59.95,2,multivariable
2026-02-27 21:20:00,67.371,116.543,0.73,59.943,2,multivariable
2026-02-27 21:30:00,82.45,118.038,0.77,59.975,2,multivariable
2026-02-27 21:40:00,89.538,117.138,0.756,59.925,2,multivariable
2026-02-27 21:50:00,84.033,116.722,0.756,59.933,2,multivariable
2026-02-27 22:00:00,82.04,115.84,0.775,59.97,2,multivariable
2026-02-27 22:10:00,71.05,115.72,0.749,59.96,2,multivariable
2026-02-27 22:20:00,68.81,115.7,0.74,59.95,2,multivariable
2026-02-27 22:30:00,70.45,118.23,0.736,59.97,2,multivariable
2026-02-27 22:40:00,70.23,118.39,0.732,59.96,2,multivariable
2026-02-27 22:50:00,42.05,120.39,0.666,59.93,2,multivariable
2026-02-27 23:00:00,20.012,119.188,0.489,59.975,2,multivariable
2026-02-27 23:10:00,19.85,117.84,0.492,59.95,2,multivariable
2026-02-27 23:20:00,19.79,116.91,0.496,59.94,2,multivariable
2026-02-27 23:30:00,19.89,117.02,0.499,59.98,2,multivariable
2026-02-27 23:40:00,20.45,117.39,0.49,59.96,2,multivariable
2026-02-27 23:50:00,20.025,117.238,0.482,59.975,2,multivariable
2026-02-28 00:00:00,20.3,117.95,0.48,59.97,2,multivariable
2026-02-28 00:10:00,19.95,118.7,0.481,59.94,2,multivariable
2026-02-28 00:20:00,19.956,119.144,0.489,59.967,2,multivariable
2026-02-28 00:30:00,19.96,119.01,0.496,59.93,2,multivariable
2026-02-28 00:40:00,19.9,119.3,0.497,59.95,2,multivariable
2026-02-28 00:50:00,19.889,119.133,0.493,59.967,2,multivariable
2026-02-28 01:00:00,19.8,117.3,0.5,59.944,2,multivariable
2026-02-28 01:10:00,19.89,117.75,0.49,59.95,2,multivariable
2026-02-28 01:20:00,20.0,117.822,0.481,60.0,2,multivariable
2026-02-28 01:30:00,20.18,117.04,0.495,59.94,2,multivariable
2026-02-28 01:40:00,19.88,118.53,0.49,59.93,2,multivariable
2026-02-28 01:50:00,19.86,119.25,0.488,59.97,2,multivariable
2026-02-28 02:00:00,19.92,119.67,0.486,59.95,2,multivariable
2026-02-28 02:10:00,19.86,118.66,0.486,59.95,2,multivariable
2026-02-28 02:20:00,19.94,118.84,0.475,59.95,2,multivariable
2026-02-28 02:30:00,19.89,118.01,0.482,59.99,2,multivariable
2026-02-28 02:40:00,19.89,118.28,0.488,59.95,2,multivariable
2026-02-28 02:50:00,19.99,118.32,0.492,59.96,2,multivariable
2026-02-28 03:00:00,20.22,118.75,0.497,59.95,2,multivariable
2026-02-28 03:10:00,19.96,119.09,0.489,59.94,2,multivariable
2026-02-28 03:20:00,19.86,119.16,0.484,59.95,2,multivariable
2026-02-28 03:30:00,19.89,119.82,0.484,59.97,2,multivariable
2026-02-28 03:40:00,19.94,119.55,0.485,59.97,2,multivariable
2026-02-28 03:50:00,19.64,117.97,0.483,59.98,2,multivariable
2026-02-28 04:00:00,25.21,118.15,0.546,59.95,2,multivariable
2026-02-28 04:10:00,25.371,118.229,0.55,59.971,2,multivariable
2026-02-28 04:20:00,25.489,118.633,0.561,59.967,2,multivariable
2026-02-28 04:30:00,25.68,118.99,0.565,59.95,2,multivariable
2026-02-28 04:40:00,27.6,119.256,0.568,59.944,2,multivariable
2026-02-28 04:50:00,25.39,119.97,0.545,59.93,2,multivariable
2026-02-28 05:00:00,25.2,118.68,0.548,59.96,2,multivariable
2026-02-28 05:10:00,25.21,117.68,0.556,59.95,2,multivariable
2026-02-28 05:20:00,25.3,118.21,0.557,59.96,2,multivariable
2026-02-28 05:30:00,25.28,117.09,0.558,59.94,2,multivariable
2026-02-28 05:40:00,27.34,118.49,0.558,59.93,2,multivariable
2026-02-28 05:50:00,27.55,118.39,0.574,59.97,2,multivariable
2026-02-28 06:00:00,25.844,120.711,0.554,59.944,2,multivariable
2026-02-28 06:10:00,32.11,120.57,0.583,59.96,2,multivariable
2026-02-28 06:20:00,52.76,118.47,0.688,59.97,2,multivariable
2026-02-28 06:30:00,52.37,117.11,0.686,59.98,2,multivariable
2026-02-28 06:40:00,52.21,117.41,0.69,59.96,2,multivariable
2026-02-28 06:50:00,52.12,115.25,0.687,59.99,2,multivariable
2026-02-28 07:00:00,52.23,116.34,0.69,59.97,2,multivariable
2026-02-28 07:10:00,52.15,116.78,0.68,59.95,2,multivariable
2026-02-28 07:20:00,52.35,118.02,0.68,59.97,2,multivariable
2026-02-28 07:30:00,39.63,118.21,0.608,59.98,2,multivariable
2026-02-28 07:40:00,19.9,119.08,0.495,59.96,2,multivariable
2026-02-28 07:50:00,19.49,114.04,0.499,59.96,2,multivariable
2026-02-28 08:00:00,19.31,113.7,0.498,59.96,2,multivariable
2026-02-28 08:10:00,34.15,114.96,0.569,59.97,2,multivariable
2026-02-28 08:20:00,98.73,116.61,0.673,59.95,2,multivariable
2026-02-28 08:30:00,100.34,116.29,0.715,59.95,2,multivariable
2026-02-28 08:40:00,138.88,117.79,0.738,59.95,2,multivariable
2026-02-28 08:50:00,118.95,117.13,0.707,59.97,2,multivariable
2026-02-28 09:00:00,138.08,118.07,0.742,59.97,2,multivariable
2026-02-28 09:10:00,117.12,115.63,0.706,59.99,2,multivariable
2026-02-28 09:20:00,153.54,116.61,0.699,59.96,2,multivariable
2026-02-28 09:30:00,81.83,116.44,0.638,59.97,2,multivariable
2026-02-28 09:40:00,81.93,113.81,0.651,59.98,2,multivariable
2026-02-28 09:50:00,82.76,115.54,0.647,59.96,2,multivariable
2026-02-28 10:00:00,82.46,115.53,0.626,59.94,2,multivariable
2026-02-28 10:10:00,88.86,115.89,0.645,59.95,2,multivariable
2026-02-28 10:20:00,83.96,115.28,0.635,59.96,2,multivariable
2026-02-28 10:30:00,104.938,114.575,0.669,59.975,2,multivariable
2026-02-28 10:40:00,92.12,114.32,0.655,59.98,2,multivariable
2026-02-28 10:50:00,82.81,114.29,0.64,59.95,2,multivariable
2026-02-28 11:00:00,78.238,114.812,0.64,59.95,2,multivariable
2026-02-28 11:10:00,76.8,114.11,0.648,59.94,2,multivariable
2026-02-28 11:20:00,80.89,113.01,0.651,59.94,2,multivariable
2026-02-28 11:30:00,79.371,113.714,0.65,59.971,2,multivariable
2026-02-28 11:40:00,81.14,112.83,0.661,59.96,2,multivariable
2026-02-28 11:50:00,78.71,113.62,0.66,59.96,2,multivariable
2026-02-28 12:00:00,83.4,114.64,0.65,59.96,2,multivariable
2026-02-28 12:10:00,81.51,113.79,0.634,59.95,2,multivariable
2026-02-28 12:20:00,80.614,113.271,0.637,59.971,2,multivariable
2026-02-28 12:30:00,61.362,113.275,0.602,59.975,2,multivariable
2026-02-28 12:40:00,58.533,114.811,0.588,59.956,2,multivariable
2026-02-28 12:50:00,58.59,114.16,0.599,59.95,2,multivariable
2026-02-28 13:00:00,56.49,113.53,0.585,59.93,2,multivariable
2026-02-28 13:10:00,56.8,114.2,0.579,59.96,2,multivariable
2026-02-28 13:20:00,56.7,115.256,0.598,59.956,2,multivariable
2026-02-28 13:30:00,56.06,114.36,0.593,59.97,2,multivariable
2026-02-28 13:40:00,55.34,112.63,0.6,59.96,2,multivariable
2026-02-28 13:50:00,55.14,114.44,0.595,59.95,2,multivariable
2026-02-28 14:00:00,55.31,114.48,0.591,59.95,2,multivariable
2026-02-28 14:10:00,55.19,115.66,0.588,59.99,2,multivariable
2026-02-28 14:20:00,55.5,115.314,0.59,59.943,2,multivariable
2026-02-28 14:30:00,55.322,114.144,0.593,59.978,2,multivariable
2026-02-28 14:40:00,55.562,113.812,0.595,59.912,2,multivariable
2026-02-28 14:50:00,56.15,114.39,0.592,59.94,2,multivariable
2026-02-28 15:00:00,78.05,116.29,0.63,59.95,2,multivariable
2026-02-28 15:10:00,92.444,115.122,0.651,59.922,2,multivariable
2026-02-28 15:20:00,91.99,115.05,0.682,59.97,2,multivariable
2026-02-28 15:30:00,92.04,114.11,0.676,59.97,2,multivariable
2026-02-28 15:40:00,92.538,114.475,0.675,59.925,2,multivariable
2026-02-28 15:50:00,92.233,114.917,0.667,59.967,2,multivariable
2026-02-28 16:00:00,87.76,116.32,0.659,59.94,2,multivariable
2026-02-28 16:10:00,77.744,115.611,0.641,59.967,2,multivariable
2026-02-28 16:20:00,78.66,115.45,0.652,59.96,2,multivariable
2026-02-28 16:30:00,81.89,118.01,0.636,59.93,2,multivariable
2026-02-28 16:40:00,76.512,116.575,0.631,59.938,2,multivariable
2026-02-28 16:50:00,139.7,115.34,0.797,59.98,2,multivariable
2026-02-28 17:00:00,148.0,116.325,0.812,60.0,2,multivariable
2026-02-28 17:10:00,122.325,115.962,0.765,59.925,2,multivariable
2026-02-28 17:20:00,104.65,116.275,0.708,59.962,2,multivariable
2026-02-28 17:30:00,87.078,117.7,0.629,59.967,2,multivariable
2026-02-28 17:40:00,85.988,116.462,0.628,59.962,2,multivariable
2026-02-28 17:50:00,85.689,114.789,0.627,59.956,2,multivariable
2026-02-28 18:00:00,87.8,116.54,0.615,59.98,2,multivariable
2026-02-28 18:10:00,96.45,116.038,0.642,59.938,2,multivariable
2026-02-28 18:20:00,127.28,114.44,0.702,59.95,2,multivariable
2026-02-28 18:30:00,175.72,114.77,0.764,59.95,2,multivariable
2026-02-28 18:40:00,172.91,114.33,0.763,59.97,2,multivariable
2026-02-28 18:50:00,164.42,115.18,0.772,59.94,2,multivariable
2026-02-28 19:00:00,156.26,115.62,0.778,59.97,2,multivariable
2026-02-28 19:10:00,154.05,115.68,0.778,59.97,2,multivariable
2026-02-28 19:20:00,138.45,114.87,0.761,59.98,2,multivariable
2026-02-28 19:30:00,141.01,116.21,0.762,59.95,2,multivariable
2026-02-28 19:40:00,146.5,114.5,0.779,59.962,2,multivariable
2026-02-28 19:50:00,147.38,115.94,0.78,59.98,2,multivariable
2026-02-28 20:00:00,142.0,116.26,0.773,59.98,2,multivariable
2026-02-28 20:10:00,132.36,117.73,0.722,59.97,2,multivariable
2026-02-28 20:20:00,125.378,118.267,0.733,59.967,2,multivariable
2026-02-28 20:30:00,125.55,117.99,0.74,59.99,2,multivariable
2026-02-28 20:40:00,131.31,116.2,0.741,59.96,2,multivariable
2026-02-28 20:50:00,141.989,115.067,0.75,59.956,2,multivariable
2026-02-28 21:00:00,143.9,116.11,0.747,59.95,2,multivariable
2026-02-28 21:10:00,140.5,117.26,0.744,59.98,2,multivariable
2026-02-28 21:20:00,123.988,116.825,0.734,59.95,2,multivariable
2026-02-28 21:30:00,115.79,117.83,0.726,59.93,2,multivariable
2026-02-28 21:40:00,114.967,118.244,0.732,59.978,2,multivariable
2026-02-28 21:50:00,117.57,119.07,0.726,59.97,2,multivariable
2026-02-28 22:00:00,114.89,118.6,0.74,59.95,2,multivariable
2026-02-28 22:10:00,122.23,118.22,0.746,59.95,2,multivariable
2026-02-28 22:20:00,109.62,117.74,0.778,59.95,2,multivariable
2026-02-28 22:30:00,67.64,117.29,0.666,59.94,2,multivariable
2026-02-28 22:40:00,47.78,117.2,0.6,59.96,2,multivariable
2026-02-28 22:50:00,48.15,117.85,0.597,59.97,2,multivariable
2026-02-28 23:00:00,42.333,118.033,0.561,59.967,2,multivariable
2026-02-28 23:10:00,42.322,118.444,0.564,59.933,2,multivariable
2026-02-28 23:20:00,42.45,119.19,0.562,59.96,2,multivariable
2026-02-28 23:30:00,42.456,120.233,0.56,59.944,2,multivariable
2026-02-28 23:40:00,42.362,121.112,0.558,59.95,2,multivariable
2026-02-28 23:50:00,42.67,119.38,0.542,59.95,2,multivariable
2026-03-01 00:00:00,42.67,118.02,0.555,59.95,2,multivariable
2026-03-01 00:10:00,42.35,118.22,0.552,59.95,2,multivariable
2026-03-01 00:20:00,42.28,117.01,0.554,59.95,2,multivariable
2026-03-01 00:30:00,42.41,117.49,0.558,59.96,2,multivariable
2026-03-01 00:40:00,42.322,117.356,0.557,59.956,2,multivariable
2026-03-01 00:50:00,42.32,117.93,0.558,59.94,2,multivariable
2026-03-01 01:00:00,42.38,117.8,0.555,59.92,2,multivariable
2026-03-01 01:10:00,42.36,117.88,0.551,59.97,2,multivariable
2026-03-01 01:20:00,42.633,117.367,0.559,59.978,2,multivariable
2026-03-01 01:30:00,42.8,118.744,0.56,59.944,2,multivariable
2026-03-01 01:40:00,42.462,118.95,0.56,59.962,2,multivariable
2026-03-01 01:50:00,42.456,119.133,0.562,59.978,2,multivariable
2026-03-01 02:00:00,42.34,117.8,0.558,59.94,2,multivariable
2026-03-01 02:10:00,42.34,117.74,0.543,59.95,2,multivariable
2026-03-01 02:20:00,42.33,117.2,0.552,59.96,2,multivariable
2026-03-01 02:30:00,42.37,117.19,0.548,59.95,2,multivariable
2026-03-01 02:40:00,42.35,117.44,0.544,59.94,2,multivariable
2026-03-01 02:50:00,42.56,117.72,0.55,59.93,2,multivariable
2026-03-01 03:00:00,42.74,119.02,0.551,59.97,2,multivariable
2026-03-01 03:10:00,42.4,118.81,0.55,59.96,2,multivariable
2026-03-01 03:20:00,44.81,119.17,0.562,59.96,2,multivariable
2026-03-01 03:30:00,43.1,119.45,0.554,59.96,2,multivariable
2026-03-01 03:40:00,42.24,118.33,0.559,59.97,2,multivariable
2026-03-01 03:50:00,42.19,117.3,0.559,59.95,2,multivariable
2026-03-01 04:00:00,48.01,118.37,0.594,59.95,2,multivariable
2026-03-01 04:10:00,47.84,117.81,0.592,59.96,2,multivariable
2026-03-01 04:20:00,48.175,118.425,0.58,59.962,2,multivariable
2026-03-01 04:30:00,48.12,117.75,0.589,59.96,2,multivariable
2026-03-01 04:40:00,47.82,117.75,0.588,59.96,2,multivariable
2026-03-01 04:50:00,47.833,118.8,0.59,59.989,2,multivariable
2026-03-01 05:00:00,47.79,119.12,0.589,59.96,2,multivariable
2026-03-01 05:10:00,47.81,118.89,0.594,59.95,2,multivariable
2026-03-01 05:20:00,47.85,118.61,0.586,59.95,2,multivariable
2026-03-01 05:30:00,47.89,118.07,0.59,59.96,2,multivariable
2026-03-01 05:40:00,47.79,117.84,0.59,59.96,2,multivariable
2026-03-01 05:50:00,48.01,117.46,0.592,59.99,2,multivariable
2026-03-01 06:00:00,50.15,117.86,0.603,59.96,2,multivariable
2026-03-01 06:10:00,54.45,118.65,0.612,59.94,2,multivariable
2026-03-01 06:20:00,42.34,117.95,0.562,59.95,2,multivariable
2026-03-01 06:30:00,49.28,119.86,0.595,59.95,2,multivariable
2026-03-01 06:40:00,80.72,118.54,0.691,59.94,2,multivariable
2026-03-01 06:50:00,83.0,119.17,0.708,59.97,2,multivariable
2026-03-01 07:00:00,61.02,117.72,0.663,59.96,2,multivariable
2026-03-01 07:10:00,19.84,118.46,0.491,59.96,2,multivariable
2026-03-01 07:20:00,20.033,117.2,0.506,59.944,2,multivariable
2026-03-01 07:30:00,20.122,118.033,0.51,59.967,2,multivariable
2026-03-01 07:40:00,19.871,117.757,0.504,59.971,2,multivariable
2026-03-01 07:50:00,19.81,117.54,0.5,59.94,2,multivariable
2026-03-01 08:00:00,19.844,117.511,0.497,59.956,2,multivariable
2026-03-01 08:10:00,19.71,116.25,0.502,59.99,2,multivariable
2026-03-01 08:20:00,20.14,115.7,0.506,59.97,2,multivariable
2026-03-01 08:30:00,95.52,114.57,0.676,59.95,2,multivariable
2026-03-01 08:40:00,74.62,113.76,0.615,59.97,2,multivariable
2026-03-01 08:50:00,83.367,114.622,0.67,59.989,2,multivariable
2026-03-01 09:00:00,115.19,115.59,0.659,59.93,2,multivariable
2026-03-01 09:10:00,81.69,114.61,0.619,59.96,2,multivariable
2026-03-01 09:20:00,134.77,112.5,0.616,59.96,2,multivariable
2026-03-01 09:30:00,168.56,113.3,0.667,59.97,2,multivariable
2026-03-01 09:40:00,203.889,113.667,0.671,59.978,2,multivariable
2026-03-01 09:50:00,214.24,112.81,0.625,59.96,2,multivariable
2026-03-01 10:00:00,189.44,115.22,0.634,59.95,2,multivariable
2026-03-01 10:10:00,125.23,117.82,0.675,59.94,2,multivariable
2026-03-01 10:20:00,105.15,116.31,0.654,59.94,2,multivariable
2026-03-01 10:30:00,141.89,116.48,0.654,59.96,2,multivariable
2026-03-01 10:40:00,162.91,113.1,0.759,59.96,2,multivariable
2026-03-01 10:50:00,128.05,112.31,0.698,59.96,2,multivariable
2026-03-01 11:00:00,137.53,115.22,0.665,59.94,2,multivariable
2026-03-01 11:10:00,136.63,115.92,0.745,59.97,2,multivariable
2026-03-01 11:20:00,178.856,115.467,0.694,59.989,2,multivariable
2026-03-01 11:30:00,197.96,115.3,0.666,59.95,2,multivariable
2026-03-01 11:40:00,135.4,115.033,0.66,59.95,2,multivariable
2026-03-01 11:50:00,58.9,114.64,0.588,59.97,2,multivariable
2026-03-01 12:00:00,58.475,112.75,0.582,59.962,2,multivariable
2026-03-01 12:10:00,58.35,115.13,0.583,59.96,2,multivariable
2026-03-01 12:20:00,59.65,115.012,0.586,59.975,2,multivariable
2026-03-01 12:30:00,194.5,113.95,0.803,59.98,2,multivariable
2026-03-01 12:40:00,195.3,112.7,0.814,59.96,2,multivariable
2026-03-01 12:50:00,194.32,114.46,0.802,59.96,2,multivariable
2026-03-01 13:00:00,180.15,113.56,0.785,59.94,2,multivariable
2026-03-01 13:10:00,174.48,113.03,0.783,59.98,2,multivariable
2026-03-01 13:20:00,207.84,114.72,0.885,59.94,2,multivariable
2026-03-01 13:30:00,63.822,113.1,0.633,59.967,2,multivariable
2026-03-01 13:40:00,96.11,116.45,0.669,59.95,2,multivariable
2026-03-01 13:50:00,199.58,117.02,0.797,59.97,2,multivariable
2026-03-01 14:00:00,183.2,115.54,0.78,59.96,2,multivariable
2026-03-01 14:10:00,178.47,115.95,0.77,59.95,2,multivariable
2026-03-01 14:20:00,175.27,115.55,0.766,59.94,2,multivariable
2026-03-01 14:30:00,178.14,115.93,0.769,59.98,2,multivariable
2026-03-01 14:40:00,189.51,115.46,0.783,59.96,2,multivariable
2026-03-01 14:50:00,201.98,116.19,0.789,59.96,2,multivariable
2026-03-01 15:00:00,226.31,115.5,0.817,59.98,2,multivariable
2026-03-01 15:10:00,209.33,114.73,0.797,59.94,2,multivariable
2026-03-01 15:20:00,198.65,116.04,0.783,59.95,2,multivariable
2026-03-01 15:30:00,198.325,115.788,0.789,59.938,2,multivariable
2026-03-01 15:40:00,200.63,115.87,0.793,59.97,2,multivariable
2026-03-01 15:50:00,198.367,117.711,0.776,59.989,2,multivariable
2026-03-01 16:00:00,198.133,114.022,0.798,59.967,2,multivariable
2026-03-01 16:10:00,201.76,114.54,0.802,59.94,2,multivariable
2026-03-01 16:20:00,196.74,115.64,0.786,59.94,2,multivariable
2026-03-01 16:30:00,189.53,114.66,0.778,59.97,2,multivariable
2026-03-01 16:40:00,197.66,114.17,0.788,59.98,2,multivariable
2026-03-01 16:50:00,241.46,115.45,0.827,59.91,2,multivariable
2026-03-01 17:00:00,276.38,116.04,0.859,59.97,2,multivariable
2026-03-01 17:10:00,263.822,116.211,0.844,59.944,2,multivariable
2026-03-01 17:20:00,252.28,116.61,0.832,59.97,2,multivariable
2026-03-01 17:30:00,240.34,117.25,0.814,59.97,2,multivariable
2026-03-01 17:40:00,178.9,117.8,0.754,59.94,2,multivariable
2026-03-01 17:50:00,177.83,118.07,0.751,59.95,2,multivariable
2026-03-01 18:00:00,183.74,117.35,0.774,59.96,2,multivariable
2026-03-01 18:10:00,203.656,116.822,0.829,59.956,2,multivariable
2026-03-01 18:20:00,201.09,114.84,0.837,59.95,2,multivariable
2026-03-01 18:30:00,199.45,114.03,0.839,59.94,2,multivariable
2026-03-01 18:40:00,225.19,114.24,0.859,59.96,2,multivariable
2026-03-01 18:50:00,268.81,116.58,0.882,59.96,2,multivariable
2026-03-01 19:00:00,246.633,116.2,0.873,59.967,2,multivariable
2026-03-01 19:10:00,245.667,115.744,0.874,59.956,2,multivariable
2026-03-01 19:20:00,305.47,116.87,0.934,59.96,2,multivariable
2026-03-01 19:30:00,198.91,115.32,0.857,59.98,2,multivariable
2026-03-01 19:40:00,190.2,118.38,0.829,59.98,2,multivariable
2026-03-01 19:50:00,300.978,115.256,0.9,59.956,2,multivariable
2026-03-01 20:00:00,277.75,115.04,0.888,59.96,2,multivariable
2026-03-01 20:10:00,235.58,110.29,0.868,59.95,2,multivariable
2026-03-01 20:20:00,233.38,112.17,0.852,59.97,2,multivariable
2026-03-01 20:30:00,253.933,117.056,0.857,59.978,2,multivariable
2026-03-01 20:40:00,262.111,117.911,0.86,59.944,2,multivariable
2026-03-01 20:50:00,258.983,116.633,0.86,59.933,2,multivariable
2026-03-01 21:00:00,253.03,117.85,0.848,59.95,2,multivariable
2026-03-01 21:10:00,243.967,116.178,0.851,59.956,2,multivariable
2026-03-01 21:20:00,247.7,117.062,0.851,59.962,2,multivariable
2026-03-01 21:30:00,240.74,116.88,0.848,59.94,2,multivariable
2026-03-01 21:40:00,181.34,117.29,0.799,59.94,2,multivariable
2026-03-01 21:50:00,184.6,119.65,0.787,59.97,2,multivariable
2026-03-01 22:00:00,184.79,119.78,0.788,59.97,2,multivariable
2026-03-01 22:10:00,182.41,118.3,0.795,59.99,2,multivariable
2026-03-01 22:20:00,180.011,116.333,0.803,59.978,2,multivariable
2026-03-01 22:30:00,184.34,118.68,0.794,59.95,2,multivariable
2026-03-01 22:40:00,171.23,117.15,0.768,59.95,2,multivariable
2026-03-01 22:50:00,153.611,118.822,0.712,59.978,2,multivariable
2026-03-01 23:00:00,140.93,118.42,0.675,59.93,2,multivariable
2026-03-01 23:10:00,132.24,119.54,0.638,59.94,2,multivariable
2026-03-01 23:20:00,131.667,119.311,0.639,59.956,2,multivariable
2026-03-01 23:30:00,134.35,119.87,0.641,59.95,2,multivariable
2026-03-01 23:40:00,133.07,118.77,0.649,59.95,2,multivariable
2026-03-01 23:50:00,134.68,120.03,0.645,59.97,2,multivariable
2026-03-02 00:00:00,132.77,120.0,0.636,59.94,2,multivariable
2026-03-02 00:10:00,133.43,119.69,0.643,59.96,2,multivariable
2026-03-02 00:20:00,134.93,119.09,0.654,59.96,2,multivariable
2026-03-02 00:30:00,131.4,120.14,0.63,59.96,2,multivariable
2026-03-02 00:40:00,129.92,118.69,0.639,59.98,2,multivariable
2026-03-02 00:50:00,130.34,119.2,0.637,59.98,2,multivariable
2026-03-02 01:00:00,129.6,118.85,0.638,59.95,2,multivariable
2026-03-02 01:10:00,130.31,119.22,0.636,59.92,2,multivariable
2026-03-02 01:20:00,188.17,117.39,0.92,59.97,2,multivariable
2026-03-02 01:30:00,114.3,117.712,0.791,59.95,2,multivariable
2026-03-02 01:40:00,56.94,118.35,0.622,59.94,2,multivariable
2026-03-02 01:50:00,160.05,117.56,0.728,59.97,2,multivariable
2026-03-02 02:00:00,142.17,117.89,0.681,59.97,2,multivariable
2026-03-02 02:10:00,136.76,118.69,0.661,59.94,2,multivariable
2026-03-02 02:20:00,134.71,119.34,0.65,59.96,2,multivariable
2026-03-02 02:30:00,132.82,119.31,0.645,59.97,2,multivariable
2026-03-02 02:40:00,131.65,118.54,0.646,59.95,2,multivariable
2026-03-02 02:50:00,131.13,118.48,0.645,59.96,2,multivariable
2026-03-02 03:00:00,131.4,119.66,0.638,59.94,2,multivariable
2026-03-02 03:10:00,128.744,116.978,0.651,59.967,2,multivariable
2026-03-02 03:20:00,128.85,117.64,0.645,59.94,2,multivariable
2026-03-02 03:30:00,128.71,117.99,0.643,59.95,2,multivariable
2026-03-02 03:40:00,129.36,118.96,0.636,59.96,2,multivariable
2026-03-02 03:50:00,128.72,118.38,0.639,59.95,2,multivariable
2026-03-02 04:00:00,134.986,119.229,0.66,59.971,2,multivariable
2026-03-02 04:10:00,132.612,116.712,0.675,59.962,2,multivariable
2026-03-02 04:20:00,132.75,116.65,0.674,59.98,2,multivariable
2026-03-02 04:30:00,132.37,116.55,0.673,59.94,2,multivariable
2026-03-02 04:40:00,133.12,117.86,0.666,59.96,2,multivariable
2026-03-02 04:50:00,133.5,116.06,0.682,59.96,2,multivariable
2026-03-02 05:00:00,134.322,118.178,0.667,59.978,2,multivariable
2026-03-02 05:10:00,131.85,116.68,0.673,59.93,2,multivariable
2026-03-02 05:20:00,132.38,117.0,0.671,59.95,2,multivariable
2026-03-02 05:30:00,130.91,115.81,0.676,59.94,2,multivariable
2026-03-02 05:40:00,160.06,115.01,0.756,59.95,2,multivariable
2026-03-02 05:50:00,160.17,114.55,0.758,59.95,2,multivariable
2026-03-02 06:00:00,244.99,115.12,0.773,59.95,2,multivariable
2026-03-02 06:10:00,131.38,117.07,0.666,59.96,2,multivariable
2026-03-02 06:20:00,130.144,116.778,0.658,59.967,2,multivariable
2026-03-02 06:30:00,125.63,117.07,0.639,59.93,2,multivariable
2026-03-02 06:40:00,140.59,116.96,0.678,59.96,2,multivariable
2026-03-02 06:50:00,156.41,117.54,0.718,59.93,2,multivariable
2026-03-02 07:00:00,154.067,115.8,0.728,59.956,2,multivariable
2026-03-02 07:10:00,154.67,116.31,0.725,59.96,2,multivariable
2026-03-02 07:20:00,182.789,115.478,0.914,59.956,2,multivariable
2026-03-02 07:30:00,92.57,115.13,0.75,59.99,2,multivariable
2026-03-02 07:40:00,56.52,116.44,0.632,59.94,2,multivariable
2026-03-02 07:50:00,155.13,114.68,0.732,59.94,2,multivariable
2026-03-02 08:00:00,137.79,115.71,0.686,59.95,2,multivariable
2026-03-02 08:10:00,130.29,113.73,0.68,59.98,2,multivariable
2026-03-02 08:20:00,128.7,114.79,0.666,59.98,2,multivariable
2026-03-02 08:30:00,126.94,114.54,0.665,59.96,2,multivariable
2026-03-02 08:40:00,210.59,114.07,0.775,59.97,2,multivariable
2026-03-02 08:50:00,265.58,113.78,0.857,59.94,2,multivariable
2026-03-02 09:00:00,237.3,113.812,0.829,60.0,2,multivariable
2026-03-02 09:10:00,238.55,111.79,0.836,59.96,2,multivariable
2026-03-02 09:20:00,232.9,112.911,0.829,59.956,2,multivariable
2026-03-02 09:30:00,223.67,112.39,0.825,59.97,2,multivariable
2026-03-02 09:40:00,225.262,114.125,0.825,59.975,2,multivariable
2026-03-02 09:50:00,222.82,114.57,0.823,59.94,2,multivariable
2026-03-02 10:00:00,225.089,114.911,0.829,59.989,2,multivariable
2026-03-02 10:10:00,216.767,113.489,0.822,59.978,2,multivariable
2026-03-02 10:20:00,224.662,113.025,0.832,59.962,2,multivariable
2026-03-02 10:30:00,218.72,111.36,0.836,59.95,2,multivariable
2026-03-02 10:40:00,213.99,112.15,0.829,59.94,2,multivariable
2026-03-02 10:50:00,223.411,112.511,0.832,59.989,2,multivariable
2026-03-02 11:00:00,225.33,112.58,0.837,59.93,2,multivariable
2026-03-02 11:10:00,210.062,114.188,0.814,59.95,2,multivariable
2026-03-02 11:20:00,217.31,116.19,0.811,59.98,2,multivariable
2026-03-02 11:30:00,218.3,116.722,0.811,59.944,2,multivariable
2026-03-02 11:40:00,218.27,114.56,0.817,59.96,2,multivariable
2026-03-02 11:50:00,211.544,114.067,0.812,59.944,2,multivariable
2026-03-02 12:00:00,214.75,114.812,0.814,59.962,2,multivariable
2026-03-02 12:10:00,210.767,115.078,0.802,59.978,2,multivariable
2026-03-02 12:20:00,220.4,114.644,0.818,59.933,2,multivariable
2026-03-02 12:30:00,219.8,115.38,0.814,59.98,2,multivariable
2026-03-02 12:40:00,218.233,116.578,0.808,59.989,2,multivariable
2026-03-02 12:50:00,210.47,116.45,0.798,59.97,2,multivariable
2026-03-02 13:00:00,200.8,117.25,0.787,59.98,2,multivariable
2026-03-02 13:10:00,200.344,116.967,0.788,59.944,2,multivariable
2026-03-02 13:20:00,261.389,115.311,0.936,59.944,2,multivariable
2026-03-02 13:30:00,165.0,115.47,0.831,59.95,2,multivariable
2026-03-02 13:40:00,136.2,115.167,0.776,59.978,2,multivariable
2026-03-02 13:50:00,225.062,116.2,0.831,59.962,2,multivariable
2026-03-02 14:00:00,212.74,115.14,0.817,59.97,2,multivariable
2026-03-02 14:10:00,218.51,115.18,0.816,59.96,2,multivariable
2026-03-02 14:20:00,218.95,115.41,0.816,59.98,2,multivariable
2026-03-02 14:30:00,220.13,115.21,0.816,59.96,2,multivariable
2026-03-02 14:40:00,217.76,114.37,0.819,59.98,2,multivariable
2026-03-02 14:50:00,214.26,114.41,0.813,59.95,2,multivariable
2026-03-02 15:00:00,214.66,114.38,0.809,59.98,2,multivariable
2026-03-02 15:10:00,212.4,114.53,0.811,59.98,2,multivariable
2026-03-02 15:20:00,214.82,113.65,0.816,59.95,2,multivariable
2026-03-02 15:30:00,221.762,114.85,0.815,59.988,2,multivariable
2026-03-02 15:40:00,221.9,114.46,0.819,59.99,2,multivariable
2026-03-02 15:50:00,224.375,116.362,0.81,59.988,2,multivariable
2026-03-02 16:00:00,228.583,114.583,0.825,59.967,2,multivariable
2026-03-02 16:10:00,222.79,114.24,0.818,59.96,2,multivariable
2026-03-02 16:20:00,226.05,115.5,0.817,59.96,2,multivariable
2026-03-02 16:30:00,218.39,115.04,0.81,59.97,2,multivariable
2026-03-02 16:40:00,232.32,115.43,0.823,59.94,2,multivariable
2026-03-02 16:50:00,223.53,115.47,0.814,59.96,2,multivariable
2026-03-02 17:00:00,214.1,117.21,0.8,59.96,2,multivariable
2026-03-02 17:10:00,209.96,116.58,0.796,59.91,2,multivariable
2026-03-02 17:20:00,212.322,118.0,0.793,59.967,2,multivariable
2026-03-02 17:30:00,214.57,117.98,0.792,59.97,2,multivariable
2026-03-02 17:40:00,223.69,116.09,0.811,59.98,2,multivariable
2026-03-02 17:50:00,252.629,115.414,0.826,59.957,2,multivariable
2026-03-02 18:00:00,287.28,114.92,0.84,59.96,2,multivariable
2026-03-02 18:10:00,276.39,115.24,0.822,59.92,2,multivariable
2026-03-02 18:20:00,347.2,114.06,0.87,59.98,2,multivariable
2026-03-02 18:30:00,359.85,113.36,0.877,59.97,2,multivariable
2026-03-02 18:40:00,349.39,111.93,0.879,59.97,2,multivariable
2026-03-02 18:50:00,333.65,112.9,0.877,59.97,2,multivariable
2026-03-02 19:00:00,338.38,114.27,0.884,59.95,2,multivariable
2026-03-02 19:10:00,334.08,114.46,0.879,59.98,2,multivariable
2026-03-02 19:20:00,382.462,114.15,0.91,59.962,2,multivariable
2026-03-02 19:30:00,295.87,112.71,0.855,59.95,2,multivariable
2026-03-02 19:40:00,264.64,115.01,0.832,59.98,2,multivariable
2026-03-02 19:50:00,352.75,114.11,0.903,59.95,2,multivariable
2026-03-02 20:00:00,324.844,114.233,0.898,59.956,2,multivariable
2026-03-02 20:10:00,315.71,115.71,0.895,59.96,2,multivariable
2026-03-02 20:20:00,296.08,115.49,0.888,59.92,2,multivariable
2026-03-02 20:30:00,291.3,113.56,0.89,59.95,2,multivariable
2026-03-02 20:40:00,288.99,114.11,0.891,59.98,2,multivariable
2026-03-02 20:50:00,289.9,114.61,0.896,59.95,2,multivariable
2026-03-02 21:00:00,286.43,117.09,0.891,59.94,2,multivariable
2026-03-02 21:10:00,268.45,116.93,0.869,59.96,2,multivariable
2026-03-02 21:20:00,259.562,116.512,0.86,59.975,2,multivariable
2026-03-02 21:30:00,296.125,117.512,0.878,59.938,2,multivariable
2026-03-02 21:40:00,247.03,115.49,0.846,59.97,2,multivariable
2026-03-02 21:50:00,175.88,115.19,0.804,59.97,2,multivariable
2026-03-02 22:00:00,158.18,116.66,0.742,59.97,2,multivariable
2026-03-02 22:10:00,140.65,116.63,0.692,59.95,2,multivariable
2026-03-02 22:20:00,134.438,118.038,0.663,59.95,2,multivariable
2026-03-02 22:30:00,134.062,117.25,0.668,59.938,2,multivariable
2026-03-02 22:40:00,134.3,118.05,0.665,59.95,2,multivariable
2026-03-02 22:50:00,133.98,117.73,0.664,59.96,2,multivariable
2026-03-02 23:00:00,128.18,117.8,0.637,59.96,2,multivariable
2026-03-02 23:10:00,129.01,117.38,0.644,59.94,2,multivariable
2026-03-02 23:20:00,127.52,117.07,0.644,59.98,2,multivariable
2026-03-02 23:30:00,128.11,118.1,0.64,59.95,2,multivariable
2026-03-02 23:40:00,127.81,117.67,0.641,59.96,2,multivariable
2026-03-02 23:50:00,127.91,117.85,0.642,59.91,2,multivariable
2026-03-03 00:00:00,127.63,117.35,0.643,59.96,2,multivariable
2026-03-03 00:10:00,127.34,117.4,0.643,59.95,2,multivariable
2026-03-03 00:20:00,127.58,117.88,0.64,59.94,2,multivariable
2026-03-03 00:30:00,127.42,117.75,0.64,59.95,2,multivariable
2026-03-03 00:40:00,128.5,119.18,0.633,59.98,2,multivariable
2026-03-03 00:50:00,127.97,118.53,0.64,59.96,2,multivariable
2026-03-03 01:00:00,128.32,118.91,0.636,59.96,2,multivariable
2026-03-03 01:10:00,127.92,118.62,0.636,59.93,2,multivariable
2026-03-03 01:20:00,186.844,117.544,0.912,59.944,2,multivariable
2026-03-03 01:30:00,99.32,119.33,0.751,59.93,2,multivariable
2026-03-03 01:40:00,61.05,117.75,0.628,59.96,2,multivariable
2026-03-03 01:50:00,159.77,118.07,0.724,59.93,2,multivariable
2026-03-03 02:00:00,141.21,118.29,0.678,59.95,2,multivariable
2026-03-03 02:10:00,135.13,118.73,0.656,59.96,2,multivariable
2026-03-03 02:20:00,132.75,119.0,0.648,59.96,2,multivariable
2026-03-03 02:30:00,130.2,118.044,0.65,59.956,2,multivariable
2026-03-03 02:40:00,130.64,119.7,0.635,59.96,2,multivariable
2026-03-03 02:50:00,130.08,119.29,0.639,59.94,2,multivariable
2026-03-03 03:00:00,130.97,120.47,0.63,59.92,2,multivariable
2026-03-03 03:10:00,128.99,119.06,0.638,59.95,2,multivariable
2026-03-03 03:20:00,127.77,117.97,0.641,59.96,2,multivariable
2026-03-03 03:30:00,127.711,118.522,0.636,59.967,2,multivariable
2026-03-03 03:40:00,129.65,118.3,0.648,59.95,2,multivariable
2026-03-03 03:50:00,131.314,118.5,0.653,59.943,2,multivariable
2026-03-03 04:00:00,132.02,116.97,0.673,59.97,2,multivariable
2026-03-03 04:10:00,133.05,118.22,0.666,59.97,2,multivariable
2026-03-03 04:20:00,132.58,118.4,0.661,59.96,2,multivariable
2026-03-03 04:30:00,133.24,118.31,0.664,59.95,2,multivariable
2026-03-03 04:40:00,133.7,119.5,0.654,59.95,2,multivariable
2026-03-03 04:50:00,132.46,118.16,0.661,59.97,2,multivariable
2026-03-03 05:00:00,132.23,118.06,0.662,59.94,2,multivariable
2026-03-03 05:10:00,131.0,116.81,0.668,59.95,2,multivariable
2026-03-03 05:20:00,130.45,116.15,0.67,59.94,2,multivariable
2026-03-03 05:30:00,131.91,115.68,0.681,59.96,2,multivariable
2026-03-03 05:40:00,160.23,116.22,0.751,59.95,2,multivariable
2026-03-03 05:50:00,178.5,116.41,0.794,60.0,2,multivariable
2026-03-03 06:00:00,161.04,116.94,0.751,59.97,2,multivariable
2026-03-03 06:10:00,139.9,116.689,0.704,59.967,2,multivariable
2026-03-03 06:20:00,129.59,116.78,0.655,59.97,2,multivariable
2026-03-03 06:30:00,124.05,115.32,0.647,59.99,2,multivariable
2026-03-03 06:40:00,125.29,117.22,0.637,59.97,2,multivariable
2026-03-03 06:50:00,124.62,116.54,0.638,59.96,2,multivariable
2026-03-03 07:00:00,124.98,117.12,0.637,59.95,2,multivariable
2026-03-03 07:10:00,124.57,116.23,0.642,59.95,2,multivariable
2026-03-03 07:20:00,184.69,116.22,0.918,59.96,2,multivariable
2026-03-03 07:30:00,110.73,115.51,0.894,59.95,2,multivariable
2026-03-03 07:40:00,68.88,117.66,0.82,59.96,2,multivariable
2026-03-03 07:50:00,189.68,115.85,0.79,59.96,2,multivariable
2026-03-03 08:00:00,188.71,114.68,0.78,59.95,2,multivariable
2026-03-03 08:10:00,207.14,112.63,0.779,59.94,2,multivariable
2026-03-03 08:20:00,269.21,112.51,0.814,59.95,2,multivariable
2026-03-03 08:30:00,264.23,112.57,0.85,59.96,2,multivariable
2026-03-03 08:40:00,267.56,114.33,0.812,59.97,2,multivariable
2026-03-03 08:50:00,286.4,113.79,0.78,59.96,2,multivariable
2026-03-03 09:00:00,236.07,115.07,0.828,59.96,2,multivariable
2026-03-03 09:10:00,302.15,115.06,0.849,59.97,2,multivariable
2026-03-03 09:20:00,606.17,113.87,0.97,59.96,2,multivariable
2026-03-03 09:30:00,590.72,113.18,0.97,59.96,2,multivariable
2026-03-03 09:40:00,588.83,112.78,0.97,59.97,2,multivariable
2026-03-03 09:50:00,608.03,113.34,0.968,59.95,2,multivariable
2026-03-03 10:00:00,670.522,111.9,0.959,59.944,2,multivariable
2026-03-03 10:10:00,657.81,113.42,0.963,59.92,2,multivariable
2026-03-03 10:20:00,640.79,113.98,0.961,59.95,2,multivariable
2026-03-03 10:30:00,669.84,112.3,0.946,59.98,2,multivariable
2026-03-03 10:40:00,586.7,112.51,0.971,59.98,2,multivariable
2026-03-03 10:50:00,580.14,112.53,0.97,59.96,2,multivariable
2026-03-03 11:00:00,599.21,111.97,0.97,59.96,2,multivariable
2026-03-03 11:10:00,583.51,111.29,0.97,59.98,2,multivariable
2026-03-03 11:20:00,567.62,110.88,0.971,59.97,2,multivariable
2026-03-03 11:30:00,593.23,113.44,0.97,59.94,2,multivariable
2026-03-03 11:40:00,496.1,111.278,0.938,59.967,2,multivariable
2026-03-03 11:50:00,220.03,114.5,0.819,59.96,2,multivariable
2026-03-03 12:00:00,224.96,113.49,0.829,59.97,2,multivariable
2026-03-03 12:10:00,239.1,113.056,0.843,59.944,2,multivariable
2026-03-03 12:20:00,223.77,113.96,0.827,59.97,2,multivariable
2026-03-03 12:30:00,221.91,113.69,0.823,59.98,2,multivariable
2026-03-03 12:40:00,219.214,114.386,0.813,59.957,2,multivariable
2026-03-03 12:50:00,223.61,115.19,0.818,59.97,2,multivariable
2026-03-03 13:00:00,219.33,113.51,0.822,59.97,2,multivariable
2026-03-03 13:10:00,216.925,113.588,0.821,59.912,2,multivariable
2026-03-03 13:20:00,280.25,114.53,0.92,59.99,2,multivariable
2026-03-03 13:30:00,178.46,114.68,0.835,59.95,2,multivariable
2026-03-03 13:40:00,126.21,114.77,0.774,59.94,2,multivariable
2026-03-03 13:50:00,241.53,115.48,0.838,59.96,2,multivariable
2026-03-03 14:00:00,227.3,114.37,0.829,59.95,2,multivariable
2026-03-03 14:10:00,226.09,114.33,0.824,59.99,2,multivariable
2026-03-03 14:20:00,227.55,114.28,0.829,59.93,2,multivariable
2026-03-03 14:30:00,221.99,114.1,0.82,59.95,2,multivariable
2026-03-03 14:40:00,219.389,113.744,0.82,59.911,2,multivariable
2026-03-03 14:50:00,220.125,114.075,0.82,59.95,2,multivariable
2026-03-03 15:00:00,213.86,114.33,0.815,59.94,2,multivariable
2026-03-03 15:10:00,220.23,112.81,0.827,59.95,2,multivariable
2026-03-03 15:20:00,219.21,113.21,0.825,59.94,2,multivariable
2026-03-03 15:30:00,223.01,114.17,0.824,59.98,2,multivariable
2026-03-03 15:40:00,225.511,114.478,0.822,59.967,2,multivariable
2026-03-03 15:50:00,227.08,115.84,0.818,59.96,2,multivariable
2026-03-03 16:00:00,222.44,115.0,0.822,59.98,2,multivariable
2026-03-03 16:10:00,218.944,114.311,0.821,59.956,2,multivariable
2026-03-03 16:20:00,218.712,115.612,0.815,59.962,2,multivariable
2026-03-03 16:30:00,216.39,114.76,0.819,59.96,2,multivariable
2026-03-03 16:40:00,227.74,115.59,0.82,59.97,2,multivariable
2026-03-03 16:50:00,236.14,115.26,0.832,59.98,2,multivariable
2026-03-03 17:00:00,228.87,115.42,0.825,59.98,2,multivariable
2026-03-03 17:10:00,246.04,115.3,0.833,59.94,2,multivariable
2026-03-03 17:20:00,230.033,116.667,0.818,59.967,2,multivariable
2026-03-03 17:30:00,224.27,116.05,0.814,59.96,2,multivariable
2026-03-03 17:40:00,227.11,117.28,0.808,59.99,2,multivariable
2026-03-03 17:50:00,221.711,116.944,0.803,60.0,2,multivariable
2026-03-03 18:00:00,214.45,115.89,0.801,59.95,2,multivariable
2026-03-03 18:10:00,224.767,116.344,0.819,59.967,2,multivariable
2026-03-03 18:20:00,263.24,114.6,0.871,59.96,2,multivariable
2026-03-03 18:30:00,256.53,113.88,0.869,59.96,2,multivariable
2026-03-03 18:40:00,251.07,112.11,0.881,59.96,2,multivariable
2026-03-03 18:50:00,253.71,111.26,0.885,59.94,2,multivariable
2026-03-03 19:00:00,253.288,115.662,0.861,59.95,2,multivariable
2026-03-03 19:10:00,278.1,116.0,0.885,59.938,2,multivariable
2026-03-03 19:20:00,360.66,115.84,0.926,59.95,2,multivariable
2026-03-03 19:30:00,253.033,115.911,0.848,59.967,2,multivariable
2026-03-03 19:40:00,187.36,116.29,0.813,59.94,2,multivariable
2026-03-03 19:50:00,304.05,115.09,0.904,59.95,2,multivariable
2026-03-03 20:00:00,304.4,114.44,0.891,59.99,2,multivariable
2026-03-03 20:10:00,316.68,113.97,0.889,59.95,2,multivariable
2026-03-03 20:20:00,313.98,113.59,0.878,59.95,2,multivariable
2026-03-03 20:30:00,281.0,114.338,0.869,59.962,2,multivariable
2026-03-03 20:40:00,299.26,115.67,0.878,59.99,2,multivariable
2026-03-03 20:50:00,281.02,116.11,0.867,59.92,2,multivariable
2026-03-03 21:00:00,273.012,116.125,0.879,59.988,2,multivariable
2026-03-03 21:10:00,251.086,115.271,0.853,59.914,2,multivariable
2026-03-03 21:20:00,269.989,115.778,0.852,59.944,2,multivariable
2026-03-03 21:30:00,270.033,115.0,0.853,59.967,2,multivariable
2026-03-03 21:40:00,262.73,114.43,0.846,59.96,2,multivariable
2026-03-03 21:50:00,229.27,115.02,0.853,59.97,2,multivariable
2026-03-03 22:00:00,212.612,116.25,0.831,59.925,2,multivariable
2026-03-03 22:10:00,147.04,115.76,0.721,59.96,2,multivariable
2026-03-03 22:20:00,136.43,116.83,0.679,59.96,2,multivariable
2026-03-03 22:30:00,133.53,116.56,0.673,59.94,2,multivariable
2026-03-03 22:40:00,135.089,118.367,0.663,59.967,2,multivariable
2026-03-03 22:50:00,134.83,118.56,0.661,59.95,2,multivariable
2026-03-03 23:00:00,126.75,116.87,0.643,59.96,2,multivariable
2026-03-03 23:10:00,129.19,115.7,0.662,59.98,2,multivariable
2026-03-03 23:20:00,127.86,118.39,0.636,59.96,2,multivariable
2026-03-03 23:30:00,127.01,117.4,0.642,59.98,2,multivariable
2026-03-03 23:40:00,126.98,117.33,0.642,59.94,2,multivariable
2026-03-03 23:50:00,128.311,117.289,0.647,59.967,2,multivariable
2026-03-04 00:00:00,127.05,117.64,0.641,59.98,2,multivariable
2026-03-04 00:10:00,125.53,115.88,0.649,59.98,2,multivariable
2026-03-04 00:20:00,126.83,117.78,0.638,59.97,2,multivariable
2026-03-04 00:30:00,127.1,117.97,0.638,59.96,2,multivariable
2026-03-04 00:40:00,126.078,117.011,0.642,59.978,2,multivariable
2026-03-04 00:50:00,126.756,117.744,0.639,59.989,2,multivariable
2026-03-04 01:00:00,125.32,116.57,0.645,59.94,2,multivariable
2026-03-04 01:10:00,125.85,117.12,0.643,59.93,2,multivariable
2026-03-04 01:20:00,185.32,116.4,0.921,59.93,2,multivariable
2026-03-04 01:30:00,95.97,118.06,0.749,59.97,2,multivariable
2026-03-04 01:40:00,38.94,117.15,0.611,59.98,2,multivariable
2026-03-04 01:50:00,158.37,117.17,0.725,59.96,2,multivariable
2026-03-04 02:00:00,139.69,117.88,0.677,59.93,2,multivariable
2026-03-04 02:10:00,134.34,118.42,0.657,59.95,2,multivariable
2026-03-04 02:20:00,131.0,117.98,0.651,59.98,2,multivariable
2026-03-04 02:30:00,129.63,118.22,0.647,59.97,2,multivariable
2026-03-04 02:40:00,127.889,117.167,0.648,59.944,2,multivariable
2026-03-04 02:50:00,127.08,116.92,0.649,59.98,2,multivariable
2026-03-04 03:00:00,127.32,117.9,0.642,59.97,2,multivariable
2026-03-04 03:10:00,126.41,117.12,0.646,59.92,2,multivariable
2026-03-04 03:20:00,126.88,117.99,0.64,59.93,2,multivariable
2026-03-04 03:30:00,125.93,116.96,0.644,59.95,2,multivariable
2026-03-04 03:40:00,126.6,118.1,0.636,59.96,2,multivariable
2026-03-04 03:50:00,129.444,117.656,0.652,59.922,2,multivariable
2026-03-04 04:00:00,131.43,117.61,0.665,59.96,2,multivariable
2026-03-04 04:10:00,132.21,118.45,0.661,59.93,2,multivariable
2026-03-04 04:20:00,131.35,117.61,0.666,59.98,2,multivariable
2026-03-04 04:30:00,131.478,117.689,0.666,59.978,2,multivariable
2026-03-04 04:40:00,130.367,116.422,0.671,59.978,2,multivariable
2026-03-04 04:50:00,134.78,117.4,0.679,59.98,2,multivariable
2026-03-04 05:00:00,129.51,115.68,0.674,59.96,2,multivariable
2026-03-04 05:10:00,130.14,116.43,0.672,59.96,2,multivariable
2026-03-04 05:20:00,128.69,114.97,0.677,59.96,2,multivariable
2026-03-04 05:30:00,129.65,116.07,0.669,59.94,2,multivariable
2026-03-04 05:40:00,167.767,117.133,0.77,59.989,2,multivariable
2026-03-04 05:50:00,169.15,115.98,0.778,59.97,2,multivariable
2026-03-04 06:00:00,152.67,114.99,0.746,59.95,2,multivariable
2026-03-04 06:10:00,127.3,114.178,0.677,60.0,2,multivariable
2026-03-04 06:20:00,124.64,114.36,0.659,59.98,2,multivariable
2026-03-04 06:30:00,129.27,115.45,0.667,60.0,2,multivariable
2026-03-04 06:40:00,129.1,115.77,0.665,59.96,2,multivariable
2026-03-04 06:50:00,155.46,114.26,0.772,59.99,2,multivariable
2026-03-04 07:00:00,168.64,113.06,0.803,59.94,2,multivariable
2026-03-04 07:10:00,183.667,113.511,0.827,59.956,2,multivariable
2026-03-04 07:20:00,243.2,114.66,0.947,59.97,2,multivariable
2026-03-04 07:30:00,164.056,116.611,0.902,59.956,2,multivariable
2026-03-04 07:40:00,100.69,116.61,0.839,59.96,2,multivariable
2026-03-04 07:50:00,217.15,115.0,0.859,59.93,2,multivariable
2026-03-04 08:00:00,199.47,115.66,0.835,59.97,2,multivariable
2026-03-04 08:10:00,193.01,115.98,0.825,59.93,2,multivariable
2026-03-04 08:20:00,190.2,115.61,0.822,59.94,2,multivariable
2026-03-04 08:30:00,188.22,115.19,0.821,59.97,2,multivariable
2026-03-04 08:40:00,154.95,115.09,0.733,59.96,2,multivariable
2026-03-04 08:50:00,154.06,114.73,0.733,59.98,2,multivariable
2026-03-04 09:00:00,152.12,115.92,0.719,59.98,2,multivariable
2026-03-04 09:10:00,123.24,114.1,0.659,59.94,2,multivariable
2026-03-04 09:20:00,125.0,115.04,0.655,59.95,2,multivariable
2026-03-04 09:30:00,123.59,114.6,0.653,59.98,2,multivariable
2026-03-04 09:40:00,123.83,114.4,0.658,59.98,2,multivariable
2026-03-04 09:50:00,121.96,112.07,0.666,59.94,2,multivariable
2026-03-04 10:00:00,122.944,113.5,0.66,59.956,2,multivariable
2026-03-04 10:10:00,121.456,112.544,0.662,59.978,2,multivariable
2026-03-04 10:20:00,121.9,112.85,0.661,59.96,2,multivariable
2026-03-04 10:30:00,120.69,111.43,0.671,59.94,2,multivariable
2026-03-04 10:40:00,121.57,112.74,0.663,59.97,2,multivariable
2026-03-04 10:50:00,122.267,112.956,0.662,59.967,2,multivariable
2026-03-04 11:00:00,121.28,112.17,0.663,59.96,2,multivariable
2026-03-04 11:10:00,119.99,110.59,0.673,59.99,2,multivariable
2026-03-04 11:20:00,119.81,109.91,0.68,59.96,2,multivariable
2026-03-04 11:30:00,124.211,110.511,0.688,59.989,2,multivariable
2026-03-04 11:40:00,124.99,109.63,0.694,59.95,2,multivariable
2026-03-04 11:50:00,124.21,111.54,0.678,59.98,2,multivariable
2026-03-04 12:00:00,122.7,111.25,0.676,59.97,2,multivariable
2026-03-04 12:10:00,123.89,113.65,0.662,59.97,2,multivariable
2026-03-04 12:20:00,124.97,116.09,0.646,59.96,2,multivariable
2026-03-04 12:30:00,123.75,114.99,0.651,59.92,2,multivariable
2026-03-04 12:40:00,125.267,116.956,0.64,59.956,2,multivariable
2026-03-04 12:50:00,123.114,114.429,0.651,59.914,2,multivariable
2026-03-04 13:00:00,124.18,114.6,0.655,59.97,2,multivariable
2026-03-04 13:10:00,123.26,114.3,0.653,59.93,2,multivariable
2026-03-04 13:20:00,178.833,114.344,0.917,59.967,2,multivariable
2026-03-04 13:30:00,101.311,115.611,0.768,59.967,2,multivariable
2026-03-04 13:40:00,38.62,115.12,0.611,59.95,2,multivariable
2026-03-04 13:50:00,158.01,114.09,0.745,59.96,2,multivariable
2026-03-04 14:00:00,138.64,114.19,0.699,59.95,2,multivariable
2026-03-04 14:10:00,132.325,114.025,0.684,59.975,2,multivariable
2026-03-04 14:20:00,129.98,114.58,0.673,59.96,2,multivariable
2026-03-04 14:30:00,139.54,114.56,0.7,59.98,2,multivariable
2026-03-04 14:40:00,138.62,114.61,0.699,59.98,2,multivariable
2026-03-04 14:50:00,127.05,114.47,0.664,59.95,2,multivariable
2026-03-04 15:00:00,125.357,112.671,0.676,59.971,2,multivariable
2026-03-04 15:10:00,126.33,114.38,0.663,59.96,2,multivariable
2026-03-04 15:20:00,126.522,114.356,0.666,59.956,2,multivariable
2026-03-04 15:30:00,127.45,115.79,0.658,59.97,2,multivariable
2026-03-04 15:40:00,148.23,116.92,0.708,59.97,2,multivariable
2026-03-04 15:50:00,151.4,115.978,0.722,59.978,2,multivariable
2026-03-04 16:00:00,139.7,114.944,0.699,59.978,2,multivariable
2026-03-04 16:10:00,149.656,115.533,0.718,59.956,2,multivariable
2026-03-04 16:20:00,140.23,114.34,0.702,59.95,2,multivariable
2026-03-04 16:30:00,136.72,113.77,0.696,59.97,2,multivariable
2026-03-04 16:40:00,134.178,113.867,0.689,59.978,2,multivariable
2026-03-04 16:50:00,135.44,115.6,0.679,59.98,2,multivariable
2026-03-04 17:00:00,132.778,115.244,0.673,59.944,2,multivariable
2026-03-04 17:10:00,128.46,115.71,0.659,59.92,2,multivariable
2026-03-04 17:20:00,128.14,115.87,0.658,59.95,2,multivariable
2026-03-04 17:30:00,127.9,115.94,0.656,59.98,2,multivariable
2026-03-04 17:40:00,129.511,117.989,0.644,59.956,2,multivariable
2026-03-04 17:50:00,127.94,116.6,0.652,59.94,2,multivariable
2026-03-04 18:00:00,128.12,117.14,0.649,59.97,2,multivariable
2026-03-04 18:10:00,126.71,113.09,0.679,59.94,2,multivariable
2026-03-04 18:20:00,150.09,112.26,0.741,59.96,2,multivariable
2026-03-04 18:30:00,185.078,109.644,0.851,59.944,2,multivariable
2026-03-04 18:40:00,191.89,112.75,0.841,59.95,2,multivariable
2026-03-04 18:50:00,194.37,114.32,0.838,59.98,2,multivariable
2026-03-04 19:00:00,195.35,115.088,0.834,59.938,2,multivariable
2026-03-04 19:10:00,189.27,113.61,0.835,59.96,2,multivariable
2026-03-04 19:20:00,212.55,113.45,0.924,59.962,2,multivariable
2026-03-04 19:30:00,191.77,115.0,0.788,59.96,2,multivariable
2026-03-04 19:40:00,140.56,113.89,0.722,59.96,2,multivariable
2026-03-04 19:50:00,260.93,113.73,0.874,59.97,2,multivariable
2026-03-04 20:00:00,240.078,116.267,0.844,59.989,2,multivariable
2026-03-04 20:10:00,230.656,116.1,0.841,59.989,2,multivariable
2026-03-04 20:20:00,231.38,115.7,0.839,59.93,2,multivariable
2026-03-04 20:30:00,225.8,114.74,0.846,59.96,2,multivariable
2026-03-04 20:40:00,227.056,115.067,0.847,59.978,2,multivariable
2026-03-04 20:50:00,228.96,114.83,0.85,59.95,2,multivariable
2026-03-04 21:00:00,224.66,116.28,0.849,59.95,2,multivariable
2026-03-04 21:10:00,392.71,116.15,0.864,59.95,2,multivariable
2026-03-04 21:20:00,193.03,117.69,0.818,59.96,2,multivariable
2026-03-04 21:30:00,430.99,116.09,0.892,59.96,2,multivariable
2026-03-04 21:40:00,357.96,115.47,0.899,59.95,2,multivariable
2026-03-04 21:50:00,504.48,114.4,0.91,59.97,2,multivariable
2026-03-04 22:00:00,200.44,117.64,0.833,59.95,2,multivariable
2026-03-04 22:10:00,200.66,116.09,0.841,59.97,2,multivariable
2026-03-04 22:20:00,204.125,117.162,0.839,59.95,2,multivariable
2026-03-04 22:30:00,204.59,118.24,0.833,59.96,2,multivariable
2026-03-04 22:40:00,203.1,118.762,0.831,59.95,2,multivariable
2026-03-04 22:50:00,202.45,119.94,0.825,59.99,2,multivariable
2026-03-04 23:00:00,203.51,118.63,0.827,59.95,2,multivariable
2026-03-04 23:10:00,161.28,117.5,0.743,59.94,2,multivariable
2026-03-04 23:20:00,158.738,116.962,0.741,59.95,2,multivariable
2026-03-04 23:30:00,158.98,117.42,0.74,59.97,2,multivariable
2026-03-04 23:40:00,148.7,117.43,0.715,59.99,2,multivariable
2026-03-04 23:50:00,147.412,117.612,0.71,59.95,2,multivariable
2026-03-05 00:00:00,148.88,119.46,0.703,59.9,2,multivariable
2026-03-05 00:10:00,150.11,119.33,0.705,59.97,2,multivariable
2026-03-05 00:20:00,147.33,117.68,0.712,59.97,2,multivariable
2026-03-05 00:30:00,146.32,116.48,0.719,59.93,2,multivariable
2026-03-05 00:40:00,147.178,117.222,0.711,59.956,2,multivariable
2026-03-05 00:50:00,146.344,116.833,0.716,59.944,2,multivariable
2026-03-05 01:00:00,145.38,115.93,0.72,59.96,2,multivariable
2026-03-05 01:10:00,146.888,117.7,0.71,59.95,2,multivariable
2026-03-05 01:20:00,207.162,118.112,0.898,59.988,2,multivariable
2026-03-05 01:30:00,160.186,118.614,0.801,59.957,2,multivariable
2026-03-05 01:40:00,59.81,118.4,0.621,59.96,2,multivariable
2026-03-05 01:50:00,179.73,116.94,0.784,59.95,2,multivariable
2026-03-05 02:00:00,160.77,117.48,0.746,59.96,2,multivariable
2026-03-05 02:10:00,154.82,117.46,0.731,59.97,2,multivariable
2026-03-05 02:20:00,151.067,117.189,0.726,59.989,2,multivariable
2026-03-05 02:30:00,149.58,117.33,0.721,59.94,2,multivariable
2026-03-05 02:40:00,148.68,117.94,0.717,59.93,2,multivariable
2026-03-05 02:50:00,149.133,118.956,0.71,59.956,2,multivariable
2026-03-05 03:00:00,148.95,119.18,0.707,59.96,2,multivariable
2026-03-05 03:10:00,147.288,117.588,0.716,59.925,2,multivariable
2026-03-05 03:20:00,146.67,116.96,0.719,59.94,2,multivariable
2026-03-05 03:30:00,146.37,117.36,0.716,59.95,2,multivariable
2026-03-05 03:40:00,146.922,117.322,0.716,59.933,2,multivariable
2026-03-05 03:50:00,146.32,116.29,0.724,59.96,2,multivariable
2026-03-05 04:00:00,152.867,118.078,0.738,59.944,2,multivariable
2026-03-05 04:10:00,152.54,118.26,0.733,59.96,2,multivariable
2026-03-05 04:20:00,152.39,118.45,0.73,59.97,2,multivariable
2026-03-05 04:30:00,152.08,118.02,0.735,59.94,2,multivariable
2026-03-05 04:40:00,151.46,117.49,0.734,59.96,2,multivariable
2026-03-05 04:50:00,151.233,117.122,0.739,59.956,2,multivariable
2026-03-05 05:00:00,149.9,115.42,0.739,59.95,2,multivariable
2026-03-05 05:10:00,149.1,113.662,0.749,59.962,2,multivariable
2026-03-05 05:20:00,149.34,115.18,0.744,59.96,2,multivariable
2026-03-05 05:30:00,152.8,114.67,0.756,59.93,2,multivariable
2026-03-05 05:40:00,182.43,117.11,0.793,59.93,2,multivariable
2026-03-05 05:50:00,178.94,114.74,0.801,59.96,2,multivariable
2026-03-05 06:00:00,172.77,115.8,0.784,59.94,2,multivariable
2026-03-05 06:10:00,148.167,114.756,0.739,59.978,2,multivariable
2026-03-05 06:20:00,145.1,114.322,0.727,59.978,2,multivariable
2026-03-05 06:30:00,143.32,114.92,0.718,59.97,2,multivariable
2026-03-05 06:40:00,141.85,112.31,0.731,59.95,2,multivariable
2026-03-05 06:50:00,144.23,116.11,0.711,59.95,2,multivariable
2026-03-05 07:00:00,145.21,117.07,0.708,59.95,2,multivariable
2026-03-05 07:10:00,143.978,116.067,0.713,59.978,2,multivariable
2026-03-05 07:20:00,206.85,117.81,0.9,59.94,2,multivariable
2026-03-05 07:30:00,143.422,116.389,0.802,59.956,2,multivariable
2026-03-05 07:40:00,63.55,115.775,0.626,59.962,2,multivariable
2026-03-05 07:50:00,177.36,114.78,0.788,59.97,2,multivariable
2026-03-05 08:00:00,157.32,114.97,0.749,59.95,2,multivariable
2026-03-05 08:10:00,152.53,116.53,0.73,59.93,2,multivariable
2026-03-05 08:20:00,149.444,116.289,0.726,59.944,2,multivariable
2026-03-05 08:30:00,148.49,117.5,0.712,59.99,2,multivariable
2026-03-05 08:40:00,150.58,114.69,0.732,59.91,2,multivariable
2026-03-05 08:50:00,201.98,115.6,0.794,59.96,2,multivariable
2026-03-05 09:00:00,180.59,116.48,0.764,59.97,2,multivariable
2026-03-05 09:10:00,165.34,115.17,0.762,59.94,2,multivariable
2026-03-05 09:20:00,169.175,116.062,0.752,59.975,2,multivariable
2026-03-05 09:30:00,162.2,114.478,0.754,59.956,2,multivariable
2026-03-05 09:40:00,155.46,114.22,0.757,59.94,2,multivariable
2026-03-05 09:50:00,155.444,114.411,0.754,59.944,2,multivariable
2026-03-05 10:00:00,151.5,114.09,0.745,59.97,2,multivariable
2026-03-05 10:10:00,186.88,114.86,0.753,59.95,2,multivariable
2026-03-05 10:20:00,168.78,114.7,0.768,59.95,2,multivariable
2026-03-05 10:30:00,150.66,114.47,0.753,59.98,2,multivariable
2026-03-05 10:40:00,148.378,112.244,0.756,59.967,2,multivariable
2026-03-05 10:50:00,156.82,113.9,0.776,59.96,2,multivariable
2026-03-05 11:00:00,181.59,113.8,0.813,59.93,2,multivariable
2026-03-05 11:10:00,171.9,113.78,0.803,59.97,2,multivariable
2026-03-05 11:20:00,261.55,112.7,0.843,59.95,2,multivariable
2026-03-05 11:30:00,528.04,112.0,0.964,59.94,2,multivariable
2026-03-05 11:40:00,525.09,112.41,0.965,59.96,2,multivariable
2026-03-05 11:50:00,507.61,111.37,0.968,59.97,2,multivariable
2026-03-05 12:00:00,499.07,112.28,0.97,59.98,2,multivariable
2026-03-05 12:10:00,490.06,111.72,0.97,59.92,2,multivariable
2026-03-05 12:20:00,498.63,113.28,0.972,59.94,2,multivariable
2026-03-05 12:30:00,493.5,113.11,0.974,59.93,2,multivariable
2026-03-05 12:40:00,485.22,112.84,0.978,59.95,2,multivariable
2026-03-05 12:50:00,490.45,113.37,0.976,59.95,2,multivariable
2026-03-05 13:00:00,492.678,112.789,0.978,59.956,2,multivariable
2026-03-05 13:10:00,483.47,114.05,0.98,59.96,2,multivariable
2026-03-05 13:20:00,469.411,113.167,0.98,59.944,2,multivariable
2026-03-05 13:30:00,470.48,114.32,0.98,59.96,2,multivariable
2026-03-05 13:40:00,470.45,114.7,0.98,59.96,2,multivariable
2026-03-05 13:50:00,465.16,113.69,0.98,59.96,2,multivariable
2026-03-05 14:00:00,468.22,113.99,0.98,59.94,2,multivariable
2026-03-05 14:10:00,456.14,113.36,0.983,59.93,2,multivariable
2026-03-05 14:20:00,443.81,112.23,0.982,59.96,2,multivariable
2026-03-05 14:30:00,457.79,112.13,0.981,59.96,2,multivariable
2026-03-05 14:40:00,478.12,113.51,0.98,59.94,2,multivariable
2026-03-05 14:50:00,483.578,114.8,0.98,59.978,2,multivariable
2026-03-05 15:00:00,679.812,113.662,0.985,59.975,2,multivariable
2026-03-05 15:10:00,876.0,113.98,0.99,59.93,2,multivariable
2026-03-05 15:20:00,852.89,112.34,0.99,59.98,2,multivariable
2026-03-05 15:30:00,859.39,113.09,0.99,59.98,2,multivariable
2026-03-05 15:40:00,851.956,112.2,0.99,59.956,2,multivariable
2026-03-05 15:50:00,939.21,112.88,0.992,59.94,2,multivariable
2026-03-05 16:00:00,935.956,113.044,0.992,59.956,2,multivariable
2026-03-05 16:10:00,556.82,113.61,0.973,59.97,2,multivariable
2026-03-05 16:20:00,550.67,115.44,0.969,59.99,2,multivariable
2026-03-05 16:30:00,535.26,114.59,0.97,59.96,2,multivariable
2026-03-05 16:40:00,564.38,114.85,0.967,59.94,2,multivariable
2026-03-05 16:50:00,589.7,113.65,0.954,59.97,2,multivariable
2026-03-05 17:00:00,581.29,114.41,0.959,59.96,2,multivariable
2026-03-05 17:10:00,578.22,114.75,0.953,59.98,2,multivariable
2026-03-05 17:20:00,573.55,115.13,0.95,59.93,2,multivariable
2026-03-05 17:30:00,399.022,116.089,0.847,59.978,2,multivariable
2026-03-05 17:40:00,134.9,116.94,0.685,59.97,2,multivariable
2026-03-05 17:50:00,164.6,115.01,0.735,59.98,2,multivariable
2026-03-05 18:00:00,194.378,115.156,0.791,59.944,2,multivariable
2026-03-05 18:10:00,180.79,114.43,0.776,59.94,2,multivariable
2026-03-05 18:20:00,184.178,115.444,0.723,59.956,2,multivariable
2026-03-05 18:30:00,176.167,114.344,0.716,59.967,2,multivariable
2026-03-05 18:40:00,200.325,111.788,0.725,59.95,2,multivariable
2026-03-05 18:50:00,211.978,113.689,0.77,59.978,2,multivariable
2026-03-05 19:00:00,197.55,116.53,0.78,60.0,2,multivariable
2026-03-05 19:10:00,212.05,114.94,0.767,59.96,2,multivariable
2026-03-05 19:20:00,215.04,115.2,0.763,59.95,2,multivariable
2026-03-05 19:30:00,219.089,115.244,0.764,59.967,2,multivariable
2026-03-05 19:40:00,212.922,111.289,0.783,59.989,2,multivariable
2026-03-05 19:50:00,208.944,116.344,0.778,59.944,2,multivariable
2026-03-05 20:00:00,175.87,114.78,0.79,59.94,2,multivariable
2026-03-05 20:10:00,152.37,116.41,0.783,59.92,2,multivariable
2026-03-05 20:20:00,144.88,115.14,0.768,59.95,2,multivariable
2026-03-05 20:30:00,144.71,115.0,0.776,59.96,2,multivariable
2026-03-05 20:40:00,139.27,115.68,0.763,59.95,2,multivariable
2026-03-05 20:50:00,123.7,117.25,0.708,59.96,2,multivariable
2026-03-05 21:00:00,589.11,117.15,0.94,59.96,2,multivariable
2026-03-05 21:10:00,520.12,116.31,0.93,59.99,2,multivariable
2026-03-05 21:20:00,232.07,116.83,0.827,59.95,2,multivariable
2026-03-05 21:30:00,227.5,118.625,0.815,59.938,2,multivariable
2026-03-05 21:40:00,223.8,117.34,0.814,59.98,2,multivariable
2026-03-05 21:50:00,207.26,119.36,0.787,59.97,2,multivariable
2026-03-05 22:00:00,208.92,117.81,0.798,59.95,2,multivariable
2026-03-05 22:10:00,213.29,118.16,0.803,59.98,2,multivariable
2026-03-05 22:20:00,210.68,118.24,0.795,59.96,2,multivariable
2026-03-05 22:30:00,200.411,117.733,0.789,59.956,2,multivariable
2026-03-05 22:40:00,156.09,118.99,0.718,59.98,2,multivariable
2026-03-05 22:50:00,143.63,117.53,0.707,59.95,2,multivariable
2026-03-05 23:00:00,137.93,118.43,0.676,59.96,2,multivariable
2026-03-05 23:10:00,137.044,116.233,0.693,59.944,2,multivariable
2026-03-05 23:20:00,137.85,119.0,0.673,59.96,2,multivariable
2026-03-05 23:30:00,150.93,117.8,0.718,59.97,2,multivariable
2026-03-05 23:40:00,133.65,118.525,0.653,59.912,2,multivariable
2026-03-05 23:50:00,135.356,116.644,0.672,59.944,2,multivariable
2026-03-06 00:00:00,129.42,117.2,0.65,59.99,2,multivariable
2026-03-06 00:10:00,126.822,118.156,0.639,59.967,2,multivariable
2026-03-06 00:20:00,126.2,117.53,0.64,59.95,2,multivariable
2026-03-06 00:30:00,127.81,119.26,0.632,59.93,2,multivariable
2026-03-06 00:40:00,126.778,118.533,0.633,59.967,2,multivariable
2026-03-06 00:50:00,127.2,119.033,0.631,59.956,2,multivariable
2026-03-06 01:00:00,127.43,119.36,0.63,59.97,2,multivariable
2026-03-06 01:10:00,125.53,117.39,0.64,59.96,2,multivariable
2026-03-06 01:20:00,207.111,118.311,0.983,59.967,2,multivariable
2026-03-06 01:30:00,85.133,117.822,0.709,59.944,2,multivariable
2026-03-06 01:40:00,70.05,119.09,0.62,59.95,2,multivariable
2026-03-06 01:50:00,155.51,119.18,0.707,59.99,2,multivariable
2026-03-06 02:00:00,141.63,119.61,0.674,59.97,2,multivariable
2026-03-06 02:10:00,134.533,119.322,0.654,59.967,2,multivariable
2026-03-06 02:20:00,131.18,118.94,0.647,59.95,2,multivariable
2026-03-06 02:30:00,130.438,119.325,0.643,59.95,2,multivariable
2026-03-06 02:40:00,128.37,118.04,0.644,59.95,2,multivariable
2026-03-06 02:50:00,127.929,118.414,0.64,59.943,2,multivariable
2026-03-06 03:00:00,127.49,118.41,0.64,59.97,2,multivariable
2026-03-06 03:10:00,127.66,119.27,0.631,59.94,2,multivariable
2026-03-06 03:20:00,127.54,119.19,0.631,59.95,2,multivariable
2026-03-06 03:30:00,127.311,119.5,0.629,59.956,2,multivariable
2026-03-06 03:40:00,127.67,119.91,0.624,59.95,2,multivariable
2026-03-06 03:50:00,126.51,118.2,0.637,59.96,2,multivariable
2026-03-06 04:00:00,132.35,118.93,0.658,59.94,2,multivariable
2026-03-06 04:10:00,131.512,118.175,0.663,59.962,2,multivariable
2026-03-06 04:20:00,131.48,118.47,0.659,59.94,2,multivariable
2026-03-06 04:30:00,132.422,119.533,0.651,59.911,2,multivariable
2026-03-06 04:40:00,132.08,119.27,0.653,59.93,2,multivariable
2026-03-06 04:50:00,131.222,118.589,0.66,59.978,2,multivariable
2026-03-06 05:00:00,130.17,117.33,0.665,59.93,2,multivariable
2026-03-06 05:10:00,129.39,116.95,0.662,59.91,2,multivariable
2026-03-06 05:20:00,129.289,116.811,0.664,59.967,2,multivariable
2026-03-06 05:30:00,127.444,114.344,0.679,59.944,2,multivariable
2026-03-06 05:40:00,154.12,115.23,0.743,59.92,2,multivariable
2026-03-06 05:50:00,167.59,115.2,0.781,59.94,2,multivariable
2026-03-06 06:00:00,155.02,116.7,0.736,59.94,2,multivariable
2026-03-06 06:10:00,127.7,114.638,0.675,59.975,2,multivariable
2026-03-06 06:20:00,138.6,114.97,0.706,59.99,2,multivariable
2026-03-06 06:30:00,132.4,115.46,0.684,60.0,2,multivariable
2026-03-06 06:40:00,136.34,115.34,0.695,59.97,2,multivariable
2026-03-06 06:50:00,133.062,116.262,0.676,59.925,2,multivariable
2026-03-06 07:00:00,133.278,116.889,0.672,59.933,2,multivariable
2026-03-06 07:10:00,133.65,116.99,0.674,59.99,2,multivariable
2026-03-06 07:20:00,212.59,116.93,0.98,59.97,2,multivariable
2026-03-06 07:30:00,89.02,117.26,0.764,59.94,2,multivariable
2026-03-06 07:40:00,69.2,115.96,0.659,59.96,2,multivariable
2026-03-06 07:50:00,150.33,115.66,0.716,59.96,2,multivariable
2026-03-06 08:00:00,138.386,118.529,0.667,59.971,2,multivariable
2026-03-06 08:10:00,130.633,117.178,0.653,59.956,2,multivariable
2026-03-06 08:20:00,167.81,117.71,0.709,59.96,2,multivariable
2026-03-06 08:30:00,219.77,116.32,0.806,59.96,2,multivariable
2026-03-06 08:40:00,202.58,116.13,0.787,59.94,2,multivariable
2026-03-06 08:50:00,200.46,116.33,0.787,59.99,2,multivariable
2026-03-06 09:00:00,201.69,116.7,0.79,59.97,2,multivariable
2026-03-06 09:10:00,199.07,114.62,0.795,59.93,2,multivariable
2026-03-06 09:20:00,203.2,115.53,0.794,59.95,2,multivariable
2026-03-06 09:30:00,214.88,116.05,0.798,59.96,2,multivariable
2026-03-06 09:40:00,212.47,114.53,0.801,59.95,2,multivariable
2026-03-06 09:50:00,217.68,114.53,0.808,59.94,2,multivariable
2026-03-06 10:00:00,219.21,115.01,0.808,59.95,2,multivariable
2026-03-06 10:10:00,209.0,115.71,0.798,59.97,2,multivariable
2026-03-06 10:20:00,211.32,116.03,0.803,59.95,2,multivariable
2026-03-06 10:30:00,211.24,115.26,0.8,59.96,2,multivariable
2026-03-06 10:40:00,213.41,115.97,0.798,59.97,2,multivariable
2026-03-06 10:50:00,206.02,114.49,0.797,59.94,2,multivariable
2026-03-06 11:00:00,207.14,113.92,0.803,59.96,2,multivariable
2026-03-06 11:10:00,208.19,115.63,0.796,59.97,2,multivariable
2026-03-06 11:20:00,207.833,114.656,0.802,59.933,2,multivariable
2026-03-06 11:30:00,213.72,115.09,0.807,59.97,2,multivariable
2026-03-06 11:40:00,213.0,114.656,0.809,59.967,2,multivariable
2026-03-06 11:50:00,209.675,115.35,0.8,59.988,2,multivariable
2026-03-06 12:00:00,206.538,115.375,0.792,59.95,2,multivariable
2026-03-06 12:10:00,212.322,116.144,0.8,59.989,2,multivariable
2026-03-06 12:20:00,205.14,116.25,0.788,59.94,2,multivariable
2026-03-06 12:30:00,206.98,116.27,0.795,59.95,2,multivariable
2026-03-06 12:40:00,222.79,115.07,0.815,59.96,2,multivariable
2026-03-06 12:50:00,208.67,114.64,0.805,59.92,2,multivariable
2026-03-06 13:00:00,210.67,112.67,0.811,59.96,2,multivariable
2026-03-06 13:10:00,211.44,113.63,0.808,59.94,2,multivariable
2026-03-06 13:20:00,307.4,116.983,0.932,59.95,2,multivariable
2026-03-06 13:30:00,166.98,118.81,0.787,59.95,2,multivariable
2026-03-06 13:40:00,145.4,117.64,0.759,59.98,2,multivariable
2026-03-06 13:50:00,227.37,115.88,0.822,59.95,2,multivariable
2026-03-06 14:00:00,220.41,115.1,0.818,59.95,2,multivariable
2026-03-06 14:10:00,215.422,114.556,0.811,59.967,2,multivariable
2026-03-06 14:20:00,219.67,112.75,0.821,59.94,2,multivariable
2026-03-06 14:30:00,205.51,111.21,0.81,59.96,2,multivariable
2026-03-06 14:40:00,209.011,112.767,0.809,59.956,2,multivariable
2026-03-06 14:50:00,212.344,114.722,0.8,59.922,2,multivariable
2026-03-06 15:00:00,232.18,115.58,0.818,60.0,2,multivariable
2026-03-06 15:10:00,230.06,116.04,0.812,59.95,2,multivariable
2026-03-06 15:20:00,225.9,116.067,0.81,59.956,2,multivariable
2026-03-06 15:30:00,233.088,117.838,0.811,59.962,2,multivariable
2026-03-06 15:40:00,231.29,116.62,0.813,59.97,2,multivariable
2026-03-06 15:50:00,227.789,114.311,0.818,59.956,2,multivariable
2026-03-06 16:00:00,233.262,115.588,0.819,59.962,2,multivariable
2026-03-06 16:10:00,226.178,114.711,0.814,59.967,2,multivariable
2026-03-06 16:20:00,223.99,114.88,0.817,59.94,2,multivariable
2026-03-06 16:30:00,219.922,115.556,0.811,59.944,2,multivariable
2026-03-06 16:40:00,229.462,117.062,0.812,59.95,2,multivariable
2026-03-06 16:50:00,236.2,118.367,0.809,59.956,2,multivariable
2026-03-06 17:00:00,221.27,116.99,0.793,59.94,2,multivariable
2026-03-06 17:10:00,211.08,116.22,0.78,59.93,2,multivariable
2026-03-06 17:20:00,207.478,116.244,0.793,59.956,2,multivariable
2026-03-06 17:30:00,203.1,113.733,0.798,59.989,2,multivariable
2026-03-06 17:40:00,188.73,115.22,0.77,59.98,2,multivariable
2026-03-06 17:50:00,188.878,117.811,0.756,59.967,2,multivariable
2026-03-06 18:00:00,185.33,117.73,0.749,59.95,2,multivariable
2026-03-06 18:10:00,225.122,118.122,0.822,59.944,2,multivariable
2026-03-06 18:20:00,189.5,115.5,0.776,59.94,2,multivariable
2026-03-06 18:30:00,156.78,115.68,0.709,59.97,2,multivariable
2026-03-06 18:40:00,160.03,115.43,0.724,59.93,2,multivariable
2026-03-06 18:50:00,182.86,116.92,0.761,59.94,2,multivariable
2026-03-06 19:00:00,201.711,116.689,0.796,59.989,2,multivariable
2026-03-06 19:10:00,220.544,116.2,0.82,59.978,2,multivariable
2026-03-06 19:20:00,309.1,117.67,0.943,59.96,2,multivariable
2026-03-06 19:30:00,180.24,114.84,0.819,59.95,2,multivariable
2026-03-06 19:40:00,170.42,116.07,0.796,59.98,2,multivariable
2026-03-06 19:50:00,226.989,115.667,0.838,59.933,2,multivariable
2026-03-06 20:00:00,213.311,116.622,0.813,59.944,2,multivariable
2026-03-06 20:10:00,205.59,117.51,0.795,59.98,2,multivariable
2026-03-06 20:20:00,207.267,116.911,0.801,59.956,2,multivariable
2026-03-06 20:30:00,205.078,119.756,0.783,59.956,2,multivariable
2026-03-06 20:40:00,233.6,116.06,0.835,59.94,2,multivariable
2026-03-06 20:50:00,275.53,117.09,0.868,59.96,2,multivariable
2026-03-06 21:00:00,272.143,117.171,0.866,59.943,2,multivariable
2026-03-06 21:10:00,276.1,117.217,0.87,60.0,2,multivariable
2026-03-06 21:20:00,235.644,117.967,0.843,59.956,2,multivariable
2026-03-06 21:30:00,184.09,116.79,0.804,59.95,2,multivariable
2026-03-06 21:40:00,183.6,117.35,0.802,59.96,2,multivariable
2026-03-06 21:50:00,184.13,115.92,0.812,59.96,2,multivariable
2026-03-06 22:00:00,183.81,117.0,0.802,59.96,2,multivariable
2026-03-06 22:10:00,183.522,117.1,0.802,59.944,2,multivariable
2026-03-06 22:20:00,204.222,117.922,0.828,59.967,2,multivariable
2026-03-06 22:30:00,198.07,116.86,0.827,59.97,2,multivariable
2026-03-06 22:40:00,173.53,116.68,0.794,59.94,2,multivariable
2026-03-06 22:50:00,175.96,116.88,0.795,59.93,2,multivariable
2026-03-06 23:00:00,172.911,116.778,0.787,59.967,2,multivariable
2026-03-06 23:10:00,175.61,117.54,0.782,59.98,2,multivariable
2026-03-06 23:20:00,145.111,117.667,0.696,59.967,2,multivariable
2026-03-06 23:30:00,129.54,118.06,0.641,59.94,2,multivariable
2026-03-06 23:40:00,133.73,119.13,0.645,59.96,2,multivariable
2026-03-06 23:50:00,128.65,117.47,0.646,59.96,2,multivariable
2026-03-07 00:00:00,129.678,117.678,0.649,59.978,2,multivariable
2026-03-07 00:10:00,132.612,116.788,0.664,59.925,2,multivariable
2026-03-07 00:20:00,126.09,117.58,0.639,59.96,2,multivariable
2026-03-07 00:30:00,126.57,118.12,0.637,59.96,2,multivariable
2026-03-07 00:40:00,128.94,119.28,0.633,59.97,2,multivariable
2026-03-07 00:50:00,129.88,120.45,0.628,59.96,2,multivariable
2026-03-07 01:00:00,126.19,119.57,0.622,59.96,2,multivariable
2026-03-07 01:10:00,128.422,118.789,0.638,59.978,2,multivariable
2026-03-07 01:20:00,210.42,118.04,0.984,59.98,2,multivariable
2026-03-07 01:30:00,61.75,118.22,0.665,59.96,2,multivariable
2026-03-07 01:40:00,74.867,117.611,0.64,59.978,2,multivariable
2026-03-07 01:50:00,151.16,116.8,0.712,59.95,2,multivariable
2026-03-07 02:00:00,135.633,117.233,0.67,59.978,2,multivariable
2026-03-07 02:10:00,130.989,117.444,0.654,59.944,2,multivariable
2026-03-07 02:20:00,127.856,116.444,0.653,59.944,2,multivariable
2026-03-07 02:30:00,126.89,117.22,0.645,59.98,2,multivariable
2026-03-07 02:40:00,125.06,115.96,0.649,59.97,2,multivariable
2026-03-07 02:50:00,125.23,117.23,0.64,59.99,2,multivariable
2026-03-07 03:00:00,124.889,117.356,0.637,59.956,2,multivariable
2026-03-07 03:10:00,125.04,117.69,0.637,59.96,2,multivariable
2026-03-07 03:20:00,125.9,118.4,0.632,59.956,2,multivariable
2026-03-07 03:30:00,124.662,118.2,0.63,59.95,2,multivariable
2026-03-07 03:40:00,124.462,117.725,0.63,59.95,2,multivariable
2026-03-07 03:50:00,123.789,116.2,0.644,60.0,2,multivariable
2026-03-07 04:00:00,129.24,116.88,0.668,59.95,2,multivariable
2026-03-07 04:10:00,128.8,116.867,0.662,59.944,2,multivariable
2026-03-07 04:20:00,128.9,117.32,0.66,59.94,2,multivariable
2026-03-07 04:30:00,128.425,117.062,0.661,59.95,2,multivariable
2026-03-07 04:40:00,129.12,117.93,0.654,59.97,2,multivariable
2026-03-07 04:50:00,128.76,117.37,0.659,59.96,2,multivariable
2026-03-07 05:00:00,130.86,117.68,0.664,59.98,2,multivariable
2026-03-07 05:10:00,127.13,115.74,0.666,59.94,2,multivariable
2026-03-07 05:20:00,128.111,116.833,0.66,59.967,2,multivariable
2026-03-07 05:30:00,127.52,115.96,0.665,59.96,2,multivariable
2026-03-07 05:40:00,128.629,117.2,0.659,59.943,2,multivariable
2026-03-07 05:50:00,128.38,117.52,0.655,59.95,2,multivariable
2026-03-07 06:00:00,127.78,116.91,0.658,59.96,2,multivariable
2026-03-07 06:10:00,128.17,118.38,0.646,59.95,2,multivariable
2026-03-07 06:20:00,125.55,117.35,0.639,59.962,2,multivariable
2026-03-07 06:30:00,134.8,117.588,0.67,59.975,2,multivariable
2026-03-07 06:40:00,132.778,116.256,0.671,59.956,2,multivariable
2026-03-07 06:50:00,132.49,115.98,0.673,59.97,2,multivariable
2026-03-07 07:00:00,134.62,117.56,0.667,59.96,2,multivariable
2026-03-07 07:10:00,129.46,117.97,0.646,59.93,2,multivariable
2026-03-07 07:20:00,198.01,116.41,0.968,59.94,2,multivariable
2026-03-07 07:30:00,59.97,116.45,0.666,59.96,2,multivariable
2026-03-07 07:40:00,54.978,115.189,0.623,59.967,2,multivariable
2026-03-07 07:50:00,149.08,115.58,0.715,59.96,2,multivariable
2026-03-07 08:00:00,134.66,115.94,0.677,59.95,2,multivariable
2026-03-07 08:10:00,127.722,114.9,0.662,59.967,2,multivariable
2026-03-07 08:20:00,125.79,116.04,0.649,59.94,2,multivariable
2026-03-07 08:30:00,124.51,115.99,0.645,59.98,2,multivariable
2026-03-07 08:40:00,122.911,114.667,0.651,59.967,2,multivariable
2026-03-07 08:50:00,122.99,115.89,0.641,59.93,2,multivariable
2026-03-07 09:00:00,123.44,116.76,0.636,59.96,2,multivariable
2026-03-07 09:10:00,122.989,116.7,0.637,59.967,2,multivariable
2026-03-07 09:20:00,121.91,115.23,0.643,59.96,2,multivariable
2026-03-07 09:30:00,121.51,115.14,0.641,59.96,2,multivariable
2026-03-07 09:40:00,121.54,115.23,0.64,59.97,2,multivariable
2026-03-07 09:50:00,120.65,114.25,0.647,59.97,2,multivariable
2026-03-07 10:00:00,132.61,116.26,0.656,59.95,2,multivariable
2026-03-07 10:10:00,185.95,116.2,0.761,59.95,2,multivariable
2026-03-07 10:20:00,184.42,117.45,0.757,59.93,2,multivariable
2026-03-07 10:30:00,136.74,114.68,0.677,59.97,2,multivariable
2026-03-07 10:40:00,121.03,114.8,0.644,59.98,2,multivariable
2026-03-07 10:50:00,121.267,115.122,0.641,59.956,2,multivariable
2026-03-07 11:00:00,120.26,113.82,0.648,59.96,2,multivariable
2026-03-07 11:10:00,150.856,115.678,0.674,59.944,2,multivariable
2026-03-07 11:20:00,196.11,114.88,0.698,59.93,2,multivariable
2026-03-07 11:30:00,156.633,114.956,0.663,59.978,2,multivariable
2026-03-07 11:40:00,154.49,115.05,0.65,59.93,2,multivariable
2026-03-07 11:50:00,138.289,114.478,0.666,59.967,2,multivariable
2026-03-07 12:00:00,167.42,114.49,0.669,59.94,2,multivariable
2026-03-07 12:10:00,146.5,116.011,0.667,59.956,2,multivariable
2026-03-07 12:20:00,157.73,115.4,0.629,59.95,2,multivariable
2026-03-07 12:30:00,167.57,113.32,0.678,59.96,2,multivariable
2026-03-07 12:40:00,119.822,113.133,0.651,59.956,2,multivariable
2026-03-07 12:50:00,120.767,114.322,0.643,59.956,2,multivariable
2026-03-07 13:00:00,121.5,115.122,0.641,59.933,2,multivariable
2026-03-07 13:10:00,121.5,114.61,0.644,59.97,2,multivariable
2026-03-07 13:20:00,188.689,115.311,0.946,59.967,2,multivariable
2026-03-07 13:30:00,74.61,114.22,0.709,59.97,2,multivariable
2026-03-07 13:40:00,76.9,115.712,0.651,59.975,2,multivariable
2026-03-07 13:50:00,188.789,114.567,0.779,59.989,2,multivariable
2026-03-07 14:00:00,203.74,114.77,0.797,59.93,2,multivariable
2026-03-07 14:10:00,180.822,115.022,0.764,59.944,2,multivariable
2026-03-07 14:20:00,170.18,115.68,0.749,59.94,2,multivariable
2026-03-07 14:30:00,170.325,116.95,0.742,59.962,2,multivariable
2026-03-07 14:40:00,168.02,117.04,0.737,59.97,2,multivariable
2026-03-07 14:50:00,166.91,116.68,0.736,59.94,2,multivariable
2026-03-07 15:00:00,188.575,115.588,0.774,59.975,2,multivariable
2026-03-07 15:10:00,187.73,115.85,0.767,59.96,2,multivariable
2026-03-07 15:20:00,178.833,114.867,0.754,59.911,2,multivariable
2026-03-07 15:30:00,169.344,113.567,0.748,59.967,2,multivariable
2026-03-07 15:40:00,170.8,114.94,0.749,59.96,2,multivariable
2026-03-07 15:50:00,179.11,114.05,0.759,59.97,2,multivariable
2026-03-07 16:00:00,175.36,115.67,0.741,59.93,2,multivariable
2026-03-07 16:10:00,183.911,117.556,0.753,59.956,2,multivariable
2026-03-07 16:20:00,181.988,117.312,0.751,59.988,2,multivariable
2026-03-07 16:30:00,181.629,116.686,0.75,59.943,2,multivariable
2026-03-07 16:40:00,175.45,116.12,0.744,59.97,2,multivariable
2026-03-07 16:50:00,164.76,115.71,0.735,59.95,2,multivariable
2026-03-07 17:00:00,163.389,118.089,0.724,59.956,2,multivariable
2026-03-07 17:10:00,197.233,115.983,0.818,59.95,2,multivariable
2026-03-07 17:20:00,192.75,116.525,0.819,59.975,2,multivariable
2026-03-07 17:30:00,195.456,116.856,0.816,59.978,2,multivariable
2026-03-07 17:40:00,195.778,117.433,0.811,59.933,2,multivariable
2026-03-07 17:50:00,196.68,118.92,0.801,59.96,2,multivariable
2026-03-07 18:00:00,203.33,118.19,0.81,59.97,2,multivariable
2026-03-07 18:10:00,213.49,115.56,0.848,59.94,2,multivariable
2026-03-07 18:20:00,215.8,115.54,0.856,59.97,2,multivariable
2026-03-07 18:30:00,210.85,114.32,0.854,59.94,2,multivariable
2026-03-07 18:40:00,220.089,116.267,0.857,59.967,2,multivariable
2026-03-07 18:50:00,286.356,115.011,0.886,59.989,2,multivariable
2026-03-07 19:00:00,282.14,115.67,0.88,59.95,2,multivariable
2026-03-07 19:10:00,274.22,118.07,0.864,59.95,2,multivariable
2026-03-07 19:20:00,346.09,116.42,0.926,59.99,2,multivariable
2026-03-07 19:30:00,230.089,118.789,0.834,59.978,2,multivariable
2026-03-07 19:40:00,233.57,115.81,0.841,59.96,2,multivariable
2026-03-07 19:50:00,378.24,116.4,0.898,59.96,2,multivariable
2026-03-07 20:00:00,362.5,117.64,0.889,59.96,2,multivariable
2026-03-07 20:10:00,357.13,117.11,0.89,59.96,2,multivariable
2026-03-07 20:20:00,350.48,117.25,0.89,59.94,2,multivariable
2026-03-07 20:30:00,358.122,118.644,0.889,59.967,2,multivariable
2026-03-07 20:40:00,329.63,118.11,0.882,59.97,2,multivariable
2026-03-07 20:50:00,288.12,118.14,0.872,59.94,2,multivariable
2026-03-07 21:00:00,283.88,117.11,0.877,59.97,2,multivariable
2026-03-07 21:10:00,283.978,115.289,0.886,59.956,2,multivariable
2026-03-07 21:20:00,282.122,113.567,0.891,59.956,2,multivariable
2026-03-07 21:30:00,290.62,115.02,0.884,59.96,2,multivariable
2026-03-07 21:40:00,334.32,119.41,0.874,59.95,2,multivariable
2026-03-07 21:50:00,316.45,119.4,0.865,59.97,2,multivariable
2026-03-07 22:00:00,293.09,118.02,0.862,59.96,2,multivariable
2026-03-07 22:10:00,244.7,120.4,0.817,59.98,2,multivariable
2026-03-07 22:20:00,164.29,118.3,0.742,59.99,2,multivariable
2026-03-07 22:30:00,575.056,116.289,0.859,59.978,2,multivariable
2026-03-07 22:40:00,538.612,117.138,0.845,59.962,2,multivariable
2026-03-07 22:50:00,143.856,116.9,0.699,59.933,2,multivariable
2026-03-07 23:00:00,130.71,118.32,0.643,59.98,2,multivariable
2026-03-07 23:10:00,128.16,117.59,0.642,59.93,2,multivariable
2026-03-07 23:20:00,125.13,118.7,0.623,59.98,2,multivariable
2026-03-07 23:30:00,127.09,119.26,0.625,59.95,2,multivariable
2026-03-07 23:40:00,128.238,118.475,0.635,59.962,2,multivariable
2026-03-07 23:50:00,126.74,119.47,0.622,59.92,2,multivariable
2026-03-08 00:00:00,124.2,116.312,0.643,59.975,2,multivariable
2026-03-08 00:10:00,122.6,116.67,0.631,59.92,2,multivariable
2026-03-08 00:20:00,124.05,116.78,0.637,59.95,2,multivariable
2026-03-08 00:30:00,125.862,116.525,0.643,59.938,2,multivariable
2026-03-08 00:40:00,122.44,116.33,0.638,59.96,2,multivariable
2026-03-08 00:50:00,123.08,117.27,0.631,59.94,2,multivariable
2026-03-08 01:00:00,123.4,117.29,0.631,59.94,2,multivariable
2026-03-08 01:10:00,129.84,118.34,0.648,59.97,2,multivariable
2026-03-08 01:20:00,199.444,119.144,0.944,59.956,2,multivariable
2026-03-08 01:30:00,64.978,117.533,0.671,59.978,2,multivariable
2026-03-08 01:40:00,69.42,118.49,0.631,59.95,2,multivariable
2026-03-08 01:50:00,151.51,116.94,0.712,59.96,2,multivariable
2026-03-08 02:00:00,134.625,116.9,0.67,59.975,2,multivariable
2026-03-08 02:10:00,130.44,117.97,0.65,59.97,2,multivariable
2026-03-08 02:20:00,127.544,117.133,0.649,59.956,2,multivariable
2026-03-08 02:30:00,127.88,118.77,0.633,59.92,2,multivariable
2026-03-08 02:40:00,126.233,118.767,0.629,59.967,2,multivariable
2026-03-08 02:50:00,124.62,117.71,0.633,59.97,2,multivariable
2026-03-08 03:00:00,125.65,119.08,0.624,59.96,2,multivariable
2026-03-08 03:10:00,123.43,116.89,0.636,59.95,2,multivariable
2026-03-08 03:20:00,123.37,117.41,0.631,59.95,2,multivariable
2026-03-08 03:30:00,123.04,117.37,0.63,59.98,2,multivariable
2026-03-08 03:40:00,122.55,116.75,0.634,59.97,2,multivariable
2026-03-08 03:50:00,123.15,116.57,0.638,59.96,2,multivariable
2026-03-08 04:00:00,128.55,117.12,0.66,59.94,2,multivariable
2026-03-08 04:10:00,127.767,116.767,0.66,59.944,2,multivariable
2026-03-08 04:20:00,128.67,117.98,0.653,59.95,2,multivariable
2026-03-08 04:30:00,128.32,117.53,0.657,59.96,2,multivariable
2026-03-08 04:40:00,127.26,116.3,0.664,59.98,2,multivariable
2026-03-08 04:50:00,127.33,116.59,0.661,59.97,2,multivariable
2026-03-08 05:00:00,126.34,115.57,0.665,59.99,2,multivariable
2026-03-08 05:10:00,128.64,115.88,0.67,59.97,2,multivariable
2026-03-08 05:20:00,132.078,117.0,0.677,59.956,2,multivariable
2026-03-08 05:30:00,127.15,116.14,0.663,59.95,2,multivariable
2026-03-08 05:40:00,128.02,117.62,0.652,59.94,2,multivariable
2026-03-08 05:50:00,134.86,116.35,0.685,59.98,2,multivariable
2026-03-08 06:00:00,145.84,116.77,0.716,59.97,2,multivariable
2026-03-08 06:10:00,143.77,118.42,0.691,59.97,2,multivariable
2026-03-08 06:20:00,135.68,116.62,0.676,59.99,2,multivariable
2026-03-08 06:30:00,138.4,117.27,0.68,59.98,2,multivariable
2026-03-08 06:40:00,138.03,116.88,0.679,59.96,2,multivariable
2026-03-08 06:50:00,135.95,116.54,0.677,59.95,2,multivariable
2026-03-08 07:00:00,138.51,116.2,0.686,59.95,2,multivariable
2026-03-08 07:10:00,132.02,117.14,0.656,59.99,2,multivariable
2026-03-08 07:20:00,202.66,117.43,0.947,59.99,2,multivariable
2026-03-08 07:30:00,68.778,117.678,0.684,59.989,2,multivariable
2026-03-08 07:40:00,69.1,117.77,0.638,59.96,2,multivariable
2026-03-08 07:50:00,148.82,115.39,0.717,59.96,2,multivariable
2026-03-08 08:00:00,132.99,115.91,0.671,59.94,2,multivariable
2026-03-08 08:10:00,126.83,114.89,0.661,59.93,2,multivariable
2026-03-08 08:20:00,124.722,114.556,0.657,59.967,2,multivariable
2026-03-08 08:30:00,123.69,115.23,0.648,59.97,2,multivariable
2026-03-08 08:40:00,137.28,114.17,0.69,59.91,2,multivariable
2026-03-08 08:50:00,124.53,116.67,0.642,59.95,2,multivariable
2026-03-08 09:00:00,123.01,116.37,0.639,59.96,2,multivariable
2026-03-08 09:10:00,121.7,115.18,0.643,59.99,2,multivariable
2026-03-08 09:20:00,120.81,114.56,0.646,59.95,2,multivariable
2026-03-08 09:30:00,118.933,111.978,0.658,59.956,2,multivariable
2026-03-08 09:40:00,133.82,113.54,0.669,59.97,2,multivariable
2026-03-08 09:50:00,153.44,115.93,0.679,59.95,2,multivariable
2026-03-08 10:00:00,167.84,117.21,0.679,59.94,2,multivariable
2026-03-08 10:10:00,209.72,116.52,0.709,59.96,2,multivariable
2026-03-08 10:20:00,200.82,116.15,0.703,59.96,2,multivariable
2026-03-08 10:30:00,176.52,114.82,0.654,59.99,2,multivariable
2026-03-08 10:40:00,137.922,116.478,0.661,59.978,2,multivariable
2026-03-08 10:50:00,158.3,116.33,0.677,59.94,2,multivariable
2026-03-08 11:00:00,158.138,117.675,0.636,59.95,2,multivariable
2026-03-08 11:10:00,157.589,119.567,0.641,59.956,2,multivariable
2026-03-08 11:20:00,147.73,117.15,0.664,59.93,2,multivariable
2026-03-08 11:30:00,166.588,118.075,0.652,59.975,2,multivariable
2026-03-08 11:40:00,211.16,114.98,0.684,59.96,2,multivariable
2026-03-08 11:50:00,328.9,115.03,0.779,59.96,2,multivariable
2026-03-08 12:00:00,273.69,116.56,0.81,59.99,2,multivariable
2026-03-08 12:10:00,219.53,115.98,0.815,59.94,2,multivariable
2026-03-08 12:20:00,216.13,115.54,0.814,59.97,2,multivariable
2026-03-08 12:30:00,247.71,114.48,0.829,59.95,2,multivariable
2026-03-08 12:40:00,259.66,114.95,0.824,59.95,2,multivariable
2026-03-08 12:50:00,280.98,116.46,0.812,59.94,2,multivariable
2026-03-08 13:00:00,275.489,117.056,0.771,59.967,2,multivariable
2026-03-08 13:10:00,259.3,117.033,0.771,59.956,2,multivariable
2026-03-08 13:20:00,293.2,116.35,0.919,59.938,2,multivariable
2026-03-08 13:30:00,159.05,117.43,0.775,59.98,2,multivariable
2026-03-08 13:40:00,152.762,116.0,0.71,59.925,2,multivariable
2026-03-08 13:50:00,283.578,116.411,0.774,59.944,2,multivariable
2026-03-08 14:00:00,408.27,116.11,0.786,59.98,2,multivariable
2026-03-08 14:10:00,355.444,115.378,0.78,59.956,2,multivariable
2026-03-08 14:20:00,188.65,116.89,0.763,59.96,2,multivariable
2026-03-08 14:30:00,198.7,119.7,0.764,59.96,2,multivariable
2026-03-08 14:40:00,198.34,116.47,0.781,59.95,2,multivariable
2026-03-08 14:50:00,191.38,115.43,0.776,59.97,2,multivariable
2026-03-08 15:00:00,171.39,115.81,0.745,59.97,2,multivariable
2026-03-08 15:10:00,161.488,113.275,0.746,59.962,2,multivariable
2026-03-08 15:20:00,161.66,113.75,0.746,59.94,2,multivariable
2026-03-08 15:30:00,160.09,115.76,0.732,59.93,2,multivariable
2026-03-08 15:40:00,160.862,116.075,0.73,59.975,2,multivariable
2026-03-08 15:50:00,181.6,115.76,0.755,59.98,2,multivariable
2026-03-08 16:00:00,189.222,117.567,0.758,59.956,2,multivariable
2026-03-08 16:10:00,190.96,119.34,0.751,59.98,2,multivariable
2026-03-08 16:20:00,188.425,117.8,0.758,59.938,2,multivariable
2026-03-08 16:30:00,186.85,117.512,0.755,59.988,2,multivariable
2026-03-08 16:40:00,188.35,117.51,0.759,59.98,2,multivariable
2026-03-08 16:50:00,186.844,117.522,0.756,59.922,2,multivariable
2026-03-08 17:00:00,191.971,118.214,0.763,59.986,2,multivariable
2026-03-08 17:10:00,185.74,117.4,0.757,59.95,2,multivariable
2026-03-08 17:20:00,187.1,117.99,0.755,59.94,2,multivariable
2026-03-08 17:30:00,215.59,119.11,0.803,59.96,2,multivariable
2026-03-08 17:40:00,222.389,118.878,0.827,59.967,2,multivariable
2026-03-08 17:50:00,228.52,119.59,0.827,59.96,2,multivariable
2026-03-08 18:00:00,217.8,117.68,0.821,59.96,2,multivariable
2026-03-08 18:10:00,222.83,116.28,0.833,59.98,2,multivariable
2026-03-08 18:20:00,221.48,116.13,0.828,59.94,2,multivariable
2026-03-08 18:30:00,219.37,116.14,0.827,59.95,2,multivariable
2026-03-08 18:40:00,231.87,114.26,0.848,59.96,2,multivariable
2026-03-08 18:50:00,231.24,114.67,0.848,59.95,2,multivariable
2026-03-08 19:00:00,252.5,114.17,0.843,59.96,2,multivariable
2026-03-08 19:10:00,251.311,117.722,0.841,59.967,2,multivariable
2026-03-08 19:20:00,342.7,117.6,0.929,59.97,2,multivariable
2026-03-08 19:30:00,214.82,114.95,0.841,59.95,2,multivariable
2026-03-08 19:40:00,204.02,115.77,0.824,59.97,2,multivariable
2026-03-08 19:50:00,295.46,118.15,0.881,59.93,2,multivariable
2026-03-08 20:00:00,312.2,118.73,0.886,59.95,2,multivariable
2026-03-08 20:10:00,303.011,117.056,0.887,59.978,2,multivariable
2026-03-08 20:20:00,287.19,116.76,0.882,59.97,2,multivariable
2026-03-08 20:30:00,300.188,117.312,0.878,59.962,2,multivariable
2026-03-08 20:40:00,323.36,118.91,0.885,59.97,2,multivariable
2026-03-08 20:50:00,315.088,118.688,0.883,59.988,2,multivariable
2026-03-08 21:00:00,272.99,119.51,0.862,59.98,2,multivariable
2026-03-08 21:10:00,247.122,118.556,0.843,59.978,2,multivariable
2026-03-08 21:20:00,245.39,116.38,0.854,59.97,2,multivariable
2026-03-08 21:30:00,247.31,117.15,0.847,59.94,2,multivariable
2026-03-08 21:40:00,242.57,117.14,0.845,59.96,2,multivariable
2026-03-08 21:50:00,234.75,116.6,0.843,59.97,2,multivariable
2026-03-08 22:00:00,240.88,117.92,0.843,59.96,2,multivariable
2026-03-08 22:10:00,243.833,118.789,0.84,59.967,2,multivariable
2026-03-08 22:20:00,181.28,118.98,0.786,59.97,2,multivariable
2026-03-08 22:30:00,179.51,120.41,0.776,59.96,2,multivariable
2026-03-08 22:40:00,175.56,118.6,0.784,59.99,2,multivariable
2026-03-08 22:50:00,175.57,117.97,0.786,59.94,2,multivariable
2026-03-08 23:00:00,168.8,117.667,0.771,59.978,2,multivariable
2026-03-08 23:10:00,157.44,116.67,0.741,59.98,2,multivariable
2026-03-08 23:20:00,123.989,117.711,0.627,59.989,2,multivariable
2026-03-08 23:30:00,124.93,118.96,0.619,59.96,2,multivariable
2026-03-08 23:40:00,123.93,118.18,0.621,59.97,2,multivariable
2026-03-08 23:50:00,125.17,119.62,0.616,59.99,2,multivariable
2026-03-09 00:00:00,123.622,117.633,0.627,59.978,2,multivariable
2026-03-09 00:10:00,123.22,117.58,0.628,59.95,2,multivariable
2026-03-09 00:20:00,123.91,118.29,0.622,59.96,2,multivariable
2026-03-09 00:30:00,123.656,117.567,0.629,59.967,2,multivariable
2026-03-09 00:40:00,125.04,118.15,0.627,60.0,2,multivariable
2026-03-09 00:50:00,124.03,118.56,0.623,59.94,2,multivariable
2026-03-09 01:00:00,123.225,118.05,0.625,59.975,2,multivariable
2026-03-09 01:10:00,125.17,120.16,0.612,59.99,2,multivariable
2026-03-09 01:20:00,193.74,117.01,0.947,59.95,2,multivariable
2026-03-09 01:30:00,60.73,117.9,0.67,59.98,2,multivariable
2026-03-09 01:40:00,70.833,118.744,0.636,59.967,2,multivariable
2026-03-09 01:50:00,150.81,117.61,0.704,59.93,2,multivariable
2026-03-09 02:00:00,136.47,119.1,0.655,59.96,2,multivariable
2026-03-09 02:10:00,132.09,120.27,0.633,59.94,2,multivariable
2026-03-09 02:20:00,129.19,119.96,0.629,59.94,2,multivariable
2026-03-09 02:30:00,127.8,119.93,0.622,59.97,2,multivariable
2026-03-09 02:40:00,126.7,117.53,0.64,59.95,2,multivariable
2026-03-09 02:50:00,124.63,118.22,0.628,59.97,2,multivariable
2026-03-09 03:00:00,126.71,120.02,0.62,59.96,2,multivariable
2026-03-09 03:10:00,123.74,118.07,0.627,59.96,2,multivariable
2026-03-09 03:20:00,124.9,119.52,0.616,59.97,2,multivariable
2026-03-09 03:30:00,125.32,120.57,0.611,59.97,2,multivariable
2026-03-09 03:40:00,124.71,120.08,0.613,59.93,2,multivariable
2026-03-09 03:50:00,124.84,119.32,0.62,59.96,2,multivariable
2026-03-09 04:00:00,130.09,118.06,0.654,59.96,2,multivariable
2026-03-09 04:10:00,128.111,117.611,0.654,59.967,2,multivariable
2026-03-09 04:20:00,128.85,118.56,0.646,59.96,2,multivariable
2026-03-09 04:30:00,128.2,117.89,0.652,59.96,2,multivariable
2026-03-09 04:40:00,129.19,119.65,0.64,59.96,2,multivariable
2026-03-09 04:50:00,129.83,119.39,0.644,59.95,2,multivariable
2026-03-09 05:00:00,126.6,116.78,0.654,59.95,2,multivariable
2026-03-09 05:10:00,126.99,116.76,0.655,59.95,2,multivariable
2026-03-09 05:20:00,125.87,115.98,0.658,59.95,2,multivariable
2026-03-09 05:30:00,124.82,114.8,0.664,59.93,2,multivariable
2026-03-09 05:40:00,151.44,115.33,0.729,59.94,2,multivariable
2026-03-09 05:50:00,155.42,115.58,0.739,59.98,2,multivariable
2026-03-09 06:00:00,150.767,116.6,0.722,59.978,2,multivariable
2026-03-09 06:10:00,126.69,117.89,0.642,59.98,2,multivariable
2026-03-09 06:20:00,123.13,117.2,0.629,59.99,2,multivariable
2026-03-09 06:30:00,121.38,117.7,0.617,59.96,2,multivariable
2026-03-09 06:40:00,121.52,117.96,0.619,59.95,2,multivariable
2026-03-09 06:50:00,121.311,117.778,0.62,59.967,2,multivariable
2026-03-09 07:00:00,135.611,118.544,0.653,59.956,2,multivariable
2026-03-09 07:10:00,153.85,116.81,0.722,59.95,2,multivariable
2026-03-09 07:20:00,224.08,116.96,0.963,59.97,2,multivariable
2026-03-09 07:30:00,149.32,118.23,0.872,59.94,2,multivariable
2026-03-09 07:40:00,138.21,117.07,0.842,59.96,2,multivariable
2026-03-09 07:50:00,223.19,117.39,0.838,59.95,2,multivariable
2026-03-09 08:00:00,345.68,115.36,0.82,59.96,2,multivariable
2026-03-09 08:10:00,948.57,114.38,0.99,59.97,2,multivariable
2026-03-09 08:20:00,951.28,114.9,0.99,59.99,2,multivariable
2026-03-09 08:30:00,958.89,114.91,0.99,59.97,2,multivariable
2026-03-09 08:40:00,949.678,113.267,0.99,59.956,2,multivariable
2026-03-09 08:50:00,947.96,112.98,0.99,59.96,2,multivariable
2026-03-09 09:00:00,976.76,113.71,0.99,59.96,2,multivariable
2026-03-09 09:10:00,929.71,110.42,0.99,59.94,2,multivariable
2026-03-09 09:20:00,952.38,112.36,0.99,59.95,2,multivariable
2026-03-09 09:30:00,948.53,112.17,0.99,59.96,2,multivariable
2026-03-09 09:40:00,933.09,111.9,0.99,59.93,2,multivariable
2026-03-09 09:50:00,921.96,111.04,0.99,59.94,2,multivariable
2026-03-09 10:00:00,930.22,111.48,0.99,59.97,2,multivariable
2026-03-09 10:10:00,907.7,110.43,0.99,59.97,2,multivariable
2026-03-09 10:20:00,914.68,110.75,0.99,59.95,2,multivariable
2026-03-09 10:30:00,927.76,111.27,0.99,59.98,2,multivariable
2026-03-09 10:40:00,886.867,108.333,0.99,59.967,2,multivariable
2026-03-09 10:50:00,911.79,110.33,0.99,59.97,2,multivariable
2026-03-09 11:00:00,892.41,108.56,0.99,59.96,2,multivariable
2026-03-09 11:10:00,905.06,109.99,0.99,59.95,2,multivariable
2026-03-09 11:20:00,921.35,111.8,0.99,59.95,2,multivariable
2026-03-09 11:30:00,837.7,111.367,0.971,59.978,2,multivariable
2026-03-09 11:40:00,211.94,114.4,0.81,59.98,2,multivariable
2026-03-09 11:50:00,209.15,114.41,0.81,59.97,2,multivariable
2026-03-09 12:00:00,205.44,115.08,0.802,59.94,2,multivariable
2026-03-09 12:10:00,221.97,116.78,0.811,59.96,2,multivariable
2026-03-09 12:20:00,211.322,114.678,0.81,59.978,2,multivariable
2026-03-09 12:30:00,210.22,115.85,0.801,59.97,2,multivariable
2026-03-09 12:40:00,203.71,116.65,0.789,59.98,2,multivariable
2026-03-09 12:50:00,201.73,113.66,0.801,59.97,2,multivariable
2026-03-09 13:00:00,204.0,115.38,0.794,59.93,2,multivariable
2026-03-09 13:10:00,202.078,114.622,0.797,59.956,2,multivariable
2026-03-09 13:20:00,266.42,114.6,0.935,59.96,2,multivariable
2026-03-09 13:30:00,149.98,114.85,0.805,59.95,2,multivariable
2026-03-09 13:40:00,145.233,116.2,0.767,59.967,2,multivariable
2026-03-09 13:50:00,227.35,115.0,0.831,59.96,2,multivariable
2026-03-09 14:00:00,213.55,115.3,0.81,59.975,2,multivariable
2026-03-09 14:10:00,223.11,114.38,0.814,59.95,2,multivariable
2026-03-09 14:20:00,218.49,114.75,0.817,59.96,2,multivariable
2026-03-09 14:30:00,201.75,115.01,0.796,59.97,2,multivariable
2026-03-09 14:40:00,214.73,114.47,0.813,59.93,2,multivariable
2026-03-09 14:50:00,216.078,113.4,0.82,59.989,2,multivariable
2026-03-09 15:00:00,217.65,115.5,0.815,59.95,2,multivariable
2026-03-09 15:10:00,211.238,115.25,0.808,59.962,2,multivariable
2026-03-09 15:20:00,218.825,118.45,0.8,59.988,2,multivariable
2026-03-09 15:30:00,218.88,119.27,0.787,59.94,2,multivariable
2026-03-09 15:40:00,212.64,116.7,0.802,59.95,2,multivariable
2026-03-09 15:50:00,224.178,116.8,0.813,59.944,2,multivariable
2026-03-09 16:00:00,226.944,115.578,0.821,59.967,2,multivariable
2026-03-09 16:10:00,218.95,114.96,0.817,59.93,2,multivariable
2026-03-09 16:20:00,214.1,115.7,0.801,59.92,2,multivariable
2026-03-09 16:30:00,216.322,115.833,0.804,59.967,2,multivariable
2026-03-09 16:40:00,213.667,114.822,0.807,59.956,2,multivariable
2026-03-09 16:50:00,215.88,117.75,0.795,59.95,2,multivariable
2026-03-09 17:00:00,213.089,116.556,0.8,59.956,2,multivariable
2026-03-09 17:10:00,215.98,116.87,0.803,59.94,2,multivariable
2026-03-09 17:20:00,217.05,115.4,0.799,59.99,2,multivariable
2026-03-09 17:30:00,221.13,117.24,0.801,59.95,2,multivariable
2026-03-09 17:40:00,216.09,117.49,0.799,59.96,2,multivariable
2026-03-09 17:50:00,214.46,117.98,0.792,59.96,2,multivariable
2026-03-09 18:00:00,213.83,117.39,0.794,59.96,2,multivariable
2026-03-09 18:10:00,221.033,117.389,0.812,59.956,2,multivariable
2026-03-09 18:20:00,230.556,116.456,0.819,59.967,2,multivariable
2026-03-09 18:30:00,235.378,116.644,0.81,59.933,2,multivariable
2026-03-09 18:40:00,240.13,116.32,0.821,59.95,2,multivariable
2026-03-09 18:50:00,232.49,118.19,0.822,59.95,2,multivariable
2026-03-09 19:00:00,218.96,115.19,0.831,59.94,2,multivariable
2026-03-09 19:10:00,219.038,116.438,0.827,59.938,2,multivariable
2026-03-09 19:20:00,283.52,115.74,0.934,59.95,2,multivariable
2026-03-09 19:30:00,172.833,115.678,0.819,59.967,2,multivariable
2026-03-09 19:40:00,160.571,117.214,0.791,59.971,2,multivariable
2026-03-09 19:50:00,242.56,118.49,0.842,59.97,2,multivariable
2026-03-09 20:00:00,205.05,116.562,0.798,59.988,2,multivariable
2026-03-09 20:10:00,204.0,116.82,0.786,59.94,2,multivariable
2026-03-09 20:20:00,204.59,117.39,0.782,59.97,2,multivariable
2026-03-09 20:30:00,201.68,117.84,0.774,59.98,2,multivariable
2026-03-09 20:40:00,197.44,117.44,0.771,59.95,2,multivariable
2026-03-09 20:50:00,195.57,118.05,0.769,59.95,2,multivariable
2026-03-09 21:00:00,199.886,117.657,0.781,59.971,2,multivariable
2026-03-09 21:10:00,196.38,118.03,0.77,59.99,2,multivariable
2026-03-09 21:20:00,198.17,117.15,0.775,59.97,2,multivariable
2026-03-09 21:30:00,197.57,117.22,0.769,59.93,2,multivariable
2026-03-09 21:40:00,197.067,116.144,0.773,59.978,2,multivariable
2026-03-09 21:50:00,194.889,114.944,0.779,59.956,2,multivariable
2026-03-09 22:00:00,199.83,115.23,0.783,59.97,2,multivariable
2026-03-09 22:10:00,201.538,116.062,0.792,59.962,2,multivariable
2026-03-09 22:20:00,196.24,116.8,0.78,59.92,2,multivariable
2026-03-09 22:30:00,189.97,116.87,0.768,59.96,2,multivariable
2026-03-09 22:40:00,172.578,117.089,0.732,59.967,2,multivariable
2026-03-09 22:50:00,130.31,118.06,0.651,59.99,2,multivariable
2026-03-09 23:00:00,122.23,116.84,0.629,59.96,2,multivariable
2026-03-09 23:10:00,149.35,116.99,0.7,59.99,2,multivariable
2026-03-09 23:20:00,143.289,115.889,0.694,59.967,2,multivariable
2026-03-09 23:30:00,121.7,116.84,0.63,59.94,2,multivariable
2026-03-09 23:40:00,120.35,115.55,0.631,59.96,2,multivariable
2026-03-09 23:50:00,122.73,116.79,0.63,59.97,2,multivariable
2026-03-10 00:00:00,123.29,119.1,0.614,59.96,2,multivariable
2026-03-10 00:10:00,121.07,116.35,0.631,59.95,2,multivariable
2026-03-10 00:20:00,120.6,115.95,0.635,59.96,2,multivariable
2026-03-10 00:30:00,120.71,116.19,0.631,59.98,2,multivariable
2026-03-10 00:40:00,119.74,115.14,0.637,59.96,2,multivariable
2026-03-10 00:50:00,120.389,115.722,0.633,59.933,2,multivariable
2026-03-10 01:00:00,119.45,115.0,0.639,59.962,2,multivariable
2026-03-10 01:10:00,119.97,115.59,0.633,59.96,2,multivariable
2026-03-10 01:20:00,188.929,116.486,0.939,59.971,2,multivariable
2026-03-10 01:30:00,78.9,117.98,0.698,59.94,2,multivariable
2026-03-10 01:40:00,73.933,117.2,0.647,59.95,2,multivariable
2026-03-10 01:50:00,151.17,117.39,0.709,59.99,2,multivariable
2026-03-10 02:00:00,133.89,116.6,0.668,59.95,2,multivariable
2026-03-10 02:10:00,127.93,116.59,0.652,59.97,2,multivariable
2026-03-10 02:20:00,126.55,117.78,0.64,59.96,2,multivariable
2026-03-10 02:30:00,124.078,116.789,0.639,59.989,2,multivariable
2026-03-10 02:40:00,125.33,116.4,0.647,59.97,2,multivariable
2026-03-10 02:50:00,123.27,116.8,0.634,59.94,2,multivariable
2026-03-10 03:00:00,122.43,117.37,0.63,59.96,2,multivariable
2026-03-10 03:10:00,125.64,118.15,0.632,59.96,2,multivariable
2026-03-10 03:20:00,123.22,118.96,0.619,59.97,2,multivariable
2026-03-10 03:30:00,120.575,116.938,0.626,59.975,2,multivariable
2026-03-10 03:40:00,121.55,117.36,0.626,59.96,2,multivariable
2026-03-10 03:50:00,120.78,116.28,0.633,59.95,2,multivariable
2026-03-10 04:00:00,125.35,115.74,0.665,59.94,2,multivariable
2026-03-10 04:10:00,126.73,117.26,0.655,59.93,2,multivariable
2026-03-10 04:20:00,127.09,117.79,0.653,59.94,2,multivariable
2026-03-10 04:30:00,127.02,117.93,0.652,59.94,2,multivariable
2026-03-10 04:40:00,127.04,118.16,0.648,59.96,2,multivariable
2026-03-10 04:50:00,126.28,117.46,0.65,59.96,2,multivariable
2026-03-10 05:00:00,125.1,116.011,0.659,59.967,2,multivariable
2026-03-10 05:10:00,125.38,116.21,0.657,59.96,2,multivariable
2026-03-10 05:20:00,124.86,115.19,0.662,59.95,2,multivariable
2026-03-10 05:30:00,124.04,114.88,0.663,59.96,2,multivariable
2026-03-10 05:40:00,163.07,113.75,0.783,59.93,2,multivariable
2026-03-10 05:50:00,162.733,113.433,0.783,59.978,2,multivariable
2026-03-10 06:00:00,149.95,114.87,0.737,59.96,2,multivariable
2026-03-10 06:10:00,125.61,115.92,0.656,59.96,2,multivariable
2026-03-10 06:20:00,166.59,115.92,0.721,59.97,2,multivariable
2026-03-10 06:30:00,175.01,117.03,0.743,59.97,2,multivariable
2026-03-10 06:40:00,171.956,116.856,0.743,59.922,2,multivariable
2026-03-10 06:50:00,175.356,115.811,0.756,59.967,2,multivariable
2026-03-10 07:00:00,170.6,115.856,0.741,59.967,2,multivariable
2026-03-10 07:10:00,177.85,117.15,0.754,59.97,2,multivariable
2026-03-10 07:20:00,247.56,116.76,0.929,59.96,2,multivariable
2026-03-10 07:30:00,129.9,118.04,0.754,59.92,2,multivariable
2026-03-10 07:40:00,124.122,117.678,0.706,59.978,2,multivariable
2026-03-10 07:50:00,199.933,116.456,0.798,59.956,2,multivariable
2026-03-10 08:00:00,182.911,115.989,0.774,59.956,2,multivariable
2026-03-10 08:10:00,177.51,116.07,0.765,59.93,2,multivariable
2026-03-10 08:20:00,176.656,114.933,0.763,59.967,2,multivariable
2026-03-10 08:30:00,161.17,115.5,0.743,59.96,2,multivariable
2026-03-10 08:40:00,175.078,114.478,0.76,59.933,2,multivariable
2026-03-10 08:50:00,244.5,114.19,0.833,59.97,2,multivariable
2026-03-10 09:00:00,233.38,116.03,0.81,59.96,2,multivariable
2026-03-10 09:10:00,242.81,114.26,0.831,59.97,2,multivariable
2026-03-10 09:20:00,233.75,113.988,0.821,59.912,2,multivariable
2026-03-10 09:30:00,216.89,114.4,0.805,59.96,2,multivariable
2026-03-10 09:40:00,204.98,113.63,0.797,59.98,2,multivariable
2026-03-10 09:50:00,205.375,115.338,0.794,59.95,2,multivariable
2026-03-10 10:00:00,205.74,115.91,0.793,59.96,2,multivariable
2026-03-10 10:10:00,213.267,113.611,0.812,59.956,2,multivariable
2026-03-10 10:20:00,217.44,113.12,0.824,59.97,2,multivariable
2026-03-10 10:30:00,200.93,113.59,0.798,59.94,2,multivariable
2026-03-10 10:40:00,464.59,112.0,0.923,59.94,2,multivariable
2026-03-10 10:50:00,578.51,112.9,0.97,59.96,2,multivariable
2026-03-10 11:00:00,580.01,112.06,0.97,59.95,2,multivariable
2026-03-10 11:10:00,579.22,112.33,0.97,59.97,2,multivariable
2026-03-10 11:20:00,581.89,112.23,0.97,59.95,2,multivariable
2026-03-10 11:30:00,571.82,112.96,0.97,59.98,2,multivariable
2026-03-10 11:40:00,569.6,113.21,0.97,59.96,2,multivariable
2026-03-10 11:50:00,573.21,112.24,0.97,59.99,2,multivariable
2026-03-10 12:00:00,582.067,113.233,0.97,59.944,2,multivariable
2026-03-10 12:10:00,575.71,112.68,0.97,59.94,2,multivariable
2026-03-10 12:20:00,584.944,113.089,0.97,59.967,2,multivariable
2026-03-10 12:30:00,576.56,111.66,0.97,59.96,2,multivariable
2026-03-10 12:40:00,584.144,113.056,0.97,59.944,2,multivariable
2026-03-10 12:50:00,583.28,112.7,0.97,59.97,2,multivariable
2026-03-10 13:00:00,353.72,115.36,0.862,59.94,2,multivariable
2026-03-10 13:10:00,204.9,117.044,0.796,59.956,2,multivariable
2026-03-10 13:20:00,266.55,116.35,0.935,59.95,2,multivariable
2026-03-10 13:30:00,159.3,116.011,0.821,59.967,2,multivariable
2026-03-10 13:40:00,142.2,116.411,0.777,59.978,2,multivariable
2026-03-10 13:50:00,221.25,115.27,0.831,59.95,2,multivariable
2026-03-10 14:00:00,234.278,117.078,0.822,59.956,2,multivariable
2026-03-10 14:10:00,216.8,116.04,0.815,59.95,2,multivariable
2026-03-10 14:20:00,214.967,113.778,0.828,59.956,2,multivariable
2026-03-10 14:30:00,201.922,115.244,0.807,59.967,2,multivariable
2026-03-10 14:40:00,195.1,114.367,0.804,59.956,2,multivariable
2026-03-10 14:50:00,193.6,113.58,0.806,59.95,2,multivariable
2026-03-10 15:00:00,206.94,113.9,0.814,59.96,2,multivariable
2026-03-10 15:10:00,442.638,115.312,0.904,59.962,2,multivariable
2026-03-10 15:20:00,594.42,113.84,0.97,59.95,2,multivariable
2026-03-10 15:30:00,611.389,113.811,0.971,59.944,2,multivariable
2026-03-10 15:40:00,596.1,112.06,0.971,59.95,2,multivariable
2026-03-10 15:50:00,598.338,112.125,0.97,59.938,2,multivariable
2026-03-10 16:00:00,617.69,113.02,0.973,59.97,2,multivariable
2026-03-10 16:10:00,635.02,113.34,0.98,59.94,2,multivariable
2026-03-10 16:20:00,636.344,113.4,0.98,59.944,2,multivariable
2026-03-10 16:30:00,644.03,114.12,0.98,59.96,2,multivariable
2026-03-10 16:40:00,645.011,114.333,0.98,59.967,2,multivariable
2026-03-10 16:50:00,642.18,113.53,0.979,59.93,2,multivariable
2026-03-10 17:00:00,648.82,114.44,0.979,59.96,2,multivariable
2026-03-10 17:10:00,627.65,112.39,0.98,59.95,2,multivariable
2026-03-10 17:20:00,618.41,111.41,0.98,59.97,2,multivariable
2026-03-10 17:30:00,620.0,111.55,0.98,59.98,2,multivariable
2026-03-10 17:40:00,636.5,112.81,0.98,59.93,2,multivariable
2026-03-10 17:50:00,654.91,114.28,0.978,59.97,2,multivariable
2026-03-10 18:00:00,633.289,113.3,0.978,59.978,2,multivariable
2026-03-10 18:10:00,627.72,112.39,0.974,59.92,2,multivariable
2026-03-10 18:20:00,630.62,113.0,0.975,59.96,2,multivariable
2026-03-10 18:30:00,624.43,110.92,0.972,59.96,2,multivariable
2026-03-10 18:40:00,516.25,110.44,0.952,59.96,2,multivariable
2026-03-10 18:50:00,278.45,114.38,0.881,59.96,2,multivariable
2026-03-10 19:00:00,274.756,114.789,0.876,59.956,2,multivariable
2026-03-10 19:10:00,312.122,114.756,0.862,59.956,2,multivariable
2026-03-10 19:20:00,364.54,115.23,0.908,59.98,2,multivariable
2026-03-10 19:30:00,243.09,113.55,0.766,59.94,2,multivariable
2026-03-10 19:40:00,189.722,115.867,0.711,59.944,2,multivariable
2026-03-10 19:50:00,257.544,115.478,0.813,59.956,2,multivariable
2026-03-10 20:00:00,230.53,115.45,0.794,59.98,2,multivariable
2026-03-10 20:10:00,217.06,116.12,0.784,59.98,2,multivariable
2026-03-10 20:20:00,202.69,116.95,0.773,59.97,2,multivariable
2026-03-10 20:30:00,192.58,114.91,0.778,59.96,2,multivariable
2026-03-10 20:40:00,193.67,115.95,0.775,59.96,2,multivariable
2026-03-10 20:50:00,190.21,116.72,0.77,59.96,2,multivariable
2026-03-10 21:00:00,190.12,118.05,0.766,59.96,2,multivariable
2026-03-10 21:10:00,193.6,117.27,0.778,59.94,2,multivariable
2026-03-10 21:20:00,195.09,115.27,0.794,59.97,2,multivariable
2026-03-10 21:30:00,190.53,114.05,0.789,59.97,2,multivariable
2026-03-10 21:40:00,193.411,114.956,0.78,59.944,2,multivariable
2026-03-10 21:50:00,193.08,113.95,0.791,59.97,2,multivariable
2026-03-10 22:00:00,186.81,114.22,0.776,59.97,2,multivariable
2026-03-10 22:10:00,182.344,116.678,0.758,59.967,2,multivariable
2026-03-10 22:20:00,585.98,116.81,0.876,59.93,2,multivariable
2026-03-10 22:30:00,917.12,113.15,0.99,59.96,2,multivariable
2026-03-10 22:40:00,929.39,113.66,0.99,59.96,2,multivariable
2026-03-10 22:50:00,857.82,112.82,0.99,59.95,2,multivariable
2026-03-10 23:00:00,120.85,115.78,0.633,59.96,2,multivariable
2026-03-10 23:10:00,121.67,116.74,0.63,59.95,2,multivariable
2026-03-10 23:20:00,121.744,116.778,0.629,59.956,2,multivariable
2026-03-10 23:30:00,123.5,117.06,0.631,59.97,2,multivariable
2026-03-10 23:40:00,122.66,117.81,0.624,59.95,2,multivariable
2026-03-10 23:50:00,120.9,115.92,0.633,59.94,2,multivariable
2026-03-11 00:00:00,120.48,115.47,0.635,59.96,2,multivariable
2026-03-11 00:10:00,121.311,114.8,0.647,59.989,2,multivariable
2026-03-11 00:20:00,120.5,115.84,0.633,59.97,2,multivariable
2026-03-11 00:30:00,122.55,117.925,0.622,59.938,2,multivariable
2026-03-11 00:40:00,120.933,116.556,0.63,59.933,2,multivariable
2026-03-11 00:50:00,120.46,116.09,0.633,59.97,2,multivariable
2026-03-11 01:00:00,121.733,117.633,0.624,59.933,2,multivariable
2026-03-11 01:10:00,120.111,115.911,0.634,59.967,2,multivariable
2026-03-11 01:20:00,189.0,115.411,0.95,59.967,2,multivariable
2026-03-11 01:30:00,80.65,116.91,0.716,59.96,2,multivariable
2026-03-11 01:40:00,68.91,116.45,0.639,59.96,2,multivariable
2026-03-11 01:50:00,146.15,117.3,0.696,59.938,2,multivariable
2026-03-11 02:00:00,133.67,117.31,0.663,59.98,2,multivariable
2026-03-11 02:10:00,128.36,117.38,0.649,59.97,2,multivariable
2026-03-11 02:20:00,125.63,117.25,0.641,59.95,2,multivariable
2026-03-11 02:30:00,123.18,116.12,0.642,59.97,2,multivariable
2026-03-11 02:40:00,123.91,115.68,0.648,59.93,2,multivariable
2026-03-11 02:50:00,122.08,116.4,0.637,59.97,2,multivariable
2026-03-11 03:00:00,121.83,116.83,0.632,59.97,2,multivariable
2026-03-11 03:10:00,122.15,117.4,0.629,59.97,2,multivariable
2026-03-11 03:20:00,121.63,117.16,0.629,59.96,2,multivariable
2026-03-11 03:30:00,121.44,117.11,0.629,59.97,2,multivariable
2026-03-11 03:40:00,120.362,115.95,0.634,59.938,2,multivariable
2026-03-11 03:50:00,121.488,116.7,0.634,59.925,2,multivariable
2026-03-11 04:00:00,125.33,115.31,0.668,59.95,2,multivariable
2026-03-11 04:10:00,125.056,115.078,0.669,59.956,2,multivariable
2026-03-11 04:20:00,127.31,117.92,0.65,59.95,2,multivariable
2026-03-11 04:30:00,126.3,116.99,0.654,59.94,2,multivariable
2026-03-11 04:40:00,125.58,116.31,0.656,59.96,2,multivariable
2026-03-11 04:50:00,125.8,116.42,0.657,59.96,2,multivariable
2026-03-11 05:00:00,124.05,114.638,0.666,59.938,2,multivariable
2026-03-11 05:10:00,123.29,113.7,0.673,59.95,2,multivariable
2026-03-11 05:20:00,124.7,115.56,0.659,59.96,2,multivariable
2026-03-11 05:30:00,124.92,114.22,0.672,59.98,2,multivariable
2026-03-11 05:40:00,149.52,115.58,0.724,59.93,2,multivariable
2026-03-11 05:50:00,163.55,116.462,0.754,59.975,2,multivariable
2026-03-11 06:00:00,151.4,115.4,0.735,59.98,2,multivariable
2026-03-11 06:10:00,124.55,115.06,0.659,59.94,2,multivariable
2026-03-11 06:20:00,124.37,115.79,0.649,59.95,2,multivariable
2026-03-11 06:30:00,120.144,115.322,0.634,59.978,2,multivariable
2026-03-11 06:40:00,119.32,116.32,0.624,59.94,2,multivariable
2026-03-11 06:50:00,118.833,115.289,0.633,59.978,2,multivariable
2026-03-11 07:00:00,130.35,116.03,0.658,59.96,2,multivariable
2026-03-11 07:10:00,150.44,116.77,0.71,59.98,2,multivariable
2026-03-11 07:20:00,220.5,116.09,0.961,59.94,2,multivariable
2026-03-11 07:30:00,120.58,114.29,0.895,59.96,2,multivariable
2026-03-11 07:40:00,66.967,117.233,0.704,59.944,2,multivariable
2026-03-11 07:50:00,147.2,114.65,0.715,59.94,2,multivariable
2026-03-11 08:00:00,129.72,113.56,0.681,59.95,2,multivariable
2026-03-11 08:10:00,127.27,116.89,0.646,59.95,2,multivariable
2026-03-11 08:20:00,122.87,115.32,0.645,59.97,2,multivariable
2026-03-11 08:30:00,121.244,114.689,0.644,59.956,2,multivariable
2026-03-11 08:40:00,120.044,114.4,0.643,59.967,2,multivariable
2026-03-11 08:50:00,118.91,113.68,0.645,59.95,2,multivariable
2026-03-11 09:00:00,119.43,114.79,0.637,59.97,2,multivariable
2026-03-11 09:10:00,120.88,116.73,0.626,59.95,2,multivariable
2026-03-11 09:20:00,119.72,115.15,0.637,59.99,2,multivariable
2026-03-11 09:30:00,117.1,112.078,0.652,59.933,2,multivariable
2026-03-11 09:40:00,117.62,112.39,0.65,59.94,2,multivariable
2026-03-11 09:50:00,117.25,112.41,0.649,59.97,2,multivariable
2026-03-11 10:00:00,117.23,112.36,0.648,59.98,2,multivariable
2026-03-11 10:10:00,117.3,112.41,0.648,59.92,2,multivariable
2026-03-11 10:20:00,119.52,115.32,0.633,59.95,2,multivariable
2026-03-11 10:30:00,117.81,112.97,0.648,59.99,2,multivariable
2026-03-11 10:40:00,119.53,115.17,0.635,59.94,2,multivariable
2026-03-11 10:50:00,117.97,113.28,0.647,59.97,2,multivariable
2026-03-11 11:00:00,117.07,112.0,0.652,60.0,2,multivariable
2026-03-11 11:10:00,118.38,113.85,0.643,59.93,2,multivariable
2026-03-11 11:20:00,120.133,115.733,0.634,59.956,2,multivariable
2026-03-11 11:30:00,118.462,113.475,0.645,59.938,2,multivariable
2026-03-11 11:40:00,118.92,113.93,0.644,59.97,2,multivariable
2026-03-11 11:50:00,118.788,113.688,0.646,59.975,2,multivariable
2026-03-11 12:00:00,118.189,113.011,0.65,59.967,2,multivariable
2026-03-11 12:10:00,118.18,112.31,0.655,59.98,2,multivariable
2026-03-11 12:20:00,119.962,115.175,0.639,59.95,2,multivariable
2026-03-11 12:30:00,119.05,113.57,0.648,59.97,2,multivariable
2026-03-11 12:40:00,119.733,114.689,0.64,59.978,2,multivariable
2026-03-11 12:50:00,119.833,114.767,0.639,59.956,2,multivariable
2026-03-11 13:00:00,118.87,113.48,0.647,59.93,2,multivariable
2026-03-11 13:10:00,118.6,113.37,0.646,59.96,2,multivariable
2026-03-11 13:20:00,185.47,114.1,0.946,59.97,2,multivariable
2026-03-11 13:30:00,93.39,115.34,0.74,59.95,2,multivariable
2026-03-11 13:40:00,67.56,114.71,0.639,59.94,2,multivariable
2026-03-11 13:50:00,177.97,116.32,0.794,59.96,2,multivariable
2026-03-11 14:00:00,165.46,114.69,0.786,59.96,2,multivariable
2026-03-11 14:10:00,159.989,113.744,0.783,59.956,2,multivariable
2026-03-11 14:20:00,157.62,115.3,0.766,59.97,2,multivariable
2026-03-11 14:30:00,156.6,115.16,0.764,59.96,2,multivariable
2026-03-11 14:40:00,192.72,114.55,0.823,59.96,2,multivariable
2026-03-11 14:50:00,183.06,116.16,0.803,59.96,2,multivariable
2026-03-11 15:00:00,209.111,116.067,0.851,59.989,2,multivariable
2026-03-11 15:10:00,214.47,117.17,0.854,59.96,2,multivariable
2026-03-11 15:20:00,212.74,116.1,0.855,59.96,2,multivariable
2026-03-11 15:30:00,209.938,115.512,0.855,59.975,2,multivariable
2026-03-11 15:40:00,205.47,113.69,0.861,59.94,2,multivariable
2026-03-11 15:50:00,203.589,113.978,0.859,59.956,2,multivariable
2026-03-11 16:00:00,201.0,112.76,0.861,59.99,2,multivariable
2026-03-11 16:10:00,198.28,113.92,0.851,59.95,2,multivariable
2026-03-11 16:20:00,166.76,116.98,0.757,59.95,2,multivariable
2026-03-11 16:30:00,159.944,117.844,0.732,59.967,2,multivariable
2026-03-11 16:40:00,158.41,116.38,0.742,59.97,2,multivariable
2026-03-11 16:50:00,157.24,115.2,0.747,59.94,2,multivariable
2026-03-11 17:00:00,155.78,115.24,0.747,59.94,2,multivariable
2026-03-11 17:10:00,154.078,113.611,0.751,59.967,2,multivariable
2026-03-11 17:20:00,154.962,115.688,0.739,59.975,2,multivariable
2026-03-11 17:30:00,156.08,116.6,0.735,59.97,2,multivariable
2026-03-11 17:40:00,157.1,117.57,0.731,59.98,2,multivariable
2026-03-11 17:50:00,149.433,118.144,0.704,59.944,2,multivariable
2026-03-11 18:00:00,121.01,115.84,0.633,59.97,2,multivariable
2026-03-11 18:10:00,119.2,113.57,0.646,59.96,2,multivariable
2026-03-11 18:20:00,121.25,114.69,0.643,59.96,2,multivariable
2026-03-11 18:30:00,126.04,113.95,0.658,59.97,2,multivariable
2026-03-11 18:40:00,166.99,114.71,0.764,59.94,2,multivariable
2026-03-11 18:50:00,200.789,116.144,0.828,59.956,2,multivariable
2026-03-11 19:00:00,203.07,115.87,0.832,59.98,2,multivariable
2026-03-11 19:10:00,203.74,113.87,0.845,59.95,2,multivariable
2026-03-11 19:20:00,271.367,113.356,0.949,59.944,2,multivariable
2026-03-11 19:30:00,155.52,113.89,0.816,59.97,2,multivariable
2026-03-11 19:40:00,128.13,113.07,0.767,59.94,2,multivariable
2026-03-11 19:50:00,275.42,115.21,0.882,59.98,2,multivariable
2026-03-11 20:00:00,294.14,116.89,0.881,59.95,2,multivariable
2026-03-11 20:10:00,299.13,115.52,0.888,59.95,2,multivariable
2026-03-11 20:20:00,276.233,115.556,0.89,59.967,2,multivariable
2026-03-11 20:30:00,230.79,116.46,0.876,59.97,2,multivariable
2026-03-11 20:40:00,230.211,114.378,0.886,59.956,2,multivariable
2026-03-11 20:50:00,228.91,117.27,0.866,59.95,2,multivariable
2026-03-11 21:00:00,209.933,118.544,0.836,59.978,2,multivariable
2026-03-11 21:10:00,191.73,114.47,0.837,59.96,2,multivariable
2026-03-11 21:20:00,193.444,115.544,0.833,59.956,2,multivariable
2026-03-11 21:30:00,195.79,116.24,0.834,59.95,2,multivariable
2026-03-11 21:40:00,190.58,115.65,0.83,60.0,2,multivariable
2026-03-11 21:50:00,192.833,116.956,0.827,59.956,2,multivariable
2026-03-11 22:00:00,193.086,119.214,0.813,59.986,2,multivariable
2026-03-11 22:10:00,197.044,118.467,0.823,59.978,2,multivariable
2026-03-11 22:20:00,196.58,119.21,0.819,59.97,2,multivariable
2026-03-11 22:30:00,196.16,118.79,0.818,59.95,2,multivariable
2026-03-11 22:40:00,183.962,117.338,0.802,59.975,2,multivariable
2026-03-11 22:50:00,155.32,118.39,0.723,59.93,2,multivariable
2026-03-11 23:00:00,134.67,117.72,0.66,59.95,2,multivariable
2026-03-11 23:10:00,126.18,117.0,0.641,59.97,2,multivariable
2026-03-11 23:20:00,124.3,117.78,0.629,59.93,2,multivariable
2026-03-11 23:30:00,130.98,118.91,0.641,59.95,2,multivariable
2026-03-11 23:40:00,127.357,119.629,0.623,59.929,2,multivariable
2026-03-11 23:50:00,127.2,118.089,0.637,59.956,2,multivariable
2026-03-12 00:00:00,123.64,117.34,0.631,59.94,2,multivariable
2026-03-12 00:10:00,122.76,117.21,0.631,59.97,2,multivariable
2026-03-12 00:20:00,122.69,118.2,0.622,59.98,2,multivariable
2026-03-12 00:30:00,122.73,118.29,0.62,59.93,2,multivariable
2026-03-12 00:40:00,126.45,119.25,0.624,59.93,2,multivariable
2026-03-12 00:50:00,124.72,119.59,0.618,59.93,2,multivariable
2026-03-12 01:00:00,121.722,118.833,0.614,59.967,2,multivariable
2026-03-12 01:10:00,121.775,119.138,0.61,59.962,2,multivariable
2026-03-12 01:20:00,201.51,119.58,0.951,59.96,2,multivariable
2026-03-12 01:30:00,79.79,119.01,0.71,59.94,2,multivariable
2026-03-12 01:40:00,70.09,118.32,0.64,59.96,2,multivariable
2026-03-12 01:50:00,149.122,118.744,0.693,59.956,2,multivariable
2026-03-12 02:00:00,134.033,118.767,0.653,59.967,2,multivariable
2026-03-12 02:10:00,129.15,119.575,0.634,59.975,2,multivariable
2026-03-12 02:20:00,127.22,120.26,0.621,59.94,2,multivariable
2026-03-12 02:30:00,127.17,119.76,0.625,59.95,2,multivariable
2026-03-12 02:40:00,123.2,118.5,0.622,59.96,2,multivariable
2026-03-12 02:50:00,123.41,119.43,0.619,59.94,2,multivariable
2026-03-12 03:00:00,122.011,118.367,0.62,59.967,2,multivariable
2026-03-12 03:10:00,123.28,119.82,0.612,59.95,2,multivariable
2026-03-12 03:20:00,123.75,120.61,0.607,59.95,2,multivariable
2026-03-12 03:30:00,121.95,119.38,0.609,59.95,2,multivariable
2026-03-12 03:40:00,121.07,117.89,0.62,59.92,2,multivariable
2026-03-12 03:50:00,128.49,118.09,0.649,59.97,2,multivariable
2026-03-12 04:00:00,125.55,116.59,0.656,59.96,2,multivariable
2026-03-12 04:10:00,124.26,115.98,0.656,59.96,2,multivariable
2026-03-12 04:20:00,124.22,115.91,0.659,59.95,2,multivariable
2026-03-12 04:30:00,124.6,116.63,0.652,59.95,2,multivariable
2026-03-12 04:40:00,124.84,117.21,0.649,59.95,2,multivariable
2026-03-12 04:50:00,126.05,117.75,0.646,59.94,2,multivariable
2026-03-12 05:00:00,123.0,114.85,0.661,59.92,2,multivariable
2026-03-12 05:10:00,121.97,113.74,0.668,59.95,2,multivariable
2026-03-12 05:20:00,183.0,115.344,0.783,59.978,2,multivariable
2026-03-12 05:30:00,182.23,112.07,0.804,59.96,2,multivariable
2026-03-12 05:40:00,200.41,113.04,0.828,59.94,2,multivariable
2026-03-12 05:50:00,201.06,115.5,0.814,59.94,2,multivariable
2026-03-12 06:00:00,165.789,115.967,0.746,59.967,2,multivariable
2026-03-12 06:10:00,143.33,116.6,0.689,59.96,2,multivariable
2026-03-12 06:20:00,126.35,116.88,0.642,60.0,2,multivariable
2026-03-12 06:30:00,117.09,115.05,0.629,59.93,2,multivariable
2026-03-12 06:40:00,118.22,116.37,0.621,59.95,2,multivariable
2026-03-12 06:50:00,117.97,115.75,0.625,59.98,2,multivariable
2026-03-12 07:00:00,117.72,115.72,0.626,59.96,2,multivariable
2026-03-12 07:10:00,119.72,117.92,0.613,59.95,2,multivariable
2026-03-12 07:20:00,191.13,116.21,0.952,59.96,2,multivariable
2026-03-12 07:30:00,100.989,116.189,0.769,59.967,2,multivariable
2026-03-12 07:40:00,71.56,114.29,0.666,59.99,2,multivariable
2026-03-12 07:50:00,150.76,115.97,0.714,59.95,2,multivariable
2026-03-12 08:00:00,131.59,113.25,0.686,59.96,2,multivariable
2026-03-12 08:10:00,126.35,114.88,0.659,59.98,2,multivariable
2026-03-12 08:20:00,125.12,116.77,0.64,59.96,2,multivariable
2026-03-12 08:30:00,123.367,116.8,0.634,59.933,2,multivariable
2026-03-12 08:40:00,120.55,114.49,0.645,59.97,2,multivariable
2026-03-12 08:50:00,121.05,116.23,0.632,59.96,2,multivariable
2026-03-12 09:00:00,120.138,115.238,0.639,59.975,2,multivariable
2026-03-12 09:10:00,120.57,116.53,0.627,59.95,2,multivariable
2026-03-12 09:20:00,208.34,115.98,0.696,59.94,2,multivariable
2026-03-12 09:30:00,513.311,111.311,0.977,59.922,2,multivariable
2026-03-12 09:40:00,509.312,112.375,0.98,59.962,2,multivariable
2026-03-12 09:50:00,515.64,114.37,0.98,59.96,2,multivariable
2026-03-12 10:00:00,500.58,112.48,0.98,59.96,2,multivariable
2026-03-12 10:10:00,503.64,113.12,0.979,59.94,2,multivariable
2026-03-12 10:20:00,512.09,113.57,0.978,59.97,2,multivariable
2026-03-12 10:30:00,492.411,114.022,0.98,59.989,2,multivariable
2026-03-12 10:40:00,538.53,113.04,0.978,59.95,2,multivariable
2026-03-12 10:50:00,853.78,110.21,0.99,59.96,2,multivariable
2026-03-12 11:00:00,866.26,110.61,0.99,59.97,2,multivariable
2026-03-12 11:10:00,864.39,110.26,0.99,59.92,2,multivariable
2026-03-12 11:20:00,882.75,112.09,0.99,60.0,2,multivariable
2026-03-12 11:30:00,906.61,113.84,0.989,60.0,2,multivariable
2026-03-12 11:40:00,869.45,112.05,0.99,59.95,2,multivariable
2026-03-12 11:50:00,862.21,112.02,0.99,59.95,2,multivariable
2026-03-12 12:00:00,845.82,111.83,0.99,59.95,2,multivariable
2026-03-12 12:10:00,854.32,112.03,0.99,59.97,2,multivariable
2026-03-12 12:20:00,843.09,111.1,0.99,59.97,2,multivariable
2026-03-12 12:30:00,537.12,114.83,0.979,59.97,2,multivariable
2026-03-12 12:40:00,501.16,116.73,0.98,59.96,2,multivariable
2026-03-12 12:50:00,484.8,114.11,0.98,59.96,2,multivariable
2026-03-12 13:00:00,493.07,115.63,0.98,59.95,2,multivariable
2026-03-12 13:10:00,487.96,114.62,0.98,59.96,2,multivariable
2026-03-12 13:20:00,489.689,114.922,0.98,59.989,2,multivariable
2026-03-12 13:30:00,519.13,114.71,0.973,59.94,2,multivariable
2026-03-12 13:40:00,537.28,114.61,0.969,59.93,2,multivariable
2026-03-12 13:50:00,532.5,114.68,0.97,59.99,2,multivariable
2026-03-12 14:00:00,539.43,116.57,0.97,59.96,2,multivariable
2026-03-12 14:10:00,546.29,116.34,0.969,59.97,2,multivariable
2026-03-12 14:20:00,531.49,115.18,0.97,59.96,2,multivariable
2026-03-12 14:30:00,514.37,114.87,0.97,59.96,2,multivariable
2026-03-12 14:40:00,532.84,116.37,0.969,59.95,2,multivariable
2026-03-12 14:50:00,508.5,115.15,0.975,59.99,2,multivariable
2026-03-12 15:00:00,857.73,114.93,0.989,59.96,2,multivariable
2026-03-12 15:10:00,898.54,115.57,0.989,59.95,2,multivariable
2026-03-12 15:20:00,888.3,113.16,0.99,59.96,2,multivariable
2026-03-12 15:30:00,895.6,114.31,0.99,59.94,2,multivariable
2026-03-12 15:40:00,899.42,114.54,0.99,59.95,2,multivariable
2026-03-12 15:50:00,894.914,114.114,0.99,59.957,2,multivariable
2026-03-12 16:00:00,880.95,112.76,0.99,59.95,2,multivariable
2026-03-12 16:10:00,892.9,113.1,0.99,59.94,2,multivariable
2026-03-12 16:20:00,890.91,113.26,0.99,59.95,2,multivariable
2026-03-12 16:30:00,581.033,114.622,0.972,59.911,2,multivariable
2026-03-12 16:40:00,548.99,115.59,0.969,59.97,2,multivariable
2026-03-12 16:50:00,542.42,114.53,0.97,59.95,2,multivariable
2026-03-12 17:00:00,526.1,114.36,0.969,59.94,2,multivariable
2026-03-12 17:10:00,527.41,115.44,0.965,59.96,2,multivariable
2026-03-12 17:20:00,527.678,115.256,0.97,59.944,2,multivariable
2026-03-12 17:30:00,524.76,113.45,0.972,59.96,2,multivariable
2026-03-12 17:40:00,530.878,113.9,0.972,59.956,2,multivariable
2026-03-12 17:50:00,528.63,113.89,0.97,59.95,2,multivariable
2026-03-12 18:00:00,566.47,116.6,0.973,59.96,2,multivariable
2026-03-12 18:10:00,565.25,115.36,0.953,59.93,2,multivariable
2026-03-12 18:20:00,508.638,114.1,0.975,59.938,2,multivariable
2026-03-12 18:30:00,587.94,110.71,0.973,59.96,2,multivariable
2026-03-12 18:40:00,671.48,110.09,0.977,59.96,2,multivariable
2026-03-12 18:50:00,604.94,113.73,0.964,59.95,2,multivariable
2026-03-12 19:00:00,551.29,116.47,0.895,59.97,2,multivariable
2026-03-12 19:10:00,299.98,116.97,0.806,59.94,2,multivariable
2026-03-12 19:20:00,258.344,116.011,0.777,59.978,2,multivariable
2026-03-12 19:30:00,185.025,115.5,0.766,59.962,2,multivariable
2026-03-12 19:40:00,176.03,114.76,0.768,59.96,2,multivariable
2026-03-12 19:50:00,175.48,119.85,0.771,59.93,2,multivariable
2026-03-12 20:00:00,170.84,118.62,0.777,59.95,2,multivariable
2026-03-12 20:10:00,170.344,116.089,0.781,59.956,2,multivariable
2026-03-12 20:20:00,171.122,117.233,0.78,59.956,2,multivariable
2026-03-12 20:30:00,172.87,114.91,0.773,59.97,2,multivariable
2026-03-12 20:40:00,162.56,112.83,0.771,59.96,2,multivariable
2026-03-12 20:50:00,162.32,114.86,0.782,59.93,2,multivariable
2026-03-12 21:00:00,171.28,117.01,0.795,59.98,2,multivariable
2026-03-12 21:10:00,164.3,117.25,0.805,59.938,2,multivariable
2026-03-12 21:20:00,164.8,116.6,0.815,59.95,2,multivariable
2026-03-12 21:30:00,166.16,117.49,0.81,59.98,2,multivariable
2026-03-12 21:40:00,153.762,115.712,0.8,59.925,2,multivariable
2026-03-12 21:50:00,153.29,116.36,0.801,59.98,2,multivariable
2026-03-12 22:00:00,154.65,117.45,0.805,59.92,2,multivariable
2026-03-12 22:10:00,163.02,116.98,0.801,59.96,2,multivariable
2026-03-12 22:20:00,155.55,117.22,0.8,59.97,2,multivariable
2026-03-12 22:30:00,141.17,117.9,0.767,59.94,2,multivariable
2026-03-12 22:40:00,111.77,120.28,0.719,59.95,2,multivariable
2026-03-12 22:50:00,123.83,119.98,0.734,59.96,2,multivariable
2026-03-12 23:00:00,127.44,119.68,0.73,59.95,2,multivariable
2026-03-12 23:10:00,67.17,117.41,0.636,59.99,2,multivariable
2026-03-12 23:20:00,27.12,118.77,0.534,59.96,2,multivariable
2026-03-12 23:30:00,37.212,119.975,0.62,59.95,2,multivariable
2026-03-12 23:40:00,21.84,120.18,0.503,59.96,2,multivariable
2026-03-12 23:50:00,25.367,119.611,0.529,59.967,2,multivariable
2026-03-13 00:00:00,19.844,119.444,0.481,59.989,2,multivariable
2026-03-13 00:10:00,19.743,117.657,0.481,60.0,2,multivariable
2026-03-13 00:20:00,20.733,116.689,0.51,59.967,2,multivariable
2026-03-13 00:30:00,23.05,117.35,0.522,59.97,2,multivariable
2026-03-13 00:40:00,21.389,117.278,0.509,59.933,2,multivariable
2026-03-13 00:50:00,19.722,116.856,0.489,59.967,2,multivariable
2026-03-13 01:00:00,19.95,118.56,0.486,59.95,2,multivariable
2026-03-13 01:10:00,19.67,116.98,0.494,59.98,2,multivariable
2026-03-13 01:20:00,19.65,116.5,0.496,59.938,2,multivariable
2026-03-13 01:30:00,19.788,118.012,0.488,59.95,2,multivariable
2026-03-13 01:40:00,19.74,118.01,0.488,59.97,2,multivariable
2026-03-13 01:50:00,19.95,117.2,0.498,59.94,2,multivariable
2026-03-13 02:00:00,20.289,119.189,0.494,60.0,2,multivariable
2026-03-13 02:10:00,19.8,117.78,0.492,59.94,2,multivariable
2026-03-13 02:20:00,19.811,118.511,0.482,59.944,2,multivariable
2026-03-13 02:30:00,19.89,119.64,0.482,59.97,2,multivariable
2026-03-13 02:40:00,19.7,117.61,0.498,59.94,2,multivariable
2026-03-13 02:50:00,19.578,116.1,0.5,59.944,2,multivariable
2026-03-13 03:00:00,20.625,117.762,0.496,59.95,2,multivariable
2026-03-13 03:10:00,22.85,118.46,0.51,59.94,2,multivariable
2026-03-13 03:20:00,19.912,118.325,0.49,59.962,2,multivariable
2026-03-13 03:30:00,32.21,118.99,0.617,59.98,2,multivariable
2026-03-13 03:40:00,53.289,118.244,0.794,59.922,2,multivariable
2026-03-13 03:50:00,20.26,117.36,0.495,59.96,2,multivariable
2026-03-13 04:00:00,25.422,118.333,0.551,59.933,2,multivariable
2026-03-13 04:10:00,25.2,117.1,0.568,59.96,2,multivariable
2026-03-13 04:20:00,25.07,116.63,0.567,59.97,2,multivariable
2026-03-13 04:30:00,25.322,118.967,0.556,59.956,2,multivariable
2026-03-13 04:40:00,25.28,118.69,0.55,59.97,2,multivariable
2026-03-13 04:50:00,25.2,118.23,0.555,59.94,2,multivariable
2026-03-13 05:00:00,25.65,117.43,0.56,59.93,2,multivariable
2026-03-13 05:10:00,25.27,116.37,0.56,59.95,2,multivariable
2026-03-13 05:20:00,25.1,115.844,0.55,59.989,2,multivariable
2026-03-13 05:30:00,42.79,116.93,0.626,59.93,2,multivariable
2026-03-13 05:40:00,82.23,115.57,0.801,59.93,2,multivariable
2026-03-13 05:50:00,83.79,115.69,0.804,59.97,2,multivariable
2026-03-13 06:00:00,64.711,117.378,0.73,59.978,2,multivariable
2026-03-13 06:10:00,78.689,117.322,0.697,59.956,2,multivariable
2026-03-13 06:20:00,157.933,116.433,0.787,59.978,2,multivariable
2026-03-13 06:30:00,160.156,115.089,0.801,59.978,2,multivariable
2026-03-13 06:40:00,162.02,115.45,0.801,59.94,2,multivariable
2026-03-13 06:50:00,154.25,115.26,0.799,59.95,2,multivariable
2026-03-13 07:00:00,148.76,116.66,0.799,59.95,2,multivariable
2026-03-13 07:10:00,135.07,115.25,0.783,59.97,2,multivariable
2026-03-13 07:20:00,106.78,115.46,0.764,59.96,2,multivariable
2026-03-13 07:30:00,68.59,116.73,0.631,59.95,2,multivariable
2026-03-13 07:40:00,56.17,115.62,0.575,59.94,2,multivariable
2026-03-13 07:50:00,55.89,113.77,0.582,59.95,2,multivariable
2026-03-13 08:00:00,56.212,115.125,0.575,59.95,2,multivariable
2026-03-13 08:10:00,56.889,115.122,0.568,59.967,2,multivariable
2026-03-13 08:20:00,55.638,114.988,0.57,59.938,2,multivariable
2026-03-13 08:30:00,55.978,113.789,0.574,59.956,2,multivariable
2026-03-13 08:40:00,55.97,114.25,0.59,59.96,2,multivariable
2026-03-13 08:50:00,55.56,114.27,0.581,60.0,2,multivariable
2026-03-13 09:00:00,55.343,112.829,0.58,59.971,2,multivariable
2026-03-13 09:10:00,55.75,111.362,0.607,59.962,2,multivariable
2026-03-13 09:20:00,94.53,111.52,0.732,59.96,2,multivariable
2026-03-13 09:30:00,133.711,110.567,0.758,59.989,2,multivariable
2026-03-13 09:40:00,133.262,112.112,0.756,59.975,2,multivariable
2026-03-13 09:50:00,131.722,114.278,0.743,59.944,2,multivariable
2026-03-13 10:00:00,111.25,113.48,0.74,59.98,2,multivariable
2026-03-13 10:10:00,106.611,113.733,0.742,59.956,2,multivariable
2026-03-13 10:20:00,105.444,114.7,0.731,59.944,2,multivariable
2026-03-13 10:30:00,109.211,114.822,0.733,59.989,2,multivariable
2026-03-13 10:40:00,105.37,114.67,0.723,59.96,2,multivariable
2026-03-13 10:50:00,101.01,115.52,0.716,59.97,2,multivariable
2026-03-13 11:00:00,100.622,114.8,0.704,60.0,2,multivariable
2026-03-13 11:10:00,107.22,113.66,0.713,59.96,2,multivariable
2026-03-13 11:20:00,111.57,113.82,0.73,60.0,2,multivariable
2026-03-13 11:30:00,110.344,114.544,0.73,59.956,2,multivariable
2026-03-13 11:40:00,121.011,114.133,0.73,59.944,2,multivariable
2026-03-13 11:50:00,113.856,114.878,0.718,59.978,2,multivariable
2026-03-13 12:00:00,106.43,116.33,0.693,59.95,2,multivariable
2026-03-13 12:10:00,103.09,114.94,0.67,59.94,2,multivariable
2026-03-13 12:20:00,104.09,115.32,0.714,59.95,2,multivariable
2026-03-13 12:30:00,115.73,116.15,0.736,59.97,2,multivariable
2026-03-13 12:40:00,105.49,114.93,0.725,59.95,2,multivariable
2026-03-13 12:50:00,108.32,114.1,0.731,59.96,2,multivariable
2026-03-13 13:00:00,101.178,115.378,0.71,59.967,2,multivariable
2026-03-13 13:10:00,83.967,115.867,0.678,59.944,2,multivariable
2026-03-13 13:20:00,78.862,115.125,0.671,60.0,2,multivariable
2026-03-13 13:30:00,83.77,115.13,0.693,59.93,2,multivariable
2026-03-13 13:40:00,81.71,115.58,0.688,59.98,2,multivariable
2026-03-13 13:50:00,89.4,116.78,0.7,59.97,2,multivariable
2026-03-13 14:00:00,112.489,119.389,0.717,59.944,2,multivariable
2026-03-13 14:10:00,110.17,118.82,0.713,59.94,2,multivariable
2026-03-13 14:20:00,108.47,117.05,0.714,59.94,2,multivariable
2026-03-13 14:30:00,109.45,117.238,0.718,59.962,2,multivariable
2026-03-13 14:40:00,104.756,118.5,0.702,59.956,2,multivariable
2026-03-13 14:50:00,104.978,116.611,0.717,59.944,2,multivariable
2026-03-13 15:00:00,129.722,116.133,0.759,59.967,2,multivariable
2026-03-13 15:10:00,124.789,115.944,0.751,59.978,2,multivariable
2026-03-13 15:20:00,124.55,114.4,0.748,59.93,2,multivariable
2026-03-13 15:30:00,130.09,115.08,0.761,59.99,2,multivariable
2026-03-13 15:40:00,132.678,115.667,0.763,59.978,2,multivariable
2026-03-13 15:50:00,127.925,113.888,0.764,59.962,2,multivariable
2026-03-13 16:00:00,95.85,115.4,0.709,59.96,2,multivariable
2026-03-13 16:10:00,101.862,116.025,0.728,59.962,2,multivariable
2026-03-13 16:20:00,107.87,116.69,0.723,59.98,2,multivariable
2026-03-13 16:30:00,126.17,115.95,0.774,59.94,2,multivariable
2026-03-13 16:40:00,141.51,115.19,0.776,59.97,2,multivariable
2026-03-13 16:50:00,129.933,113.022,0.763,59.956,2,multivariable
2026-03-13 17:00:00,117.89,113.78,0.751,59.97,2,multivariable
2026-03-13 17:10:00,121.07,115.81,0.732,59.98,2,multivariable
2026-03-13 17:20:00,113.98,116.31,0.74,59.98,2,multivariable
2026-03-13 17:30:00,118.578,116.378,0.744,59.956,2,multivariable
2026-03-13 17:40:00,128.34,118.31,0.741,59.98,2,multivariable
2026-03-13 17:50:00,110.9,117.644,0.718,59.944,2,multivariable
2026-03-13 18:00:00,105.133,117.983,0.703,59.917,2,multivariable
2026-03-13 18:10:00,89.157,116.443,0.677,59.957,2,multivariable
2026-03-13 18:20:00,77.078,116.789,0.623,59.944,2,multivariable
2026-03-13 18:30:00,92.575,115.725,0.652,59.95,2,multivariable
2026-03-13 18:40:00,110.6,115.822,0.658,59.944,2,multivariable
2026-03-13 18:50:00,105.475,118.075,0.66,59.95,2,multivariable
2026-03-13 19:00:00,69.633,116.944,0.662,59.956,2,multivariable
2026-03-13 19:10:00,36.06,117.54,0.633,59.94,2,multivariable
2026-03-13 19:20:00,38.35,115.51,0.645,59.94,2,multivariable
2026-03-13 19:30:00,35.36,115.63,0.637,59.97,2,multivariable
2026-03-13 19:40:00,37.238,116.1,0.654,59.95,2,multivariable
2026-03-13 19:50:00,43.525,115.388,0.679,59.962,2,multivariable
2026-03-13 20:00:00,35.01,115.98,0.648,59.96,2,multivariable
2026-03-13 20:10:00,37.78,116.46,0.658,59.94,2,multivariable
2026-03-13 20:20:00,39.79,118.59,0.657,59.98,2,multivariable
2026-03-13 20:30:00,38.73,117.27,0.659,59.98,2,multivariable
2026-03-13 20:40:00,36.27,115.58,0.65,59.93,2,multivariable
2026-03-13 20:50:00,76.81,115.82,0.755,59.97,2,multivariable
2026-03-13 21:00:00,92.46,116.29,0.799,59.94,2,multivariable
2026-03-13 21:10:00,81.825,116.875,0.746,59.975,2,multivariable
2026-03-13 21:20:00,116.07,113.97,0.802,59.98,2,multivariable
2026-03-13 21:30:00,124.8,115.8,0.82,59.933,2,multivariable
2026-03-13 21:40:00,130.5,117.714,0.816,59.971,2,multivariable
2026-03-13 21:50:00,131.18,118.38,0.807,59.96,2,multivariable
2026-03-13 22:00:00,126.61,116.91,0.817,59.94,2,multivariable
2026-03-13 22:10:00,122.45,117.29,0.82,59.93,2,multivariable
2026-03-13 22:20:00,104.09,117.8,0.79,59.97,2,multivariable
2026-03-13 22:30:00,96.61,119.31,0.791,59.97,2,multivariable
2026-03-13 22:40:00,87.589,117.456,0.767,59.967,2,multivariable
2026-03-13 22:50:00,51.475,118.775,0.686,59.962,2,multivariable
2026-03-13 23:00:00,20.08,118.91,0.49,59.95,2,multivariable
2026-03-13 23:10:00,22.833,117.467,0.513,59.967,2,multivariable
2026-03-13 23:20:00,19.825,117.588,0.486,59.975,2,multivariable
2026-03-13 23:30:00,19.825,117.525,0.479,59.988,2,multivariable
2026-03-13 23:40:00,19.922,118.667,0.481,59.933,2,multivariable
2026-03-13 23:50:00,22.0,119.529,0.501,59.943,2,multivariable
2026-03-14 00:00:00,21.6,119.178,0.497,59.956,2,multivariable
2026-03-14 00:10:00,19.933,118.944,0.481,59.967,2,multivariable
2026-03-14 00:20:00,20.26,119.34,0.477,59.96,2,multivariable
2026-03-14 00:30:00,20.15,119.58,0.493,59.96,2,multivariable
2026-03-14 00:40:00,19.96,119.28,0.494,59.95,2,multivariable
2026-03-14 00:50:00,19.75,117.43,0.499,59.97,2,multivariable
2026-03-14 01:00:00,19.86,118.82,0.49,59.97,2,multivariable
2026-03-14 01:10:00,26.06,119.65,0.535,59.95,2,multivariable
2026-03-14 01:20:00,22.1,120.88,0.507,59.93,2,multivariable
2026-03-14 01:30:00,20.03,119.56,0.494,59.96,2,multivariable
2026-03-14 01:40:00,19.844,117.611,0.492,59.956,2,multivariable
2026-03-14 01:50:00,20.2,116.2,0.497,59.956,2,multivariable
2026-03-14 02:00:00,19.889,115.767,0.501,59.989,2,multivariable
2026-03-14 02:10:00,19.78,117.14,0.5,59.95,2,multivariable
2026-03-14 02:20:00,19.789,117.067,0.503,59.944,2,multivariable
2026-03-14 02:30:00,19.862,118.675,0.492,59.938,2,multivariable
2026-03-14 02:40:00,20.222,118.822,0.498,59.978,2,multivariable
2026-03-14 02:50:00,20.09,117.89,0.511,59.97,2,multivariable
2026-03-14 03:00:00,22.362,118.275,0.52,59.962,2,multivariable
2026-03-14 03:10:00,21.888,117.562,0.515,59.988,2,multivariable
2026-03-14 03:20:00,20.15,117.39,0.491,59.99,2,multivariable
2026-03-14 03:30:00,19.886,116.843,0.5,59.943,2,multivariable
2026-03-14 03:40:00,19.78,117.92,0.5,60.0,2,multivariable
2026-03-14 03:50:00,23.125,118.625,0.526,59.975,2,multivariable
2026-03-14 04:00:00,27.45,117.84,0.572,59.95,2,multivariable
2026-03-14 04:10:00,25.45,118.14,0.565,59.96,2,multivariable
2026-03-14 04:20:00,25.49,118.91,0.569,59.96,2,multivariable
2026-03-14 04:30:00,25.411,117.122,0.568,59.944,2,multivariable
2026-03-14 04:40:00,25.267,116.589,0.558,59.978,2,multivariable
2026-03-14 04:50:00,25.48,116.6,0.56,59.95,2,multivariable
2026-03-14 05:00:00,25.5,117.656,0.567,59.956,2,multivariable
2026-03-14 05:10:00,27.8,117.712,0.584,59.975,2,multivariable
2026-03-14 05:20:00,25.138,116.788,0.562,59.95,2,multivariable
2026-03-14 05:30:00,25.212,117.525,0.559,59.975,2,multivariable
2026-03-14 05:40:00,25.25,118.412,0.562,59.962,2,multivariable
2026-03-14 05:50:00,46.41,117.45,0.735,59.97,2,multivariable
2026-03-14 06:00:00,34.87,117.33,0.637,59.95,2,multivariable
2026-03-14 06:10:00,26.19,117.55,0.563,59.95,2,multivariable
2026-03-14 06:20:00,21.656,118.622,0.514,59.933,2,multivariable
2026-03-14 06:30:00,20.189,120.122,0.5,59.944,2,multivariable
2026-03-14 06:40:00,19.95,120.37,0.496,59.97,2,multivariable
2026-03-14 06:50:00,19.856,120.367,0.493,59.967,2,multivariable
2026-03-14 07:00:00,19.87,119.0,0.497,59.97,2,multivariable
2026-03-14 07:10:00,20.0,117.067,0.506,59.978,2,multivariable
2026-03-14 07:20:00,19.75,116.25,0.51,59.962,2,multivariable
2026-03-14 07:30:00,19.85,116.54,0.505,59.96,2,multivariable
2026-03-14 07:40:00,30.07,117.48,0.609,59.96,2,multivariable
2026-03-14 07:50:00,26.11,116.93,0.568,59.94,2,multivariable
2026-03-14 08:00:00,19.86,116.06,0.505,59.99,2,multivariable
2026-03-14 08:10:00,21.422,116.511,0.519,59.944,2,multivariable
2026-03-14 08:20:00,31.29,115.44,0.585,59.97,2,multivariable
2026-03-14 08:30:00,29.278,115.1,0.57,59.956,2,multivariable
2026-03-14 08:40:00,26.9,113.6,0.556,59.967,2,multivariable
2026-03-14 08:50:00,25.51,116.85,0.54,59.96,2,multivariable
2026-03-14 09:00:00,24.167,115.6,0.537,59.978,2,multivariable
2026-03-14 09:10:00,23.556,115.522,0.533,59.956,2,multivariable
2026-03-14 09:20:00,22.71,113.34,0.538,59.96,2,multivariable
2026-03-14 09:30:00,23.067,115.211,0.526,59.956,2,multivariable
2026-03-14 09:40:00,22.644,114.256,0.519,59.933,2,multivariable
2026-03-14 09:50:00,21.76,113.54,0.529,59.98,2,multivariable
2026-03-14 10:00:00,20.36,115.01,0.513,59.95,2,multivariable
2026-03-14 10:10:00,20.31,116.2,0.505,59.96,2,multivariable
2026-03-14 10:20:00,21.22,114.63,0.516,59.93,2,multivariable
2026-03-14 10:30:00,20.99,112.73,0.523,59.97,2,multivariable
2026-03-14 10:40:00,20.48,112.81,0.522,59.97,2,multivariable
2026-03-14 10:50:00,20.2,112.41,0.528,59.97,2,multivariable
2026-03-14 11:00:00,20.72,113.08,0.536,59.98,2,multivariable
2026-03-14 11:10:00,20.617,113.517,0.53,60.0,2,multivariable
2026-03-14 11:20:00,20.3,111.962,0.535,59.962,2,multivariable
2026-03-14 11:30:00,20.012,112.912,0.521,59.938,2,multivariable
2026-03-14 11:40:00,20.186,111.929,0.521,59.986,2,multivariable
2026-03-14 11:50:00,20.2,111.867,0.507,60.0,2,multivariable
2026-03-14 12:00:00,20.078,110.511,0.518,59.967,2,multivariable
2026-03-14 12:10:00,19.62,110.63,0.518,59.96,2,multivariable
2026-03-14 12:20:00,19.789,112.011,0.517,59.944,2,multivariable
2026-03-14 12:30:00,20.1,111.8,0.53,59.957,2,multivariable
2026-03-14 12:40:00,20.157,112.971,0.524,59.971,2,multivariable
2026-03-14 12:50:00,19.878,112.067,0.527,59.978,2,multivariable
2026-03-14 13:00:00,20.2,111.588,0.534,59.975,2,multivariable
2026-03-14 13:10:00,19.89,112.83,0.515,59.96,2,multivariable
